audio_filename,start_time,end_time,duration,phoneme,previous_phoneme,next_phoneme,speaker_id,overlap,comp,ipa_phoneme
fn001155_sentence-0.wav,0.182,0.213,0.031,s,t,t,N00583_female_60,False,o,s
fn001155_sentence-0.wav,0.151,0.182,0.031,t,f,s,N00583_female_60,False,o,t
fn001155_sentence-1.wav,0.569,0.599,0.03,@,t,e,N00583_female_60,False,o,ə
fn001155_sentence-1.wav,0.303,0.344,0.041,O,f,r,N00583_female_60,False,o,ɔ
fn001155_sentence-1.wav,3.661,3.702,0.041,h,n,E+,N00583_female_60,False,o,h
fn001155_sentence-10.wav,4.981,5.021,0.04,i,n,f,N00583_female_60,False,o,iː
fn001155_sentence-10.wav,7.129,7.16,0.031,@,E,x,N00583_female_60,False,o,ə
fn001155_sentence-10.wav,11.974,12.004,0.03,l,A,s,N00583_female_60,False,o,l
fn001155_sentence-10.wav,11.489,11.52,0.031,r,a,d,N00583_female_60,False,o,r
fn001155_sentence-11.wav,1.103,1.133,0.03,@,d,z,N00583_female_60,False,o,ə
fn001155_sentence-11.wav,2.161,2.191,0.03,d,m,@,N00583_female_60,False,o,d
fn001155_sentence-11.wav,5.454,5.484,0.03,n,A,d,N00583_female_60,False,o,n
fn001155_sentence-11.wav,3.292,3.323,0.031,@,p,l,N00583_female_60,False,o,ə
fn001155_sentence-11.wav,1.032,1.062,0.03,n,Y,d,N00583_female_60,False,o,n
fn001155_sentence-11.wav,1.062,1.103,0.041,d,n,@,N00583_female_60,False,o,d
fn001155_sentence-11.wav,6.383,6.413,0.03,@,t,r,N00583_female_60,False,o,ə
fn001155_sentence-11.wav,5.484,5.515,0.031,d,n,@,N00583_female_60,False,o,d
fn001155_sentence-11.wav,4.505,4.535,0.03,r,a,l,N00583_female_60,False,o,r
fn001155_sentence-12.wav,0.461,0.501,0.04,@,x,s,N00583_female_60,False,o,ə
fn001155_sentence-12.wav,0.764,0.794,0.03,d,e,@,N00583_female_60,False,o,d
fn001155_sentence-13.wav,0.051,0.081,0.03,n,E,x,N00583_female_60,False,o,n
fn001155_sentence-13.wav,0.364,0.395,0.031,h,p,E,N00583_female_60,False,o,h
fn001155_sentence-14.wav,5.604,5.644,0.04,r,x,O,N00583_female_60,False,o,r
fn001155_sentence-14.wav,3.005,3.035,0.03,d,e,I,N00583_female_60,False,o,d
fn001155_sentence-14.wav,5.513,5.543,0.03,@,d,x,N00583_female_60,False,o,ə
fn001155_sentence-14.wav,4.988,5.019,0.031,r,E,m,N00583_female_60,False,o,r
fn001155_sentence-15.wav,0.221,0.252,0.031,d,r,@,N00583_female_60,False,o,d
fn001155_sentence-15.wav,0.191,0.221,0.03,r,E,d,N00583_female_60,False,o,r
fn001155_sentence-15.wav,3.902,3.943,0.041,@,t,b,N00583_female_60,False,o,ə
fn001155_sentence-15.wav,4.287,4.317,0.03,r,2,t,N00583_female_60,False,o,r
fn001155_sentence-16.wav,2.423,2.454,0.031,n,E+,v,N00583_female_60,False,o,n
fn001155_sentence-16.wav,2.566,2.596,0.03,r,@,b,N00583_female_60,False,o,r
fn001155_sentence-16.wav,1.029,1.06,0.031,r,@,w,N00583_female_60,False,o,r
fn001155_sentence-16.wav,4.843,4.883,0.04,r,A,p,N00583_female_60,False,o,r
fn001155_sentence-16.wav,5.813,5.843,0.03,@,v,r,N00583_female_60,False,o,ə
fn001155_sentence-17.wav,0.829,0.859,0.03,E,w,r,N00583_female_60,False,o,ɛ
fn001155_sentence-17.wav,2.467,2.497,0.03,@,d,r,N00583_female_60,False,o,ə
fn001155_sentence-17.wav,2.133,2.163,0.03,d,r,@,N00583_female_60,False,o,d
fn001155_sentence-17.wav,2.062,2.093,0.031,o,d,r,N00583_female_60,False,o,oː
fn001155_sentence-18.wav,1.41,1.44,0.03,m,@,E,N00583_female_60,False,o,m
fn001155_sentence-18.wav,1.642,1.672,0.03,@,b,d,N00583_female_60,False,o,ə
fn001155_sentence-19.wav,0.29,0.32,0.03,h,f,E+,N00583_female_60,False,o,h
fn001155_sentence-2.wav,0.047,0.077,0.03,E,t,r,N00583_female_60,False,o,ɛ
fn001155_sentence-2.wav,3.864,3.894,0.03,h,t,E,N00583_female_60,False,o,h
fn001155_sentence-2.wav,0.209,0.24,0.031,l,E+,h,N00583_female_60,False,o,l
fn001155_sentence-2.wav,2.407,2.437,0.03,r,I,p,N00583_female_60,False,o,r
fn001155_sentence-2.wav,5.89,5.92,0.03,l,a,w,N00583_female_60,False,o,l
fn001155_sentence-20.wav,2.514,2.544,0.03,r,@,d,N00583_female_60,False,o,r
fn001155_sentence-20.wav,4.503,4.543,0.04,@,G,l,N00583_female_60,False,o,ə
fn001155_sentence-20.wav,1.163,1.204,0.041,d,n,@,N00583_female_60,False,o,d
fn001155_sentence-20.wav,2.423,2.464,0.041,d,n,@,N00583_female_60,False,o,d
fn001155_sentence-20.wav,4.543,4.583,0.04,l,@,A,N00583_female_60,False,o,l
fn001155_sentence-20.wav,5.141,5.182,0.041,r,@,d,N00583_female_60,False,o,r
fn001155_sentence-20.wav,5.182,5.213,0.031,d,r,@,N00583_female_60,False,o,d
fn001155_sentence-20.wav,7.682,7.722,0.04,l,s,u,N00583_female_60,False,o,l
fn001155_sentence-20.wav,8.826,8.856,0.03,d,@,@,N00583_female_60,False,o,d
fn001155_sentence-20.wav,1.204,1.244,0.04,@,d,G,N00583_female_60,False,o,ə
fn001155_sentence-21.wav,0.511,0.542,0.031,h,N,E+,N00583_female_60,False,o,h
fn001155_sentence-22.wav,2.35,2.38,0.03,I,d,N,N00583_female_60,False,o,ɪ
fn001155_sentence-22.wav,3.048,3.078,0.03,r,a,h,N00583_female_60,False,o,r
fn001155_sentence-24.wav,7.454,7.484,0.03,h,t,E,N00583_female_60,False,o,h
fn001155_sentence-25.wav,2.267,2.297,0.03,A+,s,w,N00583_female_60,False,o,ɑu
fn001155_sentence-25.wav,7.411,7.441,0.03,I,z,x,N00583_female_60,False,o,ɪ
fn001155_sentence-26.wav,1.005,1.036,0.031,h,k,E+,N00583_female_60,False,o,h
fn001155_sentence-26.wav,1.641,1.682,0.041,d,n,@,N00583_female_60,False,o,d
fn001155_sentence-28.wav,3.782,3.822,0.04,I,m,n,N00583_female_60,False,o,ɪ
fn001155_sentence-28.wav,0.263,0.293,0.03,h,n,E+,N00583_female_60,False,o,h
fn001155_sentence-28.wav,1.463,1.504,0.041,v,N,A,N00583_female_60,False,o,v
fn001155_sentence-28.wav,0.687,0.717,0.03,r,@,l,N00583_female_60,False,o,r
fn001155_sentence-28.wav,0.586,0.616,0.03,r,E,d,N00583_female_60,False,o,r
fn001155_sentence-29.wav,0.365,0.396,0.031,h,w,E,N00583_female_60,False,o,h
fn001155_sentence-3.wav,3.251,3.281,0.03,r,x,e,N00583_female_60,False,o,r
fn001155_sentence-3.wav,4.07,4.1,0.03,r,@,d,N00583_female_60,False,o,r
fn001155_sentence-30.wav,0.342,0.382,0.04,l,A,d,N00583_female_60,False,o,l
fn001155_sentence-33.wav,0.581,0.621,0.04,d,l,@,N00583_female_60,False,o,d
fn001155_sentence-33.wav,5.648,5.678,0.03,w,r,E+,N00583_female_60,False,o,ʋ
fn001155_sentence-33.wav,5.708,5.739,0.031,l,E+,h,N00583_female_60,False,o,l
fn001155_sentence-34.wav,2.201,2.241,0.04,d,n,@,N00583_female_60,False,o,d
fn001155_sentence-37.wav,2.03,2.06,0.03,d,u,@,N00583_female_60,False,o,d
fn001155_sentence-40.wav,7.022,7.062,0.04,d,r,@,N00583_female_60,False,o,d
fn001155_sentence-42.wav,0.886,0.917,0.031,d,@,@,N00583_female_60,False,o,d
fn001155_sentence-5.wav,1.353,1.383,0.03,w,A+,n,N00583_female_60,False,o,ʋ
fn001155_sentence-5.wav,2.463,2.503,0.04,d,n,@,N00583_female_60,False,o,d
fn001158_sentence-0.wav,3.443,3.473,0.03,d,n,@,N00583_female_60,False,o,d
fn001158_sentence-0.wav,2.501,2.542,0.041,l,A,s,N00583_female_60,False,o,l
fn001158_sentence-1.wav,0.986,1.017,0.031,d,n,I,N00583_female_60,False,o,d
fn001158_sentence-100.wav,0.621,0.662,0.041,w,s,A,N00583_female_60,False,o,ʋ
fn001158_sentence-101.wav,0.082,0.112,0.03,d,n,@,N00583_female_60,False,o,d
fn001158_sentence-101.wav,2.573,2.604,0.031,l,@,v,N00583_female_60,False,o,l
fn001158_sentence-107.wav,3.166,3.196,0.03,l,I,@,N00583_female_60,False,o,l
fn001158_sentence-108.wav,0.501,0.531,0.03,d,r,@,N00583_female_60,False,o,d
fn001158_sentence-114.wav,0.524,0.564,0.04,N,O,@,N00583_female_60,False,o,ŋ
fn001158_sentence-17.wav,0.606,0.636,0.03,y,m,n,N00583_female_60,False,o,yː
fn001158_sentence-22.wav,1.764,1.795,0.031,w,@,I,N00583_female_60,False,o,ʋ
fn001158_sentence-33.wav,3.743,3.784,0.041,N,O,k,N00583_female_60,False,o,ŋ
fn001017_sentence-0.wav,1.553,1.584,0.031,@,d,k,N00512_female_41,False,o,ə
fn001017_sentence-10.wav,7.242,7.272,0.03,e,t,r,N00512_female_41,False,o,eː
fn001017_sentence-10.wav,1.222,1.263,0.041,n,A,t,N00512_female_41,False,o,n
fn001017_sentence-10.wav,7.792,7.823,0.031,l,Y,t,N00512_female_41,False,o,l
fn001017_sentence-11.wav,0.254,0.284,0.03,r,@,n,N00512_female_41,False,o,r
fn001017_sentence-11.wav,1.433,1.464,0.031,@,t,r,N00512_female_41,False,o,ə
fn001017_sentence-11.wav,0.284,0.315,0.031,n,r,A,N00512_female_41,False,o,n
fn001017_sentence-11.wav,0.346,0.377,0.031,t,A,S,N00512_female_41,False,o,t
fn001017_sentence-12.wav,0.161,0.192,0.031,l,A,s,N00512_female_41,False,o,l
fn001017_sentence-12.wav,1.048,1.079,0.031,r,@,m,N00512_female_41,False,o,r
fn001017_sentence-12.wav,1.704,1.744,0.04,k,I,t,N00512_female_41,False,o,k
fn001017_sentence-13.wav,4.221,4.251,0.03,d,r,@,N00512_female_41,False,o,d
fn001017_sentence-13.wav,4.181,4.221,0.04,r,a,d,N00512_female_41,False,o,r
fn001017_sentence-13.wav,2.961,2.991,0.03,r,O,d,N00512_female_41,False,o,r
fn001017_sentence-13.wav,3.244,3.274,0.03,@,s,n,N00512_female_41,False,o,ə
fn001017_sentence-13.wav,0.422,0.462,0.04,d,n,r,N00512_female_41,False,o,d
fn001017_sentence-13.wav,3.112,3.143,0.031,A,@,l,N00512_female_41,False,o,ɑ
fn001017_sentence-13.wav,5.827,5.858,0.031,@,t,E,N00512_female_41,False,o,ə
fn001017_sentence-13.wav,3.143,3.183,0.04,l,A,s,N00512_female_41,False,o,l
fn001017_sentence-13.wav,4.15,4.181,0.031,a,w,r,N00512_female_41,False,o,aː
fn001017_sentence-13.wav,0.827,0.858,0.031,m,n,I,N00512_female_41,False,o,m
fn001017_sentence-14.wav,4.142,4.172,0.03,d,r,@,N00512_female_41,False,o,d
fn001017_sentence-14.wav,4.102,4.142,0.04,r,a,d,N00512_female_41,False,o,r
fn001017_sentence-14.wav,0.524,0.554,0.03,r,O,m,N00512_female_41,False,o,r
fn001017_sentence-14.wav,4.071,4.102,0.031,a,w,r,N00512_female_41,False,o,aː
fn001017_sentence-15.wav,0.061,0.101,0.04,n,a,@,N00512_female_41,False,o,n
fn001017_sentence-15.wav,0.101,0.142,0.041,@,n,t,N00512_female_41,False,o,ə
fn001017_sentence-17.wav,0.122,0.163,0.041,A,d,t,N00512_female_41,False,o,ɑ
fn001017_sentence-17.wav,0.092,0.122,0.03,d,n,A,N00512_female_41,False,o,d
fn001017_sentence-17.wav,0.061,0.092,0.031,n,E,d,N00512_female_41,False,o,n
fn001017_sentence-17.wav,0.713,0.744,0.031,r,@,j,N00512_female_41,False,o,r
fn001017_sentence-18.wav,2.47,2.5,0.03,@,n,t,N00512_female_41,False,o,ə
fn001017_sentence-18.wav,0.463,0.494,0.031,E,f,r,N00512_female_41,False,o,ɛ
fn001017_sentence-19.wav,1.028,1.058,0.03,d,@,A,N00512_female_41,False,o,d
fn001017_sentence-19.wav,1.744,1.784,0.04,@,x,s,N00512_female_41,False,o,ə
fn001017_sentence-19.wav,5.483,5.513,0.03,l,A,s,N00512_female_41,False,o,l
fn001017_sentence-2.wav,1.286,1.316,0.03,l,A,s,N00512_female_41,False,o,l
fn001017_sentence-21.wav,3.423,3.464,0.041,@,s,s,N00512_female_41,False,o,ə
fn001017_sentence-22.wav,0.161,0.191,0.03,h,n,i,N00512_female_41,False,o,h
fn001017_sentence-22.wav,1.743,1.773,0.03,l,@,I,N00512_female_41,False,o,l
fn001017_sentence-23.wav,4.171,4.201,0.03,l,Y,t,N00512_female_41,False,o,l
fn001017_sentence-23.wav,3.594,3.624,0.03,w,r,A,N00512_female_41,False,o,ʋ
fn001017_sentence-23.wav,1.981,2.012,0.031,l,@,d,N00512_female_41,False,o,l
fn001017_sentence-24.wav,3.266,3.296,0.03,l,Y,t,N00512_female_41,False,o,l
fn001017_sentence-26.wav,10.282,10.323,0.041,b,i,l,N00512_female_41,False,o,b
fn001017_sentence-26.wav,10.323,10.353,0.03,l,b,i,N00512_female_41,False,o,l
fn001017_sentence-26.wav,9.661,9.702,0.041,d,n,@,N00512_female_41,False,o,d
fn001017_sentence-27.wav,1.323,1.364,0.041,f,s,e,N00512_female_41,False,o,f
fn001017_sentence-27.wav,2.182,2.222,0.04,l,@,t,N00512_female_41,False,o,l
fn001017_sentence-28.wav,0.081,0.112,0.031,l,A,s,N00512_female_41,False,o,l
fn001017_sentence-29.wav,0.551,0.581,0.03,h,s,y,N00512_female_41,False,o,h
fn001017_sentence-30.wav,3.311,3.342,0.031,w,k,A,N00512_female_41,False,o,ʋ
fn001017_sentence-30.wav,0.081,0.122,0.041,d,n,@,N00512_female_41,False,o,d
fn001017_sentence-31.wav,0.834,0.864,0.03,w,A+,d,N00512_female_41,False,o,ʋ
fn001017_sentence-31.wav,0.864,0.895,0.031,d,w,I,N00512_female_41,False,o,d
fn001017_sentence-32.wav,7.662,7.692,0.03,j,i,Y,N00512_female_41,False,o,j
fn001017_sentence-32.wav,2.41,2.44,0.03,l,A,s,N00512_female_41,False,o,l
fn001017_sentence-32.wav,7.692,7.723,0.031,Y,j,m,N00512_female_41,False,o,ʉ
fn001017_sentence-32.wav,5.781,5.822,0.041,w,t,a,N00512_female_41,False,o,ʋ
fn001017_sentence-35.wav,0.602,0.632,0.03,w,t,A,N00512_female_41,False,o,ʋ
fn001017_sentence-37.wav,0.502,0.543,0.041,f,t,A,N00512_female_41,False,o,f
fn001017_sentence-37.wav,4.831,4.861,0.03,l,@,@,N00512_female_41,False,o,l
fn001017_sentence-37.wav,4.952,4.983,0.031,h,k,E,N00512_female_41,False,o,h
fn001017_sentence-37.wav,6.089,6.12,0.031,d,n,@,N00512_female_41,False,o,d
fn001017_sentence-5.wav,7.924,7.954,0.03,l,A,s,N00512_female_41,False,o,l
fn001017_sentence-5.wav,2.228,2.259,0.031,d,s,@,N00512_female_41,False,o,d
fn001017_sentence-5.wav,0.102,0.132,0.03,w,o,A,N00512_female_41,False,o,ʋ
fn001017_sentence-5.wav,5.203,5.244,0.041,b,o,@,N00512_female_41,False,o,b
fn001017_sentence-5.wav,0.173,0.204,0.031,l,A,s,N00512_female_41,False,o,l
fn001017_sentence-6.wav,3.173,3.203,0.03,d,n,@,N00512_female_41,False,o,d
fn001017_sentence-6.wav,1.884,1.924,0.04,f,s,A,N00512_female_41,False,o,f
fn001017_sentence-6.wav,1.642,1.682,0.04,d,i,@,N00512_female_41,False,o,d
fn001017_sentence-7.wav,1.29,1.32,0.03,l,@,@,N00512_female_41,False,o,l
fn001017_sentence-7.wav,1.451,1.482,0.031,h,@,i,N00512_female_41,False,o,h
fn001017_sentence-8.wav,4.463,4.493,0.03,w,n,O,N00512_female_41,False,o,ʋ
fn001017_sentence-8.wav,0.881,0.911,0.03,h,x,E+,N00512_female_41,False,o,h
fn001017_sentence-9.wav,7.792,7.822,0.03,d,n,@,N00512_female_41,False,o,d
fn001017_sentence-9.wav,1.712,1.742,0.03,w,t,@,N00512_female_41,False,o,ʋ
fn001019_sentence-0.wav,2.224,2.254,0.03,h,t,e,N00512_female_41,False,o,h
fn001019_sentence-0.wav,7.444,7.474,0.03,l,v,u,N00512_female_41,False,o,l
fn001019_sentence-0.wav,4.128,4.158,0.03,d,n,i,N00512_female_41,False,o,d
fn001019_sentence-10.wav,3.021,3.061,0.04,d,s,@,N00512_female_41,False,o,d
fn001019_sentence-11.wav,2.762,2.802,0.04,w,m,E,N00512_female_41,False,o,ʋ
fn001019_sentence-12.wav,3.124,3.155,0.031,w,A+,x,N00512_female_41,False,o,ʋ
fn001019_sentence-17.wav,3.262,3.292,0.03,w,r,E+,N00512_female_41,False,o,ʋ
fn001019_sentence-17.wav,4.463,4.504,0.041,w,@,o,N00512_female_41,False,o,ʋ
fn001019_sentence-22.wav,10.064,10.095,0.031,w,@,E,N00512_female_41,False,o,ʋ
fn001019_sentence-34.wav,1.285,1.316,0.031,w,k,A,N00512_female_41,False,o,ʋ
fn001019_sentence-37.wav,0.112,0.142,0.03,h,n,u,N00512_female_41,False,o,h
fn001019_sentence-38.wav,8.503,8.543,0.04,w,@,E,N00512_female_41,False,o,ʋ
fn001019_sentence-38.wav,0.184,0.214,0.03,w,t,A,N00512_female_41,False,o,ʋ
fn001019_sentence-39.wav,4.548,4.578,0.03,w,A+,b,N00512_female_41,False,o,ʋ
fn001019_sentence-40.wav,10.121,10.151,0.03,h,n,u,N00512_female_41,False,o,h
fn001019_sentence-42.wav,4.644,4.674,0.03,h,t,Y,N00512_female_41,False,o,h
fn001019_sentence-46.wav,3.121,3.161,0.04,h,s,E,N00512_female_41,False,o,h
fn001019_sentence-46.wav,6.449,6.479,0.03,w,A+,Y+,N00512_female_41,False,o,ʋ
fn001019_sentence-46.wav,16.543,16.574,0.031,w,t,I,N00512_female_41,False,o,ʋ
fn001019_sentence-48.wav,2.981,3.022,0.041,h,w,E,N00512_female_41,False,o,h
fn001019_sentence-48.wav,5.924,5.954,0.03,w,o,A,N00512_female_41,False,o,ʋ
fn001019_sentence-48.wav,2.95,2.981,0.031,w,A+,h,N00512_female_41,False,o,ʋ
fn001019_sentence-6.wav,10.728,10.759,0.031,w,i,@,N00512_female_41,False,o,ʋ
fn001019_sentence-7.wav,0.223,0.264,0.041,h,t,e,N00512_female_41,False,o,h
fn001721_sentence-0.wav,0.325,0.356,0.031,r,@,l,N02005_female_39,False,k,r
fn001721_sentence-0.wav,0.061,0.102,0.041,t,@,o,N02005_female_39,False,k,t
fn001721_sentence-1.wav,1.023,1.054,0.031,@,d,r,N02005_female_39,False,k,ə
fn001721_sentence-1.wav,1.054,1.084,0.03,r,@,x,N02005_female_39,False,k,r
fn001721_sentence-1.wav,0.993,1.023,0.03,d,r,@,N02005_female_39,False,k,d
fn001721_sentence-3.wav,0.474,0.504,0.03,t,k,s,N02005_female_39,False,k,t
fn001721_sentence-3.wav,0.383,0.424,0.041,I,l,k,N02005_female_39,False,k,ɪ
fn001721_sentence-3.wav,0.726,0.757,0.031,t,s,s,N02005_female_39,False,k,t
fn001721_sentence-3.wav,0.666,0.696,0.03,t,I,s,N02005_female_39,False,k,t
fn001721_sentence-3.wav,2.25,2.28,0.03,O,@,m,N02005_female_39,False,k,ɔ
fn001721_sentence-3.wav,2.623,2.654,0.031,r,E,k,N02005_female_39,False,k,r
fn001721_sentence-3.wav,0.222,0.262,0.04,n,O,f,N02005_female_39,False,k,n
fn001721_sentence-5.wav,0.687,0.717,0.03,@,j,d,N02005_female_39,False,k,ə
fn001721_sentence-5.wav,1.552,1.583,0.031,A,d,n,N02005_female_39,False,k,ɑ
fn001721_sentence-5.wav,0.343,0.374,0.031,A,p,r,N02005_female_39,False,k,ɑ
fn001721_sentence-5.wav,0.141,0.182,0.041,m,o,@,N02005_female_39,False,k,m
fn001721_sentence-5.wav,0.182,0.212,0.03,@,m,d,N02005_female_39,False,k,ə
fn001721_sentence-5.wav,0.768,0.798,0.03,@,d,r,N02005_female_39,False,k,ə
fn001721_sentence-5.wav,0.374,0.404,0.03,r,A,t,N02005_female_39,False,k,r
fn001722_sentence-0.wav,4.242,4.282,0.04,t,n,@,N02005_female_39,False,k,t
fn001722_sentence-0.wav,4.121,4.161,0.04,v,e,E,N02005_female_39,False,k,v
fn001722_sentence-0.wav,4.161,4.192,0.031,E,v,n,N02005_female_39,False,k,ɛ
fn001722_sentence-0.wav,0.061,0.101,0.04,t,@,I,N02005_female_39,False,k,t
fn001722_sentence-1.wav,5.061,5.092,0.031,r,o,k,N02005_female_39,False,k,r
fn001722_sentence-1.wav,5.021,5.061,0.04,o,v,r,N02005_female_39,False,k,oː
fn001722_sentence-1.wav,0.29,0.32,0.03,i,m,n,N02005_female_39,False,k,iː
fn001722_sentence-1.wav,2.406,2.437,0.031,@,t,w,N02005_female_39,False,k,ə
fn001722_sentence-1.wav,2.549,2.58,0.031,r,O,d,N02005_female_39,False,k,r
fn001722_sentence-1.wav,0.087,0.118,0.031,l,O,G,N02005_female_39,False,k,l
fn001722_sentence-1.wav,0.574,0.604,0.03,r,@,b,N02005_female_39,False,k,r
fn001722_sentence-1.wav,0.148,0.179,0.031,@,G,n,N02005_female_39,False,k,ə
fn001722_sentence-1.wav,1.202,1.232,0.03,w,A+,v,N02005_female_39,False,k,ʋ
fn001722_sentence-2.wav,0.623,0.663,0.04,t,u,@,N02005_female_39,False,k,t
fn001722_sentence-3.wav,0.384,0.414,0.03,@,t,r,N02005_female_39,False,k,ə
fn001722_sentence-3.wav,0.162,0.202,0.04,n,i,I,N02005_female_39,False,k,n
fn001722_sentence-3.wav,0.414,0.444,0.03,r,@,h,N02005_female_39,False,k,r
fn001722_sentence-3.wav,0.131,0.162,0.031,i,m,n,N02005_female_39,False,k,iː
fn001722_sentence-3.wav,0.444,0.475,0.031,h,r,e,N02005_female_39,False,k,h
fn001722_sentence-3.wav,3.863,3.903,0.04,@,r,t,N02005_female_39,False,k,ə
fn001723_sentence-0.wav,3.903,3.944,0.041,l,@,p,N02005_female_39,False,k,l
fn001723_sentence-0.wav,4.864,4.904,0.04,l,E,t,N02005_female_39,False,k,l
fn001723_sentence-0.wav,3.863,3.903,0.04,@,G,l,N02005_female_39,False,k,ə
fn001723_sentence-1.wav,1.492,1.522,0.03,l,@,@,N02005_female_39,False,k,l
fn001723_sentence-1.wav,5.144,5.174,0.03,l,r,A,N02005_female_39,False,k,l
fn001723_sentence-1.wav,0.504,0.544,0.04,@,l,k,N02005_female_39,False,k,ə
fn001723_sentence-1.wav,5.113,5.144,0.031,r,@,l,N02005_female_39,False,k,r
fn001723_sentence-1.wav,1.522,1.563,0.041,@,l,k,N02005_female_39,False,k,ə
fn001723_sentence-1.wav,5.082,5.113,0.031,@,d,r,N02005_female_39,False,k,ə
fn001723_sentence-1.wav,5.266,5.297,0.031,t,n,s,N02005_female_39,False,k,t
fn001723_sentence-1.wav,0.464,0.504,0.04,l,@,@,N02005_female_39,False,k,l
fn001723_sentence-1.wav,0.081,0.121,0.04,b,@,@,N02005_female_39,False,k,b
fn001723_sentence-1.wav,0.05,0.081,0.031,@,d,b,N02005_female_39,False,k,ə
fn001723_sentence-1.wav,1.422,1.462,0.04,d,o,@,N02005_female_39,False,k,d
fn001723_sentence-1.wav,1.462,1.492,0.03,@,d,l,N02005_female_39,False,k,ə
fn001723_sentence-1.wav,5.052,5.082,0.03,d,e,@,N02005_female_39,False,k,d
fn001723_sentence-1.wav,0.433,0.464,0.031,@,t,l,N02005_female_39,False,k,ə
fn001723_sentence-2.wav,0.51,0.541,0.031,r,O,d,N02005_female_39,False,k,r
fn001723_sentence-2.wav,1.851,1.881,0.03,@,d,b,N02005_female_39,False,k,ə
fn001723_sentence-2.wav,1.881,1.911,0.03,b,@,@,N02005_female_39,False,k,b
fn001723_sentence-3.wav,2.387,2.417,0.03,@,G,l,N02005_female_39,False,k,ə
fn001723_sentence-3.wav,0.307,0.337,0.03,r,@,l,N02005_female_39,False,k,r
fn001723_sentence-3.wav,1.446,1.476,0.03,d,n,b,N02005_female_39,False,k,d
fn001723_sentence-3.wav,0.245,0.276,0.031,d,e,@,N02005_female_39,False,k,d
fn001723_sentence-3.wav,1.183,1.223,0.04,A,v,n,N02005_female_39,False,k,ɑ
fn001724_sentence-0.wav,4.725,4.756,0.031,@,l,k,N02005_female_39,False,k,ə
fn001724_sentence-0.wav,2.542,2.582,0.04,x,Y+,m,N02005_female_39,False,k,x
fn001724_sentence-0.wav,4.381,4.411,0.03,r,a,s,N02005_female_39,False,k,r
fn001724_sentence-0.wav,0.663,0.693,0.03,n,A,@,N02005_female_39,False,k,n
fn001724_sentence-1.wav,0.31,0.34,0.03,w,A+,b,N02005_female_39,False,k,ʋ
fn001724_sentence-1.wav,2.922,2.963,0.041,@,s,t,N02005_female_39,False,k,ə
fn001724_sentence-2.wav,3.422,3.462,0.04,r,a,O,N02005_female_39,False,k,r
fn001724_sentence-2.wav,1.162,1.203,0.041,f,s,A,N02005_female_39,False,k,f
fn001725_sentence-0.wav,4.543,4.583,0.04,l,A,@,N02005_female_39,False,k,l
fn001725_sentence-0.wav,3.23,3.26,0.03,l,@,I,N02005_female_39,False,k,l
fn001725_sentence-1.wav,3.674,3.704,0.03,n,@,b,N02005_female_39,False,k,n
fn001725_sentence-1.wav,2.847,2.877,0.03,n,@,r,N02005_female_39,False,k,n
fn001725_sentence-2.wav,1.688,1.719,0.031,l,i,i,N02005_female_39,False,k,l
fn001725_sentence-2.wav,1.324,1.364,0.04,l,e,i,N02005_female_39,False,k,l
fn001726_sentence-1.wav,0.263,0.293,0.03,@,v,r,N02005_female_39,False,k,ə
fn001726_sentence-1.wav,0.324,0.364,0.04,l,r,E,N02005_female_39,False,k,l
fn001726_sentence-3.wav,0.269,0.299,0.03,f,n,l,N02005_female_39,False,k,f
fn001726_sentence-3.wav,0.703,0.743,0.04,n,t,O,N02005_female_39,False,k,n
fn001726_sentence-5.wav,2.942,2.973,0.031,n,E+,l,N02005_female_39,False,k,n
fn001726_sentence-5.wav,3.003,3.044,0.041,@,l,k,N02005_female_39,False,k,ə
fn001727_sentence-1.wav,1.013,1.043,0.03,h,k,O,N02005_female_39,False,k,h
fn001727_sentence-1.wav,0.345,0.375,0.03,f,E+,t,N02005_female_39,False,k,f
fn001727_sentence-1.wav,0.203,0.233,0.03,x,s,r,N02005_female_39,False,k,x
fn001727_sentence-3.wav,2.589,2.62,0.031,h,k,O,N02005_female_39,False,k,h
fn001728_sentence-0.wav,0.987,1.017,0.03,w,n,E,N02005_female_39,False,k,ʋ
fn001729_sentence-1.wav,1.108,1.139,0.031,h,p,Y,N02005_female_39,False,k,h
fn001729_sentence-3.wav,0.101,0.131,0.03,b,@,r,N02005_female_39,False,k,b
fn001730_sentence-1.wav,3.603,3.643,0.04,w,a,O,N02005_female_39,False,k,ʋ
fn001731_sentence-4.wav,2.649,2.679,0.03,w,@,O,N02005_female_39,False,k,ʋ
fn001733_sentence-0.wav,0.311,0.342,0.031,w,A+,m,N02005_female_39,False,k,ʋ
fn001733_sentence-1.wav,8.652,8.682,0.03,h,k,O,N02005_female_39,False,k,h
fn001734_sentence-4.wav,1.462,1.493,0.031,w,A+,z,N02005_female_39,False,k,ʋ
fn001735_sentence-0.wav,0.708,0.738,0.03,h,s,E,N02005_female_39,False,k,h
fn001740_sentence-0.wav,5.023,5.053,0.03,w,@,O,N02005_female_39,False,k,ʋ
fn001740_sentence-4.wav,2.273,2.303,0.03,w,A+,x,N02005_female_39,False,k,ʋ
fn001746_sentence-1.wav,2.103,2.134,0.031,w,A+,v,N02005_female_39,False,k,ʋ
fn001747_sentence-2.wav,0.43,0.46,0.03,w,k,A,N02005_female_39,False,k,ʋ
fn001747_sentence-3.wav,0.643,0.673,0.03,w,t,I,N02005_female_39,False,k,ʋ
fn001748_sentence-1.wav,0.208,0.239,0.031,w,A+,x,N02005_female_39,False,k,ʋ
fn001751_sentence-0.wav,4.822,4.853,0.031,w,i,@,N02005_female_39,False,k,ʋ
fn001751_sentence-3.wav,3.222,3.262,0.04,w,t,I,N02005_female_39,False,k,ʋ
fn001752_sentence-3.wav,1.869,1.9,0.031,w,o,A,N02005_female_39,False,k,ʋ
fn001752_sentence-3.wav,2.484,2.524,0.04,w,N,A,N02005_female_39,False,k,ʋ
fn001754_sentence-1.wav,1.801,1.831,0.03,w,@,o,N02005_female_39,False,k,ʋ
fn001825_sentence-1.wav,0.949,0.979,0.03,w,t,O,N02005_female_39,False,k,ʋ
fn001828_sentence-0.wav,2.672,2.702,0.03,w,A+,z,N02005_female_39,False,k,ʋ
fn001829_sentence-2.wav,0.764,0.794,0.03,w,k,O,N02005_female_39,False,k,ʋ
fn001494_sentence-1.wav,0.101,0.142,0.041,n,I,h,N00789_female_54,False,o,n
fn001494_sentence-1.wav,0.142,0.172,0.03,h,n,E,N00789_female_54,False,o,h
fn001494_sentence-10.wav,0.702,0.742,0.04,d,n,@,N00789_female_54,False,o,d
fn001494_sentence-10.wav,0.661,0.702,0.041,n,E,d,N00789_female_54,False,o,n
fn001494_sentence-10.wav,0.742,0.783,0.041,@,d,b,N00789_female_54,False,o,ə
fn001494_sentence-10.wav,0.63,0.661,0.031,E,@,n,N00789_female_54,False,o,ɛ
fn001494_sentence-11.wav,0.122,0.152,0.03,r,a,d,N00789_female_54,False,o,r
fn001494_sentence-11.wav,2.224,2.264,0.04,@,d,v,N00789_female_54,False,o,ə
fn001494_sentence-12.wav,0.123,0.164,0.041,t,A,@,N00789_female_54,False,o,t
fn001494_sentence-13.wav,1.661,1.691,0.03,r,a,@,N00789_female_54,False,o,r
fn001494_sentence-14.wav,1.403,1.433,0.03,r,i,O,N00789_female_54,False,o,r
fn001494_sentence-15.wav,1.663,1.703,0.04,@,b,G,N00789_female_54,False,o,ə
fn001494_sentence-15.wav,0.946,0.976,0.03,d,w,@,N00789_female_54,False,o,d
fn001494_sentence-16.wav,2.243,2.283,0.04,n,@,t,N00789_female_54,False,o,n
fn001494_sentence-16.wav,3.703,3.743,0.04,t,@,k,N00789_female_54,False,o,t
fn001494_sentence-17.wav,2.792,2.822,0.03,@,f,r,N00789_female_54,False,o,ə
fn001494_sentence-17.wav,2.822,2.852,0.03,r,@,o,N00789_female_54,False,o,r
fn001494_sentence-17.wav,4.569,4.6,0.031,d,n,@,N00789_female_54,False,o,d
fn001494_sentence-17.wav,4.641,4.682,0.041,r,@,d,N00789_female_54,False,o,r
fn001494_sentence-17.wav,4.743,4.774,0.031,@,d,a,N00789_female_54,False,o,ə
fn001494_sentence-17.wav,0.548,0.579,0.031,h,t,E,N00789_female_54,False,o,h
fn001494_sentence-18.wav,2.287,2.317,0.03,E+,h,h,N00789_female_54,False,o,ɛi
fn001494_sentence-18.wav,3.469,3.499,0.03,n,E+,x,N00789_female_54,False,o,n
fn001494_sentence-19.wav,6.203,6.244,0.041,d,n,@,N00789_female_54,False,o,d
fn001494_sentence-19.wav,2.324,2.354,0.03,l,a,x,N00789_female_54,False,o,l
fn001494_sentence-19.wav,3.102,3.142,0.04,O,s,m,N00789_female_54,False,o,ɔ
fn001494_sentence-19.wav,0.446,0.476,0.03,e,d,r,N00789_female_54,False,o,eː
fn001494_sentence-2.wav,5.61,5.641,0.031,r,@,v,N00789_female_54,False,o,r
fn001494_sentence-20.wav,1.344,1.384,0.04,I,n,n,N00789_female_54,False,o,ɪ
fn001494_sentence-20.wav,0.626,0.657,0.031,E,h,m,N00789_female_54,False,o,ɛ
fn001494_sentence-21.wav,7.462,7.492,0.03,r,@,d,N00789_female_54,False,o,r
fn001494_sentence-21.wav,1.393,1.423,0.03,d,l,@,N00789_female_54,False,o,d
fn001494_sentence-21.wav,2.19,2.22,0.03,w,r,a,N00789_female_54,False,o,ʋ
fn001494_sentence-22.wav,0.328,0.359,0.031,h,n,o,N00789_female_54,False,o,h
fn001494_sentence-23.wav,0.592,0.623,0.031,Y,d,r,N00789_female_54,False,o,ʉ
fn001494_sentence-23.wav,0.623,0.654,0.031,r,Y,h,N00789_female_54,False,o,r
fn001494_sentence-3.wav,4.804,4.844,0.04,h,s,A,N00789_female_54,False,o,h
fn001494_sentence-31.wav,2.263,2.304,0.041,d,p,@,N00789_female_54,False,o,d
fn001494_sentence-36.wav,2.173,2.204,0.031,h,n,E+,N00789_female_54,False,o,h
fn001494_sentence-37.wav,0.273,0.304,0.031,h,r,E+,N00789_female_54,False,o,h
fn001494_sentence-44.wav,3.283,3.323,0.04,y,n,w,N00789_female_54,False,o,yː
fn001494_sentence-49.wav,3.081,3.121,0.04,I,l,p,N00789_female_54,False,o,ɪ
fn001494_sentence-49.wav,2.302,2.342,0.04,I,l,m,N00789_female_54,False,o,ɪ
fn001494_sentence-55.wav,2.542,2.583,0.041,y,n,w,N00789_female_54,False,o,yː
fn001494_sentence-61.wav,6.044,6.075,0.031,h,E+,E+,N00789_female_54,False,o,h
fn001494_sentence-66.wav,1.391,1.422,0.031,h,k,O,N00789_female_54,False,o,h
fn001494_sentence-73.wav,0.631,0.662,0.031,w,y,x,N00789_female_54,False,o,ʋ
fn001495_sentence-13.wav,7.484,7.524,0.04,Y,d,r,N00789_female_54,False,o,ʉ
fn001038_sentence-10.wav,5.487,5.518,0.031,n,@,s,N00538_male_76,False,o,n
fn001038_sentence-10.wav,3.327,3.358,0.031,@,d,r,N00538_male_76,False,o,ə
fn001038_sentence-10.wav,3.541,3.571,0.03,e,t,r,N00538_male_76,False,o,eː
fn001038_sentence-10.wav,0.323,0.353,0.03,A,t,n,N00538_male_76,False,o,ɑ
fn001038_sentence-10.wav,4.369,4.4,0.031,t,A,@,N00538_male_76,False,o,t
fn001038_sentence-10.wav,3.622,3.653,0.031,i,r,j,N00538_male_76,False,o,iː
fn001038_sentence-10.wav,7.089,7.119,0.03,@,w,l,N00538_male_76,False,o,ə
fn001038_sentence-10.wav,7.169,7.2,0.031,@,l,k,N00538_male_76,False,o,ə
fn001038_sentence-11.wav,11.17,11.201,0.031,d,r,@,N00538_male_76,False,o,d
fn001038_sentence-11.wav,0.385,0.415,0.03,t,n,s,N00538_male_76,False,o,t
fn001038_sentence-11.wav,5.146,5.176,0.03,e,s,j,N00538_male_76,False,o,eː
fn001038_sentence-11.wav,1.632,1.662,0.03,f,O,A,N00538_male_76,False,o,f
fn001038_sentence-11.wav,7.425,7.456,0.031,@,k,l,N00538_male_76,False,o,ə
fn001038_sentence-11.wav,1.744,1.784,0.04,n,A,d,N00538_male_76,False,o,n
fn001038_sentence-12.wav,10.584,10.614,0.03,l,A,s,N00538_male_76,False,o,l
fn001038_sentence-12.wav,11.321,11.362,0.041,r,E,m,N00538_male_76,False,o,r
fn001038_sentence-12.wav,11.089,11.119,0.03,@,t,r,N00538_male_76,False,o,ə
fn001038_sentence-13.wav,2.409,2.439,0.03,Y+,l,G,N00538_male_76,False,o,œy
fn001038_sentence-13.wav,6.024,6.054,0.03,A+,z,w,N00538_male_76,False,o,ɑu
fn001038_sentence-13.wav,4.704,4.744,0.04,A,f,t,N00538_male_76,False,o,ɑ
fn001038_sentence-13.wav,6.054,6.084,0.03,w,A+,s,N00538_male_76,False,o,ʋ
fn001038_sentence-13.wav,0.282,0.323,0.041,r,@,a,N00538_male_76,False,o,r
fn001038_sentence-13.wav,5.328,5.359,0.031,r,a,v,N00538_male_76,False,o,r
fn001038_sentence-14.wav,0.782,0.812,0.03,Y+,l,G,N00538_male_76,False,o,œy
fn001038_sentence-14.wav,7.967,7.998,0.031,r,2,x,N00538_male_76,False,o,r
fn001038_sentence-14.wav,12.806,12.836,0.03,I,s,n,N00538_male_76,False,o,ɪ
fn001038_sentence-14.wav,12.705,12.736,0.031,l,A,s,N00538_male_76,False,o,l
fn001038_sentence-14.wav,9.683,9.713,0.03,r,t,Y,N00538_male_76,False,o,r
fn001038_sentence-14.wav,0.691,0.721,0.03,w,A+,l,N00538_male_76,False,o,ʋ
fn001038_sentence-14.wav,4.504,4.544,0.04,m,O,b,N00538_male_76,False,o,m
fn001038_sentence-14.wav,5.533,5.563,0.03,E,@,n,N00538_male_76,False,o,ɛ
fn001038_sentence-16.wav,2.821,2.862,0.041,E,t,n,N00538_male_76,False,o,ɛ
fn001038_sentence-16.wav,10.062,10.093,0.031,A,l,n,N00538_male_76,False,o,ɑ
fn001038_sentence-16.wav,1.564,1.594,0.03,r,i,n,N00538_male_76,False,o,r
fn001038_sentence-16.wav,3.883,3.923,0.04,m,t,E,N00538_male_76,False,o,m
fn001038_sentence-16.wav,1.13,1.16,0.03,w,u,E+,N00538_male_76,False,o,ʋ
fn001038_sentence-16.wav,3.923,3.964,0.041,E,m,r,N00538_male_76,False,o,ɛ
fn001038_sentence-18.wav,0.182,0.223,0.041,w,t,A,N00538_male_76,False,o,ʋ
fn001038_sentence-19.wav,0.323,0.363,0.04,h,t,E+,N00538_male_76,False,o,h
fn001038_sentence-19.wav,0.484,0.514,0.03,r,E,b,N00538_male_76,False,o,r
fn001038_sentence-2.wav,5.704,5.744,0.04,r,G,I,N00538_male_76,False,o,r
fn001038_sentence-2.wav,1.185,1.216,0.031,r,x,u,N00538_male_76,False,o,r
fn001038_sentence-20.wav,0.726,0.757,0.031,l,A,t,N00538_male_76,False,o,l
fn001038_sentence-20.wav,1.706,1.736,0.03,m,O,E,N00538_male_76,False,o,m
fn001038_sentence-20.wav,9.605,9.635,0.03,m,p,u,N00538_male_76,False,o,m
fn001038_sentence-20.wav,0.323,0.363,0.04,w,A+,@,N00538_male_76,False,o,ʋ
fn001038_sentence-20.wav,0.101,0.141,0.04,v,@,r,N00538_male_76,False,o,v
fn001038_sentence-20.wav,5.462,5.493,0.031,h,n,E,N00538_male_76,False,o,h
fn001038_sentence-21.wav,0.192,0.222,0.03,r,v,u,N00538_male_76,False,o,r
fn001038_sentence-22.wav,1.484,1.524,0.04,f,t,A,N00538_male_76,False,o,f
fn001038_sentence-22.wav,4.386,4.416,0.03,w,d,A,N00538_male_76,False,o,ʋ
fn001038_sentence-23.wav,3.506,3.537,0.031,r,o,@,N00538_male_76,False,o,r
fn001038_sentence-23.wav,0.162,0.202,0.04,h,r,E+,N00538_male_76,False,o,h
fn001038_sentence-23.wav,0.131,0.162,0.031,r,a,h,N00538_male_76,False,o,r
fn001038_sentence-23.wav,0.932,0.962,0.03,r,@,m,N00538_male_76,False,o,r
fn001038_sentence-24.wav,1.281,1.311,0.03,l,@,I,N00538_male_76,False,o,l
fn001038_sentence-24.wav,5.206,5.236,0.03,l,@,@,N00538_male_76,False,o,l
fn001038_sentence-25.wav,6.173,6.203,0.03,h,@,Y,N00538_male_76,False,o,h
fn001038_sentence-25.wav,13.312,13.343,0.031,j,t,@,N00538_male_76,False,o,j
fn001038_sentence-25.wav,0.353,0.384,0.031,I,m,s,N00538_male_76,False,o,ɪ
fn001038_sentence-25.wav,14.643,14.684,0.041,l,O,p,N00538_male_76,False,o,l
fn001038_sentence-25.wav,4.484,4.514,0.03,r,G,u,N00538_male_76,False,o,r
fn001038_sentence-25.wav,0.97,1.0,0.03,r,@,d,N00538_male_76,False,o,r
fn001038_sentence-25.wav,7.262,7.303,0.041,h,l,A,N00538_male_76,False,o,h
fn001038_sentence-26.wav,11.223,11.253,0.03,r,G,u,N00538_male_76,False,o,r
fn001038_sentence-26.wav,8.463,8.493,0.03,j,r,@,N00538_male_76,False,o,j
fn001038_sentence-26.wav,1.687,1.718,0.031,r,u,d,N00538_male_76,False,o,r
fn001038_sentence-26.wav,9.703,9.733,0.03,r,@,d,N00538_male_76,False,o,r
fn001038_sentence-26.wav,0.626,0.657,0.031,r,a,@,N00538_male_76,False,o,r
fn001038_sentence-26.wav,8.432,8.463,0.031,r,a,j,N00538_male_76,False,o,r
fn001038_sentence-27.wav,0.343,0.384,0.041,r,o,s,N00538_male_76,False,o,r
fn001038_sentence-28.wav,0.101,0.141,0.04,I,r,s,N00538_male_76,False,o,ɪ
fn001038_sentence-29.wav,4.569,4.6,0.031,r,x,O,N00538_male_76,False,o,r
fn001038_sentence-29.wav,2.502,2.532,0.03,N,I,m,N00538_male_76,False,o,ŋ
fn001038_sentence-3.wav,0.143,0.183,0.04,Y,r,s,N00538_male_76,False,o,ʉ
fn001038_sentence-31.wav,2.923,2.953,0.03,I,z,x,N00538_male_76,False,o,ɪ
fn001038_sentence-31.wav,5.708,5.739,0.031,w,f,E,N00538_male_76,False,o,ʋ
fn001038_sentence-31.wav,2.367,2.397,0.03,w,k,E,N00538_male_76,False,o,ʋ
fn001038_sentence-31.wav,3.428,3.459,0.031,h,n,Y,N00538_male_76,False,o,h
fn001038_sentence-31.wav,2.721,2.761,0.04,f,s,A,N00538_male_76,False,o,f
fn001038_sentence-32.wav,11.271,11.301,0.03,h,t,Y,N00538_male_76,False,o,h
fn001038_sentence-32.wav,0.343,0.373,0.03,r,E,b,N00538_male_76,False,o,r
fn001038_sentence-32.wav,14.222,14.252,0.03,I,n,s,N00538_male_76,False,o,ɪ
fn001038_sentence-33.wav,6.048,6.078,0.03,h,t,Y,N00538_male_76,False,o,h
fn001038_sentence-33.wav,6.704,6.734,0.03,r,@,l,N00538_male_76,False,o,r
fn001038_sentence-34.wav,4.681,4.722,0.041,h,x,e,N00538_male_76,False,o,h
fn001038_sentence-36.wav,1.563,1.594,0.031,h,r,E,N00538_male_76,False,o,h
fn001038_sentence-38.wav,0.403,0.433,0.03,I,x,n,N00538_male_76,False,o,ɪ
fn001038_sentence-40.wav,1.021,1.051,0.03,N,I,k,N00538_male_76,False,o,ŋ
fn001038_sentence-40.wav,1.233,1.264,0.031,j,t,@,N00538_male_76,False,o,j
fn001038_sentence-41.wav,6.811,6.841,0.03,N,I,k,N00538_male_76,False,o,ŋ
fn001038_sentence-44.wav,0.931,0.961,0.03,I,x,n,N00538_male_76,False,o,ɪ
fn001038_sentence-46.wav,10.361,10.391,0.03,h,t,A,N00538_male_76,False,o,h
fn001038_sentence-46.wav,6.862,6.902,0.04,w,@,E,N00538_male_76,False,o,ʋ
fn001038_sentence-46.wav,8.31,8.34,0.03,w,o,A,N00538_male_76,False,o,ʋ
fn001038_sentence-49.wav,1.454,1.484,0.03,I,w,l,N00538_male_76,False,o,ɪ
fn001038_sentence-49.wav,0.242,0.282,0.04,j,s,@,N00538_male_76,False,o,j
fn001038_sentence-52.wav,2.204,2.244,0.04,I,w,n,N00538_male_76,False,o,ɪ
fn001038_sentence-58.wav,8.882,8.922,0.04,Y,h,n,N00538_male_76,False,o,ʉ
fn001038_sentence-88.wav,0.263,0.303,0.04,N,E,k,N00538_male_76,False,o,ŋ
fn001616_sentence-0.wav,4.703,4.744,0.041,a,x,n,N02001_male_38,False,k,aː
fn001616_sentence-0.wav,4.43,4.461,0.031,k,@,s,N02001_male_38,False,k,k
fn001616_sentence-0.wav,3.05,3.08,0.03,x,A,t,N02001_male_38,False,k,x
fn001616_sentence-0.wav,2.989,3.019,0.03,d,n,A,N02001_male_38,False,k,d
fn001616_sentence-0.wav,4.531,4.562,0.031,n,s,O,N02001_male_38,False,k,n
fn001616_sentence-0.wav,4.865,4.895,0.03,n,t,O,N02001_male_38,False,k,n
fn001616_sentence-0.wav,4.744,4.774,0.03,n,a,@,N02001_male_38,False,k,n
fn001616_sentence-0.wav,4.309,4.339,0.03,w,A+,@,N02001_male_38,False,k,ʋ
fn001616_sentence-0.wav,1.326,1.357,0.031,w,A+,z,N02001_male_38,False,k,ʋ
fn001616_sentence-0.wav,4.37,4.4,0.03,l,@,@,N02001_male_38,False,k,l
fn001616_sentence-1.wav,3.49,3.521,0.031,t,s,@,N02001_male_38,False,k,t
fn001616_sentence-1.wav,2.165,2.195,0.03,r,e,d,N02001_male_38,False,k,r
fn001616_sentence-1.wav,0.047,0.077,0.03,A,d,t,N02001_male_38,False,k,ɑ
fn001616_sentence-1.wav,0.783,0.824,0.041,r,@,O,N02001_male_38,False,k,r
fn001616_sentence-1.wav,3.603,3.633,0.03,d,r,@,N02001_male_38,False,k,d
fn001616_sentence-1.wav,2.981,3.022,0.041,r,b,i,N02001_male_38,False,k,r
fn001616_sentence-1.wav,0.107,0.138,0.031,s,t,x,N02001_male_38,False,k,s
fn001616_sentence-1.wav,3.287,3.317,0.03,i,m,n,N02001_male_38,False,k,iː
fn001616_sentence-1.wav,3.572,3.603,0.031,r,@,d,N02001_male_38,False,k,r
fn001616_sentence-1.wav,2.286,2.316,0.03,r,@,s,N02001_male_38,False,k,r
fn001616_sentence-2.wav,1.826,1.856,0.03,@,r,I,N02001_male_38,False,k,ə
fn001616_sentence-2.wav,1.463,1.493,0.03,t,n,r,N02001_male_38,False,k,t
fn001616_sentence-3.wav,0.949,0.98,0.031,r,o,b,N02001_male_38,False,k,r
fn001616_sentence-3.wav,0.808,0.838,0.03,r,i,d,N02001_male_38,False,k,r
fn001616_sentence-3.wav,0.283,0.313,0.03,@,v,r,N02001_male_38,False,k,ə
fn001616_sentence-3.wav,0.313,0.344,0.031,r,@,b,N02001_male_38,False,k,r
fn001616_sentence-3.wav,0.404,0.434,0.03,@,b,l,N02001_male_38,False,k,ə
fn001616_sentence-3.wav,1.101,1.141,0.04,d,E+,@,N02001_male_38,False,k,d
fn001616_sentence-3.wav,0.727,0.758,0.031,h,N,i,N02001_male_38,False,k,h
fn001616_sentence-3.wav,1.353,1.384,0.031,i,l,t,N02001_male_38,False,k,iː
fn001616_sentence-3.wav,0.243,0.283,0.04,v,o,@,N02001_male_38,False,k,v
fn001617_sentence-0.wav,1.752,1.783,0.031,@,d,k,N02001_male_38,False,k,ə
fn001617_sentence-0.wav,2.187,2.217,0.03,G,e,@,N02001_male_38,False,k,ɣ
fn001617_sentence-1.wav,0.383,0.414,0.031,h,s,A,N02001_male_38,False,k,h
fn001617_sentence-1.wav,3.574,3.604,0.03,d,r,@,N02001_male_38,False,k,d
fn001617_sentence-1.wav,1.222,1.263,0.041,O,t,m,N02001_male_38,False,k,ɔ
fn001617_sentence-1.wav,1.647,1.677,0.03,d,r,@,N02001_male_38,False,k,d
fn001617_sentence-1.wav,3.543,3.574,0.031,r,a,d,N02001_male_38,False,k,r
fn001617_sentence-1.wav,1.303,1.343,0.04,d,m,A,N02001_male_38,False,k,d
fn001617_sentence-1.wav,3.351,3.381,0.03,@,k,r,N02001_male_38,False,k,ə
fn001617_sentence-1.wav,2.627,2.657,0.03,k,e,m,N02001_male_38,False,k,k
fn001617_sentence-1.wav,1.263,1.303,0.04,m,O,d,N02001_male_38,False,k,m
fn001617_sentence-1.wav,3.381,3.412,0.031,r,@,s,N02001_male_38,False,k,r
fn001617_sentence-2.wav,4.823,4.863,0.04,n,a,d,N02001_male_38,False,k,n
fn001617_sentence-2.wav,1.123,1.163,0.04,t,f,O,N02001_male_38,False,k,t
fn001617_sentence-2.wav,1.002,1.032,0.03,h,s,e,N02001_male_38,False,k,h
fn001617_sentence-2.wav,4.044,4.074,0.03,@,x,t,N02001_male_38,False,k,ə
fn001617_sentence-2.wav,4.003,4.044,0.041,x,@,@,N02001_male_38,False,k,x
fn001617_sentence-2.wav,1.274,1.304,0.03,d,p,@,N02001_male_38,False,k,d
fn001617_sentence-2.wav,3.962,4.003,0.041,@,s,x,N02001_male_38,False,k,ə
fn001617_sentence-2.wav,2.361,2.391,0.03,d,n,@,N02001_male_38,False,k,d
fn001617_sentence-2.wav,2.331,2.361,0.03,n,O,d,N02001_male_38,False,k,n
fn001617_sentence-2.wav,2.391,2.422,0.031,@,d,r,N02001_male_38,False,k,ə
fn001617_sentence-2.wav,4.863,4.904,0.041,d,n,@,N02001_male_38,False,k,d
fn001617_sentence-2.wav,2.422,2.452,0.03,r,@,d,N02001_male_38,False,k,r
fn001617_sentence-2.wav,1.032,1.063,0.031,e,h,f,N02001_male_38,False,k,eː
fn001617_sentence-2.wav,0.569,0.6,0.031,h,s,A+,N02001_male_38,False,k,h
fn001617_sentence-2.wav,2.452,2.482,0.03,d,r,A,N02001_male_38,False,k,d
fn001617_sentence-2.wav,4.671,4.702,0.031,r,o,G,N02001_male_38,False,k,r
fn001617_sentence-2.wav,4.327,4.357,0.03,@,k,d,N02001_male_38,False,k,ə
fn001617_sentence-3.wav,0.148,0.178,0.03,r,a,O,N02001_male_38,False,k,r
fn001618_sentence-0.wav,2.188,2.218,0.03,h,@,A,N02001_male_38,False,k,h
fn001618_sentence-0.wav,1.188,1.218,0.03,n,A,m,N02001_male_38,False,k,n
fn001618_sentence-0.wav,2.087,2.117,0.03,k,E,x,N02001_male_38,False,k,k
fn001618_sentence-0.wav,0.187,0.218,0.031,i,d,n,N02001_male_38,False,k,iː
fn001618_sentence-0.wav,1.127,1.157,0.03,f,t,A,N02001_male_38,False,k,f
fn001618_sentence-0.wav,1.268,1.299,0.031,I,m,d,N02001_male_38,False,k,ɪ
fn001618_sentence-0.wav,2.541,2.582,0.041,r,p,@,N02001_male_38,False,k,r
fn001618_sentence-1.wav,2.384,2.414,0.03,@,r,G,N02001_male_38,False,k,ə
fn001618_sentence-1.wav,5.084,5.114,0.03,n,I,d,N02001_male_38,False,k,n
fn001618_sentence-1.wav,3.061,3.101,0.04,i,b,n,N02001_male_38,False,k,iː
fn001618_sentence-1.wav,0.141,0.172,0.031,h,i,A,N02001_male_38,False,k,h
fn001618_sentence-1.wav,5.582,5.612,0.03,l,n,e,N02001_male_38,False,k,l
fn001618_sentence-1.wav,7.027,7.058,0.031,r,G,O,N02001_male_38,False,k,r
fn001618_sentence-1.wav,3.263,3.293,0.03,h,t,A,N02001_male_38,False,k,h
fn001618_sentence-1.wav,6.582,6.622,0.04,r,a,d,N02001_male_38,False,k,r
fn001618_sentence-1.wav,3.101,3.142,0.041,n,i,E,N02001_male_38,False,k,n
fn001618_sentence-1.wav,6.926,6.956,0.03,@,t,r,N02001_male_38,False,k,ə
fn001618_sentence-1.wav,5.541,5.582,0.041,n,@,l,N02001_male_38,False,k,n
fn001618_sentence-1.wav,6.622,6.663,0.041,d,r,@,N02001_male_38,False,k,d
fn001618_sentence-3.wav,3.205,3.236,0.031,n,O,d,N02001_male_38,False,k,n
fn001618_sentence-3.wav,3.521,3.551,0.03,@,x,n,N02001_male_38,False,k,ə
fn001618_sentence-3.wav,0.384,0.424,0.04,G,@,d,N02001_male_38,False,k,ɣ
fn001618_sentence-3.wav,0.353,0.384,0.031,@,d,G,N02001_male_38,False,k,ə
fn001618_sentence-3.wav,3.327,3.358,0.031,r,@,@,N02001_male_38,False,k,r
fn001618_sentence-3.wav,0.323,0.353,0.03,d,o,@,N02001_male_38,False,k,d
fn001618_sentence-3.wav,2.506,2.537,0.031,r,@,t,N02001_male_38,False,k,r
fn001619_sentence-0.wav,1.154,1.184,0.03,d,z,i,N02001_male_38,False,k,d
fn001619_sentence-0.wav,5.281,5.321,0.04,n,O,t,N02001_male_38,False,k,n
fn001619_sentence-0.wav,5.189,5.22,0.031,@,t,O,N02001_male_38,False,k,ə
fn001619_sentence-0.wav,4.946,4.976,0.03,t,r,l,N02001_male_38,False,k,t
fn001619_sentence-0.wav,0.651,0.681,0.03,@,v,O,N02001_male_38,False,k,ə
fn001619_sentence-0.wav,1.043,1.074,0.031,I,m,N,N02001_male_38,False,k,ɪ
fn001619_sentence-0.wav,5.321,5.362,0.041,t,n,p,N02001_male_38,False,k,t
fn001619_sentence-0.wav,4.561,4.601,0.04,n,O,t,N02001_male_38,False,k,n
fn001619_sentence-0.wav,1.074,1.104,0.03,N,I,z,N02001_male_38,False,k,ŋ
fn001619_sentence-1.wav,1.662,1.693,0.031,d,a,@,N02001_male_38,False,k,d
fn001619_sentence-1.wav,1.723,1.753,0.03,l,@,@,N02001_male_38,False,k,l
fn001619_sentence-1.wav,1.753,1.784,0.031,@,l,k,N02001_male_38,False,k,ə
fn001619_sentence-1.wav,0.066,0.097,0.031,t,@,l,N02001_male_38,False,k,t
fn001619_sentence-1.wav,1.693,1.723,0.03,@,d,l,N02001_male_38,False,k,ə
fn001619_sentence-1.wav,0.965,0.996,0.031,n,I,t,N02001_male_38,False,k,n
fn001619_sentence-1.wav,1.268,1.299,0.031,r,@,O,N02001_male_38,False,k,r
fn001619_sentence-1.wav,0.784,0.824,0.04,@,d,b,N02001_male_38,False,k,ə
fn001619_sentence-1.wav,0.824,0.864,0.04,b,@,l,N02001_male_38,False,k,b
fn001619_sentence-2.wav,2.167,2.197,0.03,t,s,@,N02001_male_38,False,k,t
fn001619_sentence-3.wav,2.686,2.716,0.03,n,@,x,N02001_male_38,False,k,n
fn001619_sentence-3.wav,1.131,1.161,0.03,@,k,l,N02001_male_38,False,k,ə
fn001619_sentence-3.wav,1.161,1.191,0.03,l,@,d,N02001_male_38,False,k,l
fn001619_sentence-3.wav,1.222,1.252,0.03,@,d,O,N02001_male_38,False,k,ə
fn001619_sentence-4.wav,1.382,1.423,0.041,h,k,E,N02001_male_38,False,k,h
fn001619_sentence-4.wav,2.485,2.515,0.03,l,@,@,N02001_male_38,False,k,l
fn001619_sentence-4.wav,0.482,0.522,0.04,r,@,t,N02001_male_38,False,k,r
fn001619_sentence-4.wav,0.148,0.178,0.03,r,e,t,N02001_male_38,False,k,r
fn001619_sentence-4.wav,0.522,0.552,0.03,t,r,I,N02001_male_38,False,k,t
fn001619_sentence-4.wav,0.441,0.482,0.041,@,d,r,N02001_male_38,False,k,ə
fn001619_sentence-4.wav,0.249,0.279,0.03,n,i,h,N02001_male_38,False,k,n
fn001619_sentence-4.wav,2.741,2.772,0.031,r,@,l,N02001_male_38,False,k,r
fn001619_sentence-4.wav,0.866,0.896,0.03,r,@,s,N02001_male_38,False,k,r
fn001619_sentence-4.wav,0.613,0.644,0.031,n,I,w,N02001_male_38,False,k,n
fn001620_sentence-0.wav,0.309,0.339,0.03,n,e,t,N02001_male_38,False,k,n
fn001620_sentence-0.wav,0.067,0.097,0.03,@,d,x,N02001_male_38,False,k,ə
fn001620_sentence-0.wav,3.222,3.263,0.041,@,E,p,N02001_male_38,False,k,ə
fn001620_sentence-0.wav,3.848,3.878,0.03,r,@,d,N02001_male_38,False,k,r
fn001620_sentence-0.wav,4.202,4.232,0.03,@,l,I,N02001_male_38,False,k,ə
fn001620_sentence-0.wav,2.788,2.818,0.03,@,v,r,N02001_male_38,False,k,ə
fn001620_sentence-0.wav,0.602,0.632,0.03,r,A,n,N02001_male_38,False,k,r
fn001620_sentence-0.wav,1.762,1.793,0.031,r,@,b,N02001_male_38,False,k,r
fn001620_sentence-0.wav,1.732,1.762,0.03,@,k,r,N02001_male_38,False,k,ə
fn001620_sentence-0.wav,2.186,2.217,0.031,@,d,r,N02001_male_38,False,k,ə
fn001620_sentence-1.wav,0.461,0.502,0.041,@,b,d,N02001_male_38,False,k,ə
fn001620_sentence-1.wav,1.564,1.594,0.03,r,O,d,N02001_male_38,False,k,r
fn001620_sentence-1.wav,0.421,0.461,0.04,b,@,@,N02001_male_38,False,k,b
fn001620_sentence-2.wav,0.461,0.492,0.031,@,v,r,N02001_male_38,False,k,ə
fn001620_sentence-2.wav,0.522,0.562,0.04,w,r,A,N02001_male_38,False,k,ʋ
fn001620_sentence-2.wav,1.523,1.563,0.04,x,@,p,N02001_male_38,False,k,x
fn001620_sentence-2.wav,1.482,1.523,0.041,@,n,x,N02001_male_38,False,k,ə
fn001620_sentence-2.wav,0.269,0.3,0.031,r,a,O,N02001_male_38,False,k,r
fn001620_sentence-2.wav,1.624,1.654,0.03,r,p,o,N02001_male_38,False,k,r
fn001620_sentence-2.wav,0.492,0.522,0.03,r,@,w,N02001_male_38,False,k,r
fn001620_sentence-3.wav,0.181,0.222,0.041,n,i,I,N02001_male_38,False,k,n
fn001620_sentence-3.wav,1.182,1.212,0.03,@,v,r,N02001_male_38,False,k,ə
fn001620_sentence-3.wav,0.626,0.656,0.03,l,n,A,N02001_male_38,False,k,l
fn001620_sentence-3.wav,0.222,0.262,0.04,I,n,s,N02001_male_38,False,k,ɪ
fn001620_sentence-3.wav,0.424,0.454,0.03,r,e,i,N02001_male_38,False,k,r
fn001620_sentence-3.wav,1.243,1.273,0.03,l,r,E,N02001_male_38,False,k,l
fn001620_sentence-3.wav,4.89,4.92,0.03,r,@,s,N02001_male_38,False,k,r
fn001620_sentence-3.wav,3.629,3.66,0.031,h,r,u,N02001_male_38,False,k,h
fn001620_sentence-3.wav,3.549,3.579,0.03,@,v,r,N02001_male_38,False,k,ə
fn001620_sentence-3.wav,0.727,0.757,0.03,n,A,d,N02001_male_38,False,k,n
fn001620_sentence-3.wav,1.212,1.243,0.031,r,@,l,N02001_male_38,False,k,r
fn001620_sentence-3.wav,5.243,5.273,0.03,r,O,d,N02001_male_38,False,k,r
fn001621_sentence-0.wav,0.766,0.797,0.031,@,h,r,N02001_male_38,False,k,ə
fn001621_sentence-0.wav,2.149,2.179,0.03,@,t,E,N02001_male_38,False,k,ə
fn001621_sentence-0.wav,4.367,4.398,0.031,n,O,t,N02001_male_38,False,k,n
fn001621_sentence-0.wav,2.391,2.421,0.03,m,@,p,N02001_male_38,False,k,m
fn001621_sentence-0.wav,1.121,1.151,0.03,h,s,e,N02001_male_38,False,k,h
fn001621_sentence-0.wav,0.168,0.198,0.03,@,d,r,N02001_male_38,False,k,ə
fn001621_sentence-0.wav,0.472,0.502,0.03,n,i,I,N02001_male_38,False,k,n
fn001621_sentence-0.wav,0.665,0.695,0.03,@,t,r,N02001_male_38,False,k,ə
fn001621_sentence-0.wav,2.774,2.804,0.03,n,A,d,N02001_male_38,False,k,n
fn001621_sentence-0.wav,0.229,0.259,0.03,w,r,E+,N02001_male_38,False,k,ʋ
fn001621_sentence-0.wav,0.411,0.442,0.031,m,s,i,N02001_male_38,False,k,m
fn001621_sentence-1.wav,1.413,1.443,0.03,r,a,x,N02001_male_38,False,k,r
fn001621_sentence-1.wav,0.046,0.076,0.03,@,d,v,N02001_male_38,False,k,ə
fn001621_sentence-1.wav,1.021,1.051,0.03,n,A,z,N02001_male_38,False,k,n
fn001621_sentence-1.wav,0.921,0.961,0.04,f,s,A,N02001_male_38,False,k,f
fn001621_sentence-1.wav,1.303,1.343,0.04,j,s,a,N02001_male_38,False,k,j
fn001621_sentence-1.wav,3.203,3.243,0.04,l,f,I,N02001_male_38,False,k,l
fn001621_sentence-1.wav,3.444,3.484,0.04,@,f,r,N02001_male_38,False,k,ə
fn001621_sentence-2.wav,4.231,4.261,0.03,r,a,t,N02001_male_38,False,k,r
fn001621_sentence-2.wav,1.685,1.715,0.03,r,a,O,N02001_male_38,False,k,r
fn001621_sentence-2.wav,0.245,0.275,0.03,E,s,r,N02001_male_38,False,k,ɛ
fn001621_sentence-2.wav,1.988,2.019,0.031,@,d,r,N02001_male_38,False,k,ə
fn001621_sentence-3.wav,2.105,2.135,0.03,l,e,@,N02001_male_38,False,k,l
fn001621_sentence-3.wav,0.172,0.202,0.03,@,d,r,N02001_male_38,False,k,ə
fn001621_sentence-3.wav,2.487,2.517,0.03,@,m,n,N02001_male_38,False,k,ə
fn001621_sentence-3.wav,0.202,0.232,0.03,r,@,I,N02001_male_38,False,k,r
fn001621_sentence-3.wav,0.111,0.141,0.03,r,E,d,N02001_male_38,False,k,r
fn001621_sentence-3.wav,1.974,2.004,0.03,y,t,r,N02001_male_38,False,k,yː
fn001622_sentence-0.wav,1.644,1.684,0.04,@,t,l,N02001_male_38,False,k,ə
fn001622_sentence-0.wav,1.321,1.362,0.041,x,s,@,N02001_male_38,False,k,x
fn001622_sentence-0.wav,0.363,0.404,0.041,f,s,@,N02001_male_38,False,k,f
fn001622_sentence-0.wav,0.404,0.434,0.03,@,f,r,N02001_male_38,False,k,ə
fn001622_sentence-0.wav,0.434,0.464,0.03,r,@,b,N02001_male_38,False,k,r
fn001622_sentence-0.wav,1.21,1.241,0.031,I,l,s,N02001_male_38,False,k,ɪ
fn001622_sentence-1.wav,5.068,5.098,0.03,r,@,@,N02001_male_38,False,k,r
fn001622_sentence-1.wav,5.29,5.321,0.031,r,a,A,N02001_male_38,False,k,r
fn001622_sentence-1.wav,0.791,0.822,0.031,h,s,E,N02001_male_38,False,k,h
fn001622_sentence-1.wav,0.923,0.964,0.041,@,b,x,N02001_male_38,False,k,ə
fn001622_sentence-1.wav,4.33,4.36,0.03,h,@,i,N02001_male_38,False,k,h
fn001622_sentence-1.wav,4.441,4.471,0.03,r,i,d,N02001_male_38,False,k,r
fn001622_sentence-1.wav,1.73,1.76,0.03,r,o,d,N02001_male_38,False,k,r
fn001622_sentence-2.wav,0.189,0.219,0.03,r,@,b,N02001_male_38,False,k,r
fn001622_sentence-2.wav,0.827,0.857,0.03,@,z,n,N02001_male_38,False,k,ə
fn001622_sentence-2.wav,4.451,4.481,0.03,@,p,x,N02001_male_38,False,k,ə
fn001622_sentence-2.wav,4.208,4.238,0.03,r,o,l,N02001_male_38,False,k,r
fn001622_sentence-2.wav,1.101,1.131,0.03,r,@,y,N02001_male_38,False,k,r
fn001622_sentence-2.wav,4.582,4.622,0.04,n,x,O,N02001_male_38,False,k,n
fn001623_sentence-0.wav,4.441,4.471,0.03,h,p,Y,N02001_male_38,False,k,h
fn001623_sentence-0.wav,1.503,1.543,0.04,r,p,o,N02001_male_38,False,k,r
fn001623_sentence-0.wav,4.188,4.218,0.03,n,@,I,N02001_male_38,False,k,n
fn001623_sentence-0.wav,3.501,3.541,0.04,n,I,d,N02001_male_38,False,k,n
fn001623_sentence-1.wav,6.032,6.063,0.031,h,p,O,N02001_male_38,False,k,h
fn001623_sentence-2.wav,0.767,0.798,0.031,l,r,A,N02001_male_38,False,k,l
fn001623_sentence-2.wav,1.121,1.161,0.04,l,p,a,N02001_male_38,False,k,l
fn001623_sentence-3.wav,1.226,1.256,0.03,r,@,@,N02001_male_38,False,k,r
fn001624_sentence-1.wav,4.81,4.841,0.031,r,@,t,N02001_male_38,False,k,r
fn001624_sentence-1.wav,4.114,4.144,0.03,r,p,o,N02001_male_38,False,k,r
fn001624_sentence-1.wav,2.711,2.741,0.03,r,a,d,N02001_male_38,False,k,r
fn001624_sentence-1.wav,4.043,4.073,0.03,r,@,p,N02001_male_38,False,k,r
fn001624_sentence-1.wav,1.987,2.017,0.03,r,o,d,N02001_male_38,False,k,r
fn001624_sentence-2.wav,0.381,0.411,0.03,b,@,r,N02001_male_38,False,k,b
fn001624_sentence-4.wav,0.543,0.573,0.03,r,A,n,N02001_male_38,False,k,r
fn001624_sentence-4.wav,2.683,2.723,0.04,I,m,N,N02001_male_38,False,k,ɪ
fn001624_sentence-4.wav,1.07,1.101,0.031,r,@,l,N02001_male_38,False,k,r
fn001624_sentence-4.wav,3.329,3.359,0.03,r,E,d,N02001_male_38,False,k,r
fn001624_sentence-5.wav,3.413,3.443,0.03,l,e,m,N02001_male_38,False,k,l
fn001624_sentence-5.wav,4.923,4.954,0.031,r,O,m,N02001_male_38,False,k,r
fn001624_sentence-7.wav,0.965,0.995,0.03,h,s,E,N02001_male_38,False,k,h
fn001624_sentence-7.wav,0.743,0.773,0.03,r,e,d,N02001_male_38,False,k,r
fn001625_sentence-0.wav,1.803,1.834,0.031,r,e,t,N02001_male_38,False,k,r
fn001625_sentence-0.wav,0.982,1.022,0.04,G,@,I,N02001_male_38,False,k,ɣ
fn001625_sentence-3.wav,0.485,0.516,0.031,r,@,l,N02001_male_38,False,k,r
fn001625_sentence-3.wav,1.406,1.436,0.03,l,A,s,N02001_male_38,False,k,l
fn001626_sentence-0.wav,0.294,0.324,0.03,h,s,A+,N02001_male_38,False,k,h
fn001626_sentence-1.wav,0.573,0.603,0.03,r,a,m,N02001_male_38,False,k,r
fn001626_sentence-1.wav,3.869,3.899,0.03,r,@,s,N02001_male_38,False,k,r
fn001626_sentence-1.wav,3.523,3.553,0.03,r,@,b,N02001_male_38,False,k,r
fn001626_sentence-1.wav,7.088,7.119,0.031,r,a,d,N02001_male_38,False,k,r
fn001626_sentence-1.wav,0.41,0.441,0.031,h,s,A,N02001_male_38,False,k,h
fn001626_sentence-1.wav,7.466,7.497,0.031,h,s,A+,N02001_male_38,False,k,h
fn001626_sentence-1.wav,5.582,5.612,0.03,w,@,a,N02001_male_38,False,k,ʋ
fn001626_sentence-1.wav,2.142,2.183,0.041,I,k,N,N02001_male_38,False,k,ɪ
fn001627_sentence-0.wav,0.283,0.313,0.03,l,p,o,N02001_male_38,False,k,l
fn001627_sentence-0.wav,0.253,0.283,0.03,p,s,l,N02001_male_38,False,k,p
fn001627_sentence-0.wav,0.961,0.992,0.031,I,m,N,N02001_male_38,False,k,ɪ
fn001627_sentence-0.wav,5.988,6.018,0.03,r,e,@,N02001_male_38,False,k,r
fn001627_sentence-0.wav,3.033,3.064,0.031,l,e,@,N02001_male_38,False,k,l
fn001631_sentence-2.wav,5.313,5.343,0.03,I,l,N,N02001_male_38,False,k,ɪ
fn001631_sentence-3.wav,0.061,0.091,0.03,l,A,s,N02001_male_38,False,k,l
fn001632_sentence-0.wav,0.371,0.401,0.03,h,w,e,N02001_male_38,False,k,h
fn001632_sentence-3.wav,1.005,1.036,0.031,l,@,j,N02001_male_38,False,k,l
fn001634_sentence-1.wav,3.612,3.643,0.031,l,n,A,N02001_male_38,False,k,l
fn001634_sentence-1.wav,2.042,2.082,0.04,h,n,e,N02001_male_38,False,k,h
fn001634_sentence-3.wav,1.431,1.462,0.031,h,t,a,N02001_male_38,False,k,h
fn001635_sentence-0.wav,2.091,2.122,0.031,l,@,@,N02001_male_38,False,k,l
fn001635_sentence-1.wav,1.443,1.483,0.04,Y,k,n,N02001_male_38,False,k,ʉ
fn001636_sentence-1.wav,0.122,0.153,0.031,h,@,E,N02001_male_38,False,k,h
fn001636_sentence-1.wav,0.508,0.539,0.031,l,@,s,N02001_male_38,False,k,l
fn001636_sentence-2.wav,2.444,2.474,0.03,h,n,O,N02001_male_38,False,k,h
fn001636_sentence-3.wav,2.669,2.699,0.03,N,E,k,N02001_male_38,False,k,ŋ
fn001636_sentence-3.wav,3.673,3.703,0.03,h,@,E,N02001_male_38,False,k,h
fn001637_sentence-0.wav,4.951,4.982,0.031,h,t,e,N02001_male_38,False,k,h
fn001638_sentence-0.wav,2.432,2.462,0.03,h,r,a,N02001_male_38,False,k,h
fn001638_sentence-3.wav,1.25,1.28,0.03,h,t,a,N02001_male_38,False,k,h
fn001639_sentence-1.wav,0.128,0.159,0.031,h,t,e,N02001_male_38,False,k,h
fn001640_sentence-0.wav,2.041,2.082,0.041,Y,h,n,N02001_male_38,False,k,ʉ
fn001640_sentence-1.wav,1.361,1.392,0.031,w,t,I,N02001_male_38,False,k,ʋ
fn001640_sentence-1.wav,2.873,2.904,0.031,h,n,O,N02001_male_38,False,k,h
fn001641_sentence-2.wav,0.282,0.313,0.031,w,i,@,N02001_male_38,False,k,ʋ
fn001642_sentence-1.wav,4.651,4.682,0.031,h,r,a,N02001_male_38,False,k,h
fn001642_sentence-2.wav,1.233,1.263,0.03,h,l,E,N02001_male_38,False,k,h
fn001643_sentence-0.wav,7.442,7.483,0.041,w,t,A,N02001_male_38,False,k,ʋ
fn001643_sentence-0.wav,5.105,5.135,0.03,h,t,e,N02001_male_38,False,k,h
fn001645_sentence-0.wav,0.966,0.996,0.03,w,t,a,N02001_male_38,False,k,ʋ
fn002334_sentence-1.wav,3.389,3.42,0.031,h,n,Y,N02001_male_38,False,k,h
fn002335_sentence-1.wav,7.205,7.236,0.031,h,t,Y,N02001_male_38,False,k,h
fn002338_sentence-0.wav,1.122,1.162,0.04,h,@,E,N02001_male_38,False,k,h
fn002338_sentence-1.wav,0.168,0.198,0.03,h,t,Y,N02001_male_38,False,k,h
fn002338_sentence-1.wav,1.521,1.552,0.031,h,@,E,N02001_male_38,False,k,h
fn002338_sentence-2.wav,1.164,1.194,0.03,h,r,Y,N02001_male_38,False,k,h
fn002338_sentence-3.wav,1.553,1.583,0.03,h,@,Y,N02001_male_38,False,k,h
fn002339_sentence-5.wav,0.081,0.122,0.041,Y,j,s,N02001_male_38,False,k,ʉ
fn002341_sentence-3.wav,1.645,1.675,0.03,h,@,E,N02001_male_38,False,k,h
fn002343_sentence-2.wav,0.723,0.753,0.03,h,@,e,N02001_male_38,False,k,h
fn002343_sentence-4.wav,0.323,0.353,0.03,h,@,O,N02001_male_38,False,k,h
fn002344_sentence-2.wav,0.501,0.531,0.03,h,@,o,N02001_male_38,False,k,h
fn002346_sentence-0.wav,1.511,1.542,0.031,h,n,O,N02001_male_38,False,k,h
fn002346_sentence-1.wav,0.842,0.882,0.04,h,t,Y,N02001_male_38,False,k,h
fn001382_sentence-1.wav,4.743,4.773,0.03,r,e,@,N00718_male_63,False,o,r
fn001382_sentence-1.wav,3.007,3.037,0.03,I,w,k,N00718_male_63,False,o,ɪ
fn001382_sentence-1.wav,4.541,4.581,0.04,@,d,w,N00718_male_63,False,o,ə
fn001382_sentence-12.wav,2.041,2.082,0.041,E,z,n,N00718_male_63,False,o,ɛ
fn001382_sentence-12.wav,4.028,4.059,0.031,r,@,v,N00718_male_63,False,o,r
fn001382_sentence-12.wav,5.382,5.412,0.03,l,A,s,N00718_male_63,False,o,l
fn001382_sentence-12.wav,6.171,6.201,0.03,r,E,k,N00718_male_63,False,o,r
fn001382_sentence-12.wav,2.183,2.223,0.04,w,t,I,N00718_male_63,False,o,ʋ
fn001382_sentence-13.wav,4.49,4.52,0.03,r,o,d,N00718_male_63,False,o,r
fn001382_sentence-13.wav,1.891,1.922,0.031,n,@,t,N00718_male_63,False,o,n
fn001382_sentence-13.wav,4.911,4.941,0.03,N,A,G,N00718_male_63,False,o,ŋ
fn001382_sentence-13.wav,3.605,3.635,0.03,r,E,t,N00718_male_63,False,o,r
fn001382_sentence-14.wav,8.363,8.403,0.04,@,G,s,N00718_male_63,False,o,ə
fn001382_sentence-14.wav,7.524,7.564,0.04,E,n,n,N00718_male_63,False,o,ɛ
fn001382_sentence-14.wav,7.008,7.038,0.03,@,G,n,N00718_male_63,False,o,ə
fn001382_sentence-14.wav,5.301,5.331,0.03,@,G,n,N00718_male_63,False,o,ə
fn001382_sentence-14.wav,3.626,3.657,0.031,E+,s,n,N00718_male_63,False,o,ɛi
fn001382_sentence-14.wav,9.492,9.523,0.031,r,@,v,N00718_male_63,False,o,r
fn001382_sentence-15.wav,1.382,1.423,0.041,@,d,t,N00718_male_63,False,o,ə
fn001382_sentence-15.wav,6.245,6.275,0.03,r,@,b,N00718_male_63,False,o,r
fn001382_sentence-15.wav,2.521,2.552,0.031,A,v,n,N00718_male_63,False,o,ɑ
fn001382_sentence-16.wav,1.183,1.213,0.03,@,j,A,N00718_male_63,False,o,ə
fn001382_sentence-16.wav,0.442,0.483,0.041,r,@,@,N00718_male_63,False,o,r
fn001382_sentence-17.wav,0.202,0.233,0.031,k,I,s,N00718_male_63,False,o,k
fn001382_sentence-17.wav,2.884,2.914,0.03,@,v,n,N00718_male_63,False,o,ə
fn001382_sentence-17.wav,2.521,2.551,0.03,d,n,i,N00718_male_63,False,o,d
fn001382_sentence-17.wav,0.171,0.202,0.031,I,k,k,N00718_male_63,False,o,ɪ
fn001382_sentence-18.wav,4.863,4.894,0.031,r,o,d,N00718_male_63,False,o,r
fn001382_sentence-18.wav,5.484,5.515,0.031,r,@,s,N00718_male_63,False,o,r
fn001382_sentence-18.wav,0.485,0.515,0.03,r,a,l,N00718_male_63,False,o,r
fn001382_sentence-18.wav,4.833,4.863,0.03,o,d,r,N00718_male_63,False,o,oː
fn001382_sentence-2.wav,3.022,3.052,0.03,r,@,t,N00718_male_63,False,o,r
fn001382_sentence-2.wav,9.703,9.743,0.04,l,A,E,N00718_male_63,False,o,l
fn001382_sentence-2.wav,1.244,1.274,0.03,d,a,@,N00718_male_63,False,o,d
fn001382_sentence-2.wav,1.77,1.8,0.03,r,@,s,N00718_male_63,False,o,r
fn001382_sentence-2.wav,8.452,8.482,0.03,r,a,@,N00718_male_63,False,o,r
fn001382_sentence-2.wav,9.743,9.774,0.031,E,l,z,N00718_male_63,False,o,ɛ
fn001382_sentence-20.wav,2.154,2.184,0.03,r,o,d,N00718_male_63,False,o,r
fn001382_sentence-20.wav,1.627,1.657,0.03,r,E,t,N00718_male_63,False,o,r
fn001382_sentence-21.wav,7.302,7.342,0.04,h,r,Y,N00718_male_63,False,o,h
fn001382_sentence-21.wav,8.702,8.743,0.041,r,o,n,N00718_male_63,False,o,r
fn001382_sentence-21.wav,2.583,2.624,0.041,I,w,n,N00718_male_63,False,o,ɪ
fn001382_sentence-21.wav,11.381,11.421,0.04,A,m,x,N00718_male_63,False,o,ɑ
fn001382_sentence-22.wav,3.684,3.724,0.04,r,o,@,N00718_male_63,False,o,r
fn001382_sentence-23.wav,3.069,3.1,0.031,b,n,@,N00718_male_63,False,o,b
fn001382_sentence-24.wav,6.626,6.656,0.03,l,e,i,N00718_male_63,False,o,l
fn001382_sentence-24.wav,8.289,8.319,0.03,r,@,d,N00718_male_63,False,o,r
fn001382_sentence-24.wav,6.404,6.444,0.04,N,A,G,N00718_male_63,False,o,ŋ
fn001382_sentence-24.wav,5.962,6.003,0.041,h,s,Y,N00718_male_63,False,o,h
fn001382_sentence-24.wav,7.543,7.583,0.04,r,E,i,N00718_male_63,False,o,r
fn001382_sentence-25.wav,1.97,2.0,0.03,r,@,t,N00718_male_63,False,o,r
fn001382_sentence-25.wav,6.443,6.474,0.031,r,@,s,N00718_male_63,False,o,r
fn001382_sentence-26.wav,3.373,3.403,0.03,r,e,t,N00718_male_63,False,o,r
fn001382_sentence-26.wav,3.704,3.744,0.04,w,t,E,N00718_male_63,False,o,ʋ
fn001382_sentence-27.wav,0.148,0.178,0.03,b,g,E,N00718_male_63,False,o,b
fn001382_sentence-28.wav,3.729,3.759,0.03,r,@,G,N00718_male_63,False,o,r
fn001382_sentence-3.wav,2.481,2.511,0.03,w,t,A,N00718_male_63,False,o,ʋ
fn001382_sentence-31.wav,4.246,4.276,0.03,r,@,s,N00718_male_63,False,o,r
fn001382_sentence-33.wav,3.709,3.739,0.03,r,@,A,N00718_male_63,False,o,r
fn001382_sentence-7.wav,6.826,6.857,0.031,w,o,A,N00718_male_63,False,o,ʋ
fn001383_sentence-15.wav,2.282,2.322,0.04,w,n,a,N00718_male_63,False,o,ʋ
fn001383_sentence-16.wav,3.122,3.152,0.03,w,A+,b,N00718_male_63,False,o,ʋ
fn001383_sentence-17.wav,1.304,1.335,0.031,w,A+,d,N00718_male_63,False,o,ʋ
fn001383_sentence-22.wav,1.603,1.643,0.04,Y,r,x,N00718_male_63,False,o,ʉ
fn001383_sentence-43.wav,7.389,7.42,0.031,Y,h,n,N00718_male_63,False,o,ʉ
fn001383_sentence-44.wav,3.641,3.682,0.041,w,z,A,N00718_male_63,False,o,ʋ
fn001628_sentence-0.wav,0.282,0.312,0.03,@,v,r,N02002_male_41,False,k,ə
fn001628_sentence-0.wav,1.545,1.575,0.03,n,E,d,N02002_male_41,False,k,n
fn001628_sentence-0.wav,0.242,0.282,0.04,v,o,@,N02002_male_41,False,k,v
fn001628_sentence-0.wav,2.241,2.282,0.041,d,n,@,N02002_male_41,False,k,d
fn001628_sentence-0.wav,1.605,1.635,0.03,@,d,d,N02002_male_41,False,k,ə
fn001628_sentence-0.wav,2.282,2.322,0.04,@,d,E,N02002_male_41,False,k,ə
fn001628_sentence-0.wav,0.312,0.343,0.031,r,@,l,N02002_male_41,False,k,r
fn001628_sentence-1.wav,2.893,2.923,0.03,f,s,@,N02002_male_41,False,k,f
fn001628_sentence-1.wav,0.754,0.784,0.03,r,e,d,N02002_male_41,False,k,r
fn001628_sentence-1.wav,2.644,2.684,0.04,m,o,@,N02002_male_41,False,k,m
fn001628_sentence-1.wav,0.046,0.077,0.031,@,d,p,N02002_male_41,False,k,ə
fn001628_sentence-1.wav,0.602,0.633,0.031,o,r,b,N02002_male_41,False,k,oː
fn001628_sentence-1.wav,0.966,0.996,0.03,n,A,d,N02002_male_41,False,k,n
fn001628_sentence-1.wav,0.461,0.501,0.04,@,j,p,N02002_male_41,False,k,ə
fn001628_sentence-1.wav,3.652,3.682,0.03,n,t,i,N02002_male_41,False,k,n
fn001628_sentence-1.wav,3.541,3.571,0.03,r,o,@,N02002_male_41,False,k,r
fn001628_sentence-1.wav,2.781,2.812,0.031,i,d,I,N02002_male_41,False,k,iː
fn001628_sentence-1.wav,0.784,0.815,0.031,d,r,@,N02002_male_41,False,k,d
fn001628_sentence-1.wav,0.562,0.602,0.04,r,p,o,N02002_male_41,False,k,r
fn001628_sentence-1.wav,2.974,3.004,0.03,r,@,o,N02002_male_41,False,k,r
fn001628_sentence-1.wav,2.812,2.842,0.03,I,i,s,N02002_male_41,False,k,ɪ
fn001628_sentence-2.wav,1.944,1.984,0.04,@,r,t,N02002_male_41,False,k,ə
fn001628_sentence-2.wav,0.281,0.322,0.041,@,t,r,N02002_male_41,False,k,ə
fn001628_sentence-2.wav,2.881,2.911,0.03,E,w,r,N02002_male_41,False,k,ɛ
fn001628_sentence-2.wav,2.589,2.619,0.03,n,A,m,N02002_male_41,False,k,n
fn001628_sentence-2.wav,5.608,5.638,0.03,w,@,I,N02002_male_41,False,k,ʋ
fn001628_sentence-2.wav,2.851,2.881,0.03,w,x,E,N02002_male_41,False,k,ʋ
fn001628_sentence-2.wav,0.761,0.802,0.041,@,d,E,N02002_male_41,False,k,ə
fn001628_sentence-2.wav,1.913,1.944,0.031,r,o,@,N02002_male_41,False,k,r
fn001628_sentence-2.wav,3.163,3.203,0.04,r,o,t,N02002_male_41,False,k,r
fn001628_sentence-2.wav,0.322,0.353,0.031,r,@,b,N02002_male_41,False,k,r
fn001628_sentence-3.wav,1.362,1.402,0.04,f,t,r,N02002_male_41,False,k,f
fn001628_sentence-3.wav,1.583,1.614,0.031,E,w,l,N02002_male_41,False,k,ɛ
fn001628_sentence-3.wav,1.082,1.123,0.041,t,k,I,N02002_male_41,False,k,t
fn001628_sentence-3.wav,1.402,1.442,0.04,r,f,E+,N02002_male_41,False,k,r
fn001628_sentence-3.wav,1.042,1.082,0.04,k,Y,t,N02002_male_41,False,k,k
fn001628_sentence-3.wav,2.562,2.603,0.041,u,w,n,N02002_male_41,False,k,uː
fn001628_sentence-3.wav,0.368,0.398,0.03,@,v,r,N02002_male_41,False,k,ə
fn001628_sentence-3.wav,2.381,2.421,0.04,t,A,O,N02002_male_41,False,k,t
fn001628_sentence-3.wav,2.421,2.461,0.04,O,t,p,N02002_male_41,False,k,ɔ
fn001629_sentence-0.wav,2.382,2.412,0.03,n,A,m,N02002_male_41,False,k,n
fn001629_sentence-1.wav,3.063,3.094,0.031,e,d,r,N02002_male_41,False,k,eː
fn001629_sentence-1.wav,0.047,0.077,0.03,t,@,x,N02002_male_41,False,k,t
fn001629_sentence-1.wav,3.65,3.68,0.03,r,@,l,N02002_male_41,False,k,r
fn001629_sentence-1.wav,1.022,1.062,0.04,e,n,l,N02002_male_41,False,k,eː
fn001629_sentence-1.wav,0.341,0.382,0.041,@,m,n,N02002_male_41,False,k,ə
fn001629_sentence-1.wav,0.443,0.484,0.041,b,n,u,N02002_male_41,False,k,b
fn001629_sentence-1.wav,0.585,0.615,0.03,d,r,@,N02002_male_41,False,k,d
fn001629_sentence-2.wav,0.701,0.732,0.031,t,s,@,N02002_male_41,False,k,t
fn001629_sentence-2.wav,0.262,0.303,0.041,r,a,@,N02002_male_41,False,k,r
fn001629_sentence-2.wav,1.505,1.536,0.031,n,i,O,N02002_male_41,False,k,n
fn001629_sentence-2.wav,1.762,1.803,0.041,@,d,l,N02002_male_41,False,k,ə
fn001629_sentence-2.wav,1.587,1.618,0.031,x,O,O,N02002_male_41,False,k,x
fn001629_sentence-3.wav,2.711,2.742,0.031,@,n,t,N02002_male_41,False,k,ə
fn001629_sentence-3.wav,1.886,1.916,0.03,d,e,@,N02002_male_41,False,k,d
fn001629_sentence-3.wav,0.592,0.622,0.03,e,d,r,N02002_male_41,False,k,eː
fn001629_sentence-3.wav,3.561,3.602,0.041,I,n,s,N02002_male_41,False,k,ɪ
fn001629_sentence-3.wav,3.773,3.804,0.031,r,@,b,N02002_male_41,False,k,r
fn001629_sentence-3.wav,2.57,2.6,0.03,t,s,f,N02002_male_41,False,k,t
fn001629_sentence-3.wav,3.531,3.561,0.03,n,i,I,N02002_male_41,False,k,n
fn001629_sentence-4.wav,1.647,1.677,0.03,n,@,v,N02002_male_41,False,k,n
fn001629_sentence-4.wav,1.768,1.798,0.03,r,o,l,N02002_male_41,False,k,r
fn001629_sentence-4.wav,3.891,3.921,0.03,E,t,n,N02002_male_41,False,k,ɛ
fn001629_sentence-4.wav,0.352,0.383,0.031,r,p,o,N02002_male_41,False,k,r
fn001629_sentence-4.wav,1.365,1.395,0.03,n,@,t,N02002_male_41,False,k,n
fn001629_sentence-4.wav,2.543,2.583,0.04,r,O,t,N02002_male_41,False,k,r
fn001629_sentence-5.wav,0.706,0.737,0.031,@,b,s,N02002_male_41,False,k,ə
fn001629_sentence-5.wav,0.321,0.361,0.04,A,d,i,N02002_male_41,False,k,ɑ
fn001629_sentence-5.wav,0.29,0.321,0.031,d,s,A,N02002_male_41,False,k,d
fn001629_sentence-5.wav,0.047,0.077,0.03,@,d,k,N02002_male_41,False,k,ə
fn001629_sentence-5.wav,1.264,1.294,0.03,@,k,I,N02002_male_41,False,k,ə
fn001629_sentence-6.wav,0.111,0.141,0.03,v,@,@,N02002_male_41,False,k,v
fn001629_sentence-6.wav,3.242,3.272,0.03,@,n,n,N02002_male_41,False,k,ə
fn001629_sentence-6.wav,3.302,3.333,0.031,m,n,E,N02002_male_41,False,k,m
fn001629_sentence-6.wav,3.211,3.242,0.031,n,Y+,@,N02002_male_41,False,k,n
fn001629_sentence-6.wav,3.272,3.302,0.03,n,@,m,N02002_male_41,False,k,n
fn001630_sentence-0.wav,2.641,2.682,0.041,@,v,r,N02002_male_41,False,k,ə
fn001630_sentence-0.wav,0.986,1.016,0.03,@,m,r,N02002_male_41,False,k,ə
fn001630_sentence-0.wav,2.734,2.764,0.03,d,r,@,N02002_male_41,False,k,d
fn001630_sentence-1.wav,1.943,1.973,0.03,@,k,O,N02002_male_41,False,k,ə
fn001630_sentence-1.wav,2.802,2.843,0.041,x,s,r,N02002_male_41,False,k,x
fn001630_sentence-1.wav,4.382,4.423,0.041,n,e,s,N02002_male_41,False,k,n
fn001630_sentence-1.wav,6.231,6.262,0.031,n,@,I,N02002_male_41,False,k,n
fn001630_sentence-1.wav,6.201,6.231,0.03,@,k,n,N02002_male_41,False,k,ə
fn001630_sentence-1.wav,1.832,1.862,0.03,l,@,@,N02002_male_41,False,k,l
fn001630_sentence-1.wav,1.862,1.893,0.031,@,l,k,N02002_male_41,False,k,ə
fn001630_sentence-1.wav,6.262,6.302,0.04,I,n,N,N02002_male_41,False,k,ɪ
fn001630_sentence-2.wav,2.324,2.364,0.04,n,A,d,N02002_male_41,False,k,n
fn001630_sentence-2.wav,2.364,2.404,0.04,d,n,@,N02002_male_41,False,k,d
fn001630_sentence-2.wav,2.283,2.324,0.041,A,v,n,N02002_male_41,False,k,ɑ
fn001630_sentence-3.wav,0.324,0.364,0.04,w,n,O,N02002_male_41,False,k,ʋ
fn001697_sentence-0.wav,0.333,0.363,0.03,m,t,o,N02002_male_41,False,k,m
fn001697_sentence-1.wav,0.05,0.081,0.031,l,A,s,N02002_male_41,False,k,l
fn001697_sentence-1.wav,1.326,1.356,0.03,r,@,@,N02002_male_41,False,k,r
fn001697_sentence-1.wav,0.243,0.283,0.04,O,n,x,N02002_male_41,False,k,ɔ
fn001697_sentence-1.wav,1.427,1.457,0.03,n,t,i,N02002_male_41,False,k,n
fn001697_sentence-1.wav,0.212,0.243,0.031,n,r,O,N02002_male_41,False,k,n
fn001697_sentence-3.wav,1.466,1.496,0.03,j,E+,@,N02002_male_41,False,k,j
fn001697_sentence-3.wav,0.273,0.303,0.03,n,A,E,N02002_male_41,False,k,n
fn001698_sentence-0.wav,4.491,4.521,0.03,l,i,o,N02002_male_41,False,k,l
fn001698_sentence-0.wav,2.864,2.895,0.031,d,n,I,N02002_male_41,False,k,d
fn001698_sentence-0.wav,4.23,4.261,0.031,r,@,k,N02002_male_41,False,k,r
fn001698_sentence-0.wav,0.101,0.131,0.03,n,A,v,N02002_male_41,False,k,n
fn001698_sentence-0.wav,2.834,2.864,0.03,n,I,d,N02002_male_41,False,k,n
fn001698_sentence-1.wav,4.022,4.052,0.03,d,n,@,N02002_male_41,False,k,d
fn001698_sentence-1.wav,3.002,3.042,0.04,I,t,N,N02002_male_41,False,k,ɪ
fn001698_sentence-1.wav,3.426,3.456,0.03,n,E,m,N02002_male_41,False,k,n
fn001698_sentence-1.wav,3.961,3.991,0.03,I,v,n,N02002_male_41,False,k,ɪ
fn001698_sentence-1.wav,3.042,3.073,0.031,N,I,n,N02002_male_41,False,k,ŋ
fn001698_sentence-1.wav,7.051,7.082,0.031,r,u,t,N02002_male_41,False,k,r
fn001698_sentence-1.wav,2.521,2.562,0.041,n,E,d,N02002_male_41,False,k,n
fn001698_sentence-1.wav,6.454,6.484,0.03,r,O,d,N02002_male_41,False,k,r
fn001698_sentence-1.wav,2.562,2.592,0.03,d,n,@,N02002_male_41,False,k,d
fn001698_sentence-1.wav,3.991,4.022,0.031,n,I,d,N02002_male_41,False,k,n
fn001698_sentence-1.wav,6.383,6.413,0.03,w,n,O,N02002_male_41,False,k,ʋ
fn001698_sentence-2.wav,6.061,6.101,0.04,d,r,@,N02002_male_41,False,k,d
fn001698_sentence-2.wav,6.031,6.061,0.03,r,@,d,N02002_male_41,False,k,r
fn001698_sentence-2.wav,2.031,2.062,0.031,l,@,@,N02002_male_41,False,k,l
fn001699_sentence-0.wav,1.543,1.584,0.041,w,d,e,N02002_male_41,False,k,ʋ
fn001699_sentence-0.wav,1.503,1.543,0.04,d,n,w,N02002_male_41,False,k,d
fn001699_sentence-0.wav,0.313,0.343,0.03,l,r,A,N02002_male_41,False,k,l
fn001699_sentence-0.wav,4.171,4.202,0.031,d,p,@,N02002_male_41,False,k,d
fn001699_sentence-0.wav,2.804,2.835,0.031,d,E+,I,N02002_male_41,False,k,d
fn001699_sentence-0.wav,0.222,0.252,0.03,d,e,@,N02002_male_41,False,k,d
fn001699_sentence-0.wav,5.421,5.451,0.03,r,@,z,N02002_male_41,False,k,r
fn001699_sentence-0.wav,0.282,0.313,0.031,r,@,l,N02002_male_41,False,k,r
fn001699_sentence-1.wav,1.727,1.757,0.03,I,w,l,N02002_male_41,False,k,ɪ
fn001699_sentence-1.wav,3.901,3.941,0.04,r,O,t,N02002_male_41,False,k,r
fn001699_sentence-2.wav,0.466,0.497,0.031,r,o,d,N02002_male_41,False,k,r
fn001699_sentence-2.wav,0.274,0.304,0.03,d,E+,I,N02002_male_41,False,k,d
fn001699_sentence-2.wav,1.044,1.084,0.04,l,@,I,N02002_male_41,False,k,l
fn001700_sentence-0.wav,0.303,0.343,0.04,b,r,r,N02002_male_41,False,k,b
fn001700_sentence-0.wav,2.703,2.733,0.03,r,@,b,N02002_male_41,False,k,r
fn001700_sentence-0.wav,0.273,0.303,0.03,r,@,b,N02002_male_41,False,k,r
fn001700_sentence-0.wav,0.545,0.576,0.031,h,k,O,N02002_male_41,False,k,h
fn001700_sentence-1.wav,2.347,2.377,0.03,d,r,@,N02002_male_41,False,k,d
fn001700_sentence-1.wav,0.151,0.181,0.03,I,t,s,N02002_male_41,False,k,ɪ
fn001700_sentence-2.wav,3.751,3.782,0.031,d,A+,@,N02002_male_41,False,k,d
fn001700_sentence-2.wav,2.222,2.263,0.041,h,n,A,N02002_male_41,False,k,h
fn002015_sentence-0.wav,3.987,4.017,0.03,d,r,@,N02002_male_41,False,k,d
fn002015_sentence-0.wav,1.564,1.604,0.04,d,@,A,N02002_male_41,False,k,d
fn002015_sentence-0.wav,1.363,1.403,0.04,N,I,I,N02002_male_41,False,k,ŋ
fn002015_sentence-0.wav,1.333,1.363,0.03,I,n,N,N02002_male_41,False,k,ɪ
fn002015_sentence-1.wav,0.112,0.142,0.03,l,O,G,N02002_male_41,False,k,l
fn002015_sentence-1.wav,1.071,1.101,0.03,l,E,@,N02002_male_41,False,k,l
fn002015_sentence-1.wav,0.142,0.172,0.03,G,l,@,N02002_male_41,False,k,ɣ
fn002015_sentence-6.wav,2.025,2.055,0.03,Y,k,n,N02002_male_41,False,k,ʉ
fn002015_sentence-6.wav,1.904,1.934,0.03,w,r,@,N02002_male_41,False,k,ʋ
fn002016_sentence-0.wav,3.228,3.258,0.03,I,w,l,N02002_male_41,False,k,ɪ
fn002016_sentence-4.wav,0.884,0.924,0.04,p,A,t,N02002_male_41,False,k,p
fn002017_sentence-0.wav,0.087,0.117,0.03,p,O,@,N02002_male_41,False,k,p
fn002017_sentence-3.wav,0.047,0.077,0.03,u,t,n,N02002_male_41,False,k,uː
fn002018_sentence-0.wav,3.228,3.258,0.03,I,n,N,N02002_male_41,False,k,ɪ
fn002018_sentence-0.wav,0.661,0.691,0.03,I,r,n,N02002_male_41,False,k,ɪ
fn002018_sentence-6.wav,2.741,2.782,0.041,I,n,n,N02002_male_41,False,k,ɪ
fn002018_sentence-6.wav,1.262,1.303,0.041,j,e,Y,N02002_male_41,False,k,j
fn002020_sentence-0.wav,0.243,0.284,0.041,w,s,A,N02002_male_41,False,k,ʋ
fn002022_sentence-7.wav,3.952,3.983,0.031,y,h,j,N02002_male_41,False,k,yː
fn002023_sentence-1.wav,1.486,1.517,0.031,h,k,A,N02002_male_41,False,k,h
fn002026_sentence-2.wav,0.121,0.162,0.041,w,t,e,N02002_male_41,False,k,ʋ
fn002027_sentence-2.wav,0.604,0.644,0.04,Y,k,n,N02002_male_41,False,k,ʉ
fn002027_sentence-3.wav,3.301,3.342,0.041,w,m,e,N02002_male_41,False,k,ʋ
fn002032_sentence-2.wav,0.122,0.162,0.04,w,r,A,N02002_male_41,False,k,ʋ
fn002032_sentence-4.wav,5.993,6.024,0.031,w,A+,@,N02002_male_41,False,k,ʋ
fn002033_sentence-1.wav,0.072,0.102,0.03,w,E+,I,N02002_male_41,False,k,ʋ
fn001679_sentence-0.wav,2.81,2.84,0.03,r,A,t,N02004_male_23,False,k,r
fn001679_sentence-0.wav,1.341,1.381,0.04,I,f,N,N02004_male_23,False,k,ɪ
fn001679_sentence-0.wav,1.905,1.936,0.031,r,@,t,N02004_male_23,False,k,r
fn001679_sentence-0.wav,0.203,0.244,0.041,r,p,u,N02004_male_23,False,k,r
fn001679_sentence-0.wav,2.302,2.342,0.04,r,a,A,N02004_male_23,False,k,r
fn001679_sentence-1.wav,0.931,0.961,0.03,h,i,e,N02004_male_23,False,k,h
fn001679_sentence-1.wav,0.051,0.081,0.03,A,d,t,N02004_male_23,False,k,ɑ
fn001679_sentence-1.wav,0.405,0.435,0.03,l,u,p,N02004_male_23,False,k,l
fn001679_sentence-1.wav,0.081,0.122,0.041,t,A,s,N02004_male_23,False,k,t
fn001679_sentence-1.wav,1.882,1.922,0.04,r,p,u,N02004_male_23,False,k,r
fn001679_sentence-1.wav,1.305,1.336,0.031,r,@,z,N02004_male_23,False,k,r
fn001679_sentence-1.wav,1.194,1.224,0.03,n,O,d,N02004_male_23,False,k,n
fn001679_sentence-1.wav,0.223,0.253,0.03,x,E,t,N02004_male_23,False,k,x
fn001679_sentence-1.wav,0.122,0.162,0.04,s,t,E,N02004_male_23,False,k,s
fn001679_sentence-2.wav,0.324,0.354,0.03,n,i,I,N02004_male_23,False,k,n
fn001679_sentence-2.wav,0.07,0.101,0.031,r,@,k,N02004_male_23,False,k,r
fn001679_sentence-2.wav,1.963,2.003,0.04,@,x,v,N02004_male_23,False,k,ə
fn001679_sentence-2.wav,0.789,0.819,0.03,@,k,n,N02004_male_23,False,k,ə
fn001679_sentence-2.wav,0.222,0.263,0.041,s,r,m,N02004_male_23,False,k,s
fn001679_sentence-2.wav,1.922,1.963,0.041,x,k,@,N02004_male_23,False,k,x
fn001679_sentence-2.wav,0.192,0.222,0.03,r,e,s,N02004_male_23,False,k,r
fn001679_sentence-2.wav,1.123,1.163,0.04,b,@,O,N02004_male_23,False,k,b
fn001679_sentence-2.wav,0.293,0.324,0.031,i,m,n,N02004_male_23,False,k,iː
fn001679_sentence-2.wav,0.101,0.131,0.03,k,r,e,N02004_male_23,False,k,k
fn001679_sentence-2.wav,0.263,0.293,0.03,m,s,i,N02004_male_23,False,k,m
fn001679_sentence-2.wav,1.093,1.123,0.03,@,l,b,N02004_male_23,False,k,ə
fn001679_sentence-2.wav,1.487,1.517,0.03,m,O,@,N02004_male_23,False,k,m
fn001679_sentence-2.wav,1.689,1.72,0.031,d,n,@,N02004_male_23,False,k,d
fn001679_sentence-2.wav,1.022,1.052,0.03,@,t,l,N02004_male_23,False,k,ə
fn001679_sentence-2.wav,1.75,1.781,0.031,r,@,z,N02004_male_23,False,k,r
fn001679_sentence-2.wav,1.781,1.811,0.03,z,r,u,N02004_male_23,False,k,z
fn001679_sentence-2.wav,1.305,1.335,0.03,h,s,A,N02004_male_23,False,k,h
fn001679_sentence-3.wav,0.264,0.304,0.04,l,I,d,N02004_male_23,False,k,l
fn001679_sentence-3.wav,4.262,4.302,0.04,@,v,r,N02004_male_23,False,k,ə
fn001679_sentence-3.wav,4.302,4.333,0.031,r,@,z,N02004_male_23,False,k,r
fn001679_sentence-3.wav,2.054,2.084,0.03,f,s,A,N02004_male_23,False,k,f
fn001679_sentence-3.wav,0.862,0.893,0.031,h,r,E,N02004_male_23,False,k,h
fn001679_sentence-3.wav,0.801,0.832,0.031,@,t,r,N02004_male_23,False,k,ə
fn001679_sentence-3.wav,2.185,2.215,0.03,n,@,s,N02004_male_23,False,k,n
fn001679_sentence-3.wav,1.983,2.023,0.04,t,a,s,N02004_male_23,False,k,t
fn001679_sentence-3.wav,2.084,2.114,0.03,A,f,n,N02004_male_23,False,k,ɑ
fn001679_sentence-3.wav,0.832,0.862,0.03,r,@,h,N02004_male_23,False,k,r
fn001679_sentence-3.wav,3.721,3.761,0.04,t,r,e,N02004_male_23,False,k,t
fn001679_sentence-3.wav,2.023,2.054,0.031,s,t,f,N02004_male_23,False,k,s
fn001679_sentence-4.wav,0.132,0.163,0.031,d,n,@,N02004_male_23,False,k,d
fn001679_sentence-4.wav,3.181,3.212,0.031,a,G,n,N02004_male_23,False,k,aː
fn001679_sentence-4.wav,2.523,2.563,0.04,w,@,E,N02004_male_23,False,k,ʋ
fn001679_sentence-4.wav,0.366,0.396,0.03,@,d,r,N02004_male_23,False,k,ə
fn001679_sentence-4.wav,2.908,2.938,0.03,r,@,s,N02004_male_23,False,k,r
fn001679_sentence-4.wav,3.09,3.12,0.03,r,O,G,N02004_male_23,False,k,r
fn001679_sentence-4.wav,0.193,0.224,0.031,r,@,A,N02004_male_23,False,k,r
fn001679_sentence-4.wav,0.163,0.193,0.03,@,d,r,N02004_male_23,False,k,ə
fn001680_sentence-0.wav,2.25,2.28,0.03,E,t,l,N02004_male_23,False,k,ɛ
fn001680_sentence-0.wav,2.008,2.038,0.03,r,p,E,N02004_male_23,False,k,r
fn001680_sentence-0.wav,2.169,2.2,0.031,E,m,t,N02004_male_23,False,k,ɛ
fn001680_sentence-1.wav,0.844,0.874,0.03,r,@,@,N02004_male_23,False,k,r
fn001680_sentence-1.wav,0.046,0.077,0.031,@,d,O,N02004_male_23,False,k,ə
fn001680_sentence-1.wav,2.329,2.359,0.03,r,@,@,N02004_male_23,False,k,r
fn001680_sentence-1.wav,1.763,1.793,0.03,@,t,r,N02004_male_23,False,k,ə
fn001680_sentence-1.wav,0.471,0.501,0.03,l,@,I,N02004_male_23,False,k,l
fn001680_sentence-1.wav,0.168,0.198,0.03,d,n,@,N02004_male_23,False,k,d
fn001680_sentence-1.wav,4.362,4.403,0.041,n,E,v,N02004_male_23,False,k,n
fn001680_sentence-1.wav,1.824,1.864,0.04,l,r,i,N02004_male_23,False,k,l
fn001680_sentence-1.wav,5.502,5.532,0.03,w,n,I,N02004_male_23,False,k,ʋ
fn001680_sentence-1.wav,4.09,4.12,0.03,n,A,d,N02004_male_23,False,k,n
fn001680_sentence-1.wav,1.793,1.824,0.031,r,@,l,N02004_male_23,False,k,r
fn001680_sentence-1.wav,1.723,1.763,0.04,t,s,@,N02004_male_23,False,k,t
fn001680_sentence-1.wav,0.814,0.844,0.03,@,v,r,N02004_male_23,False,k,ə
fn001680_sentence-1.wav,3.808,3.838,0.03,r,@,b,N02004_male_23,False,k,r
fn001680_sentence-1.wav,5.048,5.078,0.03,r,@,b,N02004_male_23,False,k,r
fn001680_sentence-1.wav,0.228,0.259,0.031,r,@,h,N02004_male_23,False,k,r
fn001680_sentence-2.wav,2.121,2.152,0.031,i,r,s,N02004_male_23,False,k,iː
fn001680_sentence-2.wav,2.051,2.081,0.03,d,n,r,N02004_male_23,False,k,d
fn001680_sentence-2.wav,1.081,1.121,0.04,n,E,v,N02004_male_23,False,k,n
fn001680_sentence-2.wav,1.687,1.717,0.03,@,d,l,N02004_male_23,False,k,ə
fn001680_sentence-2.wav,5.304,5.344,0.04,@,n,t,N02004_male_23,False,k,ə
fn001680_sentence-2.wav,1.465,1.495,0.03,@,d,r,N02004_male_23,False,k,ə
fn001680_sentence-2.wav,1.525,1.556,0.031,h,r,A,N02004_male_23,False,k,h
fn001680_sentence-2.wav,1.051,1.081,0.03,E,f,n,N02004_male_23,False,k,ɛ
fn001680_sentence-2.wav,5.082,5.122,0.04,I,s,N,N02004_male_23,False,k,ɪ
fn001680_sentence-2.wav,5.274,5.304,0.03,n,A,@,N02004_male_23,False,k,n
fn001680_sentence-2.wav,4.405,4.435,0.03,r,a,d,N02004_male_23,False,k,r
fn001680_sentence-2.wav,2.081,2.121,0.04,r,d,i,N02004_male_23,False,k,r
fn001680_sentence-2.wav,5.243,5.274,0.031,A,v,n,N02004_male_23,False,k,ɑ
fn001680_sentence-2.wav,0.283,0.323,0.04,n,I,m,N02004_male_23,False,k,n
fn001680_sentence-2.wav,2.31,2.34,0.03,d,r,e,N02004_male_23,False,k,d
fn001681_sentence-0.wav,1.633,1.664,0.031,@,t,t,N02004_male_23,False,k,ə
fn001681_sentence-0.wav,4.006,4.037,0.031,E,r,n,N02004_male_23,False,k,ɛ
fn001681_sentence-0.wav,4.209,4.239,0.03,j,i,@,N02004_male_23,False,k,j
fn001681_sentence-0.wav,1.084,1.115,0.031,r,@,s,N02004_male_23,False,k,r
fn001681_sentence-0.wav,1.905,1.936,0.031,r,o,G,N02004_male_23,False,k,r
fn001681_sentence-0.wav,3.683,3.723,0.04,n,E+,E,N02004_male_23,False,k,n
fn001681_sentence-0.wav,4.31,4.34,0.03,r,b,I,N02004_male_23,False,k,r
fn001681_sentence-0.wav,1.603,1.633,0.03,t,E,@,N02004_male_23,False,k,t
fn001681_sentence-0.wav,1.987,2.018,0.031,@,G,n,N02004_male_23,False,k,ə
fn001681_sentence-0.wav,2.853,2.883,0.03,r,p,I,N02004_male_23,False,k,r
fn001681_sentence-0.wav,0.342,0.382,0.04,t,s,@,N02004_male_23,False,k,t
fn001681_sentence-0.wav,1.044,1.084,0.04,@,m,r,N02004_male_23,False,k,ə
fn001681_sentence-0.wav,1.664,1.704,0.04,t,@,v,N02004_male_23,False,k,t
fn001681_sentence-0.wav,0.382,0.423,0.041,@,t,E,N02004_male_23,False,k,ə
fn001681_sentence-0.wav,3.784,3.814,0.03,n,E,l,N02004_male_23,False,k,n
fn001681_sentence-1.wav,0.501,0.542,0.041,I,m,N,N02004_male_23,False,k,ɪ
fn001681_sentence-1.wav,0.051,0.082,0.031,E,m,@,N02004_male_23,False,k,ɛ
fn001681_sentence-1.wav,0.644,0.675,0.031,A,v,n,N02004_male_23,False,k,ɑ
fn001681_sentence-1.wav,0.931,0.962,0.031,r,A,l,N02004_male_23,False,k,r
fn001681_sentence-1.wav,2.61,2.64,0.03,p,O,d,N02004_male_23,False,k,p
fn001681_sentence-1.wav,1.922,1.952,0.03,t,s,A,N02004_male_23,False,k,t
fn001681_sentence-1.wav,0.962,0.992,0.03,l,r,@,N02004_male_23,False,k,l
fn001681_sentence-2.wav,1.468,1.498,0.03,@,d,r,N02004_male_23,False,k,ə
fn001681_sentence-2.wav,0.931,0.962,0.031,@,l,m,N02004_male_23,False,k,ə
fn001681_sentence-2.wav,3.604,3.634,0.03,n,a,m,N02004_male_23,False,k,n
fn001681_sentence-2.wav,0.861,0.901,0.04,I,w,l,N02004_male_23,False,k,ɪ
fn001681_sentence-2.wav,0.901,0.931,0.03,l,I,@,N02004_male_23,False,k,l
fn001681_sentence-2.wav,2.05,2.08,0.03,h,o,A,N02004_male_23,False,k,h
fn001681_sentence-2.wav,1.114,1.144,0.03,@,l,k,N02004_male_23,False,k,ə
fn001681_sentence-2.wav,1.023,1.063,0.04,A,m,l,N02004_male_23,False,k,ɑ
fn001681_sentence-3.wav,1.212,1.242,0.03,k,N,s,N02004_male_23,False,k,k
fn001681_sentence-3.wav,2.313,2.343,0.03,w,s,E,N02004_male_23,False,k,ʋ
fn001681_sentence-3.wav,2.171,2.202,0.031,I,m,N,N02004_male_23,False,k,ɪ
fn001681_sentence-3.wav,1.727,1.757,0.03,@,G,d,N02004_male_23,False,k,ə
fn001681_sentence-3.wav,1.384,1.414,0.03,b,E,@,N02004_male_23,False,k,b
fn001681_sentence-3.wav,1.303,1.333,0.03,h,s,E,N02004_male_23,False,k,h
fn001682_sentence-0.wav,1.207,1.237,0.03,r,@,l,N02004_male_23,False,k,r
fn001682_sentence-0.wav,0.487,0.517,0.03,O,h,n,N02004_male_23,False,k,ɔ
fn001682_sentence-0.wav,0.162,0.203,0.041,n,o,v,N02004_male_23,False,k,n
fn001682_sentence-0.wav,0.943,0.974,0.031,n,@,t,N02004_male_23,False,k,n
fn001682_sentence-0.wav,3.127,3.157,0.03,@,r,n,N02004_male_23,False,k,ə
fn001682_sentence-0.wav,1.967,1.998,0.031,n,@,t,N02004_male_23,False,k,n
fn001682_sentence-0.wav,1.592,1.623,0.031,n,a,@,N02004_male_23,False,k,n
fn001682_sentence-0.wav,1.623,1.663,0.04,@,n,t,N02004_male_23,False,k,ə
fn001682_sentence-0.wav,3.066,3.097,0.031,o,f,r,N02004_male_23,False,k,oː
fn001682_sentence-0.wav,1.146,1.176,0.03,d,e,@,N02004_male_23,False,k,d
fn001682_sentence-0.wav,0.974,1.004,0.03,t,n,n,N02004_male_23,False,k,t
fn001682_sentence-0.wav,0.913,0.943,0.03,@,z,n,N02004_male_23,False,k,ə
fn001682_sentence-0.wav,0.629,0.659,0.03,r,@,d,N02004_male_23,False,k,r
fn001682_sentence-0.wav,1.389,1.42,0.031,@,d,r,N02004_male_23,False,k,ə
fn001682_sentence-1.wav,0.626,0.657,0.031,G,@,d,N02004_male_23,False,k,ɣ
fn001682_sentence-1.wav,0.232,0.263,0.031,r,@,t,N02004_male_23,False,k,r
fn001682_sentence-1.wav,1.485,1.515,0.03,r,a,@,N02004_male_23,False,k,r
fn001682_sentence-1.wav,1.121,1.152,0.031,h,n,E,N02004_male_23,False,k,h
fn001682_sentence-1.wav,1.566,1.596,0.03,t,@,b,N02004_male_23,False,k,t
fn001682_sentence-1.wav,0.263,0.293,0.03,t,r,f,N02004_male_23,False,k,t
fn001682_sentence-1.wav,0.889,0.919,0.03,@,z,n,N02004_male_23,False,k,ə
fn001682_sentence-2.wav,0.907,0.938,0.031,d,n,@,N02004_male_23,False,k,d
fn001682_sentence-2.wav,0.442,0.482,0.04,l,e,b,N02004_male_23,False,k,l
fn001682_sentence-2.wav,2.001,2.041,0.04,n,A,t,N02004_male_23,False,k,n
fn001682_sentence-2.wav,1.93,1.96,0.03,l,r,A,N02004_male_23,False,k,l
fn001682_sentence-2.wav,0.087,0.118,0.031,r,E,w,N02004_male_23,False,k,r
fn001682_sentence-2.wav,1.181,1.221,0.04,@,E,p,N02004_male_23,False,k,ə
fn001682_sentence-2.wav,1.869,1.9,0.031,@,d,r,N02004_male_23,False,k,ə
fn001682_sentence-2.wav,0.968,0.999,0.031,r,@,s,N02004_male_23,False,k,r
fn001682_sentence-3.wav,0.405,0.436,0.031,r,@,b,N02004_male_23,False,k,r
fn001682_sentence-3.wav,1.286,1.316,0.03,n,@,d,N02004_male_23,False,k,n
fn001682_sentence-3.wav,0.162,0.203,0.041,E,n,n,N02004_male_23,False,k,ɛ
fn001682_sentence-3.wav,1.944,1.974,0.03,r,O,t,N02004_male_23,False,k,r
fn001682_sentence-3.wav,1.883,1.913,0.03,w,k,O,N02004_male_23,False,k,ʋ
fn001682_sentence-3.wav,0.203,0.243,0.04,n,E,A,N02004_male_23,False,k,n
fn001682_sentence-3.wav,1.346,1.377,0.031,@,d,d,N02004_male_23,False,k,ə
fn001682_sentence-3.wav,0.77,0.8,0.03,n,@,A,N02004_male_23,False,k,n
fn001682_sentence-3.wav,0.345,0.375,0.03,d,n,@,N02004_male_23,False,k,d
fn001682_sentence-3.wav,1.913,1.944,0.031,O,w,r,N02004_male_23,False,k,ɔ
fn001682_sentence-3.wav,0.122,0.162,0.04,n,e,E,N02004_male_23,False,k,n
fn001682_sentence-4.wav,1.584,1.614,0.03,d,r,A,N02004_male_23,False,k,d
fn001682_sentence-4.wav,1.483,1.513,0.03,d,n,@,N02004_male_23,False,k,d
fn001682_sentence-4.wav,0.212,0.242,0.03,n,E,w,N02004_male_23,False,k,n
fn001682_sentence-4.wav,0.242,0.272,0.03,w,n,e,N02004_male_23,False,k,ʋ
fn001682_sentence-4.wav,1.554,1.584,0.03,r,@,d,N02004_male_23,False,k,r
fn001683_sentence-0.wav,1.122,1.152,0.03,r,@,E,N02004_male_23,False,k,r
fn001683_sentence-0.wav,1.274,1.304,0.03,E,m,k,N02004_male_23,False,k,ɛ
fn001683_sentence-0.wav,1.061,1.091,0.03,d,n,@,N02004_male_23,False,k,d
fn001683_sentence-0.wav,3.09,3.12,0.03,@,b,r,N02004_male_23,False,k,ə
fn001683_sentence-0.wav,0.554,0.584,0.03,l,I,@,N02004_male_23,False,k,l
fn001683_sentence-0.wav,1.193,1.223,0.03,n,E,m,N02004_male_23,False,k,n
fn001683_sentence-0.wav,0.523,0.554,0.031,I,w,l,N02004_male_23,False,k,ɪ
fn001683_sentence-0.wav,1.091,1.122,0.031,@,d,r,N02004_male_23,False,k,ə
fn001683_sentence-0.wav,0.229,0.26,0.031,p,m,r,N02004_male_23,False,k,p
fn001683_sentence-0.wav,3.482,3.523,0.041,n,E,@,N02004_male_23,False,k,n
fn001683_sentence-1.wav,4.042,4.082,0.04,l,E,I,N02004_male_23,False,k,l
fn001683_sentence-1.wav,0.193,0.224,0.031,@,d,n,N02004_male_23,False,k,ə
fn001683_sentence-1.wav,4.426,4.456,0.03,@,Y+,h,N02004_male_23,False,k,ə
fn001683_sentence-1.wav,0.285,0.315,0.03,d,s,e,N02004_male_23,False,k,d
fn001683_sentence-1.wav,0.224,0.254,0.03,n,@,s,N02004_male_23,False,k,n
fn001683_sentence-1.wav,4.668,4.698,0.03,r,p,o,N02004_male_23,False,k,r
fn001683_sentence-1.wav,2.265,2.295,0.03,b,t,@,N02004_male_23,False,k,b
fn001683_sentence-1.wav,4.082,4.123,0.041,I,l,N,N02004_male_23,False,k,ɪ
fn001683_sentence-2.wav,4.43,4.46,0.03,r,@,l,N02004_male_23,False,k,r
fn001683_sentence-2.wav,0.101,0.141,0.04,n,o,I,N02004_male_23,False,k,n
fn001683_sentence-2.wav,2.365,2.395,0.03,n,E,z,N02004_male_23,False,k,n
fn001683_sentence-2.wav,3.323,3.364,0.041,@,n,s,N02004_male_23,False,k,ə
fn001683_sentence-2.wav,2.021,2.061,0.04,i,t,n,N02004_male_23,False,k,iː
fn001683_sentence-2.wav,0.141,0.182,0.041,I,n,N,N02004_male_23,False,k,ɪ
fn001683_sentence-2.wav,3.282,3.323,0.041,n,E,@,N02004_male_23,False,k,n
fn001683_sentence-2.wav,0.182,0.212,0.03,N,I,I,N02004_male_23,False,k,ŋ
fn001683_sentence-2.wav,0.889,0.919,0.03,r,p,I,N02004_male_23,False,k,r
fn001683_sentence-2.wav,4.054,4.084,0.03,r,u,d,N02004_male_23,False,k,r
fn001683_sentence-2.wav,0.566,0.596,0.03,r,t,I,N02004_male_23,False,k,r
fn001683_sentence-2.wav,1.95,1.98,0.03,n,@,t,N02004_male_23,False,k,n
fn001684_sentence-0.wav,2.894,2.924,0.03,n,A,r,N02004_male_23,False,k,n
fn001684_sentence-0.wav,2.621,2.661,0.04,z,r,u,N02004_male_23,False,k,z
fn001684_sentence-0.wav,2.924,2.964,0.04,r,n,u,N02004_male_23,False,k,r
fn001684_sentence-0.wav,0.142,0.183,0.041,I,n,s,N02004_male_23,False,k,ɪ
fn001684_sentence-0.wav,1.681,1.711,0.03,@,E,r,N02004_male_23,False,k,ə
fn001684_sentence-0.wav,0.264,0.295,0.031,@,t,r,N02004_male_23,False,k,ə
fn001684_sentence-0.wav,0.041,0.081,0.04,i,m,n,N02004_male_23,False,k,iː
fn001684_sentence-0.wav,0.844,0.874,0.03,l,@,@,N02004_male_23,False,k,l
fn001684_sentence-0.wav,2.59,2.621,0.031,r,@,z,N02004_male_23,False,k,r
fn001684_sentence-0.wav,1.711,1.741,0.03,r,@,e,N02004_male_23,False,k,r
fn001684_sentence-0.wav,0.803,0.844,0.041,@,t,l,N02004_male_23,False,k,ə
fn001684_sentence-0.wav,1.913,1.943,0.03,l,Y,t,N02004_male_23,False,k,l
fn001684_sentence-0.wav,2.287,2.317,0.03,n,A,@,N02004_male_23,False,k,n
fn001684_sentence-1.wav,1.813,1.844,0.031,@,t,r,N02004_male_23,False,k,ə
fn001684_sentence-1.wav,1.844,1.874,0.03,r,@,h,N02004_male_23,False,k,r
fn001684_sentence-2.wav,0.172,0.202,0.03,@,G,n,N02004_male_23,False,k,ə
fn001684_sentence-2.wav,0.101,0.132,0.031,l,O,G,N02004_male_23,False,k,l
fn001684_sentence-2.wav,1.183,1.214,0.031,r,i,x,N02004_male_23,False,k,r
fn001684_sentence-2.wav,0.202,0.233,0.031,n,@,s,N02004_male_23,False,k,n
fn001684_sentence-2.wav,0.546,0.577,0.031,@,l,b,N02004_male_23,False,k,ə
fn001684_sentence-3.wav,1.541,1.571,0.03,n,A,d,N02004_male_23,False,k,n
fn001684_sentence-3.wav,0.188,0.218,0.03,l,i,o,N02004_male_23,False,k,l
fn001684_sentence-3.wav,0.047,0.077,0.03,@,d,k,N02004_male_23,False,k,ə
fn001684_sentence-3.wav,0.491,0.521,0.03,r,@,h,N02004_male_23,False,k,r
fn001684_sentence-3.wav,0.521,0.552,0.031,h,r,E,N02004_male_23,False,k,h
fn001684_sentence-3.wav,1.167,1.197,0.03,@,d,p,N02004_male_23,False,k,ə
fn001684_sentence-3.wav,2.287,2.318,0.031,n,@,w,N02004_male_23,False,k,n
fn001684_sentence-3.wav,2.906,2.937,0.031,r,@,z,N02004_male_23,False,k,r
fn001684_sentence-3.wav,1.571,1.601,0.03,d,n,@,N02004_male_23,False,k,d
fn001684_sentence-3.wav,1.107,1.137,0.03,n,I,d,N02004_male_23,False,k,n
fn001684_sentence-3.wav,1.51,1.541,0.031,A,f,n,N02004_male_23,False,k,ɑ
fn001684_sentence-3.wav,0.461,0.491,0.03,@,t,r,N02004_male_23,False,k,ə
fn001685_sentence-0.wav,1.824,1.864,0.04,@,k,l,N02004_male_23,False,k,ə
fn001685_sentence-0.wav,0.652,0.683,0.031,h,e,e,N02004_male_23,False,k,h
fn001685_sentence-0.wav,0.046,0.077,0.031,@,d,m,N02004_male_23,False,k,ə
fn001685_sentence-0.wav,1.531,1.561,0.03,n,@,s,N02004_male_23,False,k,n
fn001685_sentence-1.wav,3.747,3.778,0.031,r,A,E,N02004_male_23,False,k,r
fn001685_sentence-1.wav,4.091,4.122,0.031,r,e,t,N02004_male_23,False,k,r
fn001685_sentence-1.wav,2.243,2.274,0.031,n,E+,v,N02004_male_23,False,k,n
fn001685_sentence-1.wav,1.708,1.738,0.03,n,A,d,N02004_male_23,False,k,n
fn001685_sentence-1.wav,1.788,1.819,0.031,@,d,E+,N02004_male_23,False,k,ə
fn001685_sentence-1.wav,0.626,0.657,0.031,d,e,@,N02004_male_23,False,k,d
fn001685_sentence-1.wav,0.909,0.94,0.031,@,t,r,N02004_male_23,False,k,ə
fn001685_sentence-1.wav,2.102,2.142,0.04,l,@,z,N02004_male_23,False,k,l
fn001685_sentence-2.wav,6.101,6.141,0.04,@,b,x,N02004_male_23,False,k,ə
fn001685_sentence-2.wav,0.313,0.343,0.03,@,d,I,N02004_male_23,False,k,ə
fn001685_sentence-2.wav,0.343,0.384,0.041,I,@,n,N02004_male_23,False,k,ɪ
fn001685_sentence-3.wav,0.765,0.795,0.03,r,@,d,N02004_male_23,False,k,r
fn001685_sentence-3.wav,0.542,0.582,0.04,r,d,i,N02004_male_23,False,k,r
fn001686_sentence-0.wav,2.605,2.636,0.031,l,r,A,N02004_male_23,False,k,l
fn001686_sentence-0.wav,0.061,0.091,0.03,@,d,n,N02004_male_23,False,k,ə
fn001686_sentence-0.wav,2.545,2.575,0.03,@,d,r,N02004_male_23,False,k,ə
fn001686_sentence-0.wav,0.768,0.799,0.031,d,n,@,N02004_male_23,False,k,d
fn001686_sentence-0.wav,1.102,1.132,0.03,h,t,e,N02004_male_23,False,k,h
fn001686_sentence-0.wav,2.352,2.382,0.03,d,n,@,N02004_male_23,False,k,d
fn001686_sentence-0.wav,2.788,2.818,0.03,@,s,b,N02004_male_23,False,k,ə
fn001686_sentence-0.wav,2.382,2.423,0.041,@,d,n,N02004_male_23,False,k,ə
fn001686_sentence-0.wav,2.666,2.697,0.031,n,A,t,N02004_male_23,False,k,n
fn001686_sentence-0.wav,0.981,1.021,0.04,l,I,m,N02004_male_23,False,k,l
fn001686_sentence-0.wav,1.749,1.779,0.03,u,d,t,N02004_male_23,False,k,uː
fn001686_sentence-1.wav,2.168,2.198,0.03,n,I,d,N02004_male_23,False,k,n
fn001686_sentence-2.wav,0.269,0.3,0.031,n,E,z,N02004_male_23,False,k,n
fn001686_sentence-2.wav,1.89,1.92,0.03,v,o,@,N02004_male_23,False,k,v
fn001686_sentence-2.wav,1.333,1.363,0.03,h,@,E,N02004_male_23,False,k,h
fn001686_sentence-2.wav,1.302,1.333,0.031,@,s,h,N02004_male_23,False,k,ə
fn001686_sentence-2.wav,3.369,3.399,0.03,d,r,@,N02004_male_23,False,k,d
fn001686_sentence-2.wav,1.434,1.464,0.03,@,b,d,N02004_male_23,False,k,ə
fn001686_sentence-2.wav,0.563,0.593,0.03,n,@,t,N02004_male_23,False,k,n
fn001686_sentence-2.wav,1.363,1.393,0.03,E,h,b,N02004_male_23,False,k,ɛ
fn001686_sentence-2.wav,1.049,1.079,0.03,n,@,t,N02004_male_23,False,k,n
fn001686_sentence-2.wav,0.533,0.563,0.03,@,v,n,N02004_male_23,False,k,ə
fn001686_sentence-2.wav,1.464,1.495,0.031,d,@,@,N02004_male_23,False,k,d
fn001686_sentence-3.wav,5.39,5.42,0.03,r,@,t,N02004_male_23,False,k,r
fn001686_sentence-3.wav,4.986,5.017,0.031,d,r,@,N02004_male_23,False,k,d
fn001686_sentence-3.wav,1.007,1.038,0.031,@,t,x,N02004_male_23,False,k,ə
fn001686_sentence-3.wav,0.766,0.796,0.03,E,t,n,N02004_male_23,False,k,ɛ
fn001686_sentence-3.wav,5.188,5.219,0.031,r,E,d,N02004_male_23,False,k,r
fn001686_sentence-3.wav,0.866,0.896,0.03,w,t,I,N02004_male_23,False,k,ʋ
fn001686_sentence-3.wav,4.189,4.219,0.03,r,@,w,N02004_male_23,False,k,r
fn001686_sentence-3.wav,2.347,2.377,0.03,@,x,m,N02004_male_23,False,k,ə
fn001687_sentence-0.wav,1.534,1.564,0.03,A,n,l,N02004_male_23,False,k,ɑ
fn001687_sentence-0.wav,0.985,1.016,0.031,@,t,r,N02004_male_23,False,k,ə
fn001687_sentence-0.wav,2.289,2.319,0.03,r,a,w,N02004_male_23,False,k,r
fn001687_sentence-1.wav,3.503,3.543,0.04,@,x,d,N02004_male_23,False,k,ə
fn001687_sentence-1.wav,0.384,0.424,0.04,y,l,d,N02004_male_23,False,k,yː
fn001687_sentence-1.wav,1.502,1.542,0.04,I,i,n,N02004_male_23,False,k,ɪ
fn001687_sentence-1.wav,3.27,3.3,0.03,h,k,e,N02004_male_23,False,k,h
fn001687_sentence-1.wav,2.634,2.664,0.03,l,@,@,N02004_male_23,False,k,l
fn001687_sentence-1.wav,0.343,0.384,0.041,l,k,y,N02004_male_23,False,k,l
fn001687_sentence-1.wav,3.048,3.078,0.03,@,d,r,N02004_male_23,False,k,ə
fn001687_sentence-1.wav,2.371,2.401,0.03,r,@,n,N02004_male_23,False,k,r
fn001687_sentence-2.wav,3.487,3.517,0.03,d,n,@,N02004_male_23,False,k,d
fn001687_sentence-2.wav,0.302,0.332,0.03,@,d,m,N02004_male_23,False,k,ə
fn001687_sentence-2.wav,0.272,0.302,0.03,d,s,@,N02004_male_23,False,k,d
fn001687_sentence-2.wav,0.161,0.191,0.03,@,G,n,N02004_male_23,False,k,ə
fn001687_sentence-2.wav,4.024,4.064,0.04,r,o,t,N02004_male_23,False,k,r
fn001687_sentence-2.wav,0.131,0.161,0.03,G,l,@,N02004_male_23,False,k,ɣ
fn001687_sentence-2.wav,2.207,2.237,0.03,d,n,@,N02004_male_23,False,k,d
fn001687_sentence-2.wav,3.406,3.436,0.03,A,f,n,N02004_male_23,False,k,ɑ
fn001687_sentence-3.wav,4.041,4.071,0.03,d,r,@,N02004_male_23,False,k,d
fn001687_sentence-3.wav,4.011,4.041,0.03,r,O,d,N02004_male_23,False,k,r
fn001687_sentence-3.wav,3.104,3.144,0.04,l,@,A,N02004_male_23,False,k,l
fn001687_sentence-3.wav,3.074,3.104,0.03,@,b,l,N02004_male_23,False,k,ə
fn001687_sentence-3.wav,1.091,1.121,0.03,l,a,t,N02004_male_23,False,k,l
fn001687_sentence-3.wav,0.333,0.363,0.03,@,w,p,N02004_male_23,False,k,ə
fn001687_sentence-3.wav,0.101,0.131,0.03,@,n,t,N02004_male_23,False,k,ə
fn001687_sentence-3.wav,4.283,4.313,0.03,@,x,s,N02004_male_23,False,k,ə
fn001687_sentence-3.wav,1.313,1.343,0.03,r,E,k,N02004_male_23,False,k,r
fn001688_sentence-0.wav,0.471,0.501,0.03,l,A,@,N02004_male_23,False,k,l
fn001688_sentence-0.wav,2.744,2.784,0.04,@,l,p,N02004_male_23,False,k,ə
fn001688_sentence-0.wav,6.844,6.875,0.031,I,l,N,N02004_male_23,False,k,ɪ
fn001688_sentence-0.wav,0.329,0.359,0.03,@,l,m,N02004_male_23,False,k,ə
fn001688_sentence-0.wav,2.841,2.871,0.03,r,p,o,N02004_male_23,False,k,r
fn001688_sentence-0.wav,1.663,1.693,0.03,A,v,n,N02004_male_23,False,k,ɑ
fn001688_sentence-0.wav,1.723,1.764,0.041,A,n,f,N02004_male_23,False,k,ɑ
fn001688_sentence-0.wav,0.501,0.531,0.03,@,l,k,N02004_male_23,False,k,ə
fn001688_sentence-0.wav,0.784,0.814,0.03,d,n,@,N02004_male_23,False,k,d
fn001688_sentence-0.wav,0.269,0.299,0.03,I,w,l,N02004_male_23,False,k,ɪ
fn001688_sentence-0.wav,2.713,2.744,0.031,l,A,@,N02004_male_23,False,k,l
fn001688_sentence-0.wav,6.804,6.844,0.04,l,E,I,N02004_male_23,False,k,l
fn001688_sentence-0.wav,0.844,0.875,0.031,r,@,E,N02004_male_23,False,k,r
fn001688_sentence-0.wav,0.814,0.844,0.03,@,d,r,N02004_male_23,False,k,ə
fn001688_sentence-0.wav,2.269,2.299,0.03,r,@,l,N02004_male_23,False,k,r
fn001688_sentence-1.wav,1.009,1.04,0.031,r,p,I,N02004_male_23,False,k,r
fn001688_sentence-1.wav,0.221,0.262,0.041,N,I,I,N02004_male_23,False,k,ŋ
fn001688_sentence-1.wav,0.19,0.221,0.031,I,n,N,N02004_male_23,False,k,ɪ
fn001688_sentence-1.wav,3.33,3.36,0.03,r,u,n,N02004_male_23,False,k,r
fn001689_sentence-0.wav,1.781,1.811,0.03,y,h,w,N02004_male_23,False,k,yː
fn001689_sentence-0.wav,2.762,2.803,0.041,A,t,n,N02004_male_23,False,k,ɑ
fn001689_sentence-0.wav,1.623,1.653,0.03,r,o,@,N02004_male_23,False,k,r
fn001689_sentence-0.wav,0.193,0.223,0.03,r,A,l,N02004_male_23,False,k,r
fn001689_sentence-0.wav,1.872,1.902,0.03,@,w,l,N02004_male_23,False,k,ə
fn001689_sentence-0.wav,1.653,1.683,0.03,@,r,t,N02004_male_23,False,k,ə
fn001689_sentence-0.wav,0.253,0.284,0.031,@,l,m,N02004_male_23,False,k,ə
fn001689_sentence-0.wav,0.223,0.253,0.03,l,r,@,N02004_male_23,False,k,l
fn001690_sentence-0.wav,0.909,0.939,0.03,r,e,@,N02004_male_23,False,k,r
fn001690_sentence-0.wav,3.489,3.519,0.03,@,r,t,N02004_male_23,False,k,ə
fn001690_sentence-0.wav,2.049,2.08,0.031,d,s,i,N02004_male_23,False,k,d
fn001690_sentence-0.wav,3.428,3.458,0.03,@,v,r,N02004_male_23,False,k,ə
fn001690_sentence-0.wav,0.686,0.717,0.031,r,p,o,N02004_male_23,False,k,r
fn001690_sentence-1.wav,2.549,2.579,0.03,r,a,m,N02004_male_23,False,k,r
fn001690_sentence-1.wav,0.734,0.764,0.03,A,o,@,N02004_male_23,False,k,ɑ
fn001690_sentence-1.wav,3.701,3.732,0.031,@,d,b,N02004_male_23,False,k,ə
fn001690_sentence-1.wav,3.611,3.641,0.03,A,v,n,N02004_male_23,False,k,ɑ
fn001690_sentence-1.wav,3.671,3.701,0.03,d,n,@,N02004_male_23,False,k,d
fn001690_sentence-2.wav,4.85,4.88,0.03,@,d,n,N02004_male_23,False,k,ə
fn001690_sentence-2.wav,0.342,0.382,0.04,@,r,l,N02004_male_23,False,k,ə
fn001690_sentence-2.wav,1.923,1.963,0.04,@,A,E,N02004_male_23,False,k,ə
fn001690_sentence-2.wav,0.81,0.84,0.03,@,v,r,N02004_male_23,False,k,ə
fn001690_sentence-2.wav,2.943,2.984,0.041,@,G,r,N02004_male_23,False,k,ə
fn001690_sentence-2.wav,0.311,0.342,0.031,r,@,@,N02004_male_23,False,k,r
fn001690_sentence-2.wav,5.145,5.175,0.03,r,@,l,N02004_male_23,False,k,r
fn001690_sentence-2.wav,0.281,0.311,0.03,@,t,r,N02004_male_23,False,k,ə
fn001690_sentence-2.wav,2.984,3.014,0.03,r,@,d,N02004_male_23,False,k,r
fn001690_sentence-2.wav,2.549,2.58,0.031,d,e,@,N02004_male_23,False,k,d
fn001691_sentence-0.wav,0.253,0.283,0.03,l,@,@,N02004_male_23,False,k,l
fn001691_sentence-0.wav,0.97,1.0,0.03,@,s,h,N02004_male_23,False,k,ə
fn001691_sentence-0.wav,3.19,3.22,0.03,@,d,n,N02004_male_23,False,k,ə
fn001691_sentence-0.wav,0.707,0.738,0.031,@,d,m,N02004_male_23,False,k,ə
fn001691_sentence-0.wav,0.222,0.253,0.031,@,k,l,N02004_male_23,False,k,ə
fn001691_sentence-0.wav,1.849,1.879,0.03,r,@,G,N02004_male_23,False,k,r
fn001691_sentence-0.wav,1.485,1.515,0.03,d,e,@,N02004_male_23,False,k,d
fn001691_sentence-1.wav,1.208,1.238,0.03,r,o,@,N02004_male_23,False,k,r
fn001691_sentence-1.wav,1.49,1.521,0.031,l,p,A,N02004_male_23,False,k,l
fn001691_sentence-2.wav,1.524,1.564,0.04,r,e,s,N02004_male_23,False,k,r
fn001691_sentence-2.wav,1.211,1.241,0.03,A,v,n,N02004_male_23,False,k,ɑ
fn001691_sentence-3.wav,3.068,3.098,0.03,r,a,s,N02004_male_23,False,k,r
fn001691_sentence-3.wav,3.35,3.381,0.031,l,n,@,N02004_male_23,False,k,l
fn001691_sentence-3.wav,0.733,0.764,0.031,l,A,d,N02004_male_23,False,k,l
fn001692_sentence-0.wav,0.222,0.253,0.031,r,@,l,N02004_male_23,False,k,r
fn001692_sentence-0.wav,0.283,0.324,0.041,A,l,n,N02004_male_23,False,k,ɑ
fn001692_sentence-0.wav,0.162,0.192,0.03,d,e,@,N02004_male_23,False,k,d
fn001692_sentence-0.wav,2.465,2.495,0.03,r,o,t,N02004_male_23,False,k,r
fn001692_sentence-0.wav,0.253,0.283,0.03,l,r,A,N02004_male_23,False,k,l
fn001692_sentence-0.wav,2.828,2.858,0.03,d,E+,@,N02004_male_23,False,k,d
fn001692_sentence-1.wav,2.163,2.193,0.03,h,l,E,N02004_male_23,False,k,h
fn001692_sentence-1.wav,3.252,3.283,0.031,l,A,s,N02004_male_23,False,k,l
fn001692_sentence-1.wav,0.364,0.395,0.031,r,@,s,N02004_male_23,False,k,r
fn001692_sentence-1.wav,3.192,3.222,0.03,w,o,A,N02004_male_23,False,k,ʋ
fn001692_sentence-1.wav,3.222,3.252,0.03,A,w,l,N02004_male_23,False,k,ɑ
fn001692_sentence-1.wav,4.162,4.202,0.04,I,m,s,N02004_male_23,False,k,ɪ
fn001692_sentence-1.wav,3.566,3.596,0.03,l,E,f,N02004_male_23,False,k,l
fn001692_sentence-2.wav,0.983,1.013,0.03,d,r,@,N02004_male_23,False,k,d
fn001692_sentence-2.wav,0.087,0.117,0.03,d,e,@,N02004_male_23,False,k,d
fn001692_sentence-2.wav,0.953,0.983,0.03,r,E,d,N02004_male_23,False,k,r
fn001692_sentence-2.wav,0.147,0.177,0.03,r,@,l,N02004_male_23,False,k,r
fn001693_sentence-0.wav,0.841,0.871,0.03,r,a,k,N02004_male_23,False,k,r
fn001693_sentence-0.wav,2.706,2.736,0.03,r,A,t,N02004_male_23,False,k,r
fn001693_sentence-1.wav,1.052,1.083,0.031,h,i,e,N02004_male_23,False,k,h
fn001693_sentence-1.wav,0.321,0.362,0.041,r,t,u,N02004_male_23,False,k,r
fn001693_sentence-1.wav,0.473,0.504,0.031,l,u,p,N02004_male_23,False,k,l
fn001693_sentence-2.wav,1.172,1.202,0.03,h,s,A,N02004_male_23,False,k,h
fn001693_sentence-2.wav,0.242,0.272,0.03,r,e,s,N02004_male_23,False,k,r
fn001693_sentence-2.wav,0.909,0.94,0.031,l,@,@,N02004_male_23,False,k,l
fn001693_sentence-2.wav,0.626,0.656,0.03,r,@,n,N02004_male_23,False,k,r
fn001693_sentence-3.wav,5.666,5.697,0.031,d,n,@,N02004_male_23,False,k,d
fn001693_sentence-3.wav,4.667,4.697,0.03,d,n,@,N02004_male_23,False,k,d
fn001693_sentence-3.wav,0.769,0.799,0.03,r,t,h,N02004_male_23,False,k,r
fn001693_sentence-3.wav,5.828,5.858,0.03,r,E,k,N02004_male_23,False,k,r
fn001693_sentence-3.wav,3.682,3.712,0.03,r,@,z,N02004_male_23,False,k,r
fn001693_sentence-3.wav,4.525,4.556,0.031,r,@,A,N02004_male_23,False,k,r
fn001693_sentence-3.wav,6.111,6.141,0.03,r,@,s,N02004_male_23,False,k,r
fn001693_sentence-3.wav,2.17,2.2,0.03,d,n,@,N02004_male_23,False,k,d
fn001693_sentence-3.wav,5.212,5.242,0.03,w,n,e,N02004_male_23,False,k,ʋ
fn001693_sentence-3.wav,6.293,6.323,0.03,r,O,G,N02004_male_23,False,k,r
fn001693_sentence-3.wav,4.727,4.758,0.031,r,@,@,N02004_male_23,False,k,r
fn001693_sentence-3.wav,2.946,2.976,0.03,w,n,a,N02004_male_23,False,k,ʋ
fn001694_sentence-0.wav,2.55,2.58,0.03,d,r,@,N02004_male_23,False,k,d
fn001694_sentence-1.wav,3.894,3.924,0.03,r,@,@,N02004_male_23,False,k,r
fn001694_sentence-2.wav,0.162,0.192,0.03,r,A,t,N02004_male_23,False,k,r
fn001694_sentence-3.wav,0.801,0.831,0.03,r,@,l,N02004_male_23,False,k,r
fn001694_sentence-3.wav,0.284,0.314,0.03,r,@,@,N02004_male_23,False,k,r
fn001695_sentence-0.wav,1.423,1.454,0.031,w,t,e,N02004_male_23,False,k,ʋ
fn001695_sentence-0.wav,0.989,1.02,0.031,h,@,E,N02004_male_23,False,k,h
fn001695_sentence-0.wav,0.653,0.683,0.03,d,n,@,N02004_male_23,False,k,d
fn001695_sentence-0.wav,1.504,1.534,0.03,d,e,@,N02004_male_23,False,k,d
fn001695_sentence-1.wav,3.344,3.384,0.04,l,a,m,N02004_male_23,False,k,l
fn001695_sentence-3.wav,0.173,0.203,0.03,r,p,o,N02004_male_23,False,k,r
fn001695_sentence-3.wav,1.421,1.451,0.03,r,o,@,N02004_male_23,False,k,r
fn001695_sentence-3.wav,2.442,2.483,0.041,r,O,x,N02004_male_23,False,k,r
fn001695_sentence-3.wav,0.609,0.64,0.031,r,E,t,N02004_male_23,False,k,r
fn001695_sentence-4.wav,2.931,2.961,0.03,r,a,s,N02004_male_23,False,k,r
fn001695_sentence-4.wav,0.223,0.253,0.03,r,e,s,N02004_male_23,False,k,r
fn001695_sentence-4.wav,0.961,1.002,0.041,w,@,E,N02004_male_23,False,k,ʋ
fn001696_sentence-0.wav,3.669,3.699,0.03,r,o,d,N02004_male_23,False,k,r
fn001696_sentence-1.wav,2.701,2.731,0.03,l,@,@,N02004_male_23,False,k,l
fn001696_sentence-1.wav,1.661,1.701,0.04,Y,j,m,N02004_male_23,False,k,ʉ
fn001696_sentence-1.wav,1.964,1.994,0.03,l,@,I,N02004_male_23,False,k,l
fn001696_sentence-1.wav,1.742,1.782,0.04,w,m,I,N02004_male_23,False,k,ʋ
fn001696_sentence-3.wav,0.131,0.162,0.031,r,e,d,N02004_male_23,False,k,r
fn001701_sentence-0.wav,0.212,0.243,0.031,r,@,l,N02004_male_23,False,k,r
fn001701_sentence-0.wav,0.243,0.283,0.04,l,r,A,N02004_male_23,False,k,l
fn001701_sentence-0.wav,0.707,0.737,0.03,l,A,s,N02004_male_23,False,k,l
fn001701_sentence-0.wav,1.766,1.797,0.031,l,@,t,N02004_male_23,False,k,l
fn001701_sentence-0.wav,3.702,3.743,0.041,l,E,v,N02004_male_23,False,k,l
fn001701_sentence-0.wav,4.481,4.511,0.03,l,@,t,N02004_male_23,False,k,l
fn001701_sentence-1.wav,1.848,1.878,0.03,r,o,d,N02004_male_23,False,k,r
fn001701_sentence-1.wav,1.05,1.08,0.03,h,r,E+,N02004_male_23,False,k,h
fn001701_sentence-2.wav,5.861,5.892,0.031,r,a,@,N02004_male_23,False,k,r
fn001701_sentence-3.wav,0.365,0.395,0.03,r,@,z,N02004_male_23,False,k,r
fn001701_sentence-3.wav,1.266,1.296,0.03,h,t,A,N02004_male_23,False,k,h
fn001702_sentence-0.wav,3.342,3.383,0.041,r,o,w,N02004_male_23,False,k,r
fn001703_sentence-0.wav,3.145,3.175,0.03,r,o,@,N02004_male_23,False,k,r
fn001703_sentence-0.wav,1.393,1.423,0.03,j,e,a,N02004_male_23,False,k,j
fn001703_sentence-0.wav,0.644,0.674,0.03,r,@,h,N02004_male_23,False,k,r
fn001703_sentence-0.wav,4.193,4.224,0.031,r,@,h,N02004_male_23,False,k,r
fn001703_sentence-0.wav,0.674,0.704,0.03,h,r,e,N02004_male_23,False,k,h
fn001703_sentence-3.wav,0.222,0.262,0.04,r,@,e,N02004_male_23,False,k,r
fn001704_sentence-0.wav,2.151,2.181,0.03,h,t,e,N02004_male_23,False,k,h
fn001704_sentence-0.wav,3.171,3.201,0.03,r,@,G,N02004_male_23,False,k,r
fn001704_sentence-0.wav,0.734,0.764,0.03,r,@,E,N02004_male_23,False,k,r
fn001704_sentence-1.wav,3.623,3.654,0.031,y,p,l,N02004_male_23,False,k,yː
fn001704_sentence-1.wav,1.349,1.379,0.03,r,@,l,N02004_male_23,False,k,r
fn001704_sentence-1.wav,4.151,4.182,0.031,r,O,d,N02004_male_23,False,k,r
fn001704_sentence-1.wav,2.487,2.517,0.03,r,@,@,N02004_male_23,False,k,r
fn001704_sentence-3.wav,1.522,1.552,0.03,r,o,t,N02004_male_23,False,k,r
fn001705_sentence-0.wav,2.47,2.5,0.03,r,@,l,N02004_male_23,False,k,r
fn001705_sentence-0.wav,0.545,0.575,0.03,r,a,i,N02004_male_23,False,k,r
fn001705_sentence-0.wav,0.424,0.454,0.03,r,@,m,N02004_male_23,False,k,r
fn001705_sentence-1.wav,1.722,1.752,0.03,r,E,k,N02004_male_23,False,k,r
fn001705_sentence-2.wav,2.924,2.954,0.03,r,@,n,N02004_male_23,False,k,r
fn001705_sentence-2.wav,3.933,3.963,0.03,r,@,d,N02004_male_23,False,k,r
fn001705_sentence-2.wav,2.009,2.039,0.03,r,@,j,N02004_male_23,False,k,r
fn001705_sentence-3.wav,1.748,1.779,0.031,r,@,@,N02004_male_23,False,k,r
fn001706_sentence-1.wav,1.173,1.203,0.03,r,E,s,N02004_male_23,False,k,r
fn001706_sentence-2.wav,1.701,1.732,0.031,r,@,d,N02004_male_23,False,k,r
fn001706_sentence-3.wav,3.769,3.8,0.031,r,a,A,N02004_male_23,False,k,r
fn001706_sentence-3.wav,0.242,0.273,0.031,r,@,h,N02004_male_23,False,k,r
fn001706_sentence-3.wav,4.428,4.458,0.03,h,@,E,N02004_male_23,False,k,h
fn001706_sentence-3.wav,0.273,0.303,0.03,h,r,A,N02004_male_23,False,k,h
fn001706_sentence-3.wav,1.584,1.614,0.03,r,@,@,N02004_male_23,False,k,r
fn001706_sentence-3.wav,3.07,3.101,0.031,r,t,u,N02004_male_23,False,k,r
fn001707_sentence-0.wav,1.171,1.202,0.031,r,@,E,N02004_male_23,False,k,r
fn001707_sentence-0.wav,4.867,4.897,0.03,r,@,n,N02004_male_23,False,k,r
fn001707_sentence-1.wav,0.345,0.375,0.03,w,t,A,N02004_male_23,False,k,ʋ
fn001707_sentence-1.wav,0.962,0.993,0.031,r,@,v,N02004_male_23,False,k,r
fn001707_sentence-3.wav,0.304,0.344,0.04,r,o,I,N02004_male_23,False,k,r
fn001708_sentence-0.wav,0.425,0.455,0.03,r,e,i,N02004_male_23,False,k,r
fn001708_sentence-0.wav,1.001,1.031,0.03,w,A+,h,N02004_male_23,False,k,ʋ
fn001708_sentence-0.wav,2.703,2.734,0.031,r,@,s,N02004_male_23,False,k,r
fn001708_sentence-0.wav,1.031,1.062,0.031,h,w,e,N02004_male_23,False,k,h
fn001708_sentence-1.wav,3.505,3.536,0.031,r,e,w,N02004_male_23,False,k,r
fn001708_sentence-1.wav,4.087,4.118,0.031,r,u,t,N02004_male_23,False,k,r
fn001708_sentence-1.wav,3.842,3.873,0.031,r,@,v,N02004_male_23,False,k,r
fn001709_sentence-1.wav,0.387,0.417,0.03,w,r,E,N02004_male_23,False,k,ʋ
fn001709_sentence-1.wav,4.264,4.295,0.031,h,p,E+,N02004_male_23,False,k,h
fn001709_sentence-1.wav,4.062,4.102,0.04,w,r,a,N02004_male_23,False,k,ʋ
fn001709_sentence-2.wav,1.263,1.293,0.03,h,t,e,N02004_male_23,False,k,h
fn001710_sentence-0.wav,2.703,2.733,0.03,h,i,u,N02004_male_23,False,k,h
fn001712_sentence-0.wav,2.121,2.161,0.04,w,A+,A,N02004_male_23,False,k,ʋ
fn001712_sentence-0.wav,0.969,1.0,0.031,h,@,e,N02004_male_23,False,k,h
fn001712_sentence-1.wav,0.304,0.335,0.031,w,A+,x,N02004_male_23,False,k,ʋ
fn001712_sentence-4.wav,0.363,0.393,0.03,h,w,e,N02004_male_23,False,k,h
fn001712_sentence-4.wav,2.551,2.581,0.03,h,@,A,N02004_male_23,False,k,h
fn001714_sentence-0.wav,1.351,1.381,0.03,h,m,e,N02004_male_23,False,k,h
fn001714_sentence-1.wav,0.292,0.323,0.031,h,m,e,N02004_male_23,False,k,h
fn001714_sentence-2.wav,0.264,0.294,0.03,h,m,A,N02004_male_23,False,k,h
fn001715_sentence-1.wav,4.07,4.1,0.03,Y,t,m,N02004_male_23,False,k,ʉ
fn001716_sentence-2.wav,1.702,1.732,0.03,h,n,O,N02004_male_23,False,k,h
fn001716_sentence-2.wav,10.887,10.917,0.03,h,k,O,N02004_male_23,False,k,h
fn001719_sentence-4.wav,0.263,0.293,0.03,h,k,O,N02004_male_23,False,k,h
fn001720_sentence-0.wav,0.848,0.878,0.03,h,r,e,N02004_male_23,False,k,h
fn001917_sentence-1.wav,0.301,0.331,0.03,h,s,E,N02004_male_23,False,k,h
fn001917_sentence-2.wav,1.147,1.177,0.03,h,w,e,N02004_male_23,False,k,h
fn001923_sentence-0.wav,0.384,0.414,0.03,y,k,w,N02004_male_23,False,k,yː
fn001923_sentence-1.wav,3.366,3.396,0.03,y,m,n,N02004_male_23,False,k,yː
fn001923_sentence-3.wav,0.107,0.137,0.03,y,m,n,N02004_male_23,False,k,yː
fn001925_sentence-0.wav,3.924,3.964,0.04,Y,r,G,N02004_male_23,False,k,ʉ
fn001925_sentence-3.wav,3.707,3.737,0.03,h,@,E,N02004_male_23,False,k,h
fn001926_sentence-0.wav,2.166,2.196,0.03,h,n,Y,N02004_male_23,False,k,h
fn001932_sentence-2.wav,0.092,0.123,0.031,h,@,o,N02004_male_23,False,k,h
fn001932_sentence-3.wav,3.581,3.621,0.04,h,t,e,N02004_male_23,False,k,h
fn001933_sentence-0.wav,0.981,1.012,0.031,h,i,e,N02004_male_23,False,k,h
fn001934_sentence-2.wav,3.39,3.421,0.031,h,l,A,N02004_male_23,False,k,h
fn001936_sentence-0.wav,0.748,0.778,0.03,h,r,E+,N02004_male_23,False,k,h
fn001936_sentence-1.wav,0.148,0.178,0.03,h,t,e,N02004_male_23,False,k,h
fn001936_sentence-3.wav,1.021,1.051,0.03,h,r,O,N02004_male_23,False,k,h
fn002047_sentence-0.wav,1.432,1.462,0.03,h,t,e,N02004_male_23,False,k,h
fn002048_sentence-0.wav,0.464,0.494,0.03,h,i,e,N02004_male_23,False,k,h
fn002051_sentence-1.wav,1.653,1.683,0.03,h,i,E,N02004_male_23,False,k,h
fn002055_sentence-3.wav,1.851,1.881,0.03,h,m,E,N02004_male_23,False,k,h
fn002106_sentence-0.wav,1.623,1.654,0.031,h,@,A,N02004_male_23,False,k,h
fn002106_sentence-0.wav,1.371,1.402,0.031,h,t,E,N02004_male_23,False,k,h
fn002106_sentence-0.wav,3.244,3.275,0.031,h,x,E,N02004_male_23,False,k,h
fn002108_sentence-0.wav,2.041,2.071,0.03,h,s,Y,N02004_male_23,False,k,h
fn002109_sentence-0.wav,1.308,1.339,0.031,h,r,E,N02004_male_23,False,k,h
fn001332_sentence-1.wav,3.543,3.583,0.04,Y,k,n,N00725_male_57,False,o,ʉ
fn001332_sentence-11.wav,10.189,10.219,0.03,r,@,d,N00725_male_57,False,o,r
fn001332_sentence-11.wav,6.951,6.982,0.031,@,d,I,N00725_male_57,False,o,ə
fn001332_sentence-11.wav,0.624,0.655,0.031,r,p,a,N00725_male_57,False,o,r
fn001332_sentence-11.wav,4.893,4.924,0.031,n,a,@,N00725_male_57,False,o,n
fn001332_sentence-11.wav,6.982,7.022,0.04,I,@,n,N00725_male_57,False,o,ɪ
fn001332_sentence-11.wav,3.968,3.999,0.031,@,p,l,N00725_male_57,False,o,ə
fn001332_sentence-11.wav,10.067,10.097,0.03,n,O,d,N00725_male_57,False,o,n
fn001332_sentence-12.wav,1.566,1.597,0.031,r,e,@,N00725_male_57,False,o,r
fn001332_sentence-12.wav,3.268,3.298,0.03,d,n,@,N00725_male_57,False,o,d
fn001332_sentence-13.wav,0.203,0.244,0.041,r,o,d,N00725_male_57,False,o,r
fn001332_sentence-14.wav,5.482,5.512,0.03,r,O,d,N00725_male_57,False,o,r
fn001332_sentence-14.wav,5.27,5.3,0.03,n,O,d,N00725_male_57,False,o,n
fn001332_sentence-14.wav,3.063,3.103,0.04,r,a,m,N00725_male_57,False,o,r
fn001332_sentence-15.wav,4.082,4.112,0.03,d,r,A,N00725_male_57,False,o,d
fn001332_sentence-15.wav,4.051,4.082,0.031,r,@,d,N00725_male_57,False,o,r
fn001332_sentence-15.wav,5.921,5.961,0.04,v,i,i,N00725_male_57,False,o,v
fn001332_sentence-15.wav,3.93,3.96,0.03,n,O,d,N00725_male_57,False,o,n
fn001332_sentence-18.wav,3.331,3.361,0.03,l,@,@,N00725_male_57,False,o,l
fn001332_sentence-18.wav,8.181,8.211,0.03,d,r,@,N00725_male_57,False,o,d
fn001332_sentence-18.wav,6.608,6.639,0.031,I,w,k,N00725_male_57,False,o,ɪ
fn001332_sentence-18.wav,9.009,9.04,0.031,@,m,n,N00725_male_57,False,o,ə
fn001332_sentence-18.wav,8.15,8.181,0.031,r,e,d,N00725_male_57,False,o,r
fn001332_sentence-18.wav,5.048,5.078,0.03,r,@,b,N00725_male_57,False,o,r
fn001332_sentence-19.wav,3.494,3.524,0.03,r,@,d,N00725_male_57,False,o,r
fn001332_sentence-19.wav,4.424,4.464,0.04,@,n,t,N00725_male_57,False,o,ə
fn001332_sentence-19.wav,5.785,5.816,0.031,O,w,r,N00725_male_57,False,o,ɔ
fn001332_sentence-19.wav,0.721,0.761,0.04,@,t,r,N00725_male_57,False,o,ə
fn001332_sentence-19.wav,3.524,3.555,0.031,d,r,@,N00725_male_57,False,o,d
fn001332_sentence-19.wav,2.408,2.438,0.03,r,a,b,N00725_male_57,False,o,r
fn001332_sentence-2.wav,0.051,0.082,0.031,@,v,r,N00725_male_57,False,o,ə
fn001332_sentence-2.wav,0.082,0.112,0.03,r,@,s,N00725_male_57,False,o,r
fn001332_sentence-20.wav,0.509,0.539,0.03,@,l,w,N00725_male_57,False,o,ə
fn001332_sentence-20.wav,0.57,0.6,0.03,@,w,O,N00725_male_57,False,o,ə
fn001332_sentence-20.wav,3.046,3.077,0.031,@,d,I,N00725_male_57,False,o,ə
fn001332_sentence-22.wav,0.481,0.522,0.041,r,y,w,N00725_male_57,False,o,r
fn001332_sentence-22.wav,1.594,1.624,0.03,d,n,@,N00725_male_57,False,o,d
fn001332_sentence-22.wav,4.266,4.296,0.03,@,G,n,N00725_male_57,False,o,ə
fn001332_sentence-23.wav,3.069,3.099,0.03,l,A,t,N00725_male_57,False,o,l
fn001332_sentence-23.wav,10.325,10.356,0.031,@,f,r,N00725_male_57,False,o,ə
fn001332_sentence-23.wav,10.822,10.853,0.031,@,n,w,N00725_male_57,False,o,ə
fn001332_sentence-23.wav,10.589,10.62,0.031,r,a,t,N00725_male_57,False,o,r
fn001332_sentence-23.wav,5.805,5.836,0.031,@,v,r,N00725_male_57,False,o,ə
fn001332_sentence-23.wav,10.741,10.782,0.041,Y,k,n,N00725_male_57,False,o,ʉ
fn001332_sentence-24.wav,1.91,1.94,0.03,r,O,t,N00725_male_57,False,o,r
fn001332_sentence-25.wav,2.071,2.101,0.03,w,m,O,N00725_male_57,False,o,ʋ
fn001332_sentence-25.wav,0.903,0.943,0.04,d,n,I,N00725_male_57,False,o,d
fn001332_sentence-26.wav,1.101,1.142,0.041,E,w,n,N00725_male_57,False,o,ɛ
fn001332_sentence-26.wav,8.563,8.594,0.031,m,k,u,N00725_male_57,False,o,m
fn001332_sentence-26.wav,1.061,1.101,0.04,w,k,E,N00725_male_57,False,o,ʋ
fn001332_sentence-26.wav,11.521,11.551,0.03,d,n,@,N00725_male_57,False,o,d
fn001332_sentence-26.wav,11.207,11.238,0.031,l,@,@,N00725_male_57,False,o,l
fn001332_sentence-26.wav,10.843,10.874,0.031,r,@,s,N00725_male_57,False,o,r
fn001332_sentence-26.wav,9.903,9.944,0.041,@,b,s,N00725_male_57,False,o,ə
fn001332_sentence-26.wav,1.506,1.536,0.03,d,n,I,N00725_male_57,False,o,d
fn001332_sentence-26.wav,11.592,11.622,0.03,r,@,d,N00725_male_57,False,o,r
fn001332_sentence-27.wav,11.563,11.603,0.04,h,t,E+,N00725_male_57,False,o,h
fn001332_sentence-27.wav,6.741,6.782,0.041,l,A,s,N00725_male_57,False,o,l
fn001332_sentence-28.wav,11.888,11.918,0.03,r,@,n,N00725_male_57,False,o,r
fn001332_sentence-28.wav,1.006,1.037,0.031,l,a,x,N00725_male_57,False,o,l
fn001332_sentence-29.wav,0.082,0.122,0.04,l,A,s,N00725_male_57,False,o,l
fn001332_sentence-29.wav,1.106,1.137,0.031,r,@,d,N00725_male_57,False,o,r
fn001332_sentence-30.wav,9.383,9.423,0.04,r,@,d,N00725_male_57,False,o,r
fn001332_sentence-30.wav,10.364,10.395,0.031,r,@,z,N00725_male_57,False,o,r
fn001332_sentence-31.wav,3.353,3.383,0.03,I,x,l,N00725_male_57,False,o,ɪ
fn001332_sentence-32.wav,3.101,3.131,0.03,r,@,E,N00725_male_57,False,o,r
fn001332_sentence-33.wav,0.388,0.419,0.031,r,E,@,N00725_male_57,False,o,r
fn001332_sentence-33.wav,2.533,2.564,0.031,r,@,z,N00725_male_57,False,o,r
fn001332_sentence-34.wav,4.527,4.557,0.03,r,@,z,N00725_male_57,False,o,r
fn001332_sentence-34.wav,2.761,2.802,0.041,b,a,o,N00725_male_57,False,o,b
fn001332_sentence-34.wav,5.083,5.114,0.031,r,@,d,N00725_male_57,False,o,r
fn001332_sentence-4.wav,2.849,2.879,0.03,r,O,d,N00725_male_57,False,o,r
fn001332_sentence-4.wav,2.033,2.063,0.03,r,e,@,N00725_male_57,False,o,r
fn001332_sentence-4.wav,4.491,4.521,0.03,r,@,k,N00725_male_57,False,o,r
fn001332_sentence-5.wav,3.084,3.124,0.04,r,e,@,N00725_male_57,False,o,r
fn001332_sentence-5.wav,3.164,3.194,0.03,l,@,t,N00725_male_57,False,o,l
fn001332_sentence-5.wav,0.071,0.102,0.031,l,A,s,N00725_male_57,False,o,l
fn001332_sentence-6.wav,0.212,0.243,0.031,r,e,s,N00725_male_57,False,o,r
fn001332_sentence-6.wav,7.145,7.176,0.031,v,@,e,N00725_male_57,False,o,v
fn001332_sentence-6.wav,8.309,8.339,0.03,l,A,v,N00725_male_57,False,o,l
fn001332_sentence-6.wav,6.892,6.923,0.031,r,@,v,N00725_male_57,False,o,r
fn001332_sentence-7.wav,0.289,0.32,0.031,r,p,a,N00725_male_57,False,o,r
fn001332_sentence-9.wav,5.268,5.298,0.03,w,A+,d,N00725_male_57,False,o,ʋ
fn001332_sentence-9.wav,5.763,5.793,0.03,l,@,I,N00725_male_57,False,o,l
fn001332_sentence-9.wav,5.541,5.581,0.04,h,@,A,N00725_male_57,False,o,h
fn001332_sentence-9.wav,4.702,4.742,0.04,l,@,@,N00725_male_57,False,o,l
fn001333_sentence-0.wav,1.064,1.095,0.031,l,A,@,N00725_male_57,False,o,l
fn001333_sentence-0.wav,1.125,1.155,0.03,r,@,l,N00725_male_57,False,o,r
fn001333_sentence-1.wav,0.321,0.352,0.031,r,@,z,N00725_male_57,False,o,r
fn001333_sentence-1.wav,4.883,4.924,0.041,r,a,w,N00725_male_57,False,o,r
fn001333_sentence-10.wav,1.141,1.181,0.04,l,A,v,N00725_male_57,False,o,l
fn001333_sentence-15.wav,2.353,2.384,0.031,b,m,i,N00725_male_57,False,o,b
fn001333_sentence-15.wav,7.228,7.259,0.031,h,n,E+,N00725_male_57,False,o,h
fn001333_sentence-16.wav,7.884,7.915,0.031,h,r,E,N00725_male_57,False,o,h
fn001333_sentence-27.wav,8.531,8.562,0.031,w,r,E+,N00725_male_57,False,o,ʋ
fn001333_sentence-37.wav,11.527,11.558,0.031,w,A+,@,N00725_male_57,False,o,ʋ
fn001333_sentence-38.wav,0.921,0.952,0.031,w,s,E,N00725_male_57,False,o,ʋ
fn001333_sentence-39.wav,6.942,6.982,0.04,w,s,e,N00725_male_57,False,o,ʋ
fn001333_sentence-43.wav,6.146,6.177,0.031,w,A+,z,N00725_male_57,False,o,ʋ
fn001333_sentence-43.wav,4.114,4.144,0.03,w,A+,O,N00725_male_57,False,o,ʋ
fn001333_sentence-44.wav,3.122,3.153,0.031,w,t,E,N00725_male_57,False,o,ʋ
fn001333_sentence-44.wav,7.123,7.154,0.031,w,o,A,N00725_male_57,False,o,ʋ
fn001646_sentence-0.wav,0.702,0.733,0.031,r,@,t,N02003_male_38,False,k,r
fn001646_sentence-1.wav,2.644,2.684,0.04,w,t,o,N02003_male_38,False,k,ʋ
fn001646_sentence-1.wav,1.013,1.043,0.03,r,@,s,N02003_male_38,False,k,r
fn001646_sentence-2.wav,0.087,0.117,0.03,t,A,h,N02003_male_38,False,k,t
fn001646_sentence-2.wav,0.884,0.915,0.031,r,@,s,N02003_male_38,False,k,r
fn001646_sentence-2.wav,0.228,0.258,0.03,t,f,m,N02003_male_38,False,k,t
fn001646_sentence-2.wav,1.743,1.773,0.03,i,d,r,N02003_male_38,False,k,iː
fn001646_sentence-2.wav,0.147,0.178,0.031,e,h,f,N02003_male_38,False,k,eː
fn001646_sentence-3.wav,1.928,1.959,0.031,G,l,@,N02003_male_38,False,k,ɣ
fn001646_sentence-3.wav,0.661,0.701,0.04,t,r,i,N02003_male_38,False,k,t
fn001646_sentence-3.wav,0.345,0.376,0.031,m,s,i,N02003_male_38,False,k,m
fn001646_sentence-3.wav,4.786,4.816,0.03,r,@,h,N02003_male_38,False,k,r
fn001646_sentence-3.wav,0.63,0.661,0.031,r,@,t,N02003_male_38,False,k,r
fn001646_sentence-3.wav,1.271,1.301,0.03,l,@,@,N02003_male_38,False,k,l
fn001646_sentence-3.wav,2.631,2.662,0.031,@,d,r,N02003_male_38,False,k,ə
fn001646_sentence-3.wav,0.061,0.101,0.04,@,v,r,N02003_male_38,False,k,ə
fn001646_sentence-3.wav,1.99,2.02,0.03,n,@,s,N02003_male_38,False,k,n
fn001646_sentence-3.wav,5.089,5.12,0.031,d,n,@,N02003_male_38,False,k,d
fn001646_sentence-3.wav,3.986,4.017,0.031,r,o,A,N02003_male_38,False,k,r
fn001646_sentence-3.wav,0.762,0.803,0.041,n,i,@,N02003_male_38,False,k,n
fn001646_sentence-3.wav,7.75,7.781,0.031,r,a,b,N02003_male_38,False,k,r
fn001646_sentence-3.wav,5.028,5.059,0.031,A,f,n,N02003_male_38,False,k,ɑ
fn001646_sentence-3.wav,0.101,0.132,0.031,r,@,k,N02003_male_38,False,k,r
fn001646_sentence-3.wav,0.244,0.284,0.04,r,e,s,N02003_male_38,False,k,r
fn001646_sentence-3.wav,0.406,0.437,0.031,n,i,I,N02003_male_38,False,k,n
fn001646_sentence-3.wav,4.462,4.502,0.04,@,l,x,N02003_male_38,False,k,ə
fn001646_sentence-3.wav,7.234,7.264,0.03,r,@,s,N02003_male_38,False,k,r
fn001646_sentence-3.wav,2.662,2.693,0.031,r,@,z,N02003_male_38,False,k,r
fn001646_sentence-3.wav,7.082,7.112,0.03,@,z,G,N02003_male_38,False,k,ə
fn001647_sentence-0.wav,0.051,0.081,0.03,@,d,E,N02003_male_38,False,k,ə
fn001647_sentence-0.wav,4.761,4.792,0.031,@,t,r,N02003_male_38,False,k,ə
fn001647_sentence-0.wav,2.809,2.84,0.031,@,t,k,N02003_male_38,False,k,ə
fn001647_sentence-0.wav,8.049,8.079,0.03,h,l,u,N02003_male_38,False,k,h
fn001647_sentence-0.wav,9.223,9.264,0.041,I,z,x,N02003_male_38,False,k,ɪ
fn001647_sentence-0.wav,5.128,5.159,0.031,t,n,b,N02003_male_38,False,k,t
fn001647_sentence-0.wav,10.964,10.994,0.03,r,o,s,N02003_male_38,False,k,r
fn001647_sentence-0.wav,1.487,1.518,0.031,A,v,n,N02003_male_38,False,k,ɑ
fn001647_sentence-0.wav,1.042,1.083,0.041,@,t,k,N02003_male_38,False,k,ə
fn001647_sentence-0.wav,2.226,2.256,0.03,d,e,@,N02003_male_38,False,k,d
fn001647_sentence-0.wav,0.142,0.182,0.04,f,E,E,N02003_male_38,False,k,f
fn001647_sentence-0.wav,0.182,0.223,0.041,E,f,n,N02003_male_38,False,k,ɛ
fn001647_sentence-0.wav,2.667,2.698,0.031,d,r,@,N02003_male_38,False,k,d
fn001647_sentence-0.wav,5.047,5.077,0.03,O,v,n,N02003_male_38,False,k,ɔ
fn001647_sentence-0.wav,3.923,3.954,0.031,i,d,r,N02003_male_38,False,k,iː
fn001647_sentence-0.wav,8.747,8.778,0.031,d,n,@,N02003_male_38,False,k,d
fn001647_sentence-0.wav,0.223,0.263,0.04,n,E,v,N02003_male_38,False,k,n
fn001647_sentence-0.wav,10.172,10.203,0.031,@,d,I,N02003_male_38,False,k,ə
fn001647_sentence-0.wav,2.961,3.002,0.041,n,Y,@,N02003_male_38,False,k,n
fn001647_sentence-0.wav,8.808,8.838,0.03,r,@,@,N02003_male_38,False,k,r
fn001647_sentence-0.wav,1.568,1.599,0.031,d,n,@,N02003_male_38,False,k,d
fn001647_sentence-0.wav,6.663,6.703,0.04,@,E,E,N02003_male_38,False,k,ə
fn001647_sentence-1.wav,0.061,0.091,0.03,@,d,k,N02003_male_38,False,k,ə
fn001647_sentence-1.wav,1.304,1.344,0.04,E,e,m,N02003_male_38,False,k,ɛ
fn001647_sentence-1.wav,0.193,0.224,0.031,N,O,k,N02003_male_38,False,k,ŋ
fn001647_sentence-2.wav,0.782,0.823,0.041,t,e,s,N02003_male_38,False,k,t
fn001647_sentence-2.wav,2.828,2.858,0.03,r,O,t,N02003_male_38,False,k,r
fn001647_sentence-2.wav,3.486,3.517,0.031,@,E+,t,N02003_male_38,False,k,ə
fn001647_sentence-2.wav,2.361,2.392,0.031,r,@,m,N02003_male_38,False,k,r
fn001647_sentence-2.wav,0.061,0.101,0.04,@,d,k,N02003_male_38,False,k,ə
fn001648_sentence-0.wav,0.784,0.824,0.04,@,m,r,N02003_male_38,False,k,ə
fn001648_sentence-0.wav,2.128,2.158,0.03,A,t,n,N02003_male_38,False,k,ɑ
fn001648_sentence-1.wav,0.222,0.252,0.03,@,G,n,N02003_male_38,False,k,ə
fn001648_sentence-1.wav,0.191,0.222,0.031,G,l,@,N02003_male_38,False,k,ɣ
fn001648_sentence-1.wav,3.748,3.778,0.03,d,r,@,N02003_male_38,False,k,d
fn001648_sentence-1.wav,2.881,2.911,0.03,@,d,r,N02003_male_38,False,k,ə
fn001648_sentence-1.wav,0.343,0.373,0.03,d,s,@,N02003_male_38,False,k,d
fn001648_sentence-1.wav,1.745,1.775,0.03,r,@,s,N02003_male_38,False,k,r
fn001648_sentence-1.wav,2.366,2.397,0.031,A,w,n,N02003_male_38,False,k,ɑ
fn001648_sentence-1.wav,2.911,2.941,0.03,r,@,s,N02003_male_38,False,k,r
fn001648_sentence-1.wav,0.252,0.282,0.03,n,@,s,N02003_male_38,False,k,n
fn001648_sentence-2.wav,1.867,1.898,0.031,r,o,d,N02003_male_38,False,k,r
fn001648_sentence-2.wav,1.212,1.243,0.031,t,r,h,N02003_male_38,False,k,t
fn001648_sentence-2.wav,0.184,0.214,0.03,n,i,I,N02003_male_38,False,k,n
fn001648_sentence-2.wav,1.534,1.564,0.03,@,b,A,N02003_male_38,False,k,ə
fn001648_sentence-2.wav,3.769,3.799,0.03,r,@,l,N02003_male_38,False,k,r
fn001648_sentence-2.wav,0.408,0.438,0.03,r,@,z,N02003_male_38,False,k,r
fn001648_sentence-2.wav,0.153,0.184,0.031,i,m,n,N02003_male_38,False,k,iː
fn001648_sentence-2.wav,0.703,0.744,0.041,r,O,s,N02003_male_38,False,k,r
fn001648_sentence-3.wav,2.75,2.781,0.031,A,t,n,N02003_male_38,False,k,ɑ
fn001648_sentence-3.wav,0.148,0.178,0.03,r,@,w,N02003_male_38,False,k,r
fn001648_sentence-3.wav,0.047,0.077,0.03,@,d,v,N02003_male_38,False,k,ə
fn001649_sentence-0.wav,0.167,0.198,0.031,r,A,E,N02003_male_38,False,k,r
fn001649_sentence-0.wav,1.884,1.924,0.04,n,O,e,N02003_male_38,False,k,n
fn001649_sentence-0.wav,0.107,0.137,0.03,b,A,A,N02003_male_38,False,k,b
fn001649_sentence-0.wav,2.429,2.459,0.03,x,s,@,N02003_male_38,False,k,x
fn001649_sentence-0.wav,0.713,0.743,0.03,E,j,l,N02003_male_38,False,k,ɛ
fn001649_sentence-1.wav,1.661,1.701,0.04,l,b,i,N02003_male_38,False,k,l
fn001649_sentence-1.wav,1.347,1.377,0.03,l,A,s,N02003_male_38,False,k,l
fn001649_sentence-1.wav,1.762,1.792,0.03,k,i,s,N02003_male_38,False,k,k
fn001649_sentence-2.wav,0.43,0.46,0.03,n,I,t,N02003_male_38,False,k,n
fn001649_sentence-2.wav,0.673,0.703,0.03,r,a,@,N02003_male_38,False,k,r
fn001649_sentence-2.wav,0.369,0.4,0.031,w,t,I,N02003_male_38,False,k,ʋ
fn001649_sentence-3.wav,2.646,2.677,0.031,A,d,m,N02003_male_38,False,k,ɑ
fn001650_sentence-0.wav,0.545,0.575,0.03,m,n,O,N02003_male_38,False,k,m
fn001650_sentence-0.wav,0.05,0.08,0.03,n,I,d,N02003_male_38,False,k,n
fn001650_sentence-0.wav,1.281,1.311,0.03,n,@,x,N02003_male_38,False,k,n
fn001650_sentence-1.wav,0.793,0.823,0.03,d,n,@,N02003_male_38,False,k,d
fn001650_sentence-2.wav,0.133,0.164,0.031,r,a,b,N02003_male_38,False,k,r
fn001650_sentence-2.wav,2.624,2.664,0.04,I,t,N,N02003_male_38,False,k,ɪ
fn001650_sentence-2.wav,2.523,2.563,0.04,x,I,t,N02003_male_38,False,k,x
fn001650_sentence-2.wav,0.348,0.379,0.031,w,k,A,N02003_male_38,False,k,ʋ
fn001650_sentence-2.wav,1.824,1.855,0.031,r,a,O,N02003_male_38,False,k,r
fn001651_sentence-0.wav,4.252,4.283,0.031,i,d,r,N02003_male_38,False,k,iː
fn001651_sentence-1.wav,5.253,5.284,0.031,h,t,A,N02003_male_38,False,k,h
fn001651_sentence-1.wav,0.668,0.699,0.031,r,E,@,N02003_male_38,False,k,r
fn001651_sentence-1.wav,1.053,1.083,0.03,r,o,b,N02003_male_38,False,k,r
fn001651_sentence-2.wav,0.843,0.873,0.03,r,@,l,N02003_male_38,False,k,r
fn001652_sentence-0.wav,0.889,0.919,0.03,G,@,@,N02003_male_38,False,k,ɣ
fn001652_sentence-1.wav,0.69,0.721,0.031,r,@,s,N02003_male_38,False,k,r
fn001652_sentence-1.wav,3.772,3.802,0.03,r,o,t,N02003_male_38,False,k,r
fn001652_sentence-3.wav,1.403,1.433,0.03,r,a,d,N02003_male_38,False,k,r
fn001653_sentence-0.wav,0.792,0.823,0.031,r,@,s,N02003_male_38,False,k,r
fn001653_sentence-1.wav,5.206,5.236,0.03,r,@,s,N02003_male_38,False,k,r
fn001653_sentence-1.wav,4.922,4.963,0.041,r,2,t,N02003_male_38,False,k,r
fn001653_sentence-1.wav,0.233,0.263,0.03,G,l,@,N02003_male_38,False,k,ɣ
fn001653_sentence-1.wav,5.773,5.804,0.031,r,o,w,N02003_male_38,False,k,r
fn001653_sentence-2.wav,0.41,0.44,0.03,r,@,z,N02003_male_38,False,k,r
fn001653_sentence-2.wav,0.763,0.793,0.03,r,O,s,N02003_male_38,False,k,r
fn001653_sentence-3.wav,0.222,0.253,0.031,r,@,w,N02003_male_38,False,k,r
fn001653_sentence-3.wav,1.141,1.172,0.031,r,e,s,N02003_male_38,False,k,r
fn001654_sentence-0.wav,0.294,0.324,0.03,r,e,i,N02003_male_38,False,k,r
fn001654_sentence-1.wav,1.883,1.913,0.03,I,w,l,N02003_male_38,False,k,ɪ
fn001654_sentence-1.wav,0.906,0.937,0.031,r,@,w,N02003_male_38,False,k,r
fn001654_sentence-1.wav,1.543,1.584,0.041,I,z,x,N02003_male_38,False,k,ɪ
fn001655_sentence-1.wav,2.407,2.437,0.03,l,E,k,N02003_male_38,False,k,l
fn001655_sentence-2.wav,3.482,3.522,0.04,I,s,N,N02003_male_38,False,k,ɪ
fn001655_sentence-2.wav,3.583,3.624,0.041,G,N,a,N02003_male_38,False,k,ɣ
fn001655_sentence-2.wav,1.45,1.481,0.031,r,a,a,N02003_male_38,False,k,r
fn001655_sentence-3.wav,0.872,0.903,0.031,I,l,N,N02003_male_38,False,k,ɪ
fn001655_sentence-3.wav,0.365,0.396,0.031,r,@,s,N02003_male_38,False,k,r
fn001655_sentence-4.wav,0.721,0.762,0.041,w,t,E,N02003_male_38,False,k,ʋ
fn001656_sentence-0.wav,0.754,0.784,0.03,r,e,m,N02003_male_38,False,k,r
fn001656_sentence-0.wav,0.481,0.511,0.03,I,w,l,N02003_male_38,False,k,ɪ
fn001656_sentence-1.wav,4.487,4.517,0.03,w,i,v,N02003_male_38,False,k,ʋ
fn001656_sentence-1.wav,0.772,0.802,0.03,r,@,h,N02003_male_38,False,k,r
fn001656_sentence-1.wav,2.989,3.019,0.03,r,@,b,N02003_male_38,False,k,r
fn001656_sentence-1.wav,0.308,0.338,0.03,r,@,@,N02003_male_38,False,k,r
fn001656_sentence-1.wav,0.802,0.843,0.041,h,r,A,N02003_male_38,False,k,h
fn001656_sentence-2.wav,0.321,0.351,0.03,r,@,@,N02003_male_38,False,k,r
fn001656_sentence-3.wav,2.663,2.693,0.03,w,@,O,N02003_male_38,False,k,ʋ
fn001656_sentence-3.wav,2.724,2.754,0.03,r,O,t,N02003_male_38,False,k,r
fn001656_sentence-3.wav,0.101,0.142,0.041,I,r,s,N02003_male_38,False,k,ɪ
fn001657_sentence-0.wav,0.514,0.544,0.03,r,E,s,N02003_male_38,False,k,r
fn001657_sentence-1.wav,0.65,0.68,0.03,r,@,s,N02003_male_38,False,k,r
fn001657_sentence-2.wav,1.982,2.013,0.031,r,A,m,N02003_male_38,False,k,r
fn001657_sentence-2.wav,0.601,0.632,0.031,r,@,s,N02003_male_38,False,k,r
fn001658_sentence-0.wav,1.585,1.615,0.03,r,@,k,N02003_male_38,False,k,r
fn001658_sentence-0.wav,3.861,3.891,0.03,I,l,p,N02003_male_38,False,k,ɪ
fn001658_sentence-1.wav,2.993,3.023,0.03,r,o,k,N02003_male_38,False,k,r
fn001658_sentence-1.wav,0.303,0.334,0.031,w,A+,b,N02003_male_38,False,k,ʋ
fn001658_sentence-2.wav,1.982,2.023,0.041,I,t,s,N02003_male_38,False,k,ɪ
fn001658_sentence-2.wav,1.902,1.942,0.04,r,a,t,N02003_male_38,False,k,r
fn001658_sentence-2.wav,1.75,1.78,0.03,r,a,m,N02003_male_38,False,k,r
fn001658_sentence-3.wav,1.504,1.534,0.03,r,@,t,N02003_male_38,False,k,r
fn001658_sentence-3.wav,1.746,1.777,0.031,w,A+,@,N02003_male_38,False,k,ʋ
fn001659_sentence-0.wav,2.746,2.776,0.03,r,@,m,N02003_male_38,False,k,r
fn001659_sentence-0.wav,4.408,4.438,0.03,r,@,b,N02003_male_38,False,k,r
fn001659_sentence-1.wav,1.603,1.633,0.03,r,@,b,N02003_male_38,False,k,r
fn001659_sentence-1.wav,0.609,0.639,0.03,r,E,d,N02003_male_38,False,k,r
fn001659_sentence-1.wav,2.691,2.721,0.03,r,e,k,N02003_male_38,False,k,r
fn001660_sentence-0.wav,2.662,2.703,0.041,I,n,N,N02003_male_38,False,k,ɪ
fn001660_sentence-1.wav,4.565,4.596,0.031,r,A,t,N02003_male_38,False,k,r
fn001660_sentence-1.wav,1.667,1.697,0.03,r,@,l,N02003_male_38,False,k,r
fn001660_sentence-1.wav,5.625,5.655,0.03,I,n,N,N02003_male_38,False,k,ɪ
fn001660_sentence-1.wav,1.95,1.98,0.03,r,@,s,N02003_male_38,False,k,r
fn001660_sentence-3.wav,3.442,3.473,0.031,r,o,x,N02003_male_38,False,k,r
fn001661_sentence-0.wav,1.767,1.797,0.03,h,r,e,N02003_male_38,False,k,h
fn001661_sentence-0.wav,1.524,1.554,0.03,r,@,k,N02003_male_38,False,k,r
fn001661_sentence-1.wav,0.325,0.355,0.03,w,A+,b,N02003_male_38,False,k,ʋ
fn001661_sentence-2.wav,0.972,1.002,0.03,r,@,z,N02003_male_38,False,k,r
fn001661_sentence-3.wav,7.671,7.702,0.031,r,o,@,N02003_male_38,False,k,r
fn001661_sentence-3.wav,5.953,5.984,0.031,r,@,n,N02003_male_38,False,k,r
fn001661_sentence-3.wav,7.523,7.564,0.041,r,a,d,N02003_male_38,False,k,r
fn001662_sentence-0.wav,0.546,0.576,0.03,r,@,b,N02003_male_38,False,k,r
fn001662_sentence-0.wav,0.344,0.384,0.04,w,t,E+,N02003_male_38,False,k,ʋ
fn001662_sentence-2.wav,0.353,0.383,0.03,r,@,@,N02003_male_38,False,k,r
fn001662_sentence-2.wav,0.494,0.524,0.03,r,E,d,N02003_male_38,False,k,r
fn001663_sentence-2.wav,1.069,1.1,0.031,w,t,I,N02003_male_38,False,k,ʋ
fn001664_sentence-1.wav,2.93,2.96,0.03,h,r,A,N02003_male_38,False,k,h
fn001665_sentence-1.wav,0.854,0.884,0.03,w,n,a,N02003_male_38,False,k,ʋ
fn001665_sentence-2.wav,0.393,0.423,0.03,w,l,A,N02003_male_38,False,k,ʋ
fn001666_sentence-2.wav,3.181,3.221,0.04,w,k,A,N02003_male_38,False,k,ʋ
fn001666_sentence-2.wav,1.701,1.742,0.041,N,I,v,N02003_male_38,False,k,ŋ
fn001667_sentence-3.wav,1.543,1.573,0.03,w,t,I,N02003_male_38,False,k,ʋ
fn001667_sentence-3.wav,1.27,1.3,0.03,w,O,e,N02003_male_38,False,k,ʋ
fn001668_sentence-1.wav,2.192,2.223,0.031,h,t,i,N02003_male_38,False,k,h
fn001669_sentence-1.wav,0.924,0.964,0.04,h,s,E,N02003_male_38,False,k,h
fn001669_sentence-1.wav,2.104,2.144,0.04,y,n,w,N02003_male_38,False,k,yː
fn001670_sentence-0.wav,1.864,1.904,0.04,h,r,e,N02003_male_38,False,k,h
fn001670_sentence-1.wav,2.647,2.678,0.031,h,k,E,N02003_male_38,False,k,h
fn001670_sentence-1.wav,0.362,0.393,0.031,w,A+,b,N02003_male_38,False,k,ʋ
fn001673_sentence-1.wav,2.029,2.059,0.03,w,A+,m,N02003_male_38,False,k,ʋ
fn001675_sentence-1.wav,4.093,4.123,0.03,w,A+,s,N02003_male_38,False,k,ʋ
fn001675_sentence-1.wav,1.922,1.953,0.031,y,@,t,N02003_male_38,False,k,yː
fn001676_sentence-1.wav,6.227,6.257,0.03,w,n,O,N02003_male_38,False,k,ʋ
fn001755_sentence-0.wav,1.234,1.264,0.03,Y,h,n,N02003_male_38,False,k,ʉ
fn001762_sentence-2.wav,2.483,2.523,0.04,Y,r,x,N02003_male_38,False,k,ʉ
fn001762_sentence-2.wav,1.512,1.543,0.031,Y,k,n,N02003_male_38,False,k,ʉ
fn001766_sentence-1.wav,2.241,2.282,0.041,Y,t,s,N02003_male_38,False,k,ʉ
fn001771_sentence-0.wav,2.424,2.455,0.031,y,t,w,N02003_male_38,False,k,yː
fn001773_sentence-0.wav,3.641,3.671,0.03,Y,r,x,N02003_male_38,False,k,ʉ
fn001775_sentence-2.wav,0.141,0.181,0.04,y,d,p,N02003_male_38,False,k,yː
fn001474_sentence-10.wav,14.443,14.484,0.041,@,b,s,N00780_female_41,False,o,ə
fn001474_sentence-11.wav,2.184,2.215,0.031,r,@,d,N00780_female_41,False,o,r
fn001474_sentence-11.wav,0.123,0.164,0.041,n,A,Y+,N00780_female_41,False,o,n
fn001474_sentence-11.wav,2.144,2.184,0.04,@,v,r,N00780_female_41,False,o,ə
fn001474_sentence-13.wav,4.633,4.663,0.03,r,@,d,N00780_female_41,False,o,r
fn001474_sentence-13.wav,2.641,2.671,0.03,r,a,@,N00780_female_41,False,o,r
fn001474_sentence-13.wav,6.562,6.592,0.03,r,@,s,N00780_female_41,False,o,r
fn001474_sentence-13.wav,4.542,4.582,0.04,d,n,@,N00780_female_41,False,o,d
fn001474_sentence-17.wav,0.344,0.384,0.04,l,p,O,N00780_female_41,False,o,l
fn001474_sentence-19.wav,2.41,2.44,0.03,r,@,d,N00780_female_41,False,o,r
fn001474_sentence-2.wav,1.602,1.632,0.03,r,@,d,N00780_female_41,False,o,r
fn001474_sentence-21.wav,2.41,2.441,0.031,r,@,z,N00780_female_41,False,o,r
fn001474_sentence-24.wav,3.472,3.502,0.03,I,l,m,N00780_female_41,False,o,ɪ
fn001474_sentence-30.wav,8.972,9.002,0.03,w,A+,h,N00780_female_41,False,o,ʋ
fn001474_sentence-31.wav,45.207,45.238,0.031,w,A+,d,N00780_female_41,False,o,ʋ
fn001474_sentence-52.wav,2.153,2.184,0.031,w,A+,v,N00780_female_41,False,o,ʋ
fn001474_sentence-57.wav,4.645,4.676,0.031,w,A+,k,N00780_female_41,False,o,ʋ
fn001475_sentence-19.wav,5.983,6.023,0.04,Y,r,x,N00780_female_41,False,o,ʉ
fn001475_sentence-21.wav,2.834,2.864,0.03,w,A+,k,N00780_female_41,False,o,ʋ
fn001475_sentence-21.wav,6.382,6.422,0.04,w,A+,z,N00780_female_41,False,o,ʋ
fn001475_sentence-9.wav,6.333,6.364,0.031,w,o,A,N00780_female_41,False,o,ʋ
fn001496_sentence-0.wav,1.511,1.541,0.03,@,v,r,N00790_female_48,False,o,ə
fn001496_sentence-0.wav,1.541,1.571,0.03,r,@,d,N00790_female_48,False,o,r
fn001496_sentence-0.wav,3.263,3.294,0.031,e,d,r,N00790_female_48,False,o,eː
fn001496_sentence-0.wav,1.753,1.783,0.03,a,s,r,N00790_female_48,False,o,aː
fn001496_sentence-1.wav,0.041,0.072,0.031,t,@,I,N00790_female_48,False,o,t
fn001496_sentence-10.wav,0.304,0.334,0.03,l,@,d,N00790_female_48,False,o,l
fn001496_sentence-10.wav,1.981,2.022,0.041,r,@,t,N00790_female_48,False,o,r
fn001496_sentence-13.wav,0.552,0.582,0.03,r,@,z,N00790_female_48,False,o,r
fn001496_sentence-14.wav,1.241,1.282,0.041,x,s,Y,N00790_female_48,False,o,x
fn001496_sentence-14.wav,4.211,4.242,0.031,n,@,t,N00790_female_48,False,o,n
fn001496_sentence-14.wav,6.723,6.763,0.04,@,l,k,N00790_female_48,False,o,ə
fn001496_sentence-14.wav,17.21,17.241,0.031,r,@,t,N00790_female_48,False,o,r
fn001496_sentence-14.wav,10.331,10.361,0.03,d,r,@,N00790_female_48,False,o,d
fn001496_sentence-15.wav,1.663,1.703,0.04,E,m,i,N00790_female_48,False,o,ɛ
fn001496_sentence-16.wav,0.324,0.364,0.04,@,b,I,N00790_female_48,False,o,ə
fn001496_sentence-16.wav,0.223,0.263,0.04,E,h,b,N00790_female_48,False,o,ɛ
fn001496_sentence-16.wav,0.608,0.638,0.03,d,e,@,N00790_female_48,False,o,d
fn001496_sentence-18.wav,0.102,0.142,0.04,Y+,d,d,N00790_female_48,False,o,œy
fn001496_sentence-18.wav,0.223,0.263,0.04,l,@,@,N00790_female_48,False,o,l
fn001496_sentence-18.wav,0.142,0.172,0.03,d,Y+,@,N00790_female_48,False,o,d
fn001496_sentence-19.wav,5.111,5.142,0.031,@,d,l,N00790_female_48,False,o,ə
fn001496_sentence-19.wav,5.264,5.304,0.04,@,v,r,N00790_female_48,False,o,ə
fn001496_sentence-19.wav,5.142,5.172,0.03,l,@,v,N00790_female_48,False,o,l
fn001496_sentence-19.wav,8.261,8.302,0.041,l,v,u,N00790_female_48,False,o,l
fn001496_sentence-19.wav,1.163,1.193,0.03,d,a,@,N00790_female_48,False,o,d
fn001496_sentence-19.wav,5.304,5.335,0.031,r,@,s,N00790_female_48,False,o,r
fn001496_sentence-20.wav,0.404,0.435,0.031,r,o,d,N00790_female_48,False,o,r
fn001496_sentence-23.wav,11.006,11.037,0.031,w,l,A,N00790_female_48,False,o,ʋ
fn001496_sentence-23.wav,2.413,2.443,0.03,r,a,O,N00790_female_48,False,o,r
fn001496_sentence-23.wav,2.443,2.474,0.031,O,r,m,N00790_female_48,False,o,ɔ
fn001496_sentence-23.wav,1.262,1.302,0.04,d,n,@,N00790_female_48,False,o,d
fn001496_sentence-23.wav,9.642,9.673,0.031,r,@,s,N00790_female_48,False,o,r
fn001496_sentence-24.wav,4.384,4.415,0.031,A,v,n,N00790_female_48,False,o,ɑ
fn001496_sentence-24.wav,0.782,0.822,0.04,r,G,I,N00790_female_48,False,o,r
fn001496_sentence-24.wav,0.467,0.497,0.03,r,@,d,N00790_female_48,False,o,r
fn001496_sentence-24.wav,2.229,2.26,0.031,r,@,h,N00790_female_48,False,o,r
fn001496_sentence-25.wav,3.503,3.533,0.03,r,@,l,N00790_female_48,False,o,r
fn001496_sentence-30.wav,0.091,0.122,0.031,w,o,A,N00790_female_48,False,o,ʋ
fn001496_sentence-49.wav,1.864,1.894,0.03,w,o,A,N00790_female_48,False,o,ʋ
fn001496_sentence-5.wav,2.081,2.111,0.03,w,t,I,N00790_female_48,False,o,ʋ
fn001496_sentence-6.wav,13.145,13.175,0.03,w,t,I,N00790_female_48,False,o,ʋ
fn001496_sentence-6.wav,5.383,5.423,0.04,w,t,e,N00790_female_48,False,o,ʋ
fn001496_sentence-7.wav,9.85,9.88,0.03,w,A+,x,N00790_female_48,False,o,ʋ
fn001496_sentence-9.wav,17.324,17.354,0.03,w,t,A,N00790_female_48,False,o,ʋ
fn001194_sentence-0.wav,1.162,1.203,0.041,n,@,t,N00694_female_63,False,o,n
fn001194_sentence-0.wav,1.122,1.162,0.04,@,v,n,N00694_female_63,False,o,ə
fn001194_sentence-1.wav,0.861,0.892,0.031,r,@,s,N00694_female_63,False,o,r
fn001194_sentence-1.wav,1.844,1.875,0.031,t,s,@,N00694_female_63,False,o,t
fn001194_sentence-1.wav,0.446,0.477,0.031,n,@,d,N00694_female_63,False,o,n
fn001194_sentence-10.wav,0.47,0.501,0.031,r,@,l,N00694_female_63,False,o,r
fn001194_sentence-10.wav,0.642,0.673,0.031,r,e,t,N00694_female_63,False,o,r
fn001194_sentence-101.wav,0.423,0.454,0.031,r,@,n,N00694_female_63,False,o,r
fn001194_sentence-101.wav,0.766,0.797,0.031,n,E+,l,N00694_female_63,False,o,n
fn001194_sentence-101.wav,0.383,0.423,0.04,@,t,r,N00694_female_63,False,o,ə
fn001194_sentence-103.wav,0.387,0.418,0.031,r,@,s,N00694_female_63,False,o,r
fn001194_sentence-103.wav,0.041,0.071,0.03,@,d,m,N00694_female_63,False,o,ə
fn001194_sentence-104.wav,0.263,0.304,0.041,n,s,i,N00694_female_63,False,o,n
fn001194_sentence-107.wav,0.35,0.38,0.03,@,d,r,N00694_female_63,False,o,ə
fn001194_sentence-109.wav,1.188,1.218,0.03,r,o,t,N00694_female_63,False,o,r
fn001194_sentence-109.wav,0.504,0.544,0.04,A,i,t,N00694_female_63,False,o,ɑ
fn001194_sentence-11.wav,4.182,4.212,0.03,@,k,r,N00694_female_63,False,o,ə
fn001194_sentence-11.wav,1.681,1.711,0.03,l,A,s,N00694_female_63,False,o,l
fn001194_sentence-11.wav,1.762,1.802,0.04,@,s,h,N00694_female_63,False,o,ə
fn001194_sentence-110.wav,0.554,0.584,0.03,@,m,E,N00694_female_63,False,o,ə
fn001194_sentence-111.wav,0.551,0.582,0.031,r,@,d,N00694_female_63,False,o,r
fn001194_sentence-111.wav,0.582,0.623,0.041,d,r,I,N00694_female_63,False,o,d
fn001194_sentence-113.wav,0.527,0.557,0.03,l,@,@,N00694_female_63,False,o,l
fn001194_sentence-117.wav,1.424,1.455,0.031,r,@,O,N00694_female_63,False,o,r
fn001194_sentence-117.wav,0.99,1.02,0.03,@,d,r,N00694_female_63,False,o,ə
fn001194_sentence-117.wav,0.465,0.495,0.03,@,l,n,N00694_female_63,False,o,ə
fn001194_sentence-117.wav,2.634,2.664,0.03,n,E,d,N00694_female_63,False,o,n
fn001194_sentence-117.wav,2.664,2.695,0.031,d,n,A,N00694_female_63,False,o,d
fn001194_sentence-117.wav,3.367,3.398,0.031,l,a,n,N00694_female_63,False,o,l
fn001194_sentence-119.wav,0.909,0.944,0.035,r,@,t,N00694_female_63,False,o,r
fn001194_sentence-119.wav,1.222,1.263,0.041,l,E,@,N00694_female_63,False,o,l
fn001194_sentence-119.wav,0.434,0.464,0.03,r,e,d,N00694_female_63,False,o,r
fn001194_sentence-119.wav,1.384,1.424,0.04,A,d,t,N00694_female_63,False,o,ɑ
fn001194_sentence-119.wav,0.464,0.495,0.031,d,r,@,N00694_female_63,False,o,d
fn001194_sentence-12.wav,2.286,2.316,0.03,r,@,v,N00694_female_63,False,o,r
fn001194_sentence-12.wav,0.152,0.183,0.031,r,a,O,N00694_female_63,False,o,r
fn001194_sentence-12.wav,2.427,2.458,0.031,l,e,t,N00694_female_63,False,o,l
fn001194_sentence-12.wav,2.033,2.063,0.03,r,E,l,N00694_female_63,False,o,r
fn001194_sentence-120.wav,0.829,0.859,0.03,r,A,d,N00694_female_63,False,o,r
fn001194_sentence-120.wav,0.128,0.158,0.03,n,u,b,N00694_female_63,False,o,n
fn001194_sentence-120.wav,0.981,1.012,0.031,r,@,t,N00694_female_63,False,o,r
fn001194_sentence-125.wav,0.647,0.677,0.03,r,@,w,N00694_female_63,False,o,r
fn001194_sentence-125.wav,0.789,0.819,0.03,r,E,t,N00694_female_63,False,o,r
fn001194_sentence-125.wav,1.184,1.224,0.04,r,@,v,N00694_female_63,False,o,r
fn001194_sentence-128.wav,1.821,1.861,0.04,d,r,@,N00694_female_63,False,o,d
fn001194_sentence-128.wav,1.791,1.821,0.03,r,2,d,N00694_female_63,False,o,r
fn001194_sentence-129.wav,0.683,0.723,0.04,h,r,a,N00694_female_63,False,o,h
fn001194_sentence-129.wav,1.31,1.34,0.03,r,k,A,N00694_female_63,False,o,r
fn001194_sentence-129.wav,0.289,0.319,0.03,l,Y,i,N00694_female_63,False,o,l
fn001194_sentence-129.wav,1.148,1.178,0.03,d,n,@,N00694_female_63,False,o,d
fn001194_sentence-13.wav,0.183,0.223,0.04,A,v,n,N00694_female_63,False,o,ɑ
fn001194_sentence-13.wav,0.102,0.132,0.03,r,a,v,N00694_female_63,False,o,r
fn001194_sentence-132.wav,1.304,1.334,0.03,E+,m,n,N00694_female_63,False,o,ɛi
fn001194_sentence-132.wav,1.122,1.152,0.03,r,a,O,N00694_female_63,False,o,r
fn001194_sentence-135.wav,0.303,0.343,0.04,G,E+,@,N00694_female_63,False,o,ɣ
fn001194_sentence-136.wav,0.888,0.918,0.03,d,n,i,N00694_female_63,False,o,d
fn001194_sentence-136.wav,0.424,0.464,0.04,r,@,x,N00694_female_63,False,o,r
fn001194_sentence-139.wav,0.163,0.193,0.03,h,k,u,N00694_female_63,False,o,h
fn001194_sentence-14.wav,1.952,1.983,0.031,r,a,n,N00694_female_63,False,o,r
fn001194_sentence-14.wav,0.284,0.314,0.03,r,@,t,N00694_female_63,False,o,r
fn001194_sentence-144.wav,2.21,2.241,0.031,r,o,m,N00694_female_63,False,o,r
fn001194_sentence-144.wav,0.323,0.354,0.031,r,@,h,N00694_female_63,False,o,r
fn001194_sentence-144.wav,0.061,0.101,0.04,E+,m,n,N00694_female_63,False,o,ɛi
fn001194_sentence-144.wav,1.141,1.171,0.03,r,@,s,N00694_female_63,False,o,r
fn001194_sentence-145.wav,0.506,0.536,0.03,r,a,@,N00694_female_63,False,o,r
fn001194_sentence-145.wav,1.305,1.336,0.031,r,t,E,N00694_female_63,False,o,r
fn001194_sentence-147.wav,3.223,3.254,0.031,E,m,t,N00694_female_63,False,o,ɛ
fn001194_sentence-147.wav,1.225,1.255,0.03,r,@,A,N00694_female_63,False,o,r
fn001194_sentence-147.wav,1.842,1.882,0.04,I,x,n,N00694_female_63,False,o,ɪ
fn001194_sentence-147.wav,0.384,0.415,0.031,Y,h,n,N00694_female_63,False,o,ʉ
fn001194_sentence-147.wav,0.344,0.384,0.04,h,n,Y,N00694_female_63,False,o,h
fn001194_sentence-15.wav,4.002,4.043,0.041,r,l,E+,N00694_female_63,False,o,r
fn001194_sentence-15.wav,1.743,1.773,0.03,Y,h,n,N00694_female_63,False,o,ʉ
fn001194_sentence-15.wav,1.712,1.743,0.031,h,n,Y,N00694_female_63,False,o,h
fn001194_sentence-15.wav,1.287,1.317,0.03,r,@,@,N00694_female_63,False,o,r
fn001194_sentence-151.wav,0.733,0.763,0.03,d,n,@,N00694_female_63,False,o,d
fn001194_sentence-152.wav,0.082,0.112,0.03,w,y,m,N00694_female_63,False,o,ʋ
fn001194_sentence-152.wav,0.509,0.539,0.03,h,t,e,N00694_female_63,False,o,h
fn001194_sentence-152.wav,0.305,0.336,0.031,r,@,x,N00694_female_63,False,o,r
fn001194_sentence-154.wav,0.082,0.112,0.03,r,a,m,N00694_female_63,False,o,r
fn001194_sentence-158.wav,0.791,0.821,0.03,r,E,w,N00694_female_63,False,o,r
fn001194_sentence-16.wav,0.046,0.077,0.031,r,v,u,N00694_female_63,False,o,r
fn001194_sentence-16.wav,5.702,5.742,0.04,r,@,v,N00694_female_63,False,o,r
fn001194_sentence-16.wav,4.048,4.078,0.03,r,@,d,N00694_female_63,False,o,r
fn001194_sentence-16.wav,1.106,1.136,0.03,r,e,p,N00694_female_63,False,o,r
fn001194_sentence-164.wav,0.144,0.175,0.031,d,E,@,N00694_female_63,False,o,d
fn001194_sentence-168.wav,3.714,3.744,0.03,r,@,h,N00694_female_63,False,o,r
fn001194_sentence-168.wav,3.204,3.235,0.031,r,@,@,N00694_female_63,False,o,r
fn001194_sentence-172.wav,0.747,0.778,0.031,Y,h,n,N00694_female_63,False,o,ʉ
fn001194_sentence-172.wav,1.172,1.202,0.03,r,@,o,N00694_female_63,False,o,r
fn001194_sentence-174.wav,0.061,0.091,0.03,r,v,a,N00694_female_63,False,o,r
fn001194_sentence-176.wav,3.031,3.061,0.03,r,E,t,N00694_female_63,False,o,r
fn001194_sentence-176.wav,1.948,1.978,0.03,r,a,z,N00694_female_63,False,o,r
fn001194_sentence-176.wav,0.427,0.458,0.031,r,@,z,N00694_female_63,False,o,r
fn001194_sentence-18.wav,0.182,0.223,0.041,Y,k,n,N00694_female_63,False,o,ʉ
fn001194_sentence-18.wav,0.507,0.538,0.031,r,E,G,N00694_female_63,False,o,r
fn001194_sentence-18.wav,0.853,0.883,0.03,d,n,@,N00694_female_63,False,o,d
fn001194_sentence-18.wav,0.914,0.944,0.03,r,@,s,N00694_female_63,False,o,r
fn001194_sentence-180.wav,1.902,1.933,0.031,r,@,s,N00694_female_63,False,o,r
fn001194_sentence-180.wav,0.425,0.455,0.03,r,@,b,N00694_female_63,False,o,r
fn001194_sentence-181.wav,1.546,1.576,0.03,r,o,O,N00694_female_63,False,o,r
fn001194_sentence-181.wav,1.384,1.415,0.031,r,E,v,N00694_female_63,False,o,r
fn001194_sentence-188.wav,0.623,0.653,0.03,d,n,@,N00694_female_63,False,o,d
fn001194_sentence-193.wav,0.081,0.122,0.041,Y,d,k,N00694_female_63,False,o,ʉ
fn001194_sentence-219.wav,1.411,1.441,0.03,N,@,k,N00694_female_63,False,o,ŋ
fn001194_sentence-225.wav,5.548,5.578,0.03,w,k,i,N00694_female_63,False,o,ʋ
fn001194_sentence-239.wav,1.404,1.444,0.04,w,@,A,N00694_female_63,False,o,ʋ
fn001194_sentence-254.wav,0.264,0.304,0.04,w,r,I,N00694_female_63,False,o,ʋ
fn001194_sentence-259.wav,0.067,0.097,0.03,w,k,i,N00694_female_63,False,o,ʋ
fn001194_sentence-260.wav,0.405,0.436,0.031,w,y,t,N00694_female_63,False,o,ʋ
fn001194_sentence-261.wav,0.246,0.277,0.031,Y,j,l,N00694_female_63,False,o,ʉ
fn001194_sentence-263.wav,1.252,1.282,0.03,w,n,@,N00694_female_63,False,o,ʋ
fn001194_sentence-32.wav,0.046,0.076,0.03,w,k,i,N00694_female_63,False,o,ʋ
fn001194_sentence-4.wav,1.901,1.932,0.031,w,r,E+,N00694_female_63,False,o,ʋ
fn001194_sentence-66.wav,0.223,0.253,0.03,w,A+,t,N00694_female_63,False,o,ʋ
fn001194_sentence-67.wav,0.203,0.244,0.041,w,@,A,N00694_female_63,False,o,ʋ
fn001006_sentence-0.wav,2.945,2.976,0.031,n,@,t,N00506_female_54,False,o,n
fn001006_sentence-1.wav,0.647,0.677,0.03,l,A,d,N00506_female_54,False,o,l
fn001006_sentence-10.wav,0.991,1.021,0.03,l,@,@,N00506_female_54,False,o,l
fn001006_sentence-10.wav,0.112,0.142,0.03,h,@,e,N00506_female_54,False,o,h
fn001006_sentence-10.wav,0.748,0.779,0.031,x,s,r,N00506_female_54,False,o,x
fn001006_sentence-10.wav,0.647,0.678,0.031,r,@,s,N00506_female_54,False,o,r
fn001006_sentence-10.wav,1.021,1.062,0.041,@,l,k,N00506_female_54,False,o,ə
fn001006_sentence-100.wav,1.301,1.341,0.04,n,I,d,N00506_female_54,False,o,n
fn001006_sentence-100.wav,0.424,0.464,0.04,w,@,@,N00506_female_54,False,o,ʋ
fn001006_sentence-100.wav,0.222,0.262,0.04,Y,h,n,N00506_female_54,False,o,ʉ
fn001006_sentence-102.wav,1.414,1.444,0.03,r,@,s,N00506_female_54,False,o,r
fn001006_sentence-102.wav,1.161,1.191,0.03,@,d,A,N00506_female_54,False,o,ə
fn001006_sentence-103.wav,0.252,0.282,0.03,d,@,A,N00506_female_54,False,o,d
fn001006_sentence-103.wav,0.222,0.252,0.03,@,j,d,N00506_female_54,False,o,ə
fn001006_sentence-104.wav,6.484,6.524,0.04,d,n,@,N00506_female_54,False,o,d
fn001006_sentence-104.wav,4.762,4.803,0.041,@,z,z,N00506_female_54,False,o,ə
fn001006_sentence-104.wav,0.253,0.283,0.03,r,@,h,N00506_female_54,False,o,r
fn001006_sentence-104.wav,1.161,1.201,0.04,@,x,I,N00506_female_54,False,o,ə
fn001006_sentence-104.wav,7.694,7.724,0.03,r,@,s,N00506_female_54,False,o,r
fn001006_sentence-104.wav,1.342,1.373,0.031,p,m,r,N00506_female_54,False,o,p
fn001006_sentence-104.wav,0.283,0.323,0.04,h,r,a,N00506_female_54,False,o,h
fn001006_sentence-105.wav,0.162,0.193,0.031,I,t,s,N00506_female_54,False,o,ɪ
fn001006_sentence-105.wav,3.942,3.982,0.04,k,@,f,N00506_female_54,False,o,k
fn001006_sentence-105.wav,3.821,3.851,0.03,@,t,l,N00506_female_54,False,o,ə
fn001006_sentence-106.wav,13.865,13.895,0.03,d,n,@,N00506_female_54,False,o,d
fn001006_sentence-106.wav,8.441,8.483,0.042,d,r,@,N00506_female_54,False,o,d
fn001006_sentence-106.wav,10.165,10.195,0.03,@,l,x,N00506_female_54,False,o,ə
fn001006_sentence-106.wav,9.842,9.883,0.041,@,r,l,N00506_female_54,False,o,ə
fn001006_sentence-106.wav,5.844,5.874,0.03,y,l,t,N00506_female_54,False,o,yː
fn001006_sentence-106.wav,8.483,8.524,0.041,@,d,r,N00506_female_54,False,o,ə
fn001006_sentence-107.wav,0.101,0.141,0.04,r,a,s,N00506_female_54,False,o,r
fn001006_sentence-107.wav,1.422,1.462,0.04,@,t,r,N00506_female_54,False,o,ə
fn001006_sentence-108.wav,6.841,6.882,0.041,@,d,r,N00506_female_54,False,o,ə
fn001006_sentence-108.wav,6.468,6.499,0.031,r,@,s,N00506_female_54,False,o,r
fn001006_sentence-109.wav,0.184,0.224,0.04,w,k,I,N00506_female_54,False,o,ʋ
fn001006_sentence-110.wav,0.103,0.134,0.031,w,k,I,N00506_female_54,False,o,ʋ
fn001006_sentence-112.wav,0.305,0.335,0.03,l,E,n,N00506_female_54,False,o,l
fn001006_sentence-113.wav,0.541,0.582,0.041,E,d,N,N00506_female_54,False,o,ɛ
fn001006_sentence-115.wav,0.242,0.283,0.041,I,w,s,N00506_female_54,False,o,ɪ
fn001006_sentence-115.wav,0.424,0.454,0.03,@,t,w,N00506_female_54,False,o,ə
fn001006_sentence-117.wav,5.203,5.244,0.041,h,s,a,N00506_female_54,False,o,h
fn001006_sentence-117.wav,8.247,8.277,0.03,d,r,A,N00506_female_54,False,o,d
fn001006_sentence-118.wav,0.091,0.121,0.03,l,A,s,N00506_female_54,False,o,l
fn001006_sentence-119.wav,0.163,0.193,0.03,w,@,I,N00506_female_54,False,o,ʋ
fn001006_sentence-119.wav,0.254,0.284,0.03,l,I,@,N00506_female_54,False,o,l
fn001006_sentence-120.wav,1.462,1.492,0.03,w,A+,@,N00506_female_54,False,o,ʋ
fn001006_sentence-120.wav,0.484,0.524,0.04,m,r,@,N00506_female_54,False,o,m
fn001006_sentence-136.wav,0.172,0.203,0.031,w,u,o,N00506_female_54,False,o,ʋ
fn001006_sentence-136.wav,0.142,0.172,0.03,u,j,w,N00506_female_54,False,o,uː
fn001006_sentence-139.wav,1.724,1.754,0.03,w,r,E,N00506_female_54,False,o,ʋ
fn001006_sentence-140.wav,2.643,2.684,0.041,I,i,k,N00506_female_54,False,o,ɪ
fn001006_sentence-142.wav,3.831,3.861,0.03,I,r,k,N00506_female_54,False,o,ɪ
fn001006_sentence-142.wav,0.152,0.182,0.03,b,o,e,N00506_female_54,False,o,b
fn001006_sentence-144.wav,0.223,0.253,0.03,f,l,s,N00506_female_54,False,o,f
fn001006_sentence-24.wav,0.142,0.182,0.04,b,E+,@,N00506_female_54,False,o,b
fn001006_sentence-31.wav,3.485,3.515,0.03,w,n,I,N00506_female_54,False,o,ʋ
fn001006_sentence-38.wav,1.291,1.321,0.03,w,s,@,N00506_female_54,False,o,ʋ
fn001006_sentence-40.wav,2.349,2.379,0.03,w,t,@,N00506_female_54,False,o,ʋ
fn001006_sentence-40.wav,0.323,0.363,0.04,w,n,@,N00506_female_54,False,o,ʋ
fn001006_sentence-60.wav,0.841,0.882,0.041,Y,z,l,N00506_female_54,False,o,ʉ
fn001006_sentence-63.wav,1.33,1.36,0.03,w,s,O,N00506_female_54,False,o,ʋ
fn001006_sentence-65.wav,0.122,0.162,0.04,w,n,A,N00506_female_54,False,o,ʋ
fn001006_sentence-78.wav,0.162,0.202,0.04,Y,z,l,N00506_female_54,False,o,ʉ
fn001034_sentence-0.wav,0.162,0.193,0.031,t,f,s,N00534_male_65,False,o,t
fn001034_sentence-1.wav,1.884,1.924,0.04,t,r,n,N00534_male_65,False,o,t
fn001034_sentence-1.wav,1.843,1.884,0.041,r,y,t,N00534_male_65,False,o,r
fn001034_sentence-10.wav,1.949,1.979,0.03,a,m,r,N00534_male_65,False,o,aː
fn001034_sentence-10.wav,4.362,4.392,0.03,r,a,d,N00534_male_65,False,o,r
fn001034_sentence-10.wav,4.963,5.004,0.041,d,n,i,N00534_male_65,False,o,d
fn001034_sentence-10.wav,0.83,0.86,0.03,r,@,l,N00534_male_65,False,o,r
fn001034_sentence-10.wav,0.081,0.121,0.04,@,z,h,N00534_male_65,False,o,ə
fn001034_sentence-10.wav,0.121,0.161,0.04,h,@,E,N00534_male_65,False,o,h
fn001034_sentence-100.wav,0.285,0.316,0.031,r,E,O,N00534_male_65,False,o,r
fn001034_sentence-100.wav,0.122,0.153,0.031,x,@,a,N00534_male_65,False,o,x
fn001034_sentence-101.wav,3.673,3.704,0.031,j,i,@,N00534_male_65,False,o,j
fn001034_sentence-101.wav,2.611,2.641,0.03,A,f,n,N00534_male_65,False,o,ɑ
fn001034_sentence-101.wav,3.704,3.744,0.04,@,j,w,N00534_male_65,False,o,ə
fn001034_sentence-101.wav,1.933,1.964,0.031,n,E,l,N00534_male_65,False,o,n
fn001034_sentence-102.wav,0.641,0.672,0.031,d,r,@,N00534_male_65,False,o,d
fn001034_sentence-102.wav,0.41,0.44,0.03,@,S,s,N00534_male_65,False,o,ə
fn001034_sentence-102.wav,0.883,0.923,0.04,r,G,u,N00534_male_65,False,o,r
fn001034_sentence-102.wav,0.611,0.641,0.03,r,O,d,N00534_male_65,False,o,r
fn001034_sentence-103.wav,4.281,4.312,0.031,@,l,k,N00534_male_65,False,o,ə
fn001034_sentence-103.wav,3.502,3.543,0.041,@,e,m,N00534_male_65,False,o,ə
fn001034_sentence-103.wav,0.667,0.698,0.031,r,a,m,N00534_male_65,False,o,r
fn001034_sentence-104.wav,2.466,2.496,0.03,t,n,w,N00534_male_65,False,o,t
fn001034_sentence-104.wav,2.709,2.739,0.03,E,t,r,N00534_male_65,False,o,ɛ
fn001034_sentence-105.wav,1.153,1.184,0.031,t,n,u,N00534_male_65,False,o,t
fn001034_sentence-105.wav,1.949,1.979,0.03,A,w,n,N00534_male_65,False,o,ɑ
fn001034_sentence-106.wav,1.201,1.241,0.04,r,a,w,N00534_male_65,False,o,r
fn001034_sentence-107.wav,3.803,3.843,0.04,l,E,k,N00534_male_65,False,o,l
fn001034_sentence-108.wav,0.294,0.324,0.03,r,E,s,N00534_male_65,False,o,r
fn001034_sentence-108.wav,2.89,2.921,0.031,@,G,v,N00534_male_65,False,o,ə
fn001034_sentence-108.wav,0.648,0.678,0.03,n,@,s,N00534_male_65,False,o,n
fn001034_sentence-109.wav,0.222,0.263,0.041,I,k,s,N00534_male_65,False,o,ɪ
fn001034_sentence-109.wav,0.444,0.475,0.031,h,t,i,N00534_male_65,False,o,h
fn001034_sentence-11.wav,4.306,4.336,0.03,i,r,n,N00534_male_65,False,o,iː
fn001034_sentence-11.wav,4.125,4.155,0.03,d,n,@,N00534_male_65,False,o,d
fn001034_sentence-11.wav,2.992,3.023,0.031,@,b,j,N00534_male_65,False,o,ə
fn001034_sentence-110.wav,4.05,4.08,0.03,G,N,@,N00534_male_65,False,o,ɣ
fn001034_sentence-110.wav,3.707,3.738,0.031,@,j,I,N00534_male_65,False,o,ə
fn001034_sentence-113.wav,0.152,0.182,0.03,@,x,n,N00534_male_65,False,o,ə
fn001034_sentence-115.wav,0.222,0.262,0.04,h,k,o,N00534_male_65,False,o,h
fn001034_sentence-115.wav,0.464,0.504,0.04,A,d,t,N00534_male_65,False,o,ɑ
fn001034_sentence-115.wav,0.121,0.161,0.04,I,r,k,N00534_male_65,False,o,ɪ
fn001034_sentence-122.wav,1.542,1.572,0.03,h,p,Y,N00534_male_65,False,o,h
fn001034_sentence-125.wav,1.23,1.26,0.03,@,d,f,N00534_male_65,False,o,ə
fn001034_sentence-126.wav,2.942,2.973,0.031,@,S,s,N00534_male_65,False,o,ə
fn001034_sentence-127.wav,0.909,0.939,0.03,@,v,r,N00534_male_65,False,o,ə
fn001034_sentence-127.wav,1.223,1.254,0.031,@,d,r,N00534_male_65,False,o,ə
fn001034_sentence-128.wav,1.902,1.942,0.04,@,t,n,N00534_male_65,False,o,ə
fn001034_sentence-13.wav,0.883,0.923,0.04,j,i,@,N00534_male_65,False,o,j
fn001034_sentence-13.wav,3.167,3.198,0.031,h,n,A,N00534_male_65,False,o,h
fn001034_sentence-132.wav,2.066,2.096,0.03,I,r,n,N00534_male_65,False,o,ɪ
fn001034_sentence-137.wav,0.262,0.303,0.041,d,n,i,N00534_male_65,False,o,d
fn001034_sentence-137.wav,1.401,1.431,0.03,w,A+,f,N00534_male_65,False,o,ʋ
fn001034_sentence-140.wav,2.171,2.201,0.03,h,x,E,N00534_male_65,False,o,h
fn001034_sentence-149.wav,0.325,0.356,0.031,w,A+,d,N00534_male_65,False,o,ʋ
fn001034_sentence-159.wav,1.504,1.544,0.04,h,r,A,N00534_male_65,False,o,h
fn001034_sentence-161.wav,0.425,0.456,0.031,j,i,@,N00534_male_65,False,o,j
fn001034_sentence-162.wav,0.162,0.202,0.04,h,@,e,N00534_male_65,False,o,h
fn001034_sentence-25.wav,0.086,0.117,0.031,h,@,E,N00534_male_65,False,o,h
fn001034_sentence-25.wav,3.468,3.498,0.03,j,i,@,N00534_male_65,False,o,j
fn001034_sentence-25.wav,1.205,1.235,0.03,G,e,@,N00534_male_65,False,o,ɣ
fn001034_sentence-39.wav,0.163,0.203,0.04,h,t,e,N00534_male_65,False,o,h
fn001034_sentence-41.wav,0.303,0.333,0.03,N,E,k,N00534_male_65,False,o,ŋ
fn001034_sentence-42.wav,3.643,3.683,0.04,h,r,i,N00534_male_65,False,o,h
fn001034_sentence-55.wav,4.826,4.857,0.031,h,l,Y,N00534_male_65,False,o,h
fn001183_sentence-0.wav,0.266,0.297,0.031,r,E,S,N00683_female_56,False,o,r
fn001183_sentence-0.wav,6.288,6.318,0.03,A,v,n,N00683_female_56,False,o,ɑ
fn001183_sentence-0.wav,3.743,3.784,0.041,r,A,m,N00683_female_56,False,o,r
fn001183_sentence-0.wav,4.781,4.823,0.042,l,b,I,N00683_female_56,False,o,l
fn001183_sentence-1.wav,0.741,0.772,0.031,n,i,y,N00683_female_56,False,o,n
fn001183_sentence-1.wav,0.102,0.143,0.041,w,t,A,N00683_female_56,False,o,ʋ
fn001183_sentence-1.wav,0.894,0.924,0.03,@,t,v,N00683_female_56,False,o,ə
fn001183_sentence-1.wav,0.711,0.741,0.03,i,m,n,N00683_female_56,False,o,iː
fn001183_sentence-10.wav,3.231,3.261,0.03,n,@,d,N00683_female_56,False,o,n
fn001183_sentence-10.wav,0.253,0.284,0.031,n,@,s,N00683_female_56,False,o,n
fn001183_sentence-10.wav,0.183,0.223,0.04,G,l,@,N00683_female_56,False,o,ɣ
fn001183_sentence-10.wav,0.223,0.253,0.03,@,G,n,N00683_female_56,False,o,ə
fn001183_sentence-10.wav,0.992,1.022,0.03,b,r,@,N00683_female_56,False,o,b
fn001183_sentence-10.wav,3.201,3.231,0.03,@,r,n,N00683_female_56,False,o,ə
fn001183_sentence-10.wav,0.314,0.344,0.03,d,s,@,N00683_female_56,False,o,d
fn001183_sentence-10.wav,0.284,0.314,0.03,s,n,d,N00683_female_56,False,o,s
fn001183_sentence-10.wav,1.943,1.984,0.041,r,o,l,N00683_female_56,False,o,r
fn001183_sentence-10.wav,0.962,0.992,0.03,r,e,b,N00683_female_56,False,o,r
fn001183_sentence-10.wav,3.261,3.302,0.041,d,n,@,N00683_female_56,False,o,d
fn001183_sentence-10.wav,3.171,3.201,0.03,r,o,@,N00683_female_56,False,o,r
fn001183_sentence-10.wav,0.142,0.183,0.041,l,O,G,N00683_female_56,False,o,l
fn001183_sentence-100.wav,0.361,0.402,0.041,n,r,i,N00683_female_56,False,o,n
fn001183_sentence-101.wav,1.129,1.159,0.03,r,a,t,N00683_female_56,False,o,r
fn001183_sentence-102.wav,5.823,5.864,0.041,N,a,G,N00683_female_56,False,o,ŋ
fn001183_sentence-102.wav,4.572,4.602,0.03,d,r,e,N00683_female_56,False,o,d
fn001183_sentence-102.wav,4.602,4.633,0.031,e,d,r,N00683_female_56,False,o,eː
fn001183_sentence-104.wav,1.707,1.737,0.03,@,d,h,N00683_female_56,False,o,ə
fn001183_sentence-104.wav,2.403,2.433,0.03,r,a,t,N00683_female_56,False,o,r
fn001183_sentence-104.wav,2.811,2.841,0.03,r,@,s,N00683_female_56,False,o,r
fn001183_sentence-104.wav,3.025,3.056,0.031,n,A,t,N00683_female_56,False,o,n
fn001183_sentence-104.wav,0.705,0.735,0.03,t,s,m,N00683_female_56,False,o,t
fn001183_sentence-104.wav,2.933,2.964,0.031,l,p,A,N00683_female_56,False,o,l
fn001183_sentence-104.wav,2.223,2.264,0.041,t,@,k,N00683_female_56,False,o,t
fn001183_sentence-104.wav,0.603,0.644,0.041,r,e,s,N00683_female_56,False,o,r
fn001183_sentence-105.wav,1.106,1.136,0.03,r,A,k,N00683_female_56,False,o,r
fn001183_sentence-105.wav,7.694,7.724,0.03,l,p,A,N00683_female_56,False,o,l
fn001183_sentence-105.wav,3.669,3.7,0.031,n,a,d,N00683_female_56,False,o,n
fn001183_sentence-105.wav,7.522,7.552,0.03,@,z,r,N00683_female_56,False,o,ə
fn001183_sentence-105.wav,4.084,4.115,0.031,n,@,m,N00683_female_56,False,o,n
fn001183_sentence-105.wav,7.552,7.583,0.031,r,@,s,N00683_female_56,False,o,r
fn001183_sentence-106.wav,2.024,2.054,0.03,E+,z,n,N00683_female_56,False,o,ɛi
fn001183_sentence-106.wav,1.943,1.973,0.03,n,I,z,N00683_female_56,False,o,n
fn001183_sentence-116.wav,1.102,1.132,0.03,E,z,r,N00683_female_56,False,o,ɛ
fn001183_sentence-116.wav,0.687,0.718,0.031,n,@,x,N00683_female_56,False,o,n
fn001183_sentence-116.wav,1.305,1.335,0.03,r,e,t,N00683_female_56,False,o,r
fn001183_sentence-117.wav,1.654,1.684,0.03,r,E,t,N00683_female_56,False,o,r
fn001183_sentence-117.wav,1.422,1.452,0.03,r,e,@,N00683_female_56,False,o,r
fn001183_sentence-118.wav,0.75,0.78,0.03,r,@,d,N00683_female_56,False,o,r
fn001183_sentence-118.wav,0.263,0.304,0.041,n,s,i,N00683_female_56,False,o,n
fn001183_sentence-119.wav,0.828,0.858,0.03,n,@,x,N00683_female_56,False,o,n
fn001183_sentence-119.wav,2.302,2.342,0.04,n,A,@,N00683_female_56,False,o,n
fn001183_sentence-119.wav,1.444,1.474,0.03,r,e,d,N00683_female_56,False,o,r
fn001183_sentence-12.wav,0.631,0.661,0.03,r,a,n,N00683_female_56,False,o,r
fn001183_sentence-12.wav,0.427,0.458,0.031,w,A+,I,N00683_female_56,False,o,ʋ
fn001183_sentence-120.wav,1.793,1.823,0.03,l,A,s,N00683_female_56,False,o,l
fn001183_sentence-120.wav,2.633,2.664,0.031,r,E,t,N00683_female_56,False,o,r
fn001183_sentence-120.wav,1.702,1.742,0.04,@,t,A,N00683_female_56,False,o,ə
fn001183_sentence-120.wav,2.827,2.858,0.031,r,@,e,N00683_female_56,False,o,r
fn001183_sentence-120.wav,2.541,2.571,0.03,w,r,E,N00683_female_56,False,o,ʋ
fn001183_sentence-120.wav,2.208,2.238,0.03,@,l,x,N00683_female_56,False,o,ə
fn001183_sentence-121.wav,0.713,0.743,0.03,r,E,@,N00683_female_56,False,o,r
fn001183_sentence-123.wav,6.681,6.722,0.041,@,k,r,N00683_female_56,False,o,ə
fn001183_sentence-123.wav,6.722,6.752,0.03,r,@,v,N00683_female_56,False,o,r
fn001183_sentence-123.wav,2.702,2.732,0.03,l,o,v,N00683_female_56,False,o,l
fn001183_sentence-126.wav,0.142,0.183,0.041,r,E,t,N00683_female_56,False,o,r
fn001183_sentence-127.wav,0.843,0.884,0.041,@,d,e,N00683_female_56,False,o,ə
fn001183_sentence-127.wav,4.61,4.64,0.03,@,d,r,N00683_female_56,False,o,ə
fn001183_sentence-128.wav,0.953,0.984,0.031,r,@,z,N00683_female_56,False,o,r
fn001183_sentence-13.wav,2.028,2.058,0.03,w,A+,b,N00683_female_56,False,o,ʋ
fn001183_sentence-13.wav,2.633,2.663,0.03,r,e,z,N00683_female_56,False,o,r
fn001183_sentence-13.wav,2.27,2.3,0.03,l,A,s,N00683_female_56,False,o,l
fn001183_sentence-13.wav,0.222,0.252,0.03,r,e,s,N00683_female_56,False,o,r
fn001183_sentence-13.wav,0.424,0.454,0.03,r,o,s,N00683_female_56,False,o,r
fn001183_sentence-130.wav,1.144,1.174,0.03,l,n,I,N00683_female_56,False,o,l
fn001183_sentence-132.wav,2.171,2.201,0.03,r,@,d,N00683_female_56,False,o,r
fn001183_sentence-132.wav,1.224,1.264,0.04,b,z,@,N00683_female_56,False,o,b
fn001183_sentence-132.wav,3.982,4.012,0.03,w,k,A,N00683_female_56,False,o,ʋ
fn001183_sentence-133.wav,1.312,1.342,0.03,l,@,O,N00683_female_56,False,o,l
fn001183_sentence-139.wav,0.225,0.256,0.031,w,t,A,N00683_female_56,False,o,ʋ
fn001183_sentence-141.wav,2.572,2.602,0.03,r,e,w,N00683_female_56,False,o,r
fn001183_sentence-141.wav,0.385,0.416,0.031,w,y,s,N00683_female_56,False,o,ʋ
fn001183_sentence-141.wav,0.203,0.243,0.04,w,k,A,N00683_female_56,False,o,ʋ
fn001183_sentence-142.wav,3.071,3.102,0.031,r,e,d,N00683_female_56,False,o,r
fn001183_sentence-142.wav,7.081,7.122,0.041,r,e,s,N00683_female_56,False,o,r
fn001183_sentence-142.wav,0.785,0.815,0.03,r,@,v,N00683_female_56,False,o,r
fn001183_sentence-144.wav,1.229,1.259,0.03,r,A,k,N00683_female_56,False,o,r
fn001183_sentence-145.wav,0.526,0.556,0.03,r,f,O,N00683_female_56,False,o,r
fn001183_sentence-145.wav,0.974,1.004,0.03,w,n,E,N00683_female_56,False,o,ʋ
fn001183_sentence-146.wav,3.121,3.152,0.031,r,A,k,N00683_female_56,False,o,r
fn001183_sentence-173.wav,0.162,0.202,0.04,w,t,A,N00683_female_56,False,o,ʋ
fn001183_sentence-188.wav,0.75,0.781,0.031,w,r,A,N00683_female_56,False,o,ʋ
fn001790_sentence-0.wav,0.913,0.943,0.03,n,A,d,N02006_male_46,False,k,n
fn001790_sentence-0.wav,0.406,0.436,0.03,@,v,r,N02006_male_46,False,k,ə
fn001790_sentence-0.wav,0.943,0.984,0.041,d,n,a,N02006_male_46,False,k,d
fn001790_sentence-0.wav,3.326,3.356,0.03,n,A,d,N02006_male_46,False,k,n
fn001790_sentence-0.wav,1.421,1.451,0.03,@,t,n,N02006_male_46,False,k,ə
fn001790_sentence-0.wav,3.386,3.417,0.031,@,d,v,N02006_male_46,False,k,ə
fn001790_sentence-0.wav,0.71,0.74,0.03,I,l,x,N02006_male_46,False,k,ɪ
fn001790_sentence-0.wav,1.451,1.481,0.03,n,@,d,N02006_male_46,False,k,n
fn001790_sentence-1.wav,0.45,0.48,0.03,o,S,n,N02006_male_46,False,k,oː
fn001790_sentence-1.wav,0.143,0.184,0.041,t,n,@,N02006_male_46,False,k,t
fn001790_sentence-1.wav,0.184,0.215,0.031,@,t,r,N02006_male_46,False,k,ə
fn001790_sentence-1.wav,3.163,3.204,0.041,v,@,A,N02006_male_46,False,k,v
fn001790_sentence-1.wav,0.245,0.276,0.031,n,r,A,N02006_male_46,False,k,n
fn001790_sentence-1.wav,0.327,0.358,0.031,t,A,S,N02006_male_46,False,k,t
fn001790_sentence-2.wav,0.112,0.142,0.03,r,E,d,N02006_male_46,False,k,r
fn001790_sentence-2.wav,0.741,0.771,0.03,E,f,n,N02006_male_46,False,k,ɛ
fn001790_sentence-2.wav,0.142,0.183,0.041,d,r,@,N02006_male_46,False,k,d
fn001790_sentence-2.wav,0.944,0.974,0.03,@,u,n,N02006_male_46,False,k,ə
fn001790_sentence-3.wav,0.461,0.491,0.03,m,A,v,N02006_male_46,False,k,m
fn001790_sentence-3.wav,0.542,0.582,0.04,A,v,n,N02006_male_46,False,k,ɑ
fn001790_sentence-3.wav,1.25,1.28,0.03,@,G,r,N02006_male_46,False,k,ə
fn001790_sentence-3.wav,0.582,0.612,0.03,n,A,m,N02006_male_46,False,k,n
fn001790_sentence-3.wav,0.39,0.42,0.03,w,k,A,N02006_male_46,False,k,ʋ
fn001790_sentence-3.wav,0.046,0.076,0.03,@,d,s,N02006_male_46,False,k,ə
fn001790_sentence-4.wav,1.293,1.324,0.031,t,@,n,N02006_male_46,False,k,t
fn001790_sentence-4.wav,0.543,0.573,0.03,l,I,v,N02006_male_46,False,k,l
fn001790_sentence-4.wav,2.145,2.175,0.03,@,t,r,N02006_male_46,False,k,ə
fn001790_sentence-5.wav,0.585,0.616,0.031,r,o,d,N02006_male_46,False,k,r
fn001790_sentence-5.wav,1.826,1.857,0.031,r,@,t,N02006_male_46,False,k,r
fn001791_sentence-0.wav,3.881,3.922,0.041,n,E,t,N02006_male_46,False,k,n
fn001791_sentence-0.wav,5.365,5.396,0.031,r,O,d,N02006_male_46,False,k,r
fn001791_sentence-0.wav,2.445,2.475,0.03,n,@,t,N02006_male_46,False,k,n
fn001791_sentence-0.wav,3.512,3.542,0.03,k,u,d,N02006_male_46,False,k,k
fn001791_sentence-0.wav,3.851,3.881,0.03,E,v,n,N02006_male_46,False,k,ɛ
fn001791_sentence-0.wav,5.234,5.264,0.03,@,t,w,N02006_male_46,False,k,ə
fn001791_sentence-0.wav,0.603,0.644,0.041,@,b,s,N02006_male_46,False,k,ə
fn001791_sentence-1.wav,0.349,0.379,0.03,@,m,r,N02006_male_46,False,k,ə
fn001791_sentence-1.wav,4.482,4.523,0.041,n,A,t,N02006_male_46,False,k,n
fn001791_sentence-1.wav,1.961,2.001,0.04,t,i,m,N02006_male_46,False,k,t
fn001791_sentence-1.wav,2.062,2.092,0.03,e,m,r,N02006_male_46,False,k,eː
fn001791_sentence-1.wav,2.092,2.122,0.03,r,e,t,N02006_male_46,False,k,r
fn001791_sentence-3.wav,1.683,1.724,0.041,@,b,s,N02006_male_46,False,k,ə
fn001791_sentence-3.wav,0.529,0.559,0.03,@,d,r,N02006_male_46,False,k,ə
fn001791_sentence-3.wav,0.061,0.092,0.031,@,d,v,N02006_male_46,False,k,ə
fn001791_sentence-3.wav,1.464,1.504,0.04,n,A,@,N02006_male_46,False,k,n
fn001791_sentence-3.wav,0.752,0.783,0.031,I,l,x,N02006_male_46,False,k,ɪ
fn001792_sentence-0.wav,0.822,0.863,0.041,x,r,s,N02006_male_46,False,k,x
fn001792_sentence-0.wav,0.061,0.101,0.04,n,I,j,N02006_male_46,False,k,n
fn001792_sentence-0.wav,3.173,3.203,0.03,i,d,j,N02006_male_46,False,k,iː
fn001792_sentence-0.wav,2.625,2.655,0.03,d,u,b,N02006_male_46,False,k,d
fn001792_sentence-1.wav,0.329,0.359,0.03,h,r,O,N02006_male_46,False,k,h
fn001792_sentence-1.wav,0.531,0.561,0.03,r,@,w,N02006_male_46,False,k,r
fn001792_sentence-1.wav,0.804,0.844,0.04,x,@,s,N02006_male_46,False,k,x
fn001792_sentence-1.wav,1.248,1.278,0.03,@,t,r,N02006_male_46,False,k,ə
fn001792_sentence-1.wav,0.622,0.652,0.03,w,r,I,N02006_male_46,False,k,ʋ
fn001792_sentence-1.wav,0.774,0.804,0.03,@,t,x,N02006_male_46,False,k,ə
fn001792_sentence-2.wav,0.552,0.583,0.031,@,f,r,N02006_male_46,False,k,ə
fn001792_sentence-2.wav,3.602,3.632,0.03,@,d,n,N02006_male_46,False,k,ə
fn001792_sentence-2.wav,5.993,6.023,0.03,@,p,t,N02006_male_46,False,k,ə
fn001792_sentence-2.wav,3.804,3.834,0.03,b,n,@,N02006_male_46,False,k,b
fn001792_sentence-2.wav,0.805,0.836,0.031,d,r,@,N02006_male_46,False,k,d
fn001792_sentence-2.wav,0.583,0.613,0.03,r,@,s,N02006_male_46,False,k,r
fn001792_sentence-2.wav,4.53,4.56,0.03,t,s,r,N02006_male_46,False,k,t
fn001792_sentence-2.wav,1.109,1.139,0.03,d,r,@,N02006_male_46,False,k,d
fn001792_sentence-2.wav,3.763,3.804,0.041,n,@,b,N02006_male_46,False,k,n
fn001792_sentence-2.wav,3.733,3.763,0.03,@,s,n,N02006_male_46,False,k,ə
fn001792_sentence-2.wav,3.985,4.016,0.031,N,A,r,N02006_male_46,False,k,ŋ
fn001792_sentence-2.wav,3.572,3.602,0.03,d,E+,@,N02006_male_46,False,k,d
fn001792_sentence-3.wav,1.701,1.741,0.04,t,n,k,N02006_male_46,False,k,t
fn001792_sentence-3.wav,1.924,1.964,0.04,r,a,t,N02006_male_46,False,k,r
fn001792_sentence-3.wav,1.63,1.66,0.03,@,z,n,N02006_male_46,False,k,ə
fn001792_sentence-3.wav,0.067,0.098,0.031,@,d,O,N02006_male_46,False,k,ə
fn001793_sentence-0.wav,0.121,0.161,0.04,v,@,i,N02006_male_46,False,k,v
fn001793_sentence-0.wav,3.383,3.423,0.04,@,l,x,N02006_male_46,False,k,ə
fn001793_sentence-0.wav,0.403,0.434,0.031,w,t,I,N02006_male_46,False,k,ʋ
fn001793_sentence-0.wav,0.363,0.403,0.04,t,n,w,N02006_male_46,False,k,t
fn001793_sentence-0.wav,0.504,0.534,0.03,t,n,@,N02006_male_46,False,k,t
fn001793_sentence-0.wav,0.474,0.504,0.03,n,I,t,N02006_male_46,False,k,n
fn001793_sentence-0.wav,0.333,0.363,0.03,n,E,t,N02006_male_46,False,k,n
fn001793_sentence-0.wav,2.308,2.338,0.03,t,s,x,N02006_male_46,False,k,t
fn001793_sentence-0.wav,1.986,2.016,0.03,r,E,d,N02006_male_46,False,k,r
fn001793_sentence-0.wav,0.806,0.837,0.031,r,e,i,N02006_male_46,False,k,r
fn001793_sentence-1.wav,0.051,0.082,0.031,Y,h,n,N02006_male_46,False,k,ʉ
fn001793_sentence-2.wav,1.281,1.322,0.041,l,d,A,N02006_male_46,False,k,l
fn001793_sentence-2.wav,1.443,1.473,0.03,d,n,I,N02006_male_46,False,k,d
fn001794_sentence-0.wav,0.621,0.662,0.041,h,e,e,N02006_male_46,False,k,h
fn001794_sentence-0.wav,1.868,1.898,0.03,@,l,b,N02006_male_46,False,k,ə
fn001794_sentence-0.wav,2.344,2.374,0.03,d,n,@,N02006_male_46,False,k,d
fn001795_sentence-0.wav,3.329,3.359,0.03,r,@,b,N02006_male_46,False,k,r
fn001795_sentence-0.wav,3.521,3.551,0.03,m,t,E,N02006_male_46,False,k,m
fn001795_sentence-3.wav,1.582,1.622,0.04,h,r,u,N02006_male_46,False,k,h
fn001795_sentence-3.wav,1.923,1.953,0.03,r,E,k,N02006_male_46,False,k,r
fn001795_sentence-3.wav,0.751,0.781,0.03,r,@,l,N02006_male_46,False,k,r
fn001795_sentence-4.wav,1.931,1.962,0.031,r,@,s,N02006_male_46,False,k,r
fn001795_sentence-4.wav,1.102,1.143,0.041,j,i,o,N02006_male_46,False,k,j
fn001796_sentence-0.wav,2.594,2.624,0.03,Y,j,m,N02006_male_46,False,k,ʉ
fn001796_sentence-0.wav,1.564,1.595,0.031,r,@,v,N02006_male_46,False,k,r
fn001796_sentence-1.wav,0.293,0.323,0.03,r,@,h,N02006_male_46,False,k,r
fn001796_sentence-1.wav,0.323,0.354,0.031,h,r,O,N02006_male_46,False,k,h
fn001796_sentence-1.wav,1.942,1.982,0.04,G,r,@,N02006_male_46,False,k,ɣ
fn001796_sentence-2.wav,2.483,2.513,0.03,r,E,d,N02006_male_46,False,k,r
fn001796_sentence-2.wav,1.464,1.504,0.04,w,A+,@,N02006_male_46,False,k,ʋ
fn001796_sentence-2.wav,4.164,4.195,0.031,r,@,d,N02006_male_46,False,k,r
fn001796_sentence-2.wav,0.846,0.877,0.031,r,@,w,N02006_male_46,False,k,r
fn001796_sentence-2.wav,5.674,5.704,0.03,r,N,E+,N02006_male_46,False,k,r
fn001796_sentence-3.wav,0.046,0.076,0.03,r,E,z,N02006_male_46,False,k,r
fn001796_sentence-3.wav,0.601,0.631,0.03,r,E,t,N02006_male_46,False,k,r
fn001796_sentence-3.wav,2.265,2.295,0.03,r,@,k,N02006_male_46,False,k,r
fn001797_sentence-0.wav,4.664,4.704,0.04,r,k,i,N02006_male_46,False,k,r
fn001797_sentence-1.wav,3.147,3.177,0.03,r,E,t,N02006_male_46,False,k,r
fn001798_sentence-0.wav,0.724,0.764,0.04,h,t,E,N02006_male_46,False,k,h
fn001798_sentence-0.wav,0.593,0.623,0.03,w,t,O,N02006_male_46,False,k,ʋ
fn001799_sentence-0.wav,0.303,0.344,0.041,w,r,E,N02006_male_46,False,k,ʋ
fn001800_sentence-0.wav,3.604,3.644,0.04,N,I,@,N02006_male_46,False,k,ŋ
fn001800_sentence-0.wav,3.928,3.958,0.03,G,E,@,N02006_male_46,False,k,ɣ
fn001801_sentence-3.wav,3.382,3.422,0.04,h,i,u,N02006_male_46,False,k,h
fn001802_sentence-2.wav,3.534,3.564,0.03,N,A,r,N02006_male_46,False,k,ŋ
fn001803_sentence-2.wav,2.241,2.281,0.04,h,@,O,N02006_male_46,False,k,h
fn001806_sentence-3.wav,2.326,2.356,0.03,N,A,@,N02006_male_46,False,k,ŋ
fn001806_sentence-3.wav,3.322,3.352,0.03,w,i,O,N02006_male_46,False,k,ʋ
fn001810_sentence-1.wav,5.484,5.515,0.031,h,@,a,N02006_male_46,False,k,h
fn001810_sentence-1.wav,3.981,4.021,0.04,w,k,A,N02006_male_46,False,k,ʋ
fn001812_sentence-0.wav,4.986,5.016,0.03,w,t,e,N02006_male_46,False,k,ʋ
fn001814_sentence-1.wav,1.872,1.902,0.03,h,r,Y,N02006_male_46,False,k,h
fn001814_sentence-1.wav,1.902,1.932,0.03,Y,h,n,N02006_male_46,False,k,ʉ
fn001817_sentence-0.wav,1.251,1.281,0.03,w,t,I,N02006_male_46,False,k,ʋ
fn001817_sentence-1.wav,0.087,0.118,0.031,w,u,E,N02006_male_46,False,k,ʋ
fn001818_sentence-1.wav,0.901,0.931,0.03,w,s,A,N02006_male_46,False,k,ʋ
fn001820_sentence-1.wav,1.522,1.552,0.03,w,A+,t,N02006_male_46,False,k,ʋ
fn001820_sentence-1.wav,3.95,3.98,0.03,h,s,Y,N02006_male_46,False,k,h
fn001820_sentence-1.wav,3.27,3.301,0.031,h,r,Y,N02006_male_46,False,k,h
fn001820_sentence-2.wav,0.363,0.404,0.041,w,d,e,N02006_male_46,False,k,ʋ
fn001821_sentence-2.wav,2.373,2.404,0.031,w,A+,v,N02006_male_46,False,k,ʋ
fn001821_sentence-3.wav,0.067,0.097,0.03,w,t,a,N02006_male_46,False,k,ʋ
fn001822_sentence-1.wav,6.323,6.354,0.031,w,t,I,N02006_male_46,False,k,ʋ
fn002819_sentence-1.wav,0.392,0.423,0.031,w,t,I,N02006_male_46,False,k,ʋ
fn002821_sentence-1.wav,2.328,2.358,0.03,w,u,E+,N02006_male_46,False,k,ʋ
fn002823_sentence-3.wav,0.047,0.077,0.03,w,t,e,N02006_male_46,False,k,ʋ
fn002825_sentence-2.wav,2.922,2.953,0.031,w,r,E+,N02006_male_46,False,k,ʋ
fn002826_sentence-3.wav,0.668,0.698,0.03,w,f,I,N02006_male_46,False,k,ʋ
fn002826_sentence-4.wav,0.924,0.954,0.03,w,@,O,N02006_male_46,False,k,ʋ
fn002826_sentence-4.wav,0.162,0.203,0.041,w,d,O,N02006_male_46,False,k,ʋ
fn002833_sentence-2.wav,0.293,0.324,0.031,w,@,O,N02006_male_46,False,k,ʋ
fn002834_sentence-1.wav,3.347,3.377,0.03,w,r,i,N02006_male_46,False,k,ʋ
fn001949_sentence-0.wav,0.173,0.203,0.03,d,e,@,N02008_male_39,False,k,d
fn001949_sentence-0.wav,0.203,0.244,0.041,@,d,r,N02008_male_39,False,k,ə
fn001949_sentence-0.wav,2.206,2.236,0.03,@,v,r,N02008_male_39,False,k,ə
fn001949_sentence-0.wav,0.781,0.812,0.031,r,i,t,N02008_male_39,False,k,r
fn001949_sentence-1.wav,0.583,0.613,0.03,E,j,n,N02008_male_39,False,k,ɛ
fn001949_sentence-1.wav,3.326,3.357,0.031,t,s,@,N02008_male_39,False,k,t
fn001949_sentence-1.wav,2.002,2.042,0.04,l,A,r,N02008_male_39,False,k,l
fn001949_sentence-1.wav,0.848,0.879,0.031,n,@,t,N02008_male_39,False,k,n
fn001949_sentence-1.wav,0.072,0.102,0.03,@,z,w,N02008_male_39,False,k,ə
fn001949_sentence-1.wav,0.102,0.143,0.041,w,@,O,N02008_male_39,False,k,ʋ
fn001949_sentence-1.wav,2.861,2.902,0.041,r,a,d,N02008_male_39,False,k,r
fn001949_sentence-1.wav,0.143,0.184,0.041,O,w,r,N02008_male_39,False,k,ɔ
fn001949_sentence-10.wav,1.801,1.831,0.03,r,A,k,N02008_male_39,False,k,r
fn001949_sentence-10.wav,0.344,0.384,0.04,l,@,s,N02008_male_39,False,k,l
fn001949_sentence-10.wav,0.091,0.121,0.03,I,n,n,N02008_male_39,False,k,ɪ
fn001949_sentence-10.wav,0.121,0.151,0.03,n,I,m,N02008_male_39,False,k,n
fn001949_sentence-2.wav,3.023,3.064,0.041,y,j,l,N02008_male_39,False,k,yː
fn001949_sentence-2.wav,0.091,0.122,0.031,A,w,l,N02008_male_39,False,k,ɑ
fn001949_sentence-2.wav,0.122,0.152,0.03,l,A,s,N02008_male_39,False,k,l
fn001949_sentence-2.wav,0.031,0.061,0.03,o,z,w,N02008_male_39,False,k,oː
fn001949_sentence-2.wav,0.061,0.091,0.03,w,o,A,N02008_male_39,False,k,ʋ
fn001949_sentence-2.wav,2.983,3.023,0.04,j,s,y,N02008_male_39,False,k,j
fn001949_sentence-2.wav,1.269,1.299,0.03,f,s,A,N02008_male_39,False,k,f
fn001949_sentence-2.wav,0.832,0.863,0.031,@,d,o,N02008_male_39,False,k,ə
fn001949_sentence-3.wav,2.142,2.182,0.04,I,N,n,N02008_male_39,False,k,ɪ
fn001949_sentence-3.wav,0.091,0.121,0.03,r,O,m,N02008_male_39,False,k,r
fn001949_sentence-3.wav,0.626,0.657,0.031,r,2,A,N02008_male_39,False,k,r
fn001949_sentence-3.wav,2.182,2.223,0.041,n,I,@,N02008_male_39,False,k,n
fn001949_sentence-3.wav,5.072,5.102,0.03,r,k,i,N02008_male_39,False,k,r
fn001949_sentence-3.wav,3.682,3.722,0.04,t,I,j,N02008_male_39,False,k,t
fn001949_sentence-4.wav,0.783,0.814,0.031,N,I,I,N02008_male_39,False,k,ŋ
fn001949_sentence-4.wav,0.051,0.082,0.031,t,@,b,N02008_male_39,False,k,t
fn001949_sentence-4.wav,0.133,0.163,0.03,@,b,z,N02008_male_39,False,k,ə
fn001949_sentence-4.wav,1.342,1.383,0.041,k,I,s,N02008_male_39,False,k,k
fn001949_sentence-5.wav,1.462,1.502,0.04,s,o,t,N02008_male_39,False,k,s
fn001949_sentence-5.wav,1.542,1.573,0.031,@,t,v,N02008_male_39,False,k,ə
fn001949_sentence-5.wav,1.502,1.542,0.04,t,s,@,N02008_male_39,False,k,t
fn001949_sentence-5.wav,5.109,5.139,0.03,@,j,x,N02008_male_39,False,k,ə
fn001949_sentence-5.wav,2.874,2.904,0.03,t,E+,@,N02008_male_39,False,k,t
fn001949_sentence-5.wav,0.645,0.675,0.03,r,@,@,N02008_male_39,False,k,r
fn001949_sentence-5.wav,0.07,0.1,0.03,r,a,o,N02008_male_39,False,k,r
fn001949_sentence-5.wav,2.904,2.944,0.04,@,t,A,N02008_male_39,False,k,ə
fn001949_sentence-6.wav,2.483,2.514,0.031,@,t,r,N02008_male_39,False,k,ə
fn001949_sentence-6.wav,2.443,2.483,0.04,t,s,@,N02008_male_39,False,k,t
fn001949_sentence-6.wav,2.514,2.544,0.03,r,@,@,N02008_male_39,False,k,r
fn001949_sentence-6.wav,2.544,2.574,0.03,@,r,A,N02008_male_39,False,k,ə
fn001949_sentence-7.wav,0.851,0.882,0.031,@,t,r,N02008_male_39,False,k,ə
fn001949_sentence-7.wav,0.882,0.922,0.04,r,@,a,N02008_male_39,False,k,r
fn001949_sentence-7.wav,2.573,2.604,0.031,r,A,k,N02008_male_39,False,k,r
fn001949_sentence-7.wav,3.052,3.083,0.031,r,A,t,N02008_male_39,False,k,r
fn001949_sentence-8.wav,2.485,2.515,0.03,n,@,t,N02008_male_39,False,k,n
fn001949_sentence-8.wav,1.354,1.384,0.03,d,n,@,N02008_male_39,False,k,d
fn001949_sentence-8.wav,1.232,1.263,0.031,h,e,O,N02008_male_39,False,k,h
fn001949_sentence-8.wav,2.021,2.051,0.03,t,n,@,N02008_male_39,False,k,t
fn001949_sentence-8.wav,1.991,2.021,0.03,n,@,t,N02008_male_39,False,k,n
fn001949_sentence-8.wav,2.051,2.082,0.031,@,t,x,N02008_male_39,False,k,ə
fn001949_sentence-8.wav,2.821,2.852,0.031,O,@,p,N02008_male_39,False,k,ɔ
fn001949_sentence-8.wav,1.263,1.303,0.04,O,h,n,N02008_male_39,False,k,ɔ
fn001949_sentence-8.wav,1.93,1.96,0.03,v,e,@,N02008_male_39,False,k,v
fn001949_sentence-8.wav,3.802,3.842,0.04,t,p,r,N02008_male_39,False,k,t
fn001949_sentence-8.wav,1.384,1.414,0.03,@,d,r,N02008_male_39,False,k,ə
fn001949_sentence-8.wav,2.79,2.821,0.031,@,s,O,N02008_male_39,False,k,ə
fn001949_sentence-8.wav,1.768,1.799,0.031,n,E,z,N02008_male_39,False,k,n
fn001949_sentence-9.wav,0.688,0.718,0.03,r,@,d,N02008_male_39,False,k,r
fn001949_sentence-9.wav,1.989,2.019,0.03,s,e,t,N02008_male_39,False,k,s
fn001950_sentence-0.wav,2.751,2.781,0.03,O,r,p,N02008_male_39,False,k,ɔ
fn001950_sentence-0.wav,3.167,3.197,0.03,r,@,s,N02008_male_39,False,k,r
fn001950_sentence-0.wav,0.061,0.091,0.03,@,d,I,N02008_male_39,False,k,ə
fn001950_sentence-0.wav,0.152,0.182,0.03,n,I,d,N02008_male_39,False,k,n
fn001950_sentence-0.wav,1.782,1.822,0.04,r,O,t,N02008_male_39,False,k,r
fn001950_sentence-0.wav,0.182,0.213,0.031,d,n,o,N02008_male_39,False,k,d
fn001950_sentence-1.wav,4.822,4.862,0.04,I,w,l,N02008_male_39,False,k,ɪ
fn001950_sentence-1.wav,3.945,3.975,0.03,l,O,k,N02008_male_39,False,k,l
fn001950_sentence-1.wav,4.983,5.013,0.03,h,@,E,N02008_male_39,False,k,h
fn001950_sentence-1.wav,1.291,1.321,0.03,r,A,t,N02008_male_39,False,k,r
fn001950_sentence-2.wav,2.222,2.262,0.04,r,e,d,N02008_male_39,False,k,r
fn001950_sentence-2.wav,3.506,3.536,0.03,@,x,s,N02008_male_39,False,k,ə
fn001950_sentence-2.wav,0.132,0.162,0.03,G,l,@,N02008_male_39,False,k,ɣ
fn001950_sentence-2.wav,0.162,0.192,0.03,@,G,n,N02008_male_39,False,k,ə
fn001950_sentence-2.wav,3.243,3.283,0.04,@,d,w,N02008_male_39,False,k,ə
fn001950_sentence-2.wav,0.101,0.132,0.031,l,O,G,N02008_male_39,False,k,l
fn001950_sentence-2.wav,3.203,3.243,0.04,d,n,@,N02008_male_39,False,k,d
fn001950_sentence-2.wav,3.101,3.132,0.031,@,d,I,N02008_male_39,False,k,ə
fn001950_sentence-2.wav,3.283,3.324,0.041,w,@,I,N02008_male_39,False,k,ʋ
fn001950_sentence-2.wav,2.323,2.363,0.04,@,d,r,N02008_male_39,False,k,ə
fn001950_sentence-3.wav,2.783,2.823,0.04,@,d,r,N02008_male_39,False,k,ə
fn001950_sentence-3.wav,2.742,2.783,0.041,d,n,@,N02008_male_39,False,k,d
fn001950_sentence-3.wav,2.823,2.854,0.031,r,@,s,N02008_male_39,False,k,r
fn001951_sentence-0.wav,0.542,0.583,0.041,@,x,O,N02008_male_39,False,k,ə
fn001951_sentence-0.wav,0.502,0.542,0.04,x,t,@,N02008_male_39,False,k,x
fn001951_sentence-1.wav,0.709,0.74,0.031,r,@,a,N02008_male_39,False,k,r
fn001951_sentence-2.wav,2.651,2.682,0.031,l,b,i,N02008_male_39,False,k,l
fn001951_sentence-2.wav,0.293,0.324,0.031,r,i,A,N02008_male_39,False,k,r
fn001951_sentence-3.wav,2.081,2.112,0.031,h,m,Y,N02008_male_39,False,k,h
fn001951_sentence-3.wav,0.101,0.141,0.04,l,i,j,N02008_male_39,False,k,l
fn001951_sentence-3.wav,3.052,3.083,0.031,r,@,b,N02008_male_39,False,k,r
fn001960_sentence-0.wav,1.524,1.554,0.03,h,@,E,N02008_male_39,False,k,h
fn001960_sentence-1.wav,5.822,5.863,0.041,r,u,@,N02008_male_39,False,k,r
fn001960_sentence-1.wav,2.161,2.201,0.04,r,O,G,N02008_male_39,False,k,r
fn001960_sentence-1.wav,0.369,0.4,0.031,d,@,A,N02008_male_39,False,k,d
fn001960_sentence-2.wav,3.704,3.744,0.04,l,A,s,N02008_male_39,False,k,l
fn001960_sentence-2.wav,0.047,0.077,0.03,u,h,v,N02008_male_39,False,k,uː
fn001960_sentence-3.wav,0.993,1.023,0.03,r,O,G,N02008_male_39,False,k,r
fn001960_sentence-3.wav,0.248,0.278,0.03,r,@,l,N02008_male_39,False,k,r
fn001960_sentence-3.wav,0.187,0.217,0.03,d,e,@,N02008_male_39,False,k,d
fn001960_sentence-3.wav,4.262,4.303,0.041,l,Y,d,N02008_male_39,False,k,l
fn001960_sentence-5.wav,1.363,1.393,0.03,r,t,I,N02008_male_39,False,k,r
fn001961_sentence-0.wav,2.462,2.502,0.04,r,@,b,N02008_male_39,False,k,r
fn001961_sentence-0.wav,2.25,2.28,0.03,r,O,t,N02008_male_39,False,k,r
fn001961_sentence-1.wav,1.351,1.382,0.031,r,a,d,N02008_male_39,False,k,r
fn001961_sentence-1.wav,3.061,3.102,0.041,r,a,d,N02008_male_39,False,k,r
fn001962_sentence-0.wav,0.702,0.743,0.041,r,O,t,N02008_male_39,False,k,r
fn001962_sentence-1.wav,2.363,2.393,0.03,r,o,t,N02008_male_39,False,k,r
fn001962_sentence-1.wav,3.041,3.082,0.041,r,2,b,N02008_male_39,False,k,r
fn001962_sentence-2.wav,0.571,0.601,0.03,f,t,A,N02008_male_39,False,k,f
fn001962_sentence-2.wav,0.702,0.742,0.04,d,n,@,N02008_male_39,False,k,d
fn001962_sentence-2.wav,0.208,0.238,0.03,d,r,@,N02008_male_39,False,k,d
fn001962_sentence-4.wav,1.503,1.534,0.031,r,E,O,N02008_male_39,False,k,r
fn001962_sentence-4.wav,0.061,0.101,0.04,r,E,v,N02008_male_39,False,k,r
fn001963_sentence-1.wav,1.264,1.304,0.04,r,@,l,N02008_male_39,False,k,r
fn001963_sentence-3.wav,2.281,2.312,0.031,d,u,b,N02008_male_39,False,k,d
fn001963_sentence-3.wav,1.161,1.191,0.03,d,n,@,N02008_male_39,False,k,d
fn001963_sentence-3.wav,0.686,0.717,0.031,r,@,s,N02008_male_39,False,k,r
fn001964_sentence-1.wav,0.33,0.36,0.03,h,p,A,N02008_male_39,False,k,h
fn001964_sentence-2.wav,0.161,0.202,0.041,r,@,@,N02008_male_39,False,k,r
fn001964_sentence-3.wav,1.226,1.256,0.03,w,r,E,N02008_male_39,False,k,ʋ
fn001964_sentence-3.wav,2.063,2.103,0.04,N,E,k,N02008_male_39,False,k,ŋ
fn001964_sentence-4.wav,1.542,1.582,0.04,r,@,G,N02008_male_39,False,k,r
fn001964_sentence-4.wav,0.512,0.542,0.03,w,A+,x,N02008_male_39,False,k,ʋ
fn001964_sentence-4.wav,0.33,0.36,0.03,r,@,z,N02008_male_39,False,k,r
fn001964_sentence-4.wav,2.027,2.057,0.03,r,o,d,N02008_male_39,False,k,r
fn001965_sentence-1.wav,3.321,3.361,0.04,Y,d,s,N02008_male_39,False,k,ʉ
fn001965_sentence-1.wav,4.941,4.982,0.041,r,@,t,N02008_male_39,False,k,r
fn001965_sentence-2.wav,3.632,3.662,0.03,r,@,A,N02008_male_39,False,k,r
fn001965_sentence-2.wav,0.97,1.0,0.03,d,n,@,N02008_male_39,False,k,d
fn001965_sentence-3.wav,1.688,1.718,0.03,r,@,l,N02008_male_39,False,k,r
fn001965_sentence-3.wav,1.87,1.9,0.03,d,e,@,N02008_male_39,False,k,d
fn001966_sentence-0.wav,1.901,1.931,0.03,r,@,n,N02008_male_39,False,k,r
fn001966_sentence-1.wav,4.154,4.184,0.03,r,@,d,N02008_male_39,False,k,r
fn001966_sentence-1.wav,0.148,0.178,0.03,G,l,@,N02008_male_39,False,k,ɣ
fn001966_sentence-1.wav,5.162,5.203,0.041,r,i,h,N02008_male_39,False,k,r
fn001966_sentence-1.wav,1.909,1.94,0.031,d,E+,z,N02008_male_39,False,k,d
fn001967_sentence-0.wav,1.311,1.341,0.03,d,n,@,N02008_male_39,False,k,d
fn001967_sentence-1.wav,1.208,1.239,0.031,d,@,i,N02008_male_39,False,k,d
fn001967_sentence-1.wav,4.684,4.724,0.04,w,t,E,N02008_male_39,False,k,ʋ
fn001967_sentence-4.wav,4.847,4.877,0.03,h,r,E,N02008_male_39,False,k,h
fn001968_sentence-4.wav,0.321,0.352,0.031,w,p,E,N02008_male_39,False,k,ʋ
fn001971_sentence-3.wav,0.061,0.101,0.04,w,t,e,N02008_male_39,False,k,ʋ
fn001972_sentence-1.wav,6.088,6.118,0.03,w,N,O,N02008_male_39,False,k,ʋ
fn001972_sentence-1.wav,7.594,7.624,0.03,w,o,A,N02008_male_39,False,k,ʋ
fn001972_sentence-5.wav,1.144,1.174,0.03,h,k,A,N02008_male_39,False,k,h
fn001992_sentence-2.wav,0.107,0.138,0.031,h,e,O,N02008_male_39,False,k,h
fn001992_sentence-2.wav,0.047,0.077,0.03,w,t,e,N02008_male_39,False,k,ʋ
fn001992_sentence-6.wav,6.442,6.482,0.04,h,n,a,N02008_male_39,False,k,h
fn001992_sentence-6.wav,3.702,3.732,0.03,w,@,O,N02008_male_39,False,k,ʋ
fn001992_sentence-7.wav,0.55,0.581,0.031,w,A+,v,N02008_male_39,False,k,ʋ
fn001993_sentence-3.wav,0.263,0.304,0.041,w,s,O,N02008_male_39,False,k,ʋ
fn001995_sentence-1.wav,6.582,6.622,0.04,w,@,I,N02008_male_39,False,k,ʋ
fn001490_sentence-11.wav,3.623,3.664,0.041,f,s,A,N00787_male_54,False,o,f
fn001490_sentence-11.wav,0.751,0.781,0.03,A,v,n,N00787_male_54,False,o,ɑ
fn001490_sentence-12.wav,0.628,0.659,0.031,n,A,d,N00787_male_54,False,o,n
fn001490_sentence-12.wav,0.882,0.923,0.041,k,E,s,N00787_male_54,False,o,k
fn001490_sentence-15.wav,5.882,5.913,0.031,r,o,@,N00787_male_54,False,o,r
fn001490_sentence-15.wav,5.842,5.882,0.04,o,d,r,N00787_male_54,False,o,oː
fn001490_sentence-15.wav,4.073,4.103,0.03,a,r,z,N00787_male_54,False,o,aː
fn001490_sentence-15.wav,1.885,1.915,0.03,o,d,r,N00787_male_54,False,o,oː
fn001490_sentence-16.wav,6.521,6.551,0.03,l,A,m,N00787_male_54,False,o,l
fn001490_sentence-17.wav,0.922,0.962,0.04,r,@,s,N00787_male_54,False,o,r
fn001490_sentence-17.wav,3.783,3.824,0.041,r,@,G,N00787_male_54,False,o,r
fn001490_sentence-19.wav,5.181,5.212,0.031,z,s,o,N00787_male_54,False,o,z
fn001490_sentence-19.wav,1.669,1.699,0.03,r,a,O,N00787_male_54,False,o,r
fn001490_sentence-19.wav,5.242,5.283,0.041,w,o,A,N00787_male_54,False,o,ʋ
fn001490_sentence-19.wav,5.283,5.314,0.031,A,w,l,N00787_male_54,False,o,ɑ
fn001490_sentence-19.wav,0.163,0.204,0.041,l,O,k,N00787_male_54,False,o,l
fn001490_sentence-2.wav,4.268,4.298,0.03,l,A,m,N00787_male_54,False,o,l
fn001490_sentence-20.wav,8.322,8.363,0.041,E,m,t,N00787_male_54,False,o,ɛ
fn001490_sentence-21.wav,2.043,2.083,0.04,r,@,b,N00787_male_54,False,o,r
fn001490_sentence-22.wav,1.983,2.023,0.04,r,@,@,N00787_male_54,False,o,r
fn001490_sentence-22.wav,6.468,6.498,0.03,d,l,@,N00787_male_54,False,o,d
fn001490_sentence-22.wav,3.241,3.272,0.031,r,a,z,N00787_male_54,False,o,r
fn001490_sentence-25.wav,4.562,4.602,0.04,I,w,s,N00787_male_54,False,o,ɪ
fn001490_sentence-27.wav,1.381,1.411,0.03,r,@,t,N00787_male_54,False,o,r
fn001490_sentence-27.wav,1.23,1.26,0.03,O,h,n,N00787_male_54,False,o,ɔ
fn001490_sentence-27.wav,1.754,1.784,0.03,r,e,t,N00787_male_54,False,o,r
fn001490_sentence-27.wav,2.188,2.218,0.03,r,@,t,N00787_male_54,False,o,r
fn001490_sentence-29.wav,0.487,0.517,0.03,h,s,Y,N00787_male_54,False,o,h
fn001490_sentence-3.wav,6.302,6.332,0.03,r,y,G,N00787_male_54,False,o,r
fn001490_sentence-3.wav,1.462,1.492,0.03,A,h,d,N00787_male_54,False,o,ɑ
fn001490_sentence-3.wav,1.492,1.523,0.031,d,A,@,N00787_male_54,False,o,d
fn001490_sentence-32.wav,2.863,2.893,0.03,h,n,Y,N00787_male_54,False,o,h
fn001490_sentence-32.wav,4.308,4.338,0.03,h,t,Y,N00787_male_54,False,o,h
fn001490_sentence-32.wav,3.481,3.511,0.03,r,@,b,N00787_male_54,False,o,r
fn001490_sentence-33.wav,0.384,0.414,0.03,h,n,Y,N00787_male_54,False,o,h
fn001490_sentence-33.wav,3.501,3.531,0.03,r,@,v,N00787_male_54,False,o,r
fn001490_sentence-34.wav,4.121,4.151,0.03,h,n,Y,N00787_male_54,False,o,h
fn001490_sentence-34.wav,4.151,4.181,0.03,Y,h,n,N00787_male_54,False,o,ʉ
fn001490_sentence-34.wav,3.767,3.797,0.03,r,E,k,N00787_male_54,False,o,r
fn001490_sentence-35.wav,6.292,6.323,0.031,r,@,t,N00787_male_54,False,o,r
fn001490_sentence-35.wav,4.981,5.021,0.04,d,p,@,N00787_male_54,False,o,d
fn001490_sentence-37.wav,3.09,3.12,0.03,r,@,s,N00787_male_54,False,o,r
fn001490_sentence-37.wav,3.567,3.597,0.03,d,n,i,N00787_male_54,False,o,d
fn001490_sentence-4.wav,2.864,2.895,0.031,w,@,a,N00787_male_54,False,o,ʋ
fn001490_sentence-40.wav,0.569,0.6,0.031,d,n,@,N00787_male_54,False,o,d
fn001490_sentence-45.wav,0.301,0.332,0.031,h,l,E+,N00787_male_54,False,o,h
fn001490_sentence-47.wav,0.284,0.315,0.031,h,t,E+,N00787_male_54,False,o,h
fn001490_sentence-6.wav,1.142,1.172,0.03,w,o,A,N00787_male_54,False,o,ʋ
fn001490_sentence-61.wav,6.543,6.574,0.031,h,t,Y,N00787_male_54,False,o,h
fn001490_sentence-63.wav,1.101,1.141,0.04,w,u,e,N00787_male_54,False,o,ʋ
fn001490_sentence-64.wav,7.052,7.082,0.03,w,o,A,N00787_male_54,False,o,ʋ
fn001490_sentence-65.wav,3.242,3.282,0.04,w,@,A,N00787_male_54,False,o,ʋ
fn001490_sentence-8.wav,4.222,4.252,0.03,w,t,O,N00787_male_54,False,o,ʋ
fn001491_sentence-1.wav,1.574,1.604,0.03,w,u,e,N00787_male_54,False,o,ʋ
fn001491_sentence-13.wav,3.372,3.402,0.03,w,u,e,N00787_male_54,False,o,ʋ
fn001491_sentence-13.wav,4.17,4.2,0.03,w,u,m,N00787_male_54,False,o,ʋ
fn001023_sentence-1.wav,3.224,3.254,0.03,@,d,r,N00514_male_66,False,o,ə
fn001023_sentence-1.wav,1.509,1.54,0.031,h,z,j,N00514_male_66,False,o,h
fn001023_sentence-10.wav,9.631,9.661,0.03,r,@,n,N00514_male_66,False,o,r
fn001023_sentence-10.wav,7.087,7.118,0.031,d,r,@,N00514_male_66,False,o,d
fn001023_sentence-10.wav,9.661,9.692,0.031,n,r,O,N00514_male_66,False,o,n
fn001023_sentence-10.wav,0.062,0.103,0.041,@,d,h,N00514_male_66,False,o,ə
fn001023_sentence-10.wav,11.762,11.803,0.041,n,I,d,N00514_male_66,False,o,n
fn001023_sentence-10.wav,14.801,14.841,0.04,@,z,x,N00514_male_66,False,o,ə
fn001023_sentence-10.wav,11.721,11.762,0.041,I,s,n,N00514_male_66,False,o,ɪ
fn001023_sentence-10.wav,6.865,6.895,0.03,r,@,t,N00514_male_66,False,o,r
fn001023_sentence-13.wav,3.863,3.903,0.04,r,a,t,N00514_male_66,False,o,r
fn001023_sentence-13.wav,4.409,4.44,0.031,r,e,d,N00514_male_66,False,o,r
fn001023_sentence-14.wav,0.063,0.094,0.031,l,A,s,N00514_male_66,False,o,l
fn001023_sentence-16.wav,2.554,2.584,0.03,r,@,m,N00514_male_66,False,o,r
fn001023_sentence-17.wav,3.163,3.203,0.04,r,o,@,N00514_male_66,False,o,r
fn001023_sentence-17.wav,6.665,6.696,0.031,r,@,w,N00514_male_66,False,o,r
fn001023_sentence-17.wav,8.884,8.924,0.04,r,a,s,N00514_male_66,False,o,r
fn001023_sentence-17.wav,3.93,3.96,0.03,n,@,s,N00514_male_66,False,o,n
fn001023_sentence-17.wav,2.85,2.88,0.03,m,p,E,N00514_male_66,False,o,m
fn001023_sentence-18.wav,2.19,2.22,0.03,Y,l,s,N00514_male_66,False,o,ʉ
fn001023_sentence-18.wav,2.573,2.603,0.03,@,d,r,N00514_male_66,False,o,ə
fn001023_sentence-18.wav,3.764,3.795,0.031,r,O,t,N00514_male_66,False,o,r
fn001023_sentence-18.wav,0.245,0.276,0.031,h,w,E+,N00514_male_66,False,o,h
fn001023_sentence-18.wav,2.603,2.634,0.031,r,@,d,N00514_male_66,False,o,r
fn001023_sentence-2.wav,1.887,1.917,0.03,j,h,u,N00514_male_66,False,o,j
fn001023_sentence-20.wav,0.343,0.383,0.04,h,n,a,N00514_male_66,False,o,h
fn001023_sentence-20.wav,1.684,1.714,0.03,@,l,w,N00514_male_66,False,o,ə
fn001023_sentence-23.wav,5.322,5.353,0.031,l,O,p,N00514_male_66,False,o,l
fn001023_sentence-23.wav,4.487,4.517,0.03,d,r,@,N00514_male_66,False,o,d
fn001023_sentence-23.wav,0.107,0.137,0.03,d,n,@,N00514_male_66,False,o,d
fn001023_sentence-23.wav,8.261,8.302,0.041,r,a,v,N00514_male_66,False,o,r
fn001023_sentence-27.wav,5.092,5.123,0.031,r,@,d,N00514_male_66,False,o,r
fn001023_sentence-28.wav,2.823,2.864,0.041,h,l,i,N00514_male_66,False,o,h
fn001023_sentence-31.wav,1.502,1.543,0.041,r,e,t,N00514_male_66,False,o,r
fn001023_sentence-31.wav,1.927,1.957,0.03,r,@,h,N00514_male_66,False,o,r
fn001023_sentence-35.wav,2.127,2.157,0.03,w,y,h,N00514_male_66,False,o,ʋ
fn001023_sentence-40.wav,3.163,3.203,0.04,w,n,A,N00514_male_66,False,o,ʋ
fn001023_sentence-41.wav,1.901,1.931,0.03,w,A+,G,N00514_male_66,False,o,ʋ
fn001023_sentence-42.wav,7.386,7.416,0.03,h,i,a,N00514_male_66,False,o,h
fn001023_sentence-6.wav,7.344,7.374,0.03,I,m,s,N00514_male_66,False,o,ɪ
fn001024_sentence-0.wav,0.264,0.304,0.04,N,A,@,N00514_male_66,False,o,ŋ
fn001024_sentence-1.wav,0.728,0.758,0.03,h,n,a,N00514_male_66,False,o,h
fn001024_sentence-105.wav,0.742,0.773,0.031,w,A+,t,N00514_male_66,False,o,ʋ
fn001024_sentence-13.wav,0.192,0.223,0.031,A+,j,s,N00514_male_66,False,o,ɑu
fn001024_sentence-15.wav,1.994,2.024,0.03,w,A+,G,N00514_male_66,False,o,ʋ
fn001024_sentence-23.wav,2.504,2.544,0.04,Y,t,s,N00514_male_66,False,o,ʉ
fn001024_sentence-29.wav,1.366,1.396,0.03,h,r,e,N00514_male_66,False,o,h
fn001024_sentence-32.wav,5.841,5.871,0.03,w,r,E+,N00514_male_66,False,o,ʋ
fn001024_sentence-45.wav,1.902,1.943,0.041,w,n,A,N00514_male_66,False,o,ʋ
fn001024_sentence-49.wav,1.073,1.103,0.03,w,A+,s,N00514_male_66,False,o,ʋ
fn001133_sentence-1.wav,0.494,0.524,0.03,n,@,d,N00578_female_44,False,o,n
fn001133_sentence-1.wav,1.764,1.795,0.031,r,E,t,N00578_female_44,False,o,r
fn001133_sentence-10.wav,2.993,3.023,0.03,r,@,n,N00578_female_44,False,o,r
fn001133_sentence-10.wav,3.871,3.901,0.03,l,A,s,N00578_female_44,False,o,l
fn001133_sentence-11.wav,2.264,2.304,0.04,I,l,k,N00578_female_44,False,o,ɪ
fn001133_sentence-11.wav,0.091,0.121,0.03,l,A,s,N00578_female_44,False,o,l
fn001133_sentence-11.wav,2.102,2.132,0.03,r,@,k,N00578_female_44,False,o,r
fn001133_sentence-13.wav,7.714,7.744,0.03,@,d,r,N00578_female_44,False,o,ə
fn001133_sentence-13.wav,8.923,8.954,0.031,@,j,s,N00578_female_44,False,o,ə
fn001133_sentence-13.wav,0.091,0.121,0.03,r,E,l,N00578_female_44,False,o,r
fn001133_sentence-13.wav,2.471,2.501,0.03,r,@,d,N00578_female_44,False,o,r
fn001133_sentence-13.wav,2.501,2.532,0.031,d,r,@,N00578_female_44,False,o,d
fn001133_sentence-13.wav,8.446,8.476,0.03,r,a,d,N00578_female_44,False,o,r
fn001133_sentence-13.wav,4.343,4.373,0.03,r,a,z,N00578_female_44,False,o,r
fn001133_sentence-15.wav,3.631,3.661,0.03,a,m,r,N00578_female_44,False,o,aː
fn001133_sentence-19.wav,1.263,1.293,0.03,@,l,m,N00578_female_44,False,o,ə
fn001133_sentence-2.wav,8.17,8.201,0.031,r,@,d,N00578_female_44,False,o,r
fn001133_sentence-2.wav,1.282,1.323,0.041,I,l,N,N00578_female_44,False,o,ɪ
fn001133_sentence-2.wav,7.182,7.222,0.04,@,d,x,N00578_female_44,False,o,ə
fn001133_sentence-2.wav,7.151,7.182,0.031,d,j,@,N00578_female_44,False,o,d
fn001133_sentence-20.wav,1.973,2.003,0.03,r,@,h,N00578_female_44,False,o,r
fn001133_sentence-21.wav,2.881,2.912,0.031,r,a,t,N00578_female_44,False,o,r
fn001133_sentence-21.wav,4.821,4.861,0.04,@,z,z,N00578_female_44,False,o,ə
fn001133_sentence-22.wav,1.431,1.461,0.03,r,@,t,N00578_female_44,False,o,r
fn001133_sentence-22.wav,0.625,0.655,0.03,@,v,l,N00578_female_44,False,o,ə
fn001133_sentence-22.wav,6.294,6.324,0.03,r,a,d,N00578_female_44,False,o,r
fn001133_sentence-27.wav,1.164,1.195,0.031,h,n,E+,N00578_female_44,False,o,h
fn001133_sentence-27.wav,0.091,0.122,0.031,w,t,A,N00578_female_44,False,o,ʋ
fn001133_sentence-28.wav,3.802,3.842,0.04,l,A,s,N00578_female_44,False,o,l
fn001133_sentence-29.wav,1.164,1.195,0.031,r,a,h,N00578_female_44,False,o,r
fn001133_sentence-29.wav,0.111,0.141,0.03,w,t,A,N00578_female_44,False,o,ʋ
fn001133_sentence-3.wav,0.383,0.414,0.031,@,G,n,N00578_female_44,False,o,ə
fn001133_sentence-30.wav,1.566,1.596,0.03,l,@,I,N00578_female_44,False,o,l
fn001133_sentence-30.wav,1.243,1.283,0.04,@,z,n,N00578_female_44,False,o,ə
fn001133_sentence-31.wav,0.101,0.132,0.031,w,t,A,N00578_female_44,False,o,ʋ
fn001133_sentence-31.wav,0.509,0.539,0.03,r,@,j,N00578_female_44,False,o,r
fn001133_sentence-31.wav,0.722,0.753,0.031,r,a,d,N00578_female_44,False,o,r
fn001133_sentence-32.wav,1.442,1.472,0.03,r,e,n,N00578_female_44,False,o,r
fn001133_sentence-32.wav,1.563,1.594,0.031,r,a,b,N00578_female_44,False,o,r
fn001133_sentence-33.wav,1.982,2.022,0.04,r,@,G,N00578_female_44,False,o,r
fn001133_sentence-33.wav,0.102,0.143,0.041,h,@,A,N00578_female_44,False,o,h
fn001133_sentence-33.wav,1.901,1.931,0.03,f,s,@,N00578_female_44,False,o,f
fn001133_sentence-36.wav,0.091,0.121,0.03,r,E,b,N00578_female_44,False,o,r
fn001133_sentence-39.wav,0.545,0.575,0.03,w,A+,@,N00578_female_44,False,o,ʋ
fn001133_sentence-39.wav,0.051,0.081,0.03,I,m,s,N00578_female_44,False,o,ɪ
fn001133_sentence-42.wav,7.323,7.364,0.041,A+,s,w,N00578_female_44,False,o,ɑu
fn001133_sentence-42.wav,7.364,7.404,0.04,w,A+,k,N00578_female_44,False,o,ʋ
fn001133_sentence-44.wav,3.532,3.563,0.031,p,O,d,N00578_female_44,False,o,p
fn001136_sentence-1.wav,0.605,0.635,0.03,w,A+,@,N00578_female_44,False,o,ʋ
fn001136_sentence-17.wav,0.103,0.143,0.04,w,E+,A,N00578_female_44,False,o,ʋ
fn001136_sentence-18.wav,0.142,0.172,0.03,w,r,A,N00578_female_44,False,o,ʋ
fn001136_sentence-22.wav,0.602,0.632,0.03,w,o,A,N00578_female_44,False,o,ʋ
fn001136_sentence-30.wav,3.244,3.275,0.031,w,a,A,N00578_female_44,False,o,ʋ
fn001113_sentence-0.wav,0.164,0.194,0.03,f,o,t,N00568_female_44,False,o,f
fn001113_sentence-10.wav,1.303,1.333,0.03,n,A,m,N00568_female_44,False,o,n
fn001113_sentence-10.wav,5.668,5.699,0.031,w,A+,d,N00568_female_44,False,o,ʋ
fn001113_sentence-10.wav,9.986,10.017,0.031,h,n,a,N00568_female_44,False,o,h
fn001113_sentence-10.wav,7.392,7.423,0.031,l,a,x,N00568_female_44,False,o,l
fn001113_sentence-10.wav,6.747,6.777,0.03,l,A,s,N00568_female_44,False,o,l
fn001113_sentence-10.wav,2.723,2.754,0.031,a,m,r,N00568_female_44,False,o,aː
fn001113_sentence-10.wav,5.447,5.477,0.03,@,m,v,N00568_female_44,False,o,ə
fn001113_sentence-10.wav,0.705,0.736,0.031,w,r,A,N00568_female_44,False,o,ʋ
fn001113_sentence-10.wav,5.981,6.021,0.04,I,l,N,N00568_female_44,False,o,ɪ
fn001113_sentence-10.wav,1.627,1.658,0.031,w,A+,d,N00568_female_44,False,o,ʋ
fn001113_sentence-10.wav,1.263,1.303,0.04,A,f,n,N00568_female_44,False,o,ɑ
fn001113_sentence-10.wav,2.804,2.844,0.04,z,r,@,N00568_female_44,False,o,z
fn001113_sentence-10.wav,1.222,1.263,0.041,f,s,A,N00568_female_44,False,o,f
fn001113_sentence-11.wav,2.069,2.099,0.03,l,A,s,N00568_female_44,False,o,l
fn001113_sentence-11.wav,2.481,2.522,0.041,@,t,r,N00568_female_44,False,o,ə
fn001113_sentence-11.wav,0.683,0.714,0.031,a,@,n,N00568_female_44,False,o,aː
fn001113_sentence-11.wav,2.522,2.552,0.03,r,@,s,N00568_female_44,False,o,r
fn001113_sentence-11.wav,1.25,1.28,0.03,r,y,@,N00568_female_44,False,o,r
fn001113_sentence-11.wav,5.213,5.244,0.031,d,n,@,N00568_female_44,False,o,d
fn001113_sentence-12.wav,0.309,0.339,0.03,@,f,l,N00568_female_44,False,o,ə
fn001113_sentence-12.wav,3.582,3.612,0.03,z,@,@,N00568_female_44,False,o,z
fn001113_sentence-12.wav,0.39,0.42,0.03,I,l,N,N00568_female_44,False,o,ɪ
fn001113_sentence-12.wav,3.612,3.642,0.03,@,z,n,N00568_female_44,False,o,ə
fn001113_sentence-13.wav,1.964,1.994,0.03,O,@,m,N00568_female_44,False,o,ɔ
fn001113_sentence-13.wav,2.863,2.894,0.031,d,@,@,N00568_female_44,False,o,d
fn001113_sentence-13.wav,1.367,1.397,0.03,E,n,k,N00568_female_44,False,o,ɛ
fn001113_sentence-13.wav,6.562,6.592,0.03,w,A+,x,N00568_female_44,False,o,ʋ
fn001113_sentence-14.wav,0.107,0.138,0.031,n,u,m,N00568_female_44,False,o,n
fn001113_sentence-14.wav,1.141,1.182,0.041,I,l,N,N00568_female_44,False,o,ɪ
fn001113_sentence-14.wav,0.604,0.634,0.03,v,@,r,N00568_female_44,False,o,v
fn001113_sentence-14.wav,0.462,0.492,0.03,n,E,m,N00568_female_44,False,o,n
fn001113_sentence-14.wav,4.372,4.403,0.031,r,@,h,N00568_female_44,False,o,r
fn001113_sentence-14.wav,0.431,0.462,0.031,E,r,n,N00568_female_44,False,o,ɛ
fn001113_sentence-14.wav,12.107,12.138,0.031,n,E,x,N00568_female_44,False,o,n
fn001113_sentence-15.wav,1.247,1.277,0.03,j,i,@,N00568_female_44,False,o,j
fn001113_sentence-15.wav,4.468,4.499,0.031,l,@,I,N00568_female_44,False,o,l
fn001113_sentence-15.wav,1.307,1.337,0.03,n,@,t,N00568_female_44,False,o,n
fn001113_sentence-15.wav,5.164,5.195,0.031,l,@,d,N00568_female_44,False,o,l
fn001113_sentence-15.wav,6.683,6.713,0.03,w,r,E+,N00568_female_44,False,o,ʋ
fn001113_sentence-15.wav,0.511,0.541,0.03,l,@,I,N00568_female_44,False,o,l
fn001113_sentence-15.wav,6.743,6.783,0.04,l,E+,z,N00568_female_44,False,o,l
fn001113_sentence-15.wav,6.783,6.824,0.041,z,l,@,N00568_female_44,False,o,z
fn001113_sentence-15.wav,6.713,6.743,0.03,E+,w,l,N00568_female_44,False,o,ɛi
fn001113_sentence-17.wav,2.902,2.942,0.04,m,f,@,N00568_female_44,False,o,m
fn001113_sentence-17.wav,5.301,5.332,0.031,r,e,d,N00568_female_44,False,o,r
fn001113_sentence-17.wav,1.665,1.695,0.03,E+,z,n,N00568_female_44,False,o,ɛi
fn001113_sentence-17.wav,7.443,7.474,0.031,r,a,d,N00568_female_44,False,o,r
fn001113_sentence-17.wav,9.382,9.423,0.041,w,n,u,N00568_female_44,False,o,ʋ
fn001113_sentence-17.wav,7.689,7.719,0.03,m,t,I,N00568_female_44,False,o,m
fn001113_sentence-17.wav,2.068,2.098,0.03,r,@,t,N00568_female_44,False,o,r
fn001113_sentence-17.wav,0.333,0.363,0.03,l,A,f,N00568_female_44,False,o,l
fn001113_sentence-17.wav,1.483,1.513,0.03,l,@,I,N00568_female_44,False,o,l
fn001113_sentence-19.wav,0.743,0.784,0.041,E+,z,n,N00568_female_44,False,o,ɛi
fn001113_sentence-2.wav,2.772,2.803,0.031,m,n,@,N00568_female_44,False,o,m
fn001113_sentence-20.wav,0.349,0.379,0.03,h,@,u,N00568_female_44,False,o,h
fn001113_sentence-20.wav,1.881,1.912,0.031,r,e,s,N00568_female_44,False,o,r
fn001113_sentence-21.wav,3.387,3.417,0.03,h,@,E+,N00568_female_44,False,o,h
fn001113_sentence-21.wav,1.348,1.378,0.03,r,e,d,N00568_female_44,False,o,r
fn001113_sentence-22.wav,4.911,4.941,0.03,r,E,G,N00568_female_44,False,o,r
fn001113_sentence-22.wav,1.946,1.976,0.03,h,@,u,N00568_female_44,False,o,h
fn001113_sentence-22.wav,0.602,0.632,0.03,r,@,d,N00568_female_44,False,o,r
fn001113_sentence-23.wav,0.312,0.342,0.03,r,@,b,N00568_female_44,False,o,r
fn001113_sentence-24.wav,1.042,1.082,0.04,b,z,@,N00568_female_44,False,o,b
fn001113_sentence-24.wav,1.011,1.042,0.031,z,d,b,N00568_female_44,False,o,z
fn001113_sentence-24.wav,0.524,0.554,0.03,r,y,l,N00568_female_44,False,o,r
fn001113_sentence-25.wav,2.762,2.803,0.041,r,a,d,N00568_female_44,False,o,r
fn001113_sentence-25.wav,1.146,1.177,0.031,r,@,d,N00568_female_44,False,o,r
fn001113_sentence-27.wav,2.301,2.331,0.03,E+,z,n,N00568_female_44,False,o,ɛi
fn001113_sentence-27.wav,0.169,0.199,0.03,E+,w,l,N00568_female_44,False,o,ɛi
fn001113_sentence-27.wav,0.443,0.474,0.031,r,e,d,N00568_female_44,False,o,r
fn001113_sentence-29.wav,1.021,1.062,0.041,E+,z,n,N00568_female_44,False,o,ɛi
fn001113_sentence-3.wav,1.624,1.654,0.03,r,O,m,N00568_female_44,False,o,r
fn001113_sentence-3.wav,3.786,3.816,0.03,r,a,@,N00568_female_44,False,o,r
fn001113_sentence-30.wav,9.442,9.482,0.04,r,o,t,N00568_female_44,False,o,r
fn001113_sentence-30.wav,6.182,6.213,0.031,r,a,a,N00568_female_44,False,o,r
fn001113_sentence-30.wav,4.149,4.179,0.03,r,@,d,N00568_female_44,False,o,r
fn001113_sentence-30.wav,7.29,7.32,0.03,r,E,d,N00568_female_44,False,o,r
fn001113_sentence-31.wav,0.168,0.198,0.03,h,n,E+,N00568_female_44,False,o,h
fn001113_sentence-33.wav,0.55,0.581,0.031,N,I,h,N00568_female_44,False,o,ŋ
fn001113_sentence-33.wav,4.784,4.824,0.04,j,i,@,N00568_female_44,False,o,j
fn001113_sentence-33.wav,0.581,0.621,0.04,h,N,A,N00568_female_44,False,o,h
fn001113_sentence-5.wav,1.328,1.358,0.03,h,n,A,N00568_female_44,False,o,h
fn001113_sentence-7.wav,2.882,2.923,0.041,w,@,I,N00568_female_44,False,o,ʋ
fn001113_sentence-8.wav,1.242,1.282,0.04,w,s,A,N00568_female_44,False,o,ʋ
fn001114_sentence-112.wav,1.694,1.724,0.03,w,A+,d,N00568_female_44,False,o,ʋ
fn001114_sentence-123.wav,0.286,0.317,0.031,w,A+,d,N00568_female_44,False,o,ʋ
fn001114_sentence-123.wav,0.633,0.664,0.031,w,A+,d,N00568_female_44,False,o,ʋ
fn001114_sentence-125.wav,1.981,2.022,0.041,w,@,e,N00568_female_44,False,o,ʋ
fn001114_sentence-126.wav,0.303,0.333,0.03,w,A+,d,N00568_female_44,False,o,ʋ
fn001114_sentence-131.wav,1.194,1.224,0.03,w,A+,d,N00568_female_44,False,o,ʋ
fn001114_sentence-139.wav,1.387,1.417,0.03,w,A+,d,N00568_female_44,False,o,ʋ
fn001114_sentence-20.wav,0.143,0.183,0.04,w,E+,A,N00568_female_44,False,o,ʋ
fn001114_sentence-36.wav,6.462,6.503,0.041,w,t,I,N00568_female_44,False,o,ʋ
fn001114_sentence-37.wav,0.753,0.784,0.031,w,n,e,N00568_female_44,False,o,ʋ
fn001114_sentence-46.wav,0.111,0.141,0.03,w,@,E,N00568_female_44,False,o,ʋ
fn001938_sentence-0.wav,2.506,2.537,0.031,t,E,@,N02007_male_32,False,k,t
fn001938_sentence-0.wav,3.962,4.003,0.041,n,A,d,N02007_male_32,False,k,n
fn001938_sentence-0.wav,3.486,3.517,0.031,r,@,v,N02007_male_32,False,k,r
fn001938_sentence-0.wav,0.333,0.363,0.03,@,s,A+,N02007_male_32,False,k,ə
fn001938_sentence-0.wav,0.067,0.098,0.031,@,d,f,N02007_male_32,False,k,ə
fn001938_sentence-1.wav,0.691,0.721,0.03,h,s,u,N02007_male_32,False,k,h
fn001938_sentence-1.wav,1.941,1.971,0.03,@,l,k,N02007_male_32,False,k,ə
fn001938_sentence-2.wav,0.365,0.395,0.03,r,o,z,N02007_male_32,False,k,r
fn001938_sentence-3.wav,3.088,3.118,0.03,l,O,k,N02007_male_32,False,k,l
fn001938_sentence-3.wav,2.451,2.482,0.031,r,a,d,N02007_male_32,False,k,r
fn001939_sentence-0.wav,0.743,0.783,0.04,t,i,m,N02007_male_32,False,k,t
fn001939_sentence-0.wav,0.521,0.561,0.04,O,w,r,N02007_male_32,False,k,ɔ
fn001939_sentence-0.wav,0.481,0.521,0.04,w,a,O,N02007_male_32,False,k,ʋ
fn001939_sentence-0.wav,4.302,4.333,0.031,e,m,r,N02007_male_32,False,k,eː
fn001939_sentence-0.wav,0.561,0.592,0.031,r,O,t,N02007_male_32,False,k,r
fn001939_sentence-1.wav,2.331,2.362,0.031,@,d,r,N02007_male_32,False,k,ə
fn001939_sentence-1.wav,2.646,2.676,0.03,@,z,n,N02007_male_32,False,k,ə
fn001939_sentence-1.wav,2.362,2.392,0.03,r,@,d,N02007_male_32,False,k,r
fn001939_sentence-1.wav,1.966,1.996,0.03,E,w,r,N02007_male_32,False,k,ɛ
fn001939_sentence-1.wav,2.727,2.758,0.031,t,n,S,N02007_male_32,False,k,t
fn001939_sentence-1.wav,2.027,2.057,0.03,d,r,@,N02007_male_32,False,k,d
fn001939_sentence-2.wav,3.463,3.494,0.031,n,e,@,N02007_male_32,False,k,n
fn001939_sentence-2.wav,2.341,2.371,0.03,r,@,@,N02007_male_32,False,k,r
fn001939_sentence-2.wav,6.044,6.074,0.03,@,v,r,N02007_male_32,False,k,ə
fn001939_sentence-2.wav,6.367,6.398,0.031,d,r,@,N02007_male_32,False,k,d
fn001939_sentence-2.wav,6.003,6.044,0.041,v,n,@,N02007_male_32,False,k,v
fn001939_sentence-2.wav,0.047,0.077,0.03,@,d,b,N02007_male_32,False,k,ə
fn001939_sentence-2.wav,5.902,5.943,0.041,@,n,n,N02007_male_32,False,k,ə
fn001939_sentence-2.wav,0.582,0.613,0.031,n,A,@,N02007_male_32,False,k,n
fn001940_sentence-0.wav,3.823,3.853,0.03,d,o,@,N02007_male_32,False,k,d
fn001940_sentence-2.wav,2.71,2.741,0.031,O,@,m,N02007_male_32,False,k,ɔ
fn001940_sentence-2.wav,2.446,2.477,0.031,r,u,s,N02007_male_32,False,k,r
fn001940_sentence-2.wav,2.802,2.842,0.04,d,m,A,N02007_male_32,False,k,d
fn001940_sentence-2.wav,1.601,1.641,0.04,w,t,e,N02007_male_32,False,k,ʋ
fn001940_sentence-3.wav,0.087,0.117,0.03,r,a,b,N02007_male_32,False,k,r
fn001941_sentence-0.wav,1.782,1.823,0.041,@,d,r,N02007_male_32,False,k,ə
fn001941_sentence-0.wav,0.803,0.844,0.041,r,O,d,N02007_male_32,False,k,r
fn001941_sentence-0.wav,1.752,1.782,0.03,d,e,@,N02007_male_32,False,k,d
fn001941_sentence-0.wav,2.701,2.741,0.04,@,d,t,N02007_male_32,False,k,ə
fn001941_sentence-1.wav,4.722,4.752,0.03,w,r,I,N02007_male_32,False,k,ʋ
fn001941_sentence-1.wav,0.503,0.544,0.041,m,@,i,N02007_male_32,False,k,m
fn001941_sentence-1.wav,1.111,1.142,0.031,d,n,b,N02007_male_32,False,k,d
fn001941_sentence-1.wav,1.284,1.324,0.04,w,A+,x,N02007_male_32,False,k,ʋ
fn001941_sentence-1.wav,4.611,4.641,0.03,r,@,w,N02007_male_32,False,k,r
fn001941_sentence-1.wav,6.363,6.394,0.031,E,t,r,N02007_male_32,False,k,ɛ
fn001941_sentence-1.wav,0.462,0.503,0.041,@,s,m,N02007_male_32,False,k,ə
fn001941_sentence-1.wav,7.387,7.417,0.03,h,t,O,N02007_male_32,False,k,h
fn001941_sentence-1.wav,0.544,0.574,0.03,i,m,n,N02007_male_32,False,k,iː
fn001941_sentence-1.wav,0.574,0.604,0.03,n,i,I,N02007_male_32,False,k,n
fn001941_sentence-2.wav,0.147,0.178,0.031,r,@,l,N02007_male_32,False,k,r
fn001941_sentence-2.wav,0.703,0.743,0.04,@,k,n,N02007_male_32,False,k,ə
fn001941_sentence-2.wav,2.703,2.734,0.031,@,l,s,N02007_male_32,False,k,ə
fn001941_sentence-2.wav,1.067,1.097,0.03,r,@,s,N02007_male_32,False,k,r
fn001941_sentence-2.wav,0.602,0.632,0.03,r,A,k,N02007_male_32,False,k,r
fn001941_sentence-3.wav,0.544,0.584,0.04,k,N,h,N02007_male_32,False,k,k
fn001941_sentence-3.wav,0.381,0.422,0.041,r,b,I,N02007_male_32,False,k,r
fn001941_sentence-3.wav,1.223,1.264,0.041,I,m,t,N02007_male_32,False,k,ɪ
fn001941_sentence-3.wav,0.047,0.077,0.03,i,m,n,N02007_male_32,False,k,iː
fn001942_sentence-0.wav,1.654,1.684,0.03,d,k,@,N02007_male_32,False,k,d
fn001942_sentence-0.wav,2.389,2.42,0.031,r,A,t,N02007_male_32,False,k,r
fn001942_sentence-0.wav,1.684,1.714,0.03,@,d,i,N02007_male_32,False,k,ə
fn001942_sentence-2.wav,0.102,0.142,0.04,r,o,A,N02007_male_32,False,k,r
fn001942_sentence-3.wav,0.681,0.711,0.03,f,t,A,N02007_male_32,False,k,f
fn001942_sentence-3.wav,3.067,3.098,0.031,d,r,@,N02007_male_32,False,k,d
fn001942_sentence-3.wav,0.49,0.52,0.03,h,n,e,N02007_male_32,False,k,h
fn001942_sentence-3.wav,1.961,1.991,0.03,r,p,o,N02007_male_32,False,k,r
fn001942_sentence-4.wav,2.229,2.259,0.03,r,@,s,N02007_male_32,False,k,r
fn001943_sentence-0.wav,5.349,5.38,0.031,@,m,l,N02007_male_32,False,k,ə
fn001943_sentence-0.wav,2.97,3.0,0.03,w,o,A,N02007_male_32,False,k,ʋ
fn001943_sentence-0.wav,2.368,2.399,0.031,r,E,w,N02007_male_32,False,k,r
fn001943_sentence-0.wav,0.067,0.097,0.03,@,d,S,N02007_male_32,False,k,ə
fn001944_sentence-0.wav,0.404,0.444,0.04,E,t,n,N02007_male_32,False,k,ɛ
fn001944_sentence-0.wav,0.872,0.903,0.031,r,e,k,N02007_male_32,False,k,r
fn001944_sentence-1.wav,5.224,5.264,0.04,r,e,m,N02007_male_32,False,k,r
fn001944_sentence-1.wav,3.209,3.239,0.03,r,a,A,N02007_male_32,False,k,r
fn001944_sentence-1.wav,0.268,0.298,0.03,r,@,s,N02007_male_32,False,k,r
fn001944_sentence-1.wav,5.002,5.032,0.03,r,E,m,N02007_male_32,False,k,r
fn001944_sentence-1.wav,3.622,3.652,0.03,r,i,Y,N02007_male_32,False,k,r
fn001944_sentence-2.wav,0.361,0.392,0.031,d,@,@,N02007_male_32,False,k,d
fn001944_sentence-3.wav,0.386,0.417,0.031,r,O,t,N02007_male_32,False,k,r
fn001944_sentence-3.wav,0.325,0.356,0.031,w,r,O,N02007_male_32,False,k,ʋ
fn001945_sentence-0.wav,3.761,3.801,0.04,r,@,I,N02007_male_32,False,k,r
fn001945_sentence-1.wav,2.972,3.002,0.03,d,r,@,N02007_male_32,False,k,d
fn001945_sentence-1.wav,2.941,2.972,0.031,r,E,d,N02007_male_32,False,k,r
fn001945_sentence-2.wav,0.843,0.873,0.03,r,e,d,N02007_male_32,False,k,r
fn001945_sentence-2.wav,0.873,0.904,0.031,d,r,@,N02007_male_32,False,k,d
fn001946_sentence-0.wav,4.572,4.603,0.031,r,@,d,N02007_male_32,False,k,r
fn001946_sentence-1.wav,0.502,0.543,0.041,d,E+,A,N02007_male_32,False,k,d
fn001946_sentence-1.wav,0.107,0.138,0.031,r,O,s,N02007_male_32,False,k,r
fn001946_sentence-2.wav,0.223,0.253,0.03,r,@,s,N02007_male_32,False,k,r
fn001946_sentence-2.wav,3.928,3.958,0.03,w,A+,@,N02007_male_32,False,k,ʋ
fn001946_sentence-3.wav,3.529,3.559,0.03,h,r,a,N02007_male_32,False,k,h
fn001946_sentence-3.wav,2.762,2.802,0.04,f,e,t,N02007_male_32,False,k,f
fn001946_sentence-4.wav,1.184,1.215,0.031,r,e,d,N02007_male_32,False,k,r
fn001947_sentence-1.wav,0.646,0.676,0.03,d,k,A,N02007_male_32,False,k,d
fn001947_sentence-1.wav,0.422,0.463,0.041,r,E,k,N02007_male_32,False,k,r
fn001947_sentence-1.wav,1.011,1.042,0.031,r,A,s,N02007_male_32,False,k,r
fn001947_sentence-2.wav,1.522,1.563,0.041,r,e,s,N02007_male_32,False,k,r
fn001947_sentence-3.wav,3.223,3.264,0.041,d,Y+,b,N02007_male_32,False,k,d
fn001947_sentence-3.wav,0.087,0.117,0.03,r,@,w,N02007_male_32,False,k,r
fn001948_sentence-0.wav,0.49,0.521,0.031,r,@,u,N02007_male_32,False,k,r
fn001948_sentence-0.wav,0.521,0.561,0.04,u,r,n,N02007_male_32,False,k,uː
fn001948_sentence-1.wav,10.467,10.487,0.02,d,d,l,N02007_male_32,False,k,d
fn001948_sentence-1.wav,9.709,9.739,0.03,r,@,l,N02007_male_32,False,k,r
fn001948_sentence-1.wav,3.101,3.142,0.041,w,A+,w,N02007_male_32,False,k,ʋ
fn001948_sentence-1.wav,0.852,0.883,0.031,r,@,l,N02007_male_32,False,k,r
fn001948_sentence-1.wav,0.791,0.822,0.031,d,e,@,N02007_male_32,False,k,d
fn001948_sentence-1.wav,7.248,7.279,0.031,r,E,w,N02007_male_32,False,k,r
fn001948_sentence-2.wav,2.65,2.68,0.03,r,@,s,N02007_male_32,False,k,r
fn001952_sentence-0.wav,0.673,0.703,0.03,r,y,b,N02007_male_32,False,k,r
fn001952_sentence-1.wav,0.323,0.363,0.04,w,e,I,N02007_male_32,False,k,ʋ
fn001952_sentence-2.wav,4.301,4.331,0.03,r,@,s,N02007_male_32,False,k,r
fn001952_sentence-3.wav,3.462,3.502,0.04,r,e,s,N02007_male_32,False,k,r
fn001953_sentence-3.wav,0.546,0.576,0.03,r,e,z,N02007_male_32,False,k,r
fn001954_sentence-0.wav,5.462,5.502,0.04,r,@,w,N02007_male_32,False,k,r
fn001954_sentence-1.wav,2.741,2.772,0.031,h,s,e,N02007_male_32,False,k,h
fn001954_sentence-2.wav,0.513,0.543,0.03,w,k,A,N02007_male_32,False,k,ʋ
fn001954_sentence-2.wav,1.667,1.697,0.03,r,@,t,N02007_male_32,False,k,r
fn001954_sentence-3.wav,0.361,0.401,0.04,r,E,d,N02007_male_32,False,k,r
fn001955_sentence-0.wav,3.603,3.643,0.04,r,e,d,N02007_male_32,False,k,r
fn001955_sentence-0.wav,5.241,5.282,0.041,r,O,t,N02007_male_32,False,k,r
fn001955_sentence-1.wav,9.289,9.319,0.03,r,@,b,N02007_male_32,False,k,r
fn001955_sentence-1.wav,1.264,1.294,0.03,w,A+,x,N02007_male_32,False,k,ʋ
fn001955_sentence-1.wav,3.321,3.352,0.031,r,A,k,N02007_male_32,False,k,r
fn001955_sentence-2.wav,3.048,3.079,0.031,r,@,m,N02007_male_32,False,k,r
fn001955_sentence-2.wav,1.401,1.432,0.031,r,@,l,N02007_male_32,False,k,r
fn001955_sentence-2.wav,3.993,4.024,0.031,r,E,k,N02007_male_32,False,k,r
fn001955_sentence-2.wav,0.188,0.219,0.031,r,a,O,N02007_male_32,False,k,r
fn001956_sentence-0.wav,0.427,0.458,0.031,r,v,A,N02007_male_32,False,k,r
fn001956_sentence-0.wav,0.102,0.143,0.041,r,b,I,N02007_male_32,False,k,r
fn001956_sentence-0.wav,1.21,1.24,0.03,h,r,e,N02007_male_32,False,k,h
fn001956_sentence-1.wav,0.523,0.553,0.03,r,@,w,N02007_male_32,False,k,r
fn001956_sentence-1.wav,1.111,1.141,0.03,w,t,E,N02007_male_32,False,k,ʋ
fn001956_sentence-1.wav,0.107,0.138,0.031,h,E+,A,N02007_male_32,False,k,h
fn001956_sentence-2.wav,2.362,2.403,0.041,r,o,v,N02007_male_32,False,k,r
fn001957_sentence-3.wav,1.769,1.799,0.03,r,y,d,N02007_male_32,False,k,r
fn001957_sentence-4.wav,0.101,0.131,0.03,r,E,t,N02007_male_32,False,k,r
fn001958_sentence-0.wav,5.982,6.012,0.03,w,t,I,N02007_male_32,False,k,ʋ
fn001958_sentence-1.wav,1.242,1.272,0.03,r,E,t,N02007_male_32,False,k,r
fn001958_sentence-1.wav,6.561,6.601,0.04,r,o,m,N02007_male_32,False,k,r
fn001959_sentence-0.wav,1.05,1.08,0.03,h,i,e,N02007_male_32,False,k,h
fn001959_sentence-0.wav,1.587,1.617,0.03,N,E,k,N02007_male_32,False,k,ŋ
fn001959_sentence-2.wav,4.928,4.958,0.03,r,@,d,N02007_male_32,False,k,r
fn001959_sentence-2.wav,0.202,0.242,0.04,r,@,e,N02007_male_32,False,k,r
fn002064_sentence-1.wav,0.363,0.403,0.04,r,e,t,N02007_male_32,False,k,r
fn002064_sentence-1.wav,0.101,0.131,0.03,N,O,G,N02007_male_32,False,k,ŋ
fn002064_sentence-1.wav,4.384,4.415,0.031,r,o,t,N02007_male_32,False,k,r
fn002064_sentence-1.wav,4.686,4.717,0.031,r,E,n,N02007_male_32,False,k,r
fn002064_sentence-2.wav,2.441,2.471,0.03,w,r,E,N02007_male_32,False,k,ʋ
fn002064_sentence-2.wav,2.41,2.441,0.031,r,E,w,N02007_male_32,False,k,r
fn002064_sentence-2.wav,2.512,2.542,0.03,r,E,t,N02007_male_32,False,k,r
fn002065_sentence-0.wav,4.224,4.254,0.03,r,e,@,N02007_male_32,False,k,r
fn002065_sentence-0.wav,5.302,5.333,0.031,r,e,t,N02007_male_32,False,k,r
fn002065_sentence-1.wav,2.812,2.842,0.03,r,a,d,N02007_male_32,False,k,r
fn002065_sentence-1.wav,3.952,3.983,0.031,y,m,n,N02007_male_32,False,k,yː
fn002065_sentence-1.wav,0.344,0.375,0.031,w,N,A,N02007_male_32,False,k,ʋ
fn002065_sentence-1.wav,2.943,2.973,0.03,w,t,A,N02007_male_32,False,k,ʋ
fn002065_sentence-2.wav,4.652,4.683,0.031,r,@,t,N02007_male_32,False,k,r
fn002065_sentence-2.wav,4.106,4.137,0.031,r,@,t,N02007_male_32,False,k,r
fn002066_sentence-0.wav,1.23,1.26,0.03,r,o,l,N02007_male_32,False,k,r
fn002066_sentence-0.wav,1.814,1.844,0.03,r,@,d,N02007_male_32,False,k,r
fn002066_sentence-0.wav,0.363,0.393,0.03,r,E,O,N02007_male_32,False,k,r
fn002066_sentence-1.wav,3.408,3.439,0.031,r,@,d,N02007_male_32,False,k,r
fn002067_sentence-2.wav,0.321,0.362,0.041,w,t,E,N02007_male_32,False,k,ʋ
fn002067_sentence-2.wav,0.464,0.504,0.04,r,E,t,N02007_male_32,False,k,r
fn002067_sentence-2.wav,0.148,0.179,0.031,r,b,A,N02007_male_32,False,k,r
fn002068_sentence-1.wav,0.97,1.0,0.03,r,@,l,N02007_male_32,False,k,r
fn002069_sentence-0.wav,2.926,2.956,0.03,r,O,d,N02007_male_32,False,k,r
fn002069_sentence-1.wav,2.09,2.12,0.03,r,@,l,N02007_male_32,False,k,r
fn002070_sentence-0.wav,0.071,0.101,0.03,r,A,t,N02007_male_32,False,k,r
fn002070_sentence-1.wav,2.667,2.697,0.03,r,@,o,N02007_male_32,False,k,r
fn002070_sentence-1.wav,2.372,2.403,0.031,h,@,e,N02007_male_32,False,k,h
fn002070_sentence-2.wav,1.553,1.583,0.03,h,t,Y,N02007_male_32,False,k,h
fn002070_sentence-4.wav,0.809,0.839,0.03,r,@,k,N02007_male_32,False,k,r
fn002071_sentence-0.wav,4.325,4.355,0.03,w,o,o,N02007_male_32,False,k,ʋ
fn002071_sentence-0.wav,2.622,2.663,0.041,r,e,s,N02007_male_32,False,k,r
fn002071_sentence-0.wav,2.068,2.098,0.03,r,@,m,N02007_male_32,False,k,r
fn002071_sentence-1.wav,0.981,1.011,0.03,w,t,I,N02007_male_32,False,k,ʋ
fn002071_sentence-2.wav,1.121,1.151,0.03,r,o,@,N02007_male_32,False,k,r
fn002071_sentence-4.wav,0.543,0.574,0.031,r,@,l,N02007_male_32,False,k,r
fn002072_sentence-0.wav,1.423,1.453,0.03,r,@,d,N02007_male_32,False,k,r
fn002072_sentence-2.wav,0.302,0.332,0.03,w,A+,m,N02007_male_32,False,k,ʋ
fn002073_sentence-0.wav,1.842,1.882,0.04,w,@,I,N02007_male_32,False,k,ʋ
fn002073_sentence-1.wav,0.071,0.102,0.031,h,E+,A,N02007_male_32,False,k,h
fn002073_sentence-3.wav,0.233,0.264,0.031,w,A+,d,N02007_male_32,False,k,ʋ
fn002074_sentence-0.wav,3.071,3.101,0.03,w,t,I,N02007_male_32,False,k,ʋ
fn002075_sentence-3.wav,0.528,0.559,0.031,h,t,e,N02007_male_32,False,k,h
fn002077_sentence-3.wav,0.061,0.091,0.03,h,E+,e,N02007_male_32,False,k,h
fn002079_sentence-0.wav,0.061,0.102,0.041,w,t,e,N02007_male_32,False,k,ʋ
fn002080_sentence-2.wav,0.061,0.102,0.041,w,t,e,N02007_male_32,False,k,ʋ
fn002082_sentence-1.wav,1.012,1.043,0.031,h,o,A,N02007_male_32,False,k,h
fn002619_sentence-1.wav,0.101,0.141,0.04,w,t,e,N02007_male_32,False,k,ʋ
fn002619_sentence-3.wav,0.102,0.142,0.04,w,@,e,N02007_male_32,False,k,ʋ
fn002621_sentence-0.wav,1.725,1.755,0.03,w,@,E,N02007_male_32,False,k,ʋ
fn002622_sentence-0.wav,3.301,3.342,0.041,w,t,e,N02007_male_32,False,k,ʋ
fn002623_sentence-2.wav,2.922,2.952,0.03,w,A+,@,N02007_male_32,False,k,ʋ
fn002623_sentence-3.wav,1.227,1.257,0.03,w,i,E,N02007_male_32,False,k,ʋ
fn002624_sentence-0.wav,6.868,6.898,0.03,w,o,A,N02007_male_32,False,k,ʋ
fn002624_sentence-4.wav,4.564,4.595,0.031,w,r,A,N02007_male_32,False,k,ʋ
fn002625_sentence-1.wav,1.29,1.32,0.03,w,y,a,N02007_male_32,False,k,ʋ
fn002625_sentence-1.wav,3.494,3.524,0.03,w,y,a,N02007_male_32,False,k,ʋ
fn002626_sentence-1.wav,0.087,0.117,0.03,w,@,E,N02007_male_32,False,k,ʋ
fn002630_sentence-2.wav,0.088,0.118,0.03,w,r,O,N02007_male_32,False,k,ʋ
fn002633_sentence-1.wav,4.123,4.154,0.031,w,s,I,N02007_male_32,False,k,ʋ
fn002634_sentence-1.wav,1.462,1.502,0.04,w,n,e,N02007_male_32,False,k,ʋ
fn002637_sentence-0.wav,1.251,1.281,0.03,w,n,a,N02007_male_32,False,k,ʋ
fn002638_sentence-9.wav,2.781,2.821,0.04,w,n,e,N02007_male_32,False,k,ʋ
fn002641_sentence-1.wav,0.282,0.313,0.031,w,A+,d,N02007_male_32,False,k,ʋ
fn002643_sentence-2.wav,0.621,0.662,0.041,w,s,A,N02007_male_32,False,k,ʋ
fn003162_sentence-0.wav,3.402,3.432,0.03,w,k,I,N02007_male_32,False,k,ʋ
fn003169_sentence-1.wav,5.054,5.084,0.03,w,o,j,N02007_male_32,False,k,ʋ
fn003171_sentence-3.wav,1.531,1.562,0.031,w,k,A,N02007_male_32,False,k,ʋ
fn001318_sentence-1.wav,2.082,2.113,0.031,t,n,u,N00686_female_50,False,o,t
fn001318_sentence-1.wav,8.721,8.761,0.04,@,d,r,N00686_female_50,False,o,ə
fn001318_sentence-1.wav,8.761,8.792,0.031,r,@,t,N00686_female_50,False,o,r
fn001318_sentence-1.wav,6.701,6.731,0.03,@,z,n,N00686_female_50,False,o,ə
fn001318_sentence-1.wav,0.123,0.164,0.041,h,@,e,N00686_female_50,False,o,h
fn001318_sentence-10.wav,3.161,3.201,0.04,a,w,r,N00686_female_50,False,o,aː
fn001318_sentence-10.wav,3.201,3.242,0.041,r,a,d,N00686_female_50,False,o,r
fn001318_sentence-11.wav,3.263,3.304,0.041,d,n,@,N00686_female_50,False,o,d
fn001318_sentence-11.wav,1.494,1.524,0.03,o,x,r,N00686_female_50,False,o,oː
fn001318_sentence-13.wav,0.43,0.461,0.031,G,@,d,N00686_female_50,False,o,ɣ
fn001318_sentence-13.wav,0.123,0.154,0.031,r,@,k,N00686_female_50,False,o,r
fn001318_sentence-16.wav,1.881,1.911,0.03,r,@,s,N00686_female_50,False,o,r
fn001318_sentence-16.wav,0.172,0.203,0.031,r,x,e,N00686_female_50,False,o,r
fn001318_sentence-19.wav,7.231,7.262,0.031,@,s,h,N00686_female_50,False,o,ə
fn001318_sentence-19.wav,0.649,0.679,0.03,h,w,E,N00686_female_50,False,o,h
fn001318_sentence-19.wav,3.302,3.343,0.041,r,a,e,N00686_female_50,False,o,r
fn001318_sentence-19.wav,10.342,10.373,0.031,r,a,b,N00686_female_50,False,o,r
fn001318_sentence-19.wav,7.262,7.292,0.03,h,@,a,N00686_female_50,False,o,h
fn001318_sentence-19.wav,10.241,10.281,0.04,h,n,a,N00686_female_50,False,o,h
fn001318_sentence-2.wav,1.886,1.916,0.03,@,G,l,N00686_female_50,False,o,ə
fn001318_sentence-20.wav,9.261,9.301,0.04,d,n,@,N00686_female_50,False,o,d
fn001318_sentence-20.wav,6.801,6.832,0.031,r,a,z,N00686_female_50,False,o,r
fn001318_sentence-20.wav,7.086,7.116,0.03,@,v,r,N00686_female_50,False,o,ə
fn001318_sentence-20.wav,1.645,1.676,0.031,d,u,@,N00686_female_50,False,o,d
fn001318_sentence-21.wav,6.004,6.034,0.03,l,A,s,N00686_female_50,False,o,l
fn001318_sentence-21.wav,3.244,3.275,0.031,@,k,l,N00686_female_50,False,o,ə
fn001318_sentence-21.wav,5.963,6.004,0.041,A,n,l,N00686_female_50,False,o,ɑ
fn001318_sentence-21.wav,6.53,6.561,0.031,I,w,l,N00686_female_50,False,o,ɪ
fn001318_sentence-22.wav,4.171,4.201,0.03,O,f,p,N00686_female_50,False,o,ɔ
fn001318_sentence-22.wav,4.252,4.282,0.03,E,p,l,N00686_female_50,False,o,ɛ
fn001318_sentence-23.wav,6.264,6.294,0.03,r,@,x,N00686_female_50,False,o,r
fn001318_sentence-23.wav,5.161,5.191,0.03,r,b,u,N00686_female_50,False,o,r
fn001318_sentence-25.wav,7.907,7.938,0.031,r,a,b,N00686_female_50,False,o,r
fn001318_sentence-29.wav,0.434,0.464,0.03,l,E,@,N00686_female_50,False,o,l
fn001318_sentence-30.wav,2.602,2.643,0.041,d,e,@,N00686_female_50,False,o,d
fn001318_sentence-31.wav,0.203,0.244,0.041,l,O,G,N00686_female_50,False,o,l
fn001318_sentence-35.wav,3.312,3.342,0.03,w,t,E,N00686_female_50,False,o,ʋ
fn001318_sentence-5.wav,0.654,0.684,0.03,w,r,A,N00686_female_50,False,o,ʋ
fn001319_sentence-15.wav,1.888,1.918,0.03,j,i,E,N00686_female_50,False,o,j
fn001319_sentence-16.wav,2.881,2.921,0.04,j,i,E,N00686_female_50,False,o,j
fn001319_sentence-19.wav,6.582,6.612,0.03,N,a,G,N00686_female_50,False,o,ŋ
fn001319_sentence-25.wav,0.202,0.233,0.031,j,i,E,N00686_female_50,False,o,j
fn001319_sentence-31.wav,0.082,0.113,0.031,w,t,A,N00686_female_50,False,o,ʋ
fn001319_sentence-42.wav,0.122,0.162,0.04,w,@,a,N00686_female_50,False,o,ʋ
fn001319_sentence-48.wav,4.502,4.543,0.041,w,r,A,N00686_female_50,False,o,ʋ
fn001319_sentence-5.wav,0.122,0.163,0.041,w,t,A,N00686_female_50,False,o,ʋ
fn001319_sentence-5.wav,3.023,3.064,0.041,w,@,I,N00686_female_50,False,o,ʋ
fn001319_sentence-58.wav,0.171,0.202,0.031,w,r,E+,N00686_female_50,False,o,ʋ
fn001319_sentence-61.wav,5.544,5.584,0.04,w,s,A,N00686_female_50,False,o,ʋ
fn001319_sentence-68.wav,5.592,5.622,0.03,w,A+,k,N00686_female_50,False,o,ʋ
fn001319_sentence-68.wav,0.673,0.703,0.03,w,k,A,N00686_female_50,False,o,ʋ
fn001319_sentence-7.wav,1.925,1.955,0.03,w,e,@,N00686_female_50,False,o,ʋ
fn001446_sentence-0.wav,1.123,1.164,0.041,r,d,E,N00750_male_66,False,o,r
fn001446_sentence-10.wav,1.322,1.362,0.04,r,o,d,N00750_male_66,False,o,r
fn001446_sentence-11.wav,1.866,1.896,0.03,r,O,m,N00750_male_66,False,o,r
fn001446_sentence-11.wav,1.348,1.379,0.031,A,d,t,N00750_male_66,False,o,ɑ
fn001446_sentence-11.wav,0.261,0.292,0.031,n,Y,t,N00750_male_66,False,o,n
fn001446_sentence-11.wav,3.202,3.232,0.03,n,E,d,N00750_male_66,False,o,n
fn001446_sentence-11.wav,3.862,3.903,0.041,E+,m,n,N00750_male_66,False,o,ɛi
fn001446_sentence-11.wav,1.622,1.653,0.031,r,@,e,N00750_male_66,False,o,r
fn001446_sentence-12.wav,1.934,1.964,0.03,r,o,m,N00750_male_66,False,o,r
fn001446_sentence-12.wav,2.67,2.7,0.03,f,s,A,N00750_male_66,False,o,f
fn001446_sentence-13.wav,1.703,1.743,0.04,@,l,k,N00750_male_66,False,o,ə
fn001446_sentence-15.wav,0.143,0.173,0.03,h,t,E,N00750_male_66,False,o,h
fn001446_sentence-15.wav,0.102,0.143,0.041,t,A,h,N00750_male_66,False,o,t
fn001446_sentence-16.wav,0.121,0.152,0.031,h,k,E,N00750_male_66,False,o,h
fn001446_sentence-16.wav,1.001,1.041,0.04,l,@,t,N00750_male_66,False,o,l
fn001446_sentence-16.wav,0.971,1.001,0.03,@,b,l,N00750_male_66,False,o,ə
fn001446_sentence-17.wav,1.085,1.115,0.03,x,s,r,N00750_male_66,False,o,x
fn001446_sentence-18.wav,2.803,2.844,0.041,l,e,k,N00750_male_66,False,o,l
fn001446_sentence-18.wav,3.55,3.581,0.031,r,@,s,N00750_male_66,False,o,r
fn001446_sentence-18.wav,0.725,0.756,0.031,d,n,@,N00750_male_66,False,o,d
fn001446_sentence-18.wav,5.111,5.142,0.031,r,@,e,N00750_male_66,False,o,r
fn001446_sentence-18.wav,2.541,2.581,0.04,n,@,s,N00750_male_66,False,o,n
fn001446_sentence-18.wav,2.511,2.541,0.03,@,G,n,N00750_male_66,False,o,ə
fn001446_sentence-18.wav,5.364,5.394,0.03,r,O,m,N00750_male_66,False,o,r
fn001446_sentence-19.wav,2.269,2.299,0.03,@,n,n,N00750_male_66,False,o,ə
fn001446_sentence-19.wav,1.089,1.119,0.03,l,A,s,N00750_male_66,False,o,l
fn001446_sentence-19.wav,2.662,2.703,0.041,@,t,l,N00750_male_66,False,o,ə
fn001446_sentence-19.wav,1.371,1.402,0.031,r,@,s,N00750_male_66,False,o,r
fn001446_sentence-19.wav,2.441,2.471,0.03,r,k,I,N00750_male_66,False,o,r
fn001446_sentence-20.wav,7.494,7.524,0.03,i,m,n,N00750_male_66,False,o,iː
fn001446_sentence-20.wav,4.531,4.562,0.031,x,s,r,N00750_male_66,False,o,x
fn001446_sentence-20.wav,1.394,1.424,0.03,r,a,n,N00750_male_66,False,o,r
fn001446_sentence-20.wav,8.321,8.361,0.04,r,e,k,N00750_male_66,False,o,r
fn001446_sentence-21.wav,3.548,3.579,0.031,r,o,d,N00750_male_66,False,o,r
fn001446_sentence-21.wav,2.448,2.478,0.03,r,@,d,N00750_male_66,False,o,r
fn001446_sentence-21.wav,5.787,5.818,0.031,n,A,d,N00750_male_66,False,o,n
fn001446_sentence-21.wav,1.269,1.299,0.03,r,a,@,N00750_male_66,False,o,r
fn001446_sentence-21.wav,4.788,4.819,0.031,r,@,d,N00750_male_66,False,o,r
fn001446_sentence-22.wav,1.582,1.612,0.03,A,v,n,N00750_male_66,False,o,ɑ
fn001446_sentence-22.wav,0.161,0.201,0.04,A,w,s,N00750_male_66,False,o,ɑ
fn001446_sentence-22.wav,0.443,0.473,0.03,r,y,l,N00750_male_66,False,o,r
fn001446_sentence-22.wav,10.388,10.419,0.031,r,b,u,N00750_male_66,False,o,r
fn001446_sentence-22.wav,0.473,0.504,0.031,l,r,@,N00750_male_66,False,o,l
fn001446_sentence-22.wav,1.652,1.683,0.031,d,n,@,N00750_male_66,False,o,d
fn001446_sentence-23.wav,3.19,3.221,0.031,r,a,d,N00750_male_66,False,o,r
fn001446_sentence-23.wav,3.221,3.261,0.04,d,r,A,N00750_male_66,False,o,d
fn001446_sentence-23.wav,4.212,4.243,0.031,r,@,s,N00750_male_66,False,o,r
fn001446_sentence-24.wav,3.601,3.631,0.03,r,a,b,N00750_male_66,False,o,r
fn001446_sentence-25.wav,0.823,0.863,0.04,x,s,I,N00750_male_66,False,o,x
fn001446_sentence-28.wav,0.294,0.324,0.03,l,Y,t,N00750_male_66,False,o,l
fn001446_sentence-28.wav,10.702,10.733,0.031,h,k,E,N00750_male_66,False,o,h
fn001446_sentence-28.wav,8.629,8.659,0.03,d,r,@,N00750_male_66,False,o,d
fn001446_sentence-29.wav,0.404,0.444,0.04,l,E,b,N00750_male_66,False,o,l
fn001446_sentence-29.wav,0.787,0.818,0.031,l,a,d,N00750_male_66,False,o,l
fn001446_sentence-29.wav,5.506,5.537,0.031,w,A+,h,N00750_male_66,False,o,ʋ
fn001446_sentence-29.wav,0.121,0.152,0.031,h,k,E,N00750_male_66,False,o,h
fn001446_sentence-3.wav,0.222,0.262,0.04,Y,z,l,N00750_male_66,False,o,ʉ
fn001446_sentence-3.wav,1.541,1.572,0.031,r,o,m,N00750_male_66,False,o,r
fn001446_sentence-32.wav,9.645,9.676,0.031,r,o,d,N00750_male_66,False,o,r
fn001446_sentence-32.wav,13.293,13.324,0.031,r,@,m,N00750_male_66,False,o,r
fn001446_sentence-32.wav,1.622,1.652,0.03,r,@,l,N00750_male_66,False,o,r
fn001446_sentence-34.wav,2.185,2.215,0.03,r,@,v,N00750_male_66,False,o,r
fn001446_sentence-35.wav,3.023,3.053,0.03,l,A,s,N00750_male_66,False,o,l
fn001446_sentence-35.wav,1.241,1.282,0.041,w,t,A,N00750_male_66,False,o,ʋ
fn001446_sentence-35.wav,7.41,7.44,0.03,r,@,w,N00750_male_66,False,o,r
fn001446_sentence-37.wav,3.443,3.484,0.041,w,u,O,N00750_male_66,False,o,ʋ
fn001446_sentence-37.wav,6.344,6.375,0.031,r,o,@,N00750_male_66,False,o,r
fn001446_sentence-37.wav,3.524,3.555,0.031,r,O,t,N00750_male_66,False,o,r
fn001446_sentence-37.wav,1.032,1.062,0.03,r,@,t,N00750_male_66,False,o,r
fn001446_sentence-37.wav,3.271,3.302,0.031,r,a,t,N00750_male_66,False,o,r
fn001446_sentence-37.wav,0.121,0.151,0.03,h,k,E,N00750_male_66,False,o,h
fn001446_sentence-6.wav,0.491,0.522,0.031,r,@,w,N00750_male_66,False,o,r
fn001446_sentence-6.wav,0.522,0.552,0.03,w,r,A,N00750_male_66,False,o,ʋ
fn001446_sentence-9.wav,1.745,1.775,0.03,r,a,j,N00750_male_66,False,o,r
fn001447_sentence-101.wav,1.914,1.944,0.03,w,A+,h,N00750_male_66,False,o,ʋ
fn001447_sentence-13.wav,2.201,2.242,0.041,h,k,A,N00750_male_66,False,o,h
fn001447_sentence-19.wav,3.643,3.674,0.031,y,n,w,N00750_male_66,False,o,yː
fn001447_sentence-19.wav,0.505,0.535,0.03,w,r,A,N00750_male_66,False,o,ʋ
fn001447_sentence-28.wav,0.801,0.831,0.03,w,t,E,N00750_male_66,False,o,ʋ
fn001447_sentence-32.wav,1.244,1.275,0.031,h,n,E,N00750_male_66,False,o,h
fn001447_sentence-42.wav,3.362,3.402,0.04,j,v,u,N00750_male_66,False,o,j
fn001060_sentence-1.wav,4.791,4.822,0.031,@,d,b,N00560_female_53,False,o,ə
fn001060_sentence-1.wav,5.773,5.804,0.031,@,t,s,N00560_female_53,False,o,ə
fn001060_sentence-1.wav,2.952,2.982,0.03,@,d,b,N00560_female_53,False,o,ə
fn001060_sentence-1.wav,4.761,4.791,0.03,d,n,@,N00560_female_53,False,o,d
fn001060_sentence-1.wav,4.731,4.761,0.03,n,I,d,N00560_female_53,False,o,n
fn001060_sentence-1.wav,3.043,3.084,0.041,@,b,s,N00560_female_53,False,o,ə
fn001060_sentence-1.wav,4.882,4.913,0.031,@,b,l,N00560_female_53,False,o,ə
fn001060_sentence-10.wav,10.363,10.394,0.031,k,@,@,N00560_female_53,False,o,k
fn001060_sentence-10.wav,4.401,4.442,0.041,t,@,l,N00560_female_53,False,o,t
fn001060_sentence-10.wav,10.261,10.291,0.03,@,m,l,N00560_female_53,False,o,ə
fn001060_sentence-10.wav,10.291,10.322,0.031,l,@,@,N00560_female_53,False,o,l
fn001060_sentence-10.wav,10.322,10.363,0.041,@,l,k,N00560_female_53,False,o,ə
fn001060_sentence-10.wav,10.724,10.754,0.03,@,G,l,N00560_female_53,False,o,ə
fn001060_sentence-10.wav,5.508,5.538,0.03,r,a,d,N00560_female_53,False,o,r
fn001060_sentence-10.wav,7.584,7.624,0.04,@,r,n,N00560_female_53,False,o,ə
fn001060_sentence-10.wav,9.668,9.699,0.031,r,@,d,N00560_female_53,False,o,r
fn001060_sentence-11.wav,5.221,5.261,0.04,n,k,i,N00560_female_53,False,o,n
fn001060_sentence-11.wav,5.902,5.933,0.031,@,d,l,N00560_female_53,False,o,ə
fn001060_sentence-11.wav,7.906,7.936,0.03,r,E,t,N00560_female_53,False,o,r
fn001060_sentence-11.wav,5.506,5.536,0.03,@,v,r,N00560_female_53,False,o,ə
fn001060_sentence-11.wav,5.872,5.902,0.03,d,r,@,N00560_female_53,False,o,d
fn001060_sentence-11.wav,8.462,8.492,0.03,r,@,t,N00560_female_53,False,o,r
fn001060_sentence-11.wav,2.182,2.222,0.04,n,@,x,N00560_female_53,False,o,n
fn001060_sentence-11.wav,2.081,2.122,0.041,f,O,@,N00560_female_53,False,o,f
fn001060_sentence-11.wav,10.581,10.622,0.041,@,G,v,N00560_female_53,False,o,ə
fn001060_sentence-11.wav,5.841,5.872,0.031,r,o,d,N00560_female_53,False,o,r
fn001060_sentence-12.wav,2.423,2.463,0.04,w,d,I,N00560_female_53,False,o,ʋ
fn001060_sentence-13.wav,3.944,3.975,0.031,l,@,p,N00560_female_53,False,o,l
fn001060_sentence-13.wav,3.073,3.103,0.03,l,E,I,N00560_female_53,False,o,l
fn001060_sentence-13.wav,3.103,3.143,0.04,I,l,N,N00560_female_53,False,o,ɪ
fn001060_sentence-13.wav,0.546,0.577,0.031,l,Y,t,N00560_female_53,False,o,l
fn001060_sentence-13.wav,2.454,2.484,0.03,@,m,n,N00560_female_53,False,o,ə
fn001060_sentence-13.wav,3.529,3.559,0.03,r,@,s,N00560_female_53,False,o,r
fn001060_sentence-13.wav,2.484,2.515,0.031,n,@,d,N00560_female_53,False,o,n
fn001060_sentence-14.wav,0.564,0.595,0.031,I,z,N,N00560_female_53,False,o,ɪ
fn001060_sentence-14.wav,0.788,0.818,0.03,d,n,@,N00560_female_53,False,o,d
fn001060_sentence-14.wav,1.122,1.163,0.041,l,O,k,N00560_female_53,False,o,l
fn001060_sentence-14.wav,0.524,0.564,0.04,z,E+,I,N00560_female_53,False,o,z
fn001060_sentence-15.wav,2.523,2.563,0.04,n,u,I,N00560_female_53,False,o,n
fn001060_sentence-15.wav,2.563,2.603,0.04,I,n,N,N00560_female_53,False,o,ɪ
fn001060_sentence-17.wav,0.151,0.181,0.03,G,l,@,N00560_female_53,False,o,ɣ
fn001060_sentence-17.wav,0.332,0.363,0.031,n,@,r,N00560_female_53,False,o,n
fn001060_sentence-17.wav,3.151,3.182,0.031,i,m,l,N00560_female_53,False,o,iː
fn001060_sentence-17.wav,6.641,6.682,0.041,l,O,k,N00560_female_53,False,o,l
fn001060_sentence-17.wav,8.889,8.919,0.03,r,@,t,N00560_female_53,False,o,r
fn001060_sentence-17.wav,0.222,0.252,0.03,n,@,s,N00560_female_53,False,o,n
fn001060_sentence-17.wav,0.121,0.151,0.03,l,O,G,N00560_female_53,False,o,l
fn001060_sentence-17.wav,0.363,0.393,0.03,r,n,@,N00560_female_53,False,o,r
fn001060_sentence-17.wav,3.061,3.101,0.04,n,E,m,N00560_female_53,False,o,n
fn001060_sentence-18.wav,2.221,2.261,0.04,w,r,A,N00560_female_53,False,o,ʋ
fn001060_sentence-18.wav,2.19,2.221,0.031,r,@,w,N00560_female_53,False,o,r
fn001060_sentence-19.wav,0.107,0.137,0.03,r,a,d,N00560_female_53,False,o,r
fn001060_sentence-19.wav,1.461,1.501,0.04,r,o,@,N00560_female_53,False,o,r
fn001060_sentence-2.wav,0.222,0.263,0.041,l,b,E+,N00560_female_53,False,o,l
fn001060_sentence-2.wav,2.968,2.998,0.03,r,@,s,N00560_female_53,False,o,r
fn001060_sentence-2.wav,4.284,4.314,0.03,f,e,t,N00560_female_53,False,o,f
fn001060_sentence-2.wav,1.668,1.699,0.031,A,v,n,N00560_female_53,False,o,ɑ
fn001060_sentence-2.wav,7.925,7.955,0.03,d,n,@,N00560_female_53,False,o,d
fn001060_sentence-2.wav,3.302,3.343,0.041,d,n,@,N00560_female_53,False,o,d
fn001060_sentence-20.wav,3.405,3.435,0.03,d,r,@,N00560_female_53,False,o,d
fn001060_sentence-20.wav,2.512,2.542,0.03,r,@,s,N00560_female_53,False,o,r
fn001060_sentence-20.wav,2.989,3.019,0.03,d,r,@,N00560_female_53,False,o,d
fn001060_sentence-20.wav,3.171,3.202,0.031,r,@,k,N00560_female_53,False,o,r
fn001060_sentence-21.wav,0.231,0.262,0.031,l,k,y,N00560_female_53,False,o,l
fn001060_sentence-22.wav,1.882,1.912,0.03,r,o,p,N00560_female_53,False,o,r
fn001060_sentence-22.wav,2.869,2.9,0.031,l,@,@,N00560_female_53,False,o,l
fn001060_sentence-23.wav,2.182,2.213,0.031,r,x,o,N00560_female_53,False,o,r
fn001060_sentence-24.wav,2.111,2.141,0.03,r,E,s,N00560_female_53,False,o,r
fn001060_sentence-24.wav,0.647,0.677,0.03,r,@,w,N00560_female_53,False,o,r
fn001060_sentence-26.wav,1.706,1.737,0.031,l,@,@,N00560_female_53,False,o,l
fn001060_sentence-26.wav,3.861,3.892,0.031,r,@,d,N00560_female_53,False,o,r
fn001060_sentence-27.wav,7.142,7.182,0.04,I,t,n,N00560_female_53,False,o,ɪ
fn001060_sentence-27.wav,6.326,6.356,0.03,r,@,p,N00560_female_53,False,o,r
fn001060_sentence-28.wav,6.089,6.12,0.031,r,@,O,N00560_female_53,False,o,r
fn001060_sentence-28.wav,2.304,2.334,0.03,r,@,k,N00560_female_53,False,o,r
fn001060_sentence-29.wav,3.043,3.083,0.04,d,n,@,N00560_female_53,False,o,d
fn001060_sentence-3.wav,2.927,2.958,0.031,r,o,p,N00560_female_53,False,o,r
fn001060_sentence-3.wav,2.172,2.202,0.03,d,n,@,N00560_female_53,False,o,d
fn001060_sentence-30.wav,6.882,6.913,0.031,r,@,p,N00560_female_53,False,o,r
fn001060_sentence-30.wav,0.883,0.914,0.031,r,e,s,N00560_female_53,False,o,r
fn001060_sentence-31.wav,2.101,2.142,0.041,d,@,o,N00560_female_53,False,o,d
fn001060_sentence-31.wav,0.406,0.437,0.031,r,A,m,N00560_female_53,False,o,r
fn001060_sentence-31.wav,0.61,0.64,0.03,r,A,t,N00560_female_53,False,o,r
fn001060_sentence-31.wav,1.128,1.159,0.031,r,E,t,N00560_female_53,False,o,r
fn001060_sentence-32.wav,2.243,2.284,0.041,r,e,o,N00560_female_53,False,o,r
fn001060_sentence-32.wav,5.568,5.598,0.03,r,i,n,N00560_female_53,False,o,r
fn001060_sentence-34.wav,0.29,0.321,0.031,w,s,A,N00560_female_53,False,o,ʋ
fn001060_sentence-36.wav,4.822,4.852,0.03,b,m,@,N00560_female_53,False,o,b
fn001060_sentence-36.wav,4.369,4.4,0.031,I,l,N,N00560_female_53,False,o,ɪ
fn001060_sentence-4.wav,0.172,0.202,0.03,w,n,a,N00560_female_53,False,o,ʋ
fn001060_sentence-4.wav,1.513,1.543,0.03,I,l,N,N00560_female_53,False,o,ɪ
fn001060_sentence-44.wav,2.242,2.273,0.031,b,n,o,N00560_female_53,False,o,b
fn001060_sentence-45.wav,2.624,2.654,0.03,w,o,A,N00560_female_53,False,o,ʋ
fn001060_sentence-5.wav,2.683,2.724,0.041,w,o,E,N00560_female_53,False,o,ʋ
fn001060_sentence-50.wav,0.624,0.664,0.04,w,n,@,N00560_female_53,False,o,ʋ
fn001060_sentence-50.wav,3.041,3.082,0.041,Y,k,n,N00560_female_53,False,o,ʉ
fn001060_sentence-51.wav,0.161,0.202,0.041,w,t,I,N00560_female_53,False,o,ʋ
fn001060_sentence-6.wav,0.243,0.284,0.041,w,@,@,N00560_female_53,False,o,ʋ
fn001060_sentence-61.wav,2.045,2.075,0.03,w,A+,G,N00560_female_53,False,o,ʋ
fn001060_sentence-70.wav,8.244,8.284,0.04,w,r,E+,N00560_female_53,False,o,ʋ
fn001060_sentence-79.wav,3.784,3.815,0.031,w,n,O,N00560_female_53,False,o,ʋ
fn001060_sentence-87.wav,2.987,3.017,0.03,w,@,O,N00560_female_53,False,o,ʋ
fn001060_sentence-87.wav,7.31,7.341,0.031,w,A+,@,N00560_female_53,False,o,ʋ
fn001440_sentence-1.wav,3.952,3.983,0.031,@,j,v,N00747_male_54,False,o,ə
fn001440_sentence-1.wav,3.345,3.375,0.03,l,A,s,N00747_male_54,False,o,l
fn001440_sentence-13.wav,2.848,2.879,0.031,I,n,N,N00747_male_54,False,o,ɪ
fn001440_sentence-13.wav,5.071,5.101,0.03,r,O,r,N00747_male_54,False,o,r
fn001440_sentence-13.wav,13.154,13.184,0.03,l,b,i,N00747_male_54,False,o,l
fn001440_sentence-13.wav,19.672,19.702,0.03,n,@,a,N00747_male_54,False,o,n
fn001440_sentence-13.wav,0.143,0.184,0.041,h,@,A,N00747_male_54,False,o,h
fn001440_sentence-13.wav,8.024,8.055,0.031,n,I,d,N00747_male_54,False,o,n
fn001440_sentence-13.wav,11.389,11.419,0.03,l,@,s,N00747_male_54,False,o,l
fn001440_sentence-13.wav,19.128,19.158,0.03,r,E,@,N00747_male_54,False,o,r
fn001440_sentence-15.wav,2.304,2.335,0.031,b,n,@,N00747_male_54,False,o,b
fn001440_sentence-17.wav,0.081,0.112,0.031,l,A,s,N00747_male_54,False,o,l
fn001440_sentence-19.wav,1.484,1.515,0.031,l,A,s,N00747_male_54,False,o,l
fn001440_sentence-19.wav,3.512,3.542,0.03,d,o,@,N00747_male_54,False,o,d
fn001440_sentence-19.wav,3.643,3.684,0.041,h,x,A,N00747_male_54,False,o,h
fn001440_sentence-2.wav,1.164,1.204,0.04,j,i,o,N00747_male_54,False,o,j
fn001440_sentence-2.wav,1.103,1.133,0.03,l,b,i,N00747_male_54,False,o,l
fn001440_sentence-2.wav,1.062,1.103,0.041,b,i,l,N00747_male_54,False,o,b
fn001440_sentence-20.wav,0.703,0.733,0.03,d,@,i,N00747_male_54,False,o,d
fn001440_sentence-21.wav,0.222,0.262,0.04,l,r,I,N00747_male_54,False,o,l
fn001440_sentence-21.wav,0.182,0.222,0.04,r,e,l,N00747_male_54,False,o,r
fn001440_sentence-21.wav,0.262,0.303,0.041,I,l,N,N00747_male_54,False,o,ɪ
fn001440_sentence-21.wav,1.465,1.495,0.03,r,@,d,N00747_male_54,False,o,r
fn001440_sentence-23.wav,10.026,10.056,0.03,r,@,w,N00747_male_54,False,o,r
fn001440_sentence-23.wav,0.842,0.883,0.041,O,s,n,N00747_male_54,False,o,ɔ
fn001440_sentence-24.wav,3.671,3.701,0.03,r,a,w,N00747_male_54,False,o,r
fn001440_sentence-25.wav,14.601,14.642,0.041,A,n,x,N00747_male_54,False,o,ɑ
fn001440_sentence-25.wav,12.883,12.914,0.031,d,n,@,N00747_male_54,False,o,d
fn001440_sentence-26.wav,0.289,0.319,0.03,w,A+,e,N00747_male_54,False,o,ʋ
fn001440_sentence-28.wav,2.024,2.054,0.03,h,n,a,N00747_male_54,False,o,h
fn001440_sentence-3.wav,3.343,3.384,0.041,I,l,N,N00747_male_54,False,o,ɪ
fn001440_sentence-30.wav,2.722,2.753,0.031,r,a,s,N00747_male_54,False,o,r
fn001440_sentence-33.wav,4.351,4.382,0.031,r,@,z,N00747_male_54,False,o,r
fn001440_sentence-33.wav,9.047,9.078,0.031,r,@,h,N00747_male_54,False,o,r
fn001440_sentence-39.wav,5.242,5.273,0.031,r,A,d,N00747_male_54,False,o,r
fn001440_sentence-43.wav,2.003,2.044,0.041,j,i,o,N00747_male_54,False,o,j
fn001441_sentence-0.wav,5.704,5.735,0.031,h,l,I,N00747_male_54,False,o,h
fn001441_sentence-18.wav,7.046,7.077,0.031,w,t,A,N00747_male_54,False,o,ʋ
fn001441_sentence-24.wav,0.709,0.74,0.031,w,A+,b,N00747_male_54,False,o,ʋ
fn001088_sentence-1.wav,1.022,1.063,0.041,@,j,d,N00549_female_61,False,o,ə
fn001088_sentence-10.wav,0.101,0.142,0.041,l,A,s,N00549_female_61,False,o,l
fn001088_sentence-10.wav,3.203,3.244,0.041,@,k,l,N00549_female_61,False,o,ə
fn001088_sentence-10.wav,2.466,2.497,0.031,r,@,l,N00549_female_61,False,o,r
fn001088_sentence-13.wav,4.314,4.344,0.03,@,d,r,N00549_female_61,False,o,ə
fn001088_sentence-13.wav,4.253,4.283,0.03,n,O,d,N00549_female_61,False,o,n
fn001088_sentence-13.wav,4.283,4.314,0.031,d,n,@,N00549_female_61,False,o,d
fn001088_sentence-14.wav,5.41,5.44,0.03,l,p,A,N00549_female_61,False,o,l
fn001088_sentence-17.wav,0.344,0.374,0.03,N,O,@,N00549_female_61,False,o,ŋ
fn001088_sentence-17.wav,4.143,4.173,0.03,r,@,k,N00549_female_61,False,o,r
fn001088_sentence-18.wav,7.493,7.523,0.03,r,@,d,N00549_female_61,False,o,r
fn001088_sentence-18.wav,7.401,7.442,0.041,d,n,@,N00549_female_61,False,o,d
fn001088_sentence-20.wav,2.025,2.056,0.031,r,@,b,N00549_female_61,False,o,r
fn001088_sentence-20.wav,1.342,1.383,0.041,w,r,E+,N00549_female_61,False,o,ʋ
fn001088_sentence-20.wav,0.743,0.784,0.041,r,@,t,N00549_female_61,False,o,r
fn001088_sentence-20.wav,1.311,1.342,0.031,r,E,w,N00549_female_61,False,o,r
fn001088_sentence-25.wav,0.231,0.262,0.031,l,A,k,N00549_female_61,False,o,l
fn001088_sentence-29.wav,1.269,1.3,0.031,d,n,@,N00549_female_61,False,o,d
fn001088_sentence-29.wav,1.33,1.361,0.031,r,@,d,N00549_female_61,False,o,r
fn001088_sentence-3.wav,6.225,6.255,0.03,n,i,d,N00549_female_61,False,o,n
fn001088_sentence-3.wav,1.691,1.722,0.031,E,h,m,N00549_female_61,False,o,ɛ
fn001088_sentence-3.wav,4.746,4.777,0.031,h,t,E,N00549_female_61,False,o,h
fn001088_sentence-3.wav,6.912,6.942,0.03,w,A+,t,N00549_female_61,False,o,ʋ
fn001088_sentence-3.wav,1.469,1.499,0.03,r,@,O,N00549_female_61,False,o,r
fn001088_sentence-3.wav,1.661,1.691,0.03,h,p,E,N00549_female_61,False,o,h
fn001088_sentence-30.wav,0.329,0.36,0.031,w,@,@,N00549_female_61,False,o,ʋ
fn001088_sentence-34.wav,0.222,0.263,0.041,l,e,t,N00549_female_61,False,o,l
fn001088_sentence-34.wav,1.946,1.976,0.03,r,a,m,N00549_female_61,False,o,r
fn001088_sentence-35.wav,3.187,3.217,0.03,w,n,A,N00549_female_61,False,o,ʋ
fn001088_sentence-36.wav,3.566,3.597,0.031,d,o,@,N00549_female_61,False,o,d
fn001088_sentence-36.wav,4.083,4.113,0.03,r,o,d,N00549_female_61,False,o,r
fn001088_sentence-38.wav,3.347,3.377,0.03,d,n,@,N00549_female_61,False,o,d
fn001088_sentence-38.wav,5.587,5.617,0.03,r,@,t,N00549_female_61,False,o,r
fn001088_sentence-38.wav,3.408,3.438,0.03,l,@,@,N00549_female_61,False,o,l
fn001088_sentence-39.wav,1.302,1.343,0.041,r,a,m,N00549_female_61,False,o,r
fn001088_sentence-4.wav,0.789,0.82,0.031,r,@,m,N00549_female_61,False,o,r
fn001088_sentence-4.wav,0.982,1.022,0.04,r,a,@,N00549_female_61,False,o,r
fn001088_sentence-4.wav,2.469,2.5,0.031,l,A,@,N00549_female_61,False,o,l
fn001088_sentence-4.wav,2.623,2.663,0.04,w,t,E,N00549_female_61,False,o,ʋ
fn001088_sentence-44.wav,0.951,0.981,0.03,d,r,@,N00549_female_61,False,o,d
fn001088_sentence-53.wav,1.632,1.662,0.03,w,o,A,N00549_female_61,False,o,ʋ
fn001088_sentence-53.wav,1.743,1.783,0.04,l,A,s,N00549_female_61,False,o,l
fn001089_sentence-0.wav,0.366,0.397,0.031,l,@,t,N00549_female_61,False,o,l
fn001089_sentence-107.wav,3.722,3.763,0.041,w,@,I,N00549_female_61,False,o,ʋ
fn001089_sentence-108.wav,3.641,3.682,0.041,l,k,O,N00549_female_61,False,o,l
fn001089_sentence-109.wav,2.941,2.981,0.04,N,O,@,N00549_female_61,False,o,ŋ
fn001089_sentence-113.wav,1.771,1.801,0.03,l,@,@,N00549_female_61,False,o,l
fn001089_sentence-2.wav,4.921,4.962,0.041,N,O,@,N00549_female_61,False,o,ŋ
fn001123_sentence-0.wav,0.205,0.236,0.031,t,f,s,N00623_female_48,False,o,t
fn001123_sentence-1.wav,4.054,4.084,0.03,r,E,t,N00623_female_48,False,o,r
fn001123_sentence-10.wav,0.486,0.516,0.03,@,m,r,N00623_female_48,False,o,ə
fn001123_sentence-10.wav,3.562,3.603,0.041,l,b,A,N00623_female_48,False,o,l
fn001123_sentence-100.wav,1.823,1.853,0.03,p,A,z,N00623_female_48,False,o,p
fn001123_sentence-100.wav,0.212,0.243,0.031,p,E,I,N00623_female_48,False,o,p
fn001123_sentence-100.wav,1.043,1.073,0.03,@,d,x,N00623_female_48,False,o,ə
fn001123_sentence-100.wav,0.101,0.131,0.03,@,j,h,N00623_female_48,False,o,ə
fn001123_sentence-100.wav,0.941,0.982,0.041,n,O,d,N00623_female_48,False,o,n
fn001123_sentence-100.wav,0.131,0.162,0.031,h,@,E,N00623_female_48,False,o,h
fn001123_sentence-101.wav,0.307,0.337,0.03,l,A,s,N00623_female_48,False,o,l
fn001123_sentence-103.wav,2.127,2.157,0.03,d,n,@,N00623_female_48,False,o,d
fn001123_sentence-104.wav,6.102,6.143,0.041,r,A,k,N00623_female_48,False,o,r
fn001123_sentence-104.wav,5.888,5.918,0.03,d,n,@,N00623_female_48,False,o,d
fn001123_sentence-104.wav,4.224,4.254,0.03,@,k,l,N00623_female_48,False,o,ə
fn001123_sentence-104.wav,1.645,1.676,0.031,t,A,@,N00623_female_48,False,o,t
fn001123_sentence-107.wav,1.022,1.052,0.03,r,e,l,N00623_female_48,False,o,r
fn001123_sentence-107.wav,2.013,2.044,0.031,l,@,@,N00623_female_48,False,o,l
fn001123_sentence-108.wav,0.173,0.204,0.031,r,e,p,N00623_female_48,False,o,r
fn001123_sentence-108.wav,0.703,0.734,0.031,@,d,h,N00623_female_48,False,o,ə
fn001123_sentence-108.wav,0.673,0.703,0.03,d,r,@,N00623_female_48,False,o,d
fn001123_sentence-109.wav,1.883,1.914,0.031,d,n,A,N00623_female_48,False,o,d
fn001123_sentence-109.wav,0.492,0.523,0.031,@,d,r,N00623_female_48,False,o,ə
fn001123_sentence-109.wav,1.914,1.944,0.03,A,d,x,N00623_female_48,False,o,ɑ
fn001123_sentence-109.wav,0.523,0.553,0.03,r,@,d,N00623_female_48,False,o,r
fn001123_sentence-109.wav,2.147,2.178,0.031,r,a,z,N00623_female_48,False,o,r
fn001123_sentence-109.wav,0.983,1.024,0.041,l,E,s,N00623_female_48,False,o,l
fn001123_sentence-109.wav,1.843,1.883,0.04,n,a,d,N00623_female_48,False,o,n
fn001123_sentence-109.wav,0.461,0.492,0.031,d,n,@,N00623_female_48,False,o,d
fn001123_sentence-109.wav,0.553,0.584,0.031,d,r,@,N00623_female_48,False,o,d
fn001123_sentence-11.wav,0.743,0.784,0.041,O,w,r,N00623_female_48,False,o,ɔ
fn001123_sentence-11.wav,0.784,0.824,0.04,r,O,d,N00623_female_48,False,o,r
fn001123_sentence-110.wav,1.725,1.755,0.03,b,t,@,N00623_female_48,False,o,b
fn001123_sentence-111.wav,0.143,0.174,0.031,l,A,s,N00623_female_48,False,o,l
fn001123_sentence-111.wav,0.174,0.204,0.03,s,l,@,N00623_female_48,False,o,s
fn001123_sentence-112.wav,3.828,3.859,0.031,r,i,v,N00623_female_48,False,o,r
fn001123_sentence-112.wav,1.412,1.442,0.03,d,j,@,N00623_female_48,False,o,d
fn001123_sentence-112.wav,1.483,1.513,0.03,z,@,I,N00623_female_48,False,o,z
fn001123_sentence-112.wav,1.442,1.483,0.041,@,d,z,N00623_female_48,False,o,ə
fn001123_sentence-112.wav,3.971,4.001,0.03,n,A,v,N00623_female_48,False,o,n
fn001123_sentence-112.wav,3.666,3.696,0.03,@,s,h,N00623_female_48,False,o,ə
fn001123_sentence-113.wav,0.091,0.122,0.031,r,a,s,N00623_female_48,False,o,r
fn001123_sentence-114.wav,4.429,4.459,0.03,n,A,d,N00623_female_48,False,o,n
fn001123_sentence-114.wav,2.729,2.759,0.03,@,d,l,N00623_female_48,False,o,ə
fn001123_sentence-115.wav,0.872,0.902,0.03,n,r,a,N00623_female_48,False,o,n
fn001123_sentence-115.wav,0.588,0.619,0.031,r,E,d,N00623_female_48,False,o,r
fn001123_sentence-115.wav,0.943,0.974,0.031,r,a,h,N00623_female_48,False,o,r
fn001123_sentence-115.wav,0.974,1.004,0.03,h,r,E,N00623_female_48,False,o,h
fn001123_sentence-116.wav,0.509,0.539,0.03,d,r,@,N00623_female_48,False,o,d
fn001123_sentence-117.wav,2.466,2.496,0.03,@,v,r,N00623_female_48,False,o,ə
fn001123_sentence-117.wav,1.101,1.132,0.031,r,e,l,N00623_female_48,False,o,r
fn001123_sentence-117.wav,0.95,0.98,0.03,n,e,e,N00623_female_48,False,o,n
fn001123_sentence-117.wav,1.182,1.223,0.041,@,l,k,N00623_female_48,False,o,ə
fn001123_sentence-117.wav,1.223,1.263,0.04,k,@,@,N00623_female_48,False,o,k
fn001123_sentence-117.wav,2.385,2.415,0.03,r,o,v,N00623_female_48,False,o,r
fn001123_sentence-118.wav,2.121,2.151,0.03,d,n,@,N00623_female_48,False,o,d
fn001123_sentence-118.wav,1.99,2.02,0.03,d,r,i,N00623_female_48,False,o,d
fn001123_sentence-118.wav,1.505,1.535,0.03,n,e,m,N00623_female_48,False,o,n
fn001123_sentence-118.wav,3.393,3.423,0.03,l,n,e,N00623_female_48,False,o,l
fn001123_sentence-118.wav,1.868,1.899,0.031,r,y,v,N00623_female_48,False,o,r
fn001123_sentence-118.wav,3.362,3.393,0.031,n,E+,l,N00623_female_48,False,o,n
fn001123_sentence-118.wav,1.929,1.959,0.03,@,v,r,N00623_female_48,False,o,ə
fn001123_sentence-119.wav,1.193,1.223,0.03,d,r,A,N00623_female_48,False,o,d
fn001123_sentence-119.wav,1.122,1.152,0.03,@,k,r,N00623_female_48,False,o,ə
fn001123_sentence-119.wav,1.941,1.971,0.03,w,A+,p,N00623_female_48,False,o,ʋ
fn001123_sentence-12.wav,0.633,0.663,0.03,r,@,s,N00623_female_48,False,o,r
fn001123_sentence-12.wav,0.603,0.633,0.03,@,d,r,N00623_female_48,False,o,ə
fn001123_sentence-12.wav,1.514,1.544,0.03,n,E,h,N00623_female_48,False,o,n
fn001123_sentence-12.wav,1.544,1.584,0.04,h,n,a,N00623_female_48,False,o,h
fn001123_sentence-12.wav,1.645,1.675,0.03,r,a,v,N00623_female_48,False,o,r
fn001123_sentence-120.wav,1.844,1.884,0.04,r,o,v,N00623_female_48,False,o,r
fn001123_sentence-120.wav,1.884,1.924,0.04,v,r,@,N00623_female_48,False,o,v
fn001123_sentence-121.wav,8.37,8.4,0.03,r,@,v,N00623_female_48,False,o,r
fn001123_sentence-121.wav,3.461,3.501,0.04,n,A,t,N00623_female_48,False,o,n
fn001123_sentence-121.wav,0.964,1.004,0.04,n,E,v,N00623_female_48,False,o,n
fn001123_sentence-121.wav,1.268,1.298,0.03,w,A+,@,N00623_female_48,False,o,ʋ
fn001123_sentence-121.wav,8.43,8.461,0.031,@,v,r,N00623_female_48,False,o,ə
fn001123_sentence-121.wav,8.541,8.582,0.041,l,b,E+,N00623_female_48,False,o,l
fn001123_sentence-121.wav,8.461,8.491,0.03,r,@,b,N00623_female_48,False,o,r
fn001123_sentence-122.wav,6.569,6.6,0.031,p,O,b,N00623_female_48,False,o,p
fn001123_sentence-123.wav,0.821,0.861,0.04,f,s,@,N00623_female_48,False,o,f
fn001123_sentence-123.wav,0.922,0.963,0.041,r,@,m,N00623_female_48,False,o,r
fn001123_sentence-124.wav,1.132,1.163,0.031,N,O,k,N00623_female_48,False,o,ŋ
fn001123_sentence-125.wav,1.701,1.731,0.03,r,@,n,N00623_female_48,False,o,r
fn001123_sentence-127.wav,2.022,2.063,0.041,v,@,A,N00623_female_48,False,o,v
fn001123_sentence-129.wav,1.806,1.837,0.031,w,@,@,N00623_female_48,False,o,ʋ
fn001123_sentence-129.wav,1.684,1.714,0.03,r,O,G,N00623_female_48,False,o,r
fn001123_sentence-130.wav,2.144,2.174,0.03,r,a,j,N00623_female_48,False,o,r
fn001123_sentence-130.wav,0.253,0.284,0.031,h,t,E,N00623_female_48,False,o,h
fn001123_sentence-134.wav,0.586,0.616,0.03,d,n,@,N00623_female_48,False,o,d
fn001123_sentence-135.wav,3.048,3.079,0.031,h,@,E,N00623_female_48,False,o,h
fn001123_sentence-14.wav,8.467,8.498,0.031,r,@,v,N00623_female_48,False,o,r
fn001123_sentence-14.wav,0.213,0.243,0.03,j,s,@,N00623_female_48,False,o,j
fn001123_sentence-14.wav,3.387,3.418,0.031,r,a,I,N00623_female_48,False,o,r
fn001123_sentence-14.wav,7.733,7.763,0.03,r,@,@,N00623_female_48,False,o,r
fn001123_sentence-14.wav,2.552,2.583,0.031,d,@,A,N00623_female_48,False,o,d
fn001123_sentence-15.wav,6.143,6.184,0.041,d,n,e,N00623_female_48,False,o,d
fn001123_sentence-15.wav,5.202,5.233,0.031,r,a,@,N00623_female_48,False,o,r
fn001123_sentence-15.wav,3.181,3.211,0.03,r,@,z,N00623_female_48,False,o,r
fn001123_sentence-16.wav,0.122,0.152,0.03,r,a,I,N00623_female_48,False,o,r
fn001123_sentence-18.wav,3.07,3.101,0.031,r,@,i,N00623_female_48,False,o,r
fn001123_sentence-18.wav,3.821,3.851,0.03,r,@,s,N00623_female_48,False,o,r
fn001123_sentence-19.wav,4.406,4.437,0.031,r,@,v,N00623_female_48,False,o,r
fn001123_sentence-19.wav,2.161,2.191,0.03,d,@,@,N00623_female_48,False,o,d
fn001123_sentence-19.wav,0.366,0.397,0.031,r,o,d,N00623_female_48,False,o,r
fn001123_sentence-2.wav,2.287,2.318,0.031,r,E,k,N00623_female_48,False,o,r
fn001123_sentence-2.wav,0.203,0.233,0.03,j,s,@,N00623_female_48,False,o,j
fn001123_sentence-2.wav,10.729,10.759,0.03,r,@,t,N00623_female_48,False,o,r
fn001123_sentence-20.wav,3.073,3.104,0.031,r,@,@,N00623_female_48,False,o,r
fn001123_sentence-20.wav,1.747,1.777,0.03,b,n,@,N00623_female_48,False,o,b
fn001123_sentence-20.wav,3.589,3.619,0.03,j,t,@,N00623_female_48,False,o,j
fn001123_sentence-21.wav,0.872,0.903,0.031,r,e,b,N00623_female_48,False,o,r
fn001123_sentence-21.wav,5.603,5.633,0.03,r,@,u,N00623_female_48,False,o,r
fn001123_sentence-21.wav,0.234,0.264,0.03,w,A+,x,N00623_female_48,False,o,ʋ
fn001123_sentence-22.wav,0.561,0.601,0.04,r,E,O,N00623_female_48,False,o,r
fn001123_sentence-22.wav,0.632,0.663,0.031,p,O,w,N00623_female_48,False,o,p
fn001123_sentence-23.wav,0.969,0.999,0.03,r,a,j,N00623_female_48,False,o,r
fn001123_sentence-23.wav,1.881,1.911,0.03,r,@,h,N00623_female_48,False,o,r
fn001123_sentence-24.wav,1.006,1.036,0.03,d,r,@,N00623_female_48,False,o,d
fn001123_sentence-27.wav,5.172,5.202,0.03,r,@,s,N00623_female_48,False,o,r
fn001123_sentence-27.wav,2.161,2.202,0.041,r,e,@,N00623_female_48,False,o,r
fn001123_sentence-27.wav,0.143,0.173,0.03,h,k,A,N00623_female_48,False,o,h
fn001123_sentence-28.wav,0.585,0.616,0.031,r,@,t,N00623_female_48,False,o,r
fn001123_sentence-28.wav,0.103,0.144,0.041,w,t,A,N00623_female_48,False,o,ʋ
fn001123_sentence-29.wav,0.561,0.602,0.041,r,b,u,N00623_female_48,False,o,r
fn001123_sentence-3.wav,0.302,0.343,0.041,w,o,A,N00623_female_48,False,o,ʋ
fn001123_sentence-3.wav,4.741,4.771,0.03,r,@,@,N00623_female_48,False,o,r
fn001123_sentence-34.wav,0.928,0.958,0.03,r,@,x,N00623_female_48,False,o,r
fn001123_sentence-34.wav,0.826,0.856,0.03,r,e,d,N00623_female_48,False,o,r
fn001123_sentence-36.wav,0.272,0.303,0.031,r,a,@,N00623_female_48,False,o,r
fn001123_sentence-37.wav,1.962,1.993,0.031,w,A+,b,N00623_female_48,False,o,ʋ
fn001123_sentence-38.wav,4.604,4.634,0.03,r,@,E,N00623_female_48,False,o,r
fn001123_sentence-40.wav,0.101,0.142,0.041,r,a,s,N00623_female_48,False,o,r
fn001123_sentence-41.wav,1.632,1.662,0.03,r,@,k,N00623_female_48,False,o,r
fn001123_sentence-44.wav,0.092,0.123,0.031,r,a,s,N00623_female_48,False,o,r
fn001123_sentence-44.wav,0.748,0.779,0.031,r,e,d,N00623_female_48,False,o,r
fn001123_sentence-45.wav,1.314,1.344,0.03,r,@,d,N00623_female_48,False,o,r
fn001123_sentence-47.wav,5.411,5.442,0.031,r,i,d,N00623_female_48,False,o,r
fn001123_sentence-47.wav,0.889,0.92,0.031,r,@,d,N00623_female_48,False,o,r
fn001123_sentence-47.wav,3.163,3.193,0.03,r,@,l,N00623_female_48,False,o,r
fn001123_sentence-50.wav,0.19,0.221,0.031,w,k,A,N00623_female_48,False,o,ʋ
fn001123_sentence-50.wav,2.567,2.597,0.03,r,@,d,N00623_female_48,False,o,r
fn001123_sentence-51.wav,3.252,3.282,0.03,r,@,d,N00623_female_48,False,o,r
fn001123_sentence-51.wav,2.373,2.403,0.03,r,@,s,N00623_female_48,False,o,r
fn001123_sentence-51.wav,3.768,3.798,0.03,r,@,f,N00623_female_48,False,o,r
fn001123_sentence-54.wav,3.789,3.819,0.03,N,A,@,N00623_female_48,False,o,ŋ
fn001123_sentence-54.wav,1.311,1.342,0.031,r,O,t,N00623_female_48,False,o,r
fn001123_sentence-54.wav,3.305,3.335,0.03,r,@,s,N00623_female_48,False,o,r
fn001123_sentence-55.wav,2.022,2.062,0.04,w,n,e,N00623_female_48,False,o,ʋ
fn001123_sentence-56.wav,1.263,1.304,0.041,r,o,t,N00623_female_48,False,o,r
fn001123_sentence-56.wav,0.442,0.473,0.031,r,@,w,N00623_female_48,False,o,r
fn001123_sentence-56.wav,0.473,0.503,0.03,w,r,A,N00623_female_48,False,o,ʋ
fn001123_sentence-57.wav,0.394,0.424,0.03,r,@,@,N00623_female_48,False,o,r
fn001123_sentence-57.wav,5.172,5.203,0.031,r,e,@,N00623_female_48,False,o,r
fn001123_sentence-57.wav,6.566,6.596,0.03,r,@,m,N00623_female_48,False,o,r
fn001123_sentence-59.wav,1.649,1.68,0.031,r,@,x,N00623_female_48,False,o,r
fn001123_sentence-6.wav,5.646,5.677,0.031,r,o,d,N00623_female_48,False,o,r
fn001123_sentence-60.wav,7.387,7.417,0.03,r,@,h,N00623_female_48,False,o,r
fn001123_sentence-60.wav,3.343,3.373,0.03,w,A+,t,N00623_female_48,False,o,ʋ
fn001123_sentence-60.wav,7.972,8.003,0.031,r,@,x,N00623_female_48,False,o,r
fn001123_sentence-60.wav,5.423,5.464,0.041,w,n,A,N00623_female_48,False,o,ʋ
fn001123_sentence-63.wav,2.244,2.274,0.03,w,s,A,N00623_female_48,False,o,ʋ
fn001123_sentence-64.wav,0.122,0.162,0.04,w,t,A,N00623_female_48,False,o,ʋ
fn001123_sentence-73.wav,5.743,5.784,0.041,N,a,G,N00623_female_48,False,o,ŋ
fn001123_sentence-86.wav,4.482,4.523,0.041,N,I,@,N00623_female_48,False,o,ŋ
fn001388_sentence-0.wav,0.162,0.193,0.031,t,f,s,N00753_female_43,False,o,t
fn001388_sentence-1.wav,5.983,6.013,0.03,E+,w,l,N00753_female_43,False,o,ɛi
fn001388_sentence-1.wav,6.721,6.751,0.03,n,@,m,N00753_female_43,False,o,n
fn001388_sentence-1.wav,5.942,5.983,0.041,w,r,E+,N00753_female_43,False,o,ʋ
fn001388_sentence-1.wav,6.681,6.721,0.04,@,s,n,N00753_female_43,False,o,ə
fn001388_sentence-1.wav,6.013,6.043,0.03,l,E+,d,N00753_female_43,False,o,l
fn001388_sentence-1.wav,5.912,5.942,0.03,r,E,w,N00753_female_43,False,o,r
fn001388_sentence-1.wav,5.882,5.912,0.03,E,t,r,N00753_female_43,False,o,ɛ
fn001388_sentence-1.wav,3.801,3.842,0.041,m,t,e,N00753_female_43,False,o,m
fn001388_sentence-1.wav,2.441,2.471,0.03,n,A,w,N00753_female_43,False,o,n
fn001388_sentence-1.wav,6.043,6.074,0.031,d,l,i,N00753_female_43,False,o,d
fn001388_sentence-1.wav,6.802,6.842,0.04,A,m,G,N00753_female_43,False,o,ɑ
fn001388_sentence-10.wav,0.152,0.183,0.031,I,m,s,N00753_female_43,False,o,ɪ
fn001388_sentence-10.wav,1.843,1.883,0.04,o,v,r,N00753_female_43,False,o,oː
fn001388_sentence-10.wav,3.551,3.581,0.03,l,y,i,N00753_female_43,False,o,l
fn001388_sentence-10.wav,2.53,2.56,0.03,n,O,d,N00753_female_43,False,o,n
fn001388_sentence-10.wav,0.122,0.152,0.03,m,n,I,N00753_female_43,False,o,m
fn001388_sentence-10.wav,2.085,2.116,0.031,@,x,s,N00753_female_43,False,o,ə
fn001388_sentence-10.wav,1.883,1.913,0.03,r,o,@,N00753_female_43,False,o,r
fn001388_sentence-10.wav,2.651,2.681,0.03,r,@,v,N00753_female_43,False,o,r
fn001388_sentence-11.wav,1.051,1.081,0.03,l,I,@,N00753_female_43,False,o,l
fn001388_sentence-11.wav,2.792,2.822,0.03,r,E,v,N00753_female_43,False,o,r
fn001388_sentence-11.wav,0.321,0.351,0.03,w,A+,x,N00753_female_43,False,o,ʋ
fn001388_sentence-11.wav,1.244,1.284,0.04,@,j,z,N00753_female_43,False,o,ə
fn001388_sentence-12.wav,6.333,6.364,0.031,d,n,@,N00753_female_43,False,o,d
fn001388_sentence-12.wav,6.303,6.333,0.03,n,a,d,N00753_female_43,False,o,n
fn001388_sentence-13.wav,2.422,2.462,0.04,r,o,d,N00753_female_43,False,o,r
fn001388_sentence-14.wav,1.171,1.201,0.03,t,x,s,N00753_female_43,False,o,t
fn001388_sentence-15.wav,3.201,3.242,0.041,r,y,l,N00753_female_43,False,o,r
fn001388_sentence-15.wav,0.383,0.414,0.031,@,t,r,N00753_female_43,False,o,ə
fn001388_sentence-15.wav,1.322,1.363,0.041,d,I,@,N00753_female_43,False,o,d
fn001388_sentence-15.wav,1.807,1.837,0.03,n,@,E,N00753_female_43,False,o,n
fn001388_sentence-16.wav,3.402,3.443,0.041,A,d,t,N00753_female_43,False,o,ɑ
fn001388_sentence-16.wav,4.821,4.851,0.03,r,o,d,N00753_female_43,False,o,r
fn001388_sentence-17.wav,0.081,0.121,0.04,@,z,w,N00753_female_43,False,o,ə
fn001388_sentence-17.wav,0.121,0.161,0.04,w,@,A,N00753_female_43,False,o,ʋ
fn001388_sentence-17.wav,2.747,2.778,0.031,w,r,E+,N00753_female_43,False,o,ʋ
fn001388_sentence-17.wav,3.304,3.334,0.03,@,j,x,N00753_female_43,False,o,ə
fn001388_sentence-17.wav,1.041,1.082,0.041,d,e,i,N00753_female_43,False,o,d
fn001388_sentence-17.wav,3.264,3.304,0.04,j,t,@,N00753_female_43,False,o,j
fn001388_sentence-17.wav,4.043,4.084,0.041,@,x,w,N00753_female_43,False,o,ə
fn001388_sentence-18.wav,3.522,3.563,0.041,@,d,s,N00753_female_43,False,o,ə
fn001388_sentence-18.wav,0.304,0.334,0.03,r,a,x,N00753_female_43,False,o,r
fn001388_sentence-18.wav,3.482,3.522,0.04,d,l,@,N00753_female_43,False,o,d
fn001388_sentence-18.wav,0.708,0.739,0.031,@,d,h,N00753_female_43,False,o,ə
fn001388_sentence-19.wav,2.623,2.664,0.041,f,p,o,N00753_female_43,False,o,f
fn001388_sentence-19.wav,2.341,2.381,0.04,@,b,G,N00753_female_43,False,o,ə
fn001388_sentence-19.wav,2.714,2.744,0.03,r,o,k,N00753_female_43,False,o,r
fn001388_sentence-2.wav,5.908,5.939,0.031,r,@,A,N00753_female_43,False,o,r
fn001388_sentence-2.wav,5.574,5.604,0.03,l,n,A,N00753_female_43,False,o,l
fn001388_sentence-2.wav,2.29,2.32,0.03,d,n,@,N00753_female_43,False,o,d
fn001388_sentence-2.wav,1.732,1.763,0.031,r,@,k,N00753_female_43,False,o,r
fn001388_sentence-20.wav,1.144,1.184,0.04,x,r,@,N00753_female_43,False,o,x
fn001388_sentence-20.wav,3.206,3.237,0.031,Y,h,n,N00753_female_43,False,o,ʉ
fn001388_sentence-21.wav,1.731,1.761,0.03,r,@,e,N00753_female_43,False,o,r
fn001388_sentence-21.wav,0.112,0.143,0.031,w,t,A,N00753_female_43,False,o,ʋ
fn001388_sentence-22.wav,1.982,2.022,0.04,w,r,A,N00753_female_43,False,o,ʋ
fn001388_sentence-22.wav,2.022,2.063,0.041,A,w,s,N00753_female_43,False,o,ɑ
fn001388_sentence-22.wav,2.511,2.542,0.031,r,t,a,N00753_female_43,False,o,r
fn001388_sentence-22.wav,3.27,3.301,0.031,r,a,j,N00753_female_43,False,o,r
fn001388_sentence-23.wav,2.772,2.802,0.03,r,a,d,N00753_female_43,False,o,r
fn001388_sentence-23.wav,2.802,2.833,0.031,d,r,@,N00753_female_43,False,o,d
fn001388_sentence-24.wav,1.244,1.274,0.03,m,O,f,N00753_female_43,False,o,m
fn001388_sentence-24.wav,5.753,5.784,0.031,Y,h,n,N00753_female_43,False,o,ʉ
fn001388_sentence-24.wav,5.723,5.753,0.03,h,r,Y,N00753_female_43,False,o,h
fn001388_sentence-24.wav,5.683,5.723,0.04,r,@,h,N00753_female_43,False,o,r
fn001388_sentence-25.wav,2.333,2.363,0.03,w,@,A,N00753_female_43,False,o,ʋ
fn001388_sentence-25.wav,2.951,2.981,0.03,r,a,E+,N00753_female_43,False,o,r
fn001388_sentence-25.wav,4.642,4.683,0.041,m,A,z,N00753_female_43,False,o,m
fn001388_sentence-25.wav,6.914,6.944,0.03,r,a,d,N00753_female_43,False,o,r
fn001388_sentence-25.wav,1.041,1.082,0.041,Y,r,g,N00753_female_43,False,o,ʉ
fn001388_sentence-26.wav,1.143,1.183,0.04,r,a,d,N00753_female_43,False,o,r
fn001388_sentence-26.wav,0.062,0.093,0.031,r,k,I,N00753_female_43,False,o,r
fn001388_sentence-27.wav,2.542,2.583,0.041,A,d,t,N00753_female_43,False,o,ɑ
fn001388_sentence-28.wav,7.622,7.662,0.04,d,n,@,N00753_female_43,False,o,d
fn001388_sentence-28.wav,2.253,2.283,0.03,d,n,@,N00753_female_43,False,o,d
fn001388_sentence-28.wav,4.189,4.22,0.031,d,n,@,N00753_female_43,False,o,d
fn001388_sentence-28.wav,9.523,9.554,0.031,l,@,k,N00753_female_43,False,o,l
fn001388_sentence-28.wav,0.163,0.204,0.041,b,n,@,N00753_female_43,False,o,b
fn001388_sentence-28.wav,2.313,2.344,0.031,r,@,s,N00753_female_43,False,o,r
fn001388_sentence-29.wav,0.368,0.398,0.03,d,l,@,N00753_female_43,False,o,d
fn001388_sentence-3.wav,6.788,6.819,0.031,d,n,@,N00753_female_43,False,o,d
fn001388_sentence-3.wav,0.182,0.213,0.031,r,a,d,N00753_female_43,False,o,r
fn001388_sentence-3.wav,6.161,6.201,0.04,d,n,@,N00753_female_43,False,o,d
fn001388_sentence-3.wav,5.002,5.032,0.03,l,A,s,N00753_female_43,False,o,l
fn001388_sentence-31.wav,0.192,0.222,0.03,r,a,d,N00753_female_43,False,o,r
fn001388_sentence-31.wav,3.507,3.537,0.03,d,n,@,N00753_female_43,False,o,d
fn001388_sentence-31.wav,1.162,1.192,0.03,r,a,A,N00753_female_43,False,o,r
fn001388_sentence-33.wav,1.224,1.254,0.03,r,@,w,N00753_female_43,False,o,r
fn001388_sentence-34.wav,2.121,2.151,0.03,r,E,n,N00753_female_43,False,o,r
fn001388_sentence-35.wav,4.293,4.323,0.03,r,a,A,N00753_female_43,False,o,r
fn001388_sentence-35.wav,6.842,6.883,0.041,r,a,h,N00753_female_43,False,o,r
fn001388_sentence-4.wav,4.768,4.798,0.03,w,A+,s,N00753_female_43,False,o,ʋ
fn001388_sentence-6.wav,4.665,4.696,0.031,w,k,A,N00753_female_43,False,o,ʋ
fn001388_sentence-6.wav,5.01,5.04,0.03,r,E,n,N00753_female_43,False,o,r
fn001388_sentence-7.wav,3.762,3.802,0.04,d,r,o,N00753_female_43,False,o,d
fn001388_sentence-7.wav,7.048,7.078,0.03,w,r,E+,N00753_female_43,False,o,ʋ
fn001388_sentence-8.wav,0.566,0.596,0.03,d,e,i,N00753_female_43,False,o,d
fn001388_sentence-9.wav,1.288,1.319,0.031,w,A+,t,N00753_female_43,False,o,ʋ
fn001388_sentence-9.wav,4.761,4.791,0.03,d,n,@,N00753_female_43,False,o,d
fn001388_sentence-9.wav,4.842,4.882,0.04,w,@,I,N00753_female_43,False,o,ʋ
fn001389_sentence-0.wav,1.493,1.523,0.03,d,r,e,N00753_female_43,False,o,d
fn001389_sentence-1.wav,3.961,4.002,0.041,y,j,l,N00753_female_43,False,o,yː
fn001389_sentence-10.wav,3.589,3.619,0.03,w,A+,t,N00753_female_43,False,o,ʋ
fn001389_sentence-10.wav,0.121,0.161,0.04,d,a,A,N00753_female_43,False,o,d
fn001389_sentence-11.wav,0.142,0.172,0.03,d,r,@,N00753_female_43,False,o,d
fn001389_sentence-11.wav,1.463,1.503,0.04,d,x,@,N00753_female_43,False,o,d
fn001389_sentence-11.wav,6.084,6.124,0.04,w,@,A,N00753_female_43,False,o,ʋ
fn001389_sentence-14.wav,0.162,0.202,0.04,w,k,A,N00753_female_43,False,o,ʋ
fn001389_sentence-16.wav,3.308,3.339,0.031,w,A+,E,N00753_female_43,False,o,ʋ
fn001389_sentence-28.wav,7.246,7.276,0.03,b,d,@,N00753_female_43,False,o,b
fn001389_sentence-28.wav,8.284,8.324,0.04,f,k,A,N00753_female_43,False,o,f
fn001389_sentence-30.wav,7.583,7.623,0.04,w,A+,t,N00753_female_43,False,o,ʋ
fn001389_sentence-36.wav,0.361,0.402,0.041,Y,j,s,N00753_female_43,False,o,ʉ
fn001389_sentence-46.wav,0.426,0.456,0.03,w,s,A,N00753_female_43,False,o,ʋ
fn001532_sentence-0.wav,1.667,1.697,0.03,@,t,r,N00809_male_39,False,o,ə
fn001532_sentence-0.wav,0.082,0.113,0.031,t,@,l,N00809_male_39,False,o,t
fn001532_sentence-0.wav,2.503,2.543,0.04,@,b,p,N00809_male_39,False,o,ə
fn001532_sentence-0.wav,3.33,3.36,0.03,h,e,i,N00809_male_39,False,o,h
fn001532_sentence-1.wav,0.97,1.0,0.03,t,r,x,N00809_male_39,False,o,t
fn001532_sentence-10.wav,10.368,10.399,0.031,r,@,t,N00809_male_39,False,o,r
fn001532_sentence-10.wav,10.002,10.042,0.04,n,i,m,N00809_male_39,False,o,n
fn001532_sentence-10.wav,0.81,0.84,0.03,h,@,Y,N00809_male_39,False,o,h
fn001532_sentence-10.wav,0.263,0.294,0.031,r,E,d,N00809_male_39,False,o,r
fn001532_sentence-13.wav,2.807,2.838,0.031,r,b,I,N00809_male_39,False,o,r
fn001532_sentence-14.wav,5.424,5.454,0.03,n,I,@,N00809_male_39,False,o,n
fn001532_sentence-14.wav,8.749,8.78,0.031,r,@,I,N00809_male_39,False,o,r
fn001532_sentence-14.wav,2.946,2.976,0.03,@,z,n,N00809_male_39,False,o,ə
fn001532_sentence-16.wav,6.404,6.434,0.03,r,@,t,N00809_male_39,False,o,r
fn001532_sentence-17.wav,7.832,7.863,0.031,r,E,t,N00809_male_39,False,o,r
fn001532_sentence-17.wav,7.964,7.994,0.03,h,x,O,N00809_male_39,False,o,h
fn001532_sentence-2.wav,6.169,6.2,0.031,d,n,@,N00809_male_39,False,o,d
fn001532_sentence-2.wav,9.031,9.062,0.031,j,u,l,N00809_male_39,False,o,j
fn001532_sentence-21.wav,5.807,5.837,0.03,Y,k,l,N00809_male_39,False,o,ʉ
fn001532_sentence-25.wav,8.881,8.922,0.041,Y,t,s,N00809_male_39,False,o,ʉ
fn001532_sentence-28.wav,6.93,6.96,0.03,h,r,E+,N00809_male_39,False,o,h
fn001532_sentence-8.wav,1.522,1.562,0.04,w,o,A,N00809_male_39,False,o,ʋ
fn001533_sentence-0.wav,9.348,9.379,0.031,w,A+,z,N00809_male_39,False,o,ʋ
fn001533_sentence-12.wav,2.881,2.921,0.04,Y,r,x,N00809_male_39,False,o,ʉ
fn001533_sentence-2.wav,3.37,3.4,0.03,h,t,i,N00809_male_39,False,o,h
fn001533_sentence-25.wav,3.331,3.361,0.03,w,s,O,N00809_male_39,False,o,ʋ
fn001533_sentence-35.wav,3.784,3.815,0.031,h,s,Y,N00809_male_39,False,o,h
fn001533_sentence-39.wav,5.781,5.811,0.03,h,r,E+,N00809_male_39,False,o,h
fn001533_sentence-48.wav,1.273,1.303,0.03,Y,k,l,N00809_male_39,False,o,ʉ
fn001008_sentence-1.wav,2.528,2.559,0.031,@,t,x,N00508_male_46,False,o,ə
fn001008_sentence-1.wav,0.767,0.798,0.031,d,n,@,N00508_male_46,False,o,d
fn001008_sentence-11.wav,3.281,3.321,0.04,s,@,I,N00508_male_46,False,o,s
fn001008_sentence-11.wav,2.021,2.051,0.03,@,G,l,N00508_male_46,False,o,ə
fn001008_sentence-11.wav,3.422,3.463,0.041,E,n,l,N00508_male_46,False,o,ɛ
fn001008_sentence-11.wav,3.382,3.422,0.04,n,I,E,N00508_male_46,False,o,n
fn001008_sentence-11.wav,2.102,2.133,0.031,@,l,k,N00508_male_46,False,o,ə
fn001008_sentence-12.wav,2.944,2.974,0.03,r,@,s,N00508_male_46,False,o,r
fn001008_sentence-13.wav,1.413,1.444,0.031,r,@,t,N00508_male_46,False,o,r
fn001008_sentence-13.wav,7.703,7.743,0.04,n,@,s,N00508_male_46,False,o,n
fn001008_sentence-13.wav,7.561,7.592,0.031,l,A,s,N00508_male_46,False,o,l
fn001008_sentence-13.wav,7.662,7.703,0.041,@,s,n,N00508_male_46,False,o,ə
fn001008_sentence-13.wav,0.102,0.143,0.041,w,t,A,N00508_male_46,False,o,ʋ
fn001008_sentence-13.wav,0.061,0.102,0.041,t,@,w,N00508_male_46,False,o,t
fn001008_sentence-14.wav,5.429,5.46,0.031,r,@,k,N00508_male_46,False,o,r
fn001008_sentence-14.wav,0.082,0.123,0.041,l,A,s,N00508_male_46,False,o,l
fn001008_sentence-15.wav,0.341,0.381,0.04,@,d,m,N00508_male_46,False,o,ə
fn001008_sentence-16.wav,7.745,7.776,0.031,y,d,w,N00508_male_46,False,o,yː
fn001008_sentence-16.wav,7.148,7.179,0.031,r,e,n,N00508_male_46,False,o,r
fn001008_sentence-18.wav,2.171,2.201,0.03,E,s,r,N00508_male_46,False,o,ɛ
fn001008_sentence-19.wav,2.873,2.903,0.03,@,d,n,N00508_male_46,False,o,ə
fn001008_sentence-2.wav,1.95,1.98,0.03,r,a,x,N00508_male_46,False,o,r
fn001008_sentence-2.wav,0.061,0.101,0.04,p,O,@,N00508_male_46,False,o,p
fn001008_sentence-20.wav,3.743,3.773,0.03,h,r,E+,N00508_male_46,False,o,h
fn001008_sentence-20.wav,0.263,0.303,0.04,d,n,@,N00508_male_46,False,o,d
fn001008_sentence-20.wav,1.812,1.842,0.03,d,r,A,N00508_male_46,False,o,d
fn001008_sentence-20.wav,3.703,3.743,0.04,r,a,h,N00508_male_46,False,o,r
fn001008_sentence-21.wav,0.102,0.132,0.03,r,E,w,N00508_male_46,False,o,r
fn001008_sentence-21.wav,3.273,3.303,0.03,h,n,E+,N00508_male_46,False,o,h
fn001008_sentence-22.wav,1.23,1.26,0.03,r,a,w,N00508_male_46,False,o,r
fn001008_sentence-24.wav,0.361,0.401,0.04,d,A+,@,N00508_male_46,False,o,d
fn001008_sentence-3.wav,0.091,0.122,0.031,w,t,A,N00508_male_46,False,o,ʋ
fn001008_sentence-30.wav,0.242,0.282,0.04,w,r,A,N00508_male_46,False,o,ʋ
fn001008_sentence-36.wav,0.223,0.263,0.04,I,n,N,N00508_male_46,False,o,ɪ
fn001008_sentence-39.wav,1.567,1.598,0.031,w,n,i,N00508_male_46,False,o,ʋ
fn001008_sentence-43.wav,4.545,4.575,0.03,w,A+,k,N00508_male_46,False,o,ʋ
fn001008_sentence-54.wav,0.764,0.794,0.03,w,A+,d,N00508_male_46,False,o,ʋ
fn001008_sentence-63.wav,5.041,5.082,0.041,w,r,A,N00508_male_46,False,o,ʋ
fn001157_sentence-1.wav,1.352,1.382,0.03,@,r,n,N00657_female_20,False,o,ə
fn001157_sentence-1.wav,1.664,1.695,0.031,t,n,O,N00657_female_20,False,o,t
fn001157_sentence-1.wav,0.504,0.544,0.04,r,G,u,N00657_female_20,False,o,r
fn001157_sentence-101.wav,1.101,1.142,0.041,l,Y,i,N00657_female_20,False,o,l
fn001157_sentence-101.wav,1.071,1.101,0.03,Y,j,l,N00657_female_20,False,o,ʉ
fn001157_sentence-101.wav,1.273,1.304,0.031,n,@,x,N00657_female_20,False,o,n
fn001157_sentence-102.wav,0.569,0.599,0.03,r,E,n,N00657_female_20,False,o,r
fn001157_sentence-102.wav,0.101,0.142,0.041,n,E,A,N00657_female_20,False,o,n
fn001157_sentence-104.wav,1.641,1.672,0.031,@,b,l,N00657_female_20,False,o,ə
fn001157_sentence-105.wav,0.822,0.862,0.04,Y,h,n,N00657_female_20,False,o,ʉ
fn001157_sentence-105.wav,0.081,0.111,0.03,A,d,t,N00657_female_20,False,o,ɑ
fn001157_sentence-105.wav,0.791,0.822,0.031,h,n,Y,N00657_female_20,False,o,h
fn001157_sentence-106.wav,1.723,1.753,0.03,w,k,i,N00657_female_20,False,o,ʋ
fn001157_sentence-106.wav,0.784,0.824,0.04,@,b,d,N00657_female_20,False,o,ə
fn001157_sentence-106.wav,1.753,1.783,0.03,i,w,j,N00657_female_20,False,o,iː
fn001157_sentence-106.wav,1.844,1.884,0.04,l,j,f,N00657_female_20,False,o,l
fn001157_sentence-106.wav,2.531,2.561,0.03,d,n,@,N00657_female_20,False,o,d
fn001157_sentence-108.wav,1.122,1.153,0.031,d,n,@,N00657_female_20,False,o,d
fn001157_sentence-108.wav,1.153,1.183,0.03,@,d,r,N00657_female_20,False,o,ə
fn001157_sentence-108.wav,1.183,1.223,0.04,r,@,@,N00657_female_20,False,o,r
fn001157_sentence-108.wav,0.041,0.081,0.04,@,w,s,N00657_female_20,False,o,ə
fn001157_sentence-109.wav,0.061,0.091,0.03,a,d,r,N00657_female_20,False,o,aː
fn001157_sentence-109.wav,0.387,0.417,0.03,h,t,E+,N00657_female_20,False,o,h
fn001157_sentence-11.wav,2.844,2.874,0.03,d,n,E,N00657_female_20,False,o,d
fn001157_sentence-11.wav,2.813,2.844,0.031,n,Y,d,N00657_female_20,False,o,n
fn001157_sentence-11.wav,2.286,2.317,0.031,a,h,r,N00657_female_20,False,o,aː
fn001157_sentence-11.wav,3.067,3.097,0.03,r,x,I,N00657_female_20,False,o,r
fn001157_sentence-110.wav,0.061,0.102,0.041,@,z,b,N00657_female_20,False,o,ə
fn001157_sentence-110.wav,0.102,0.132,0.03,b,@,@,N00657_female_20,False,o,b
fn001157_sentence-110.wav,0.387,0.417,0.03,k,N,@,N00657_female_20,False,o,k
fn001157_sentence-110.wav,2.141,2.182,0.041,@,z,x,N00657_female_20,False,o,ə
fn001157_sentence-110.wav,1.989,2.019,0.03,d,n,@,N00657_female_20,False,o,d
fn001157_sentence-111.wav,0.884,0.914,0.03,w,k,i,N00657_female_20,False,o,ʋ
fn001157_sentence-111.wav,0.701,0.731,0.03,E,s,x,N00657_female_20,False,o,ɛ
fn001157_sentence-112.wav,0.426,0.456,0.03,r,@,w,N00657_female_20,False,o,r
fn001157_sentence-112.wav,2.91,2.94,0.03,o,t,G,N00657_female_20,False,o,oː
fn001157_sentence-112.wav,2.284,2.324,0.04,@,k,O,N00657_female_20,False,o,ə
fn001157_sentence-112.wav,2.587,2.617,0.03,@,A,f,N00657_female_20,False,o,ə
fn001157_sentence-113.wav,1.693,1.724,0.031,d,r,@,N00657_female_20,False,o,d
fn001157_sentence-113.wav,0.088,0.118,0.03,l,A,s,N00657_female_20,False,o,l
fn001157_sentence-114.wav,2.713,2.744,0.031,A,f,n,N00657_female_20,False,o,ɑ
fn001157_sentence-114.wav,1.767,1.798,0.031,r,@,G,N00657_female_20,False,o,r
fn001157_sentence-114.wav,2.621,2.662,0.041,t,@,f,N00657_female_20,False,o,t
fn001157_sentence-116.wav,0.886,0.917,0.031,u,t,Z,N00657_female_20,False,o,uː
fn001157_sentence-117.wav,3.309,3.339,0.03,r,E,s,N00657_female_20,False,o,r
fn001157_sentence-117.wav,2.622,2.663,0.041,r,Y,t,N00657_female_20,False,o,r
fn001157_sentence-118.wav,0.628,0.659,0.031,d,n,@,N00657_female_20,False,o,d
fn001157_sentence-118.wav,1.682,1.723,0.041,l,p,A,N00657_female_20,False,o,l
fn001157_sentence-119.wav,2.401,2.442,0.041,l,n,I,N00657_female_20,False,o,l
fn001157_sentence-12.wav,0.302,0.343,0.041,@,t,t,N00657_female_20,False,o,ə
fn001157_sentence-120.wav,0.141,0.171,0.03,r,o,d,N00657_female_20,False,o,r
fn001157_sentence-120.wav,5.132,5.163,0.031,A+,j,d,N00657_female_20,False,o,ɑu
fn001157_sentence-120.wav,0.171,0.202,0.031,d,r,@,N00657_female_20,False,o,d
fn001157_sentence-120.wav,2.469,2.499,0.03,r,a,d,N00657_female_20,False,o,r
fn001157_sentence-120.wav,5.163,5.193,0.03,d,A+,i,N00657_female_20,False,o,d
fn001157_sentence-121.wav,0.691,0.722,0.031,d,n,@,N00657_female_20,False,o,d
fn001157_sentence-122.wav,1.281,1.322,0.041,I,t,k,N00657_female_20,False,o,ɪ
fn001157_sentence-124.wav,0.343,0.383,0.04,O,f,x,N00657_female_20,False,o,ɔ
fn001157_sentence-124.wav,0.424,0.454,0.03,d,x,A,N00657_female_20,False,o,d
fn001157_sentence-124.wav,0.383,0.424,0.041,x,O,d,N00657_female_20,False,o,x
fn001157_sentence-125.wav,0.153,0.184,0.031,r,a,O,N00657_female_20,False,o,r
fn001157_sentence-131.wav,0.143,0.184,0.041,G,r,I,N00657_female_20,False,o,ɣ
fn001157_sentence-131.wav,0.112,0.143,0.031,r,@,G,N00657_female_20,False,o,r
fn001157_sentence-132.wav,0.504,0.535,0.031,r,@,k,N00657_female_20,False,o,r
fn001157_sentence-133.wav,0.245,0.276,0.031,r,@,G,N00657_female_20,False,o,r
fn001157_sentence-134.wav,1.226,1.256,0.03,A+,j,d,N00657_female_20,False,o,ɑu
fn001157_sentence-135.wav,0.506,0.537,0.031,r,@,s,N00657_female_20,False,o,r
fn001157_sentence-138.wav,0.131,0.162,0.031,h,k,E,N00657_female_20,False,o,h
fn001157_sentence-138.wav,0.202,0.233,0.031,p,E,E,N00657_female_20,False,o,p
fn001157_sentence-139.wav,0.682,0.723,0.041,d,p,@,N00657_female_20,False,o,d
fn001157_sentence-14.wav,1.102,1.133,0.031,r,E,k,N00657_female_20,False,o,r
fn001157_sentence-140.wav,0.173,0.203,0.03,l,E+,o,N00657_female_20,False,o,l
fn001157_sentence-140.wav,0.102,0.132,0.03,h,n,E+,N00657_female_20,False,o,h
fn001157_sentence-141.wav,1.108,1.139,0.031,r,E,I,N00657_female_20,False,o,r
fn001157_sentence-143.wav,2.962,3.002,0.04,l,i,s,N00657_female_20,False,o,l
fn001157_sentence-143.wav,2.728,2.759,0.031,l,A,s,N00657_female_20,False,o,l
fn001157_sentence-146.wav,0.952,0.983,0.031,r,@,x,N00657_female_20,False,o,r
fn001157_sentence-147.wav,1.425,1.455,0.03,r,@,z,N00657_female_20,False,o,r
fn001157_sentence-147.wav,1.082,1.122,0.04,r,Y,k,N00657_female_20,False,o,r
fn001157_sentence-148.wav,2.362,2.393,0.031,r,@,k,N00657_female_20,False,o,r
fn001157_sentence-15.wav,0.711,0.742,0.031,w,A+,z,N00657_female_20,False,o,ʋ
fn001157_sentence-15.wav,1.026,1.057,0.031,r,x,I,N00657_female_20,False,o,r
fn001157_sentence-151.wav,1.742,1.772,0.03,h,r,Y,N00657_female_20,False,o,h
fn001157_sentence-151.wav,1.711,1.742,0.031,r,@,h,N00657_female_20,False,o,r
fn001157_sentence-153.wav,0.87,0.9,0.03,d,n,@,N00657_female_20,False,o,d
fn001157_sentence-153.wav,0.061,0.091,0.03,Y,j,l,N00657_female_20,False,o,ʉ
fn001157_sentence-154.wav,0.112,0.143,0.031,r,a,z,N00657_female_20,False,o,r
fn001157_sentence-156.wav,1.049,1.079,0.03,d,r,@,N00657_female_20,False,o,d
fn001157_sentence-156.wav,1.13,1.161,0.031,r,@,l,N00657_female_20,False,o,r
fn001157_sentence-157.wav,0.667,0.697,0.03,h,t,Y,N00657_female_20,False,o,h
fn001157_sentence-158.wav,0.922,0.952,0.03,r,@,k,N00657_female_20,False,o,r
fn001157_sentence-16.wav,2.326,2.357,0.031,d,E+,@,N00657_female_20,False,o,d
fn001157_sentence-160.wav,1.681,1.712,0.031,l,A,k,N00657_female_20,False,o,l
fn001157_sentence-160.wav,0.384,0.415,0.031,d,k,A,N00657_female_20,False,o,d
fn001157_sentence-162.wav,0.267,0.297,0.03,r,Y,f,N00657_female_20,False,o,r
fn001157_sentence-164.wav,0.824,0.854,0.03,r,Y,f,N00657_female_20,False,o,r
fn001157_sentence-165.wav,1.527,1.558,0.031,h,t,u,N00657_female_20,False,o,h
fn001157_sentence-165.wav,2.447,2.477,0.03,l,e,t,N00657_female_20,False,o,l
fn001157_sentence-165.wav,2.851,2.881,0.03,r,@,k,N00657_female_20,False,o,r
fn001157_sentence-167.wav,0.101,0.132,0.031,r,a,d,N00657_female_20,False,o,r
fn001157_sentence-167.wav,1.111,1.142,0.031,d,@,@,N00657_female_20,False,o,d
fn001157_sentence-168.wav,1.063,1.103,0.04,r,b,E,N00657_female_20,False,o,r
fn001157_sentence-168.wav,1.366,1.397,0.031,r,E,w,N00657_female_20,False,o,r
fn001157_sentence-169.wav,1.689,1.719,0.03,w,A+,A,N00657_female_20,False,o,ʋ
fn001157_sentence-169.wav,2.386,2.417,0.031,d,r,@,N00657_female_20,False,o,d
fn001157_sentence-17.wav,0.81,0.84,0.03,l,O,d,N00657_female_20,False,o,l
fn001157_sentence-17.wav,0.21,0.24,0.03,w,t,O,N00657_female_20,False,o,ʋ
fn001157_sentence-172.wav,0.512,0.543,0.031,l,A,t,N00657_female_20,False,o,l
fn001157_sentence-173.wav,2.744,2.775,0.031,r,E,k,N00657_female_20,False,o,r
fn001157_sentence-173.wav,2.086,2.116,0.03,r,@,k,N00657_female_20,False,o,r
fn001157_sentence-173.wav,0.142,0.183,0.041,h,m,E,N00657_female_20,False,o,h
fn001157_sentence-174.wav,0.894,0.924,0.03,l,a,n,N00657_female_20,False,o,l
fn001157_sentence-176.wav,1.343,1.374,0.031,h,@,Y,N00657_female_20,False,o,h
fn001157_sentence-176.wav,1.374,1.404,0.03,Y,h,n,N00657_female_20,False,o,ʉ
fn001157_sentence-177.wav,1.843,1.884,0.041,Y,h,n,N00657_female_20,False,o,ʉ
fn001157_sentence-177.wav,1.528,1.558,0.03,l,A,s,N00657_female_20,False,o,l
fn001157_sentence-178.wav,0.701,0.741,0.04,l,E,E,N00657_female_20,False,o,l
fn001157_sentence-178.wav,0.772,0.802,0.03,r,E,x,N00657_female_20,False,o,r
fn001157_sentence-179.wav,0.061,0.091,0.03,Y,j,l,N00657_female_20,False,o,ʉ
fn001157_sentence-179.wav,1.161,1.192,0.031,r,@,m,N00657_female_20,False,o,r
fn001157_sentence-183.wav,0.121,0.152,0.031,u,r,p,N00657_female_20,False,o,uː
fn001157_sentence-184.wav,0.101,0.142,0.041,d,i,@,N00657_female_20,False,o,d
fn001157_sentence-184.wav,2.553,2.583,0.03,r,@,k,N00657_female_20,False,o,r
fn001157_sentence-188.wav,0.603,0.643,0.04,r,a,d,N00657_female_20,False,o,r
fn001157_sentence-188.wav,1.17,1.2,0.03,d,e,@,N00657_female_20,False,o,d
fn001157_sentence-191.wav,0.113,0.143,0.03,d,i,@,N00657_female_20,False,o,d
fn001157_sentence-192.wav,1.764,1.804,0.04,d,r,i,N00657_female_20,False,o,d
fn001157_sentence-192.wav,1.087,1.118,0.031,w,k,i,N00657_female_20,False,o,ʋ
fn001157_sentence-193.wav,1.368,1.398,0.03,r,E,z,N00657_female_20,False,o,r
fn001157_sentence-194.wav,2.361,2.391,0.03,r,@,k,N00657_female_20,False,o,r
fn001157_sentence-196.wav,0.062,0.093,0.031,r,v,u,N00657_female_20,False,o,r
fn001157_sentence-197.wav,1.102,1.143,0.041,w,s,e,N00657_female_20,False,o,ʋ
fn001157_sentence-199.wav,1.002,1.033,0.031,r,E,n,N00657_female_20,False,o,r
fn001157_sentence-199.wav,0.565,0.595,0.03,r,@,t,N00657_female_20,False,o,r
fn001157_sentence-2.wav,0.263,0.304,0.041,b,t,@,N00657_female_20,False,o,b
fn001157_sentence-200.wav,2.881,2.922,0.041,w,t,a,N00657_female_20,False,o,ʋ
fn001157_sentence-203.wav,0.061,0.091,0.03,Y,j,l,N00657_female_20,False,o,ʉ
fn001157_sentence-204.wav,1.829,1.86,0.031,r,e,A,N00657_female_20,False,o,r
fn001157_sentence-205.wav,1.862,1.903,0.041,b,r,e,N00657_female_20,False,o,b
fn001157_sentence-205.wav,1.832,1.862,0.03,r,o,b,N00657_female_20,False,o,r
fn001157_sentence-205.wav,0.182,0.212,0.03,r,O,G,N00657_female_20,False,o,r
fn001157_sentence-207.wav,0.772,0.803,0.031,r,a,z,N00657_female_20,False,o,r
fn001157_sentence-207.wav,1.682,1.722,0.04,b,E,@,N00657_female_20,False,o,b
fn001157_sentence-208.wav,0.153,0.184,0.031,u,d,n,N00657_female_20,False,o,uː
fn001157_sentence-214.wav,0.173,0.204,0.031,u,@,r,N00657_female_20,False,o,uː
fn001157_sentence-215.wav,3.361,3.391,0.03,w,k,A,N00657_female_20,False,o,ʋ
fn001157_sentence-222.wav,0.101,0.142,0.041,w,@,I,N00657_female_20,False,o,ʋ
fn001157_sentence-227.wav,1.661,1.692,0.031,b,@,@,N00657_female_20,False,o,b
fn001157_sentence-229.wav,1.461,1.492,0.031,b,m,A,N00657_female_20,False,o,b
fn001157_sentence-23.wav,2.425,2.456,0.031,w,k,i,N00657_female_20,False,o,ʋ
fn001157_sentence-233.wav,1.39,1.421,0.031,w,k,i,N00657_female_20,False,o,ʋ
fn001157_sentence-238.wav,5.231,5.262,0.031,b,n,@,N00657_female_20,False,o,b
fn001157_sentence-32.wav,1.048,1.079,0.031,w,n,@,N00657_female_20,False,o,ʋ
fn001157_sentence-38.wav,3.428,3.458,0.03,Y,h,n,N00657_female_20,False,o,ʉ
fn001157_sentence-45.wav,0.701,0.731,0.03,b,n,l,N00657_female_20,False,o,b
fn001157_sentence-56.wav,0.522,0.553,0.031,b,r,@,N00657_female_20,False,o,b
fn001157_sentence-84.wav,1.349,1.379,0.03,Y,t,k,N00657_female_20,False,o,ʉ
fn001502_sentence-0.wav,6.202,6.242,0.04,@,x,d,N00793_female_37,False,o,ə
fn001502_sentence-0.wav,3.007,3.038,0.031,@,G,n,N00793_female_37,False,o,ə
fn001502_sentence-0.wav,7.063,7.094,0.031,r,o,m,N00793_female_37,False,o,r
fn001502_sentence-10.wav,4.486,4.517,0.031,r,@,w,N00793_female_37,False,o,r
fn001502_sentence-10.wav,3.068,3.098,0.03,t,n,@,N00793_female_37,False,o,t
fn001502_sentence-10.wav,2.784,2.814,0.03,@,m,r,N00793_female_37,False,o,ə
fn001502_sentence-10.wav,3.666,3.697,0.031,r,O,n,N00793_female_37,False,o,r
fn001502_sentence-11.wav,3.441,3.481,0.04,@,t,s,N00793_female_37,False,o,ə
fn001502_sentence-11.wav,2.651,2.681,0.03,n,@,x,N00793_female_37,False,o,n
fn001502_sentence-11.wav,1.601,1.631,0.03,O,f,r,N00793_female_37,False,o,ɔ
fn001502_sentence-11.wav,0.061,0.091,0.03,A,v,n,N00793_female_37,False,o,ɑ
fn001502_sentence-11.wav,5.411,5.441,0.03,d,@,i,N00793_female_37,False,o,d
fn001502_sentence-12.wav,1.404,1.434,0.03,r,E,b,N00793_female_37,False,o,r
fn001502_sentence-13.wav,0.062,0.092,0.03,@,w,w,N00793_female_37,False,o,ə
fn001502_sentence-13.wav,1.782,1.813,0.031,r,@,s,N00793_female_37,False,o,r
fn001502_sentence-13.wav,3.706,3.736,0.03,@,w,s,N00793_female_37,False,o,ə
fn001502_sentence-13.wav,1.904,1.944,0.04,O,s,n,N00793_female_37,False,o,ɔ
fn001502_sentence-13.wav,2.501,2.531,0.03,d,n,@,N00793_female_37,False,o,d
fn001502_sentence-13.wav,0.626,0.656,0.03,@,d,r,N00793_female_37,False,o,ə
fn001502_sentence-14.wav,1.646,1.677,0.031,@,k,w,N00793_female_37,False,o,ə
fn001502_sentence-14.wav,7.482,7.523,0.041,@,z,w,N00793_female_37,False,o,ə
fn001502_sentence-14.wav,0.661,0.691,0.03,r,@,t,N00793_female_37,False,o,r
fn001502_sentence-14.wav,5.764,5.794,0.03,A,m,r,N00793_female_37,False,o,ɑ
fn001502_sentence-14.wav,3.329,3.36,0.031,l,O,O,N00793_female_37,False,o,l
fn001502_sentence-15.wav,5.264,5.304,0.04,A,f,n,N00793_female_37,False,o,ɑ
fn001502_sentence-15.wav,6.284,6.324,0.04,@,r,l,N00793_female_37,False,o,ə
fn001502_sentence-17.wav,2.403,2.444,0.041,p,o,t,N00793_female_37,False,o,p
fn001502_sentence-17.wav,2.932,2.962,0.03,@,j,s,N00793_female_37,False,o,ə
fn001502_sentence-18.wav,1.242,1.283,0.041,d,n,@,N00793_female_37,False,o,d
fn001502_sentence-18.wav,1.666,1.697,0.031,l,O,d,N00793_female_37,False,o,l
fn001502_sentence-18.wav,0.212,0.242,0.03,r,@,s,N00793_female_37,False,o,r
fn001502_sentence-18.wav,2.667,2.697,0.03,r,@,s,N00793_female_37,False,o,r
fn001502_sentence-18.wav,1.283,1.313,0.03,@,d,l,N00793_female_37,False,o,ə
fn001502_sentence-18.wav,0.121,0.162,0.041,f,t,@,N00793_female_37,False,o,f
fn001502_sentence-19.wav,5.704,5.734,0.03,d,n,@,N00793_female_37,False,o,d
fn001502_sentence-19.wav,0.101,0.141,0.04,h,k,A,N00793_female_37,False,o,h
fn001502_sentence-19.wav,5.583,5.623,0.04,f,t,A,N00793_female_37,False,o,f
fn001502_sentence-19.wav,3.186,3.221,0.035,p,E,n,N00793_female_37,False,o,p
fn001502_sentence-19.wav,4.383,4.423,0.04,@,x,k,N00793_female_37,False,o,ə
fn001502_sentence-19.wav,0.07,0.101,0.031,k,I,h,N00793_female_37,False,o,k
fn001502_sentence-19.wav,0.141,0.181,0.04,A,h,t,N00793_female_37,False,o,ɑ
fn001502_sentence-20.wav,2.65,2.681,0.031,r,@,d,N00793_female_37,False,o,r
fn001502_sentence-21.wav,1.724,1.764,0.04,r,a,v,N00793_female_37,False,o,r
fn001502_sentence-21.wav,4.281,4.321,0.04,r,a,@,N00793_female_37,False,o,r
fn001502_sentence-21.wav,2.369,2.399,0.03,r,@,d,N00793_female_37,False,o,r
fn001502_sentence-23.wav,6.183,6.223,0.04,@,b,l,N00793_female_37,False,o,ə
fn001502_sentence-23.wav,1.481,1.511,0.03,r,@,s,N00793_female_37,False,o,r
fn001502_sentence-24.wav,9.705,9.736,0.031,@,j,d,N00793_female_37,False,o,ə
fn001502_sentence-24.wav,7.362,7.392,0.03,r,@,@,N00793_female_37,False,o,r
fn001502_sentence-24.wav,2.254,2.284,0.03,r,@,s,N00793_female_37,False,o,r
fn001502_sentence-24.wav,11.782,11.812,0.03,r,@,l,N00793_female_37,False,o,r
fn001502_sentence-24.wav,10.15,10.181,0.031,r,@,w,N00793_female_37,False,o,r
fn001502_sentence-24.wav,0.283,0.323,0.04,d,l,@,N00793_female_37,False,o,d
fn001502_sentence-25.wav,6.323,6.364,0.041,w,r,A,N00793_female_37,False,o,ʋ
fn001502_sentence-25.wav,6.282,6.323,0.041,r,@,w,N00793_female_37,False,o,r
fn001502_sentence-26.wav,3.602,3.642,0.04,Y,h,n,N00793_female_37,False,o,ʉ
fn001502_sentence-26.wav,5.124,5.164,0.04,w,k,A,N00793_female_37,False,o,ʋ
fn001502_sentence-29.wav,5.811,5.842,0.031,d,e,@,N00793_female_37,False,o,d
fn001502_sentence-29.wav,5.872,5.902,0.03,r,@,l,N00793_female_37,False,o,r
fn001502_sentence-29.wav,9.261,9.292,0.031,r,@,d,N00793_female_37,False,o,r
fn001502_sentence-29.wav,9.701,9.731,0.03,r,@,l,N00793_female_37,False,o,r
fn001502_sentence-3.wav,1.182,1.222,0.04,r,e,t,N00793_female_37,False,o,r
fn001502_sentence-30.wav,2.129,2.159,0.03,r,A,t,N00793_female_37,False,o,r
fn001502_sentence-30.wav,5.629,5.66,0.031,r,o,b,N00793_female_37,False,o,r
fn001502_sentence-30.wav,2.331,2.362,0.031,r,i,d,N00793_female_37,False,o,r
fn001502_sentence-30.wav,2.362,2.392,0.03,d,r,@,N00793_female_37,False,o,d
fn001502_sentence-30.wav,2.068,2.098,0.03,w,k,A,N00793_female_37,False,o,ʋ
fn001502_sentence-31.wav,3.681,3.722,0.041,d,n,@,N00793_female_37,False,o,d
fn001502_sentence-31.wav,2.807,2.838,0.031,w,t,I,N00793_female_37,False,o,ʋ
fn001502_sentence-31.wav,1.689,1.72,0.031,d,n,@,N00793_female_37,False,o,d
fn001502_sentence-32.wav,0.264,0.295,0.031,w,k,A,N00793_female_37,False,o,ʋ
fn001502_sentence-33.wav,1.309,1.339,0.03,d,e,@,N00793_female_37,False,o,d
fn001502_sentence-33.wav,1.37,1.4,0.03,r,@,l,N00793_female_37,False,o,r
fn001502_sentence-34.wav,6.041,6.081,0.04,d,n,@,N00793_female_37,False,o,d
fn001502_sentence-34.wav,1.741,1.771,0.03,r,@,s,N00793_female_37,False,o,r
fn001502_sentence-35.wav,5.009,5.04,0.031,r,a,z,N00793_female_37,False,o,r
fn001502_sentence-35.wav,9.742,9.782,0.04,w,k,A,N00793_female_37,False,o,ʋ
fn001502_sentence-35.wav,1.687,1.717,0.03,r,@,b,N00793_female_37,False,o,r
fn001502_sentence-36.wav,2.754,2.784,0.03,d,E+,@,N00793_female_37,False,o,d
fn001502_sentence-39.wav,3.382,3.412,0.03,d,n,@,N00793_female_37,False,o,d
fn001502_sentence-40.wav,0.204,0.234,0.03,w,t,A,N00793_female_37,False,o,ʋ
fn001502_sentence-40.wav,5.851,5.881,0.03,d,n,@,N00793_female_37,False,o,d
fn001502_sentence-40.wav,0.61,0.641,0.031,r,@,w,N00793_female_37,False,o,r
fn001502_sentence-43.wav,0.101,0.132,0.031,d,n,@,N00793_female_37,False,o,d
fn001502_sentence-54.wav,2.123,2.153,0.03,Y,r,k,N00793_female_37,False,o,ʉ
fn001502_sentence-58.wav,2.863,2.893,0.03,Y,h,n,N00793_female_37,False,o,ʉ
fn001502_sentence-59.wav,1.074,1.104,0.03,Y,h,n,N00793_female_37,False,o,ʉ
fn001502_sentence-6.wav,6.441,6.471,0.03,Y,h,n,N00793_female_37,False,o,ʉ
fn001503_sentence-19.wav,0.887,0.918,0.031,w,A+,v,N00793_female_37,False,o,ʋ
fn001503_sentence-2.wav,1.041,1.072,0.031,Y,h,n,N00793_female_37,False,o,ʉ
fn001503_sentence-24.wav,1.724,1.755,0.031,w,k,A,N00793_female_37,False,o,ʋ
fn001503_sentence-27.wav,1.763,1.803,0.04,w,n,@,N00793_female_37,False,o,ʋ
fn001503_sentence-7.wav,10.584,10.614,0.03,Y,h,n,N00793_female_37,False,o,ʉ
fn001340_sentence-10.wav,2.586,2.616,0.03,h,E+,a,N00729_female_54,False,o,h
fn001340_sentence-10.wav,2.25,2.281,0.031,l,A,s,N00729_female_54,False,o,l
fn001340_sentence-13.wav,0.427,0.459,0.032,d,l,@,N00729_female_54,False,o,d
fn001340_sentence-14.wav,4.306,4.337,0.031,h,n,a,N00729_female_54,False,o,h
fn001340_sentence-14.wav,2.167,2.197,0.03,r,a,d,N00729_female_54,False,o,r
fn001340_sentence-14.wav,0.281,0.323,0.042,A,s,n,N00729_female_54,False,o,ɑ
fn001340_sentence-17.wav,0.326,0.357,0.031,n,@,x,N00729_female_54,False,o,n
fn001340_sentence-17.wav,0.047,0.078,0.031,@,j,m,N00729_female_54,False,o,ə
fn001340_sentence-18.wav,0.272,0.303,0.031,d,Y,@,N00729_female_54,False,o,d
fn001340_sentence-18.wav,0.807,0.838,0.031,E,t,n,N00729_female_54,False,o,ɛ
fn001340_sentence-18.wav,1.292,1.322,0.03,l,E,k,N00729_female_54,False,o,l
fn001340_sentence-19.wav,1.752,1.782,0.03,n,A,x,N00729_female_54,False,o,n
fn001340_sentence-19.wav,0.391,0.422,0.031,r,@,z,N00729_female_54,False,o,r
fn001340_sentence-2.wav,3.469,3.499,0.03,@,z,n,N00729_female_54,False,o,ə
fn001340_sentence-2.wav,1.414,1.444,0.03,@,t,r,N00729_female_54,False,o,ə
fn001340_sentence-2.wav,1.706,1.737,0.031,n,A,d,N00729_female_54,False,o,n
fn001340_sentence-2.wav,0.363,0.394,0.031,r,r,o,N00729_female_54,False,o,r
fn001340_sentence-2.wav,1.202,1.232,0.03,w,k,A,N00729_female_54,False,o,ʋ
fn001340_sentence-2.wav,3.113,3.143,0.03,l,b,I,N00729_female_54,False,o,l
fn001340_sentence-2.wav,0.767,0.798,0.031,d,Y,I,N00729_female_54,False,o,d
fn001340_sentence-2.wav,0.565,0.596,0.031,r,E:,t,N00729_female_54,False,o,r
fn001340_sentence-2.wav,2.981,3.021,0.04,k,@,@,N00729_female_54,False,o,k
fn001340_sentence-20.wav,0.272,0.303,0.031,r,A,t,N00729_female_54,False,o,r
fn001340_sentence-22.wav,1.742,1.783,0.041,a,h,r,N00729_female_54,False,o,aː
fn001340_sentence-22.wav,1.783,1.814,0.031,r,a,E+,N00729_female_54,False,o,r
fn001340_sentence-24.wav,0.263,0.294,0.031,t,n,O,N00729_female_54,False,o,t
fn001340_sentence-24.wav,0.048,0.078,0.03,@,j,k,N00729_female_54,False,o,ə
fn001340_sentence-25.wav,4.961,5.001,0.04,n,E+,r,N00729_female_54,False,o,n
fn001340_sentence-25.wav,2.783,2.824,0.041,A,v,n,N00729_female_54,False,o,ɑ
fn001340_sentence-25.wav,3.785,3.816,0.031,i,d,I,N00729_female_54,False,o,iː
fn001340_sentence-25.wav,5.662,5.703,0.041,l,A,t,N00729_female_54,False,o,l
fn001340_sentence-25.wav,2.824,2.854,0.03,n,A,d,N00729_female_54,False,o,n
fn001340_sentence-26.wav,1.223,1.264,0.041,t,n,x,N00729_female_54,False,o,t
fn001340_sentence-26.wav,1.183,1.223,0.04,n,E,t,N00729_female_54,False,o,n
fn001340_sentence-26.wav,1.142,1.183,0.041,E,m,n,N00729_female_54,False,o,ɛ
fn001340_sentence-3.wav,2.043,2.073,0.03,d,l,@,N00729_female_54,False,o,d
fn001340_sentence-3.wav,1.941,1.982,0.041,@,p,l,N00729_female_54,False,o,ə
fn001340_sentence-3.wav,2.103,2.144,0.041,h,@,E+,N00729_female_54,False,o,h
fn001340_sentence-3.wav,1.901,1.941,0.04,p,m,@,N00729_female_54,False,o,p
fn001340_sentence-3.wav,2.073,2.103,0.03,@,d,h,N00729_female_54,False,o,ə
fn001340_sentence-30.wav,1.381,1.422,0.041,E,h,m,N00729_female_54,False,o,ɛ
fn001340_sentence-30.wav,3.332,3.363,0.031,n,@,w,N00729_female_54,False,o,n
fn001340_sentence-30.wav,2.362,2.402,0.04,a,h,r,N00729_female_54,False,o,aː
fn001340_sentence-30.wav,0.841,0.882,0.041,O,n,m,N00729_female_54,False,o,ɔ
fn001340_sentence-30.wav,1.35,1.381,0.031,h,@,E,N00729_female_54,False,o,h
fn001340_sentence-30.wav,3.363,3.403,0.04,w,n,A,N00729_female_54,False,o,ʋ
fn001340_sentence-30.wav,2.402,2.443,0.041,r,a,t,N00729_female_54,False,o,r
fn001340_sentence-30.wav,2.332,2.362,0.03,h,p,a,N00729_female_54,False,o,h
fn001340_sentence-31.wav,0.123,0.154,0.031,E,r,r,N00729_female_54,False,o,ɛ
fn001340_sentence-31.wav,0.308,0.338,0.03,O,t,x,N00729_female_54,False,o,ɔ
fn001340_sentence-31.wav,0.185,0.215,0.03,I,r,s,N00729_female_54,False,o,ɪ
fn001340_sentence-31.wav,0.092,0.123,0.031,r,a,E,N00729_female_54,False,o,r
fn001340_sentence-32.wav,0.081,0.121,0.04,a,j,w,N00729_female_54,False,o,aː
fn001340_sentence-33.wav,0.108,0.138,0.03,l,A,s,N00729_female_54,False,o,l
fn001340_sentence-34.wav,0.861,0.892,0.031,d,r,@,N00729_female_54,False,o,d
fn001340_sentence-34.wav,0.546,0.576,0.03,@,k,w,N00729_female_54,False,o,ə
fn001340_sentence-34.wav,0.831,0.861,0.03,r,a,d,N00729_female_54,False,o,r
fn001340_sentence-34.wav,0.047,0.078,0.031,@,j,x,N00729_female_54,False,o,ə
fn001340_sentence-37.wav,0.883,0.923,0.04,m,t,@,N00729_female_54,False,o,m
fn001340_sentence-37.wav,0.241,0.281,0.04,r,@,I,N00729_female_54,False,o,r
fn001340_sentence-37.wav,0.281,0.312,0.031,I,r,s,N00729_female_54,False,o,ɪ
fn001340_sentence-38.wav,0.289,0.32,0.031,r,O,b,N00729_female_54,False,o,r
fn001340_sentence-38.wav,1.503,1.534,0.031,O,n,x,N00729_female_54,False,o,ɔ
fn001340_sentence-38.wav,1.908,1.938,0.03,w,r,e,N00729_female_54,False,o,ʋ
fn001340_sentence-39.wav,0.625,0.655,0.03,l,@,@,N00729_female_54,False,o,l
fn001340_sentence-39.wav,5.001,5.041,0.04,r,o,t,N00729_female_54,False,o,r
fn001340_sentence-39.wav,4.707,4.738,0.031,r,o,d,N00729_female_54,False,o,r
fn001340_sentence-40.wav,0.943,0.974,0.031,r,e,x,N00729_female_54,False,o,r
fn001340_sentence-40.wav,1.521,1.562,0.041,@,b,n,N00729_female_54,False,o,ə
fn001340_sentence-41.wav,0.163,0.193,0.03,p,E,m,N00729_female_54,False,o,p
fn001340_sentence-41.wav,0.102,0.132,0.03,h,k,E,N00729_female_54,False,o,h
fn001340_sentence-41.wav,0.601,0.642,0.041,@,t,n,N00729_female_54,False,o,ə
fn001340_sentence-41.wav,0.193,0.224,0.031,m,p,E+,N00729_female_54,False,o,m
fn001340_sentence-43.wav,0.891,0.922,0.031,@,N,t,N00729_female_54,False,o,ə
fn001340_sentence-43.wav,0.527,0.557,0.03,l,Y,k,N00729_female_54,False,o,l
fn001340_sentence-43.wav,0.952,0.983,0.031,O,t,x,N00729_female_54,False,o,ɔ
fn001340_sentence-44.wav,0.502,0.532,0.03,O,t,x,N00729_female_54,False,o,ɔ
fn001340_sentence-45.wav,1.444,1.475,0.031,r,@,@,N00729_female_54,False,o,r
fn001340_sentence-45.wav,1.414,1.444,0.03,@,d,r,N00729_female_54,False,o,ə
fn001340_sentence-45.wav,0.502,0.543,0.041,@,d,v,N00729_female_54,False,o,ə
fn001340_sentence-45.wav,0.067,0.097,0.03,@,j,b,N00729_female_54,False,o,ə
fn001340_sentence-45.wav,0.928,0.958,0.03,r,@,v,N00729_female_54,False,o,r
fn001340_sentence-45.wav,0.462,0.502,0.04,d,u,@,N00729_female_54,False,o,d
fn001340_sentence-46.wav,0.041,0.071,0.03,@,j,x,N00729_female_54,False,o,ə
fn001340_sentence-46.wav,0.385,0.415,0.03,d,r,@,N00729_female_54,False,o,d
fn001340_sentence-46.wav,1.406,1.437,0.031,b,E+,@,N00729_female_54,False,o,b
fn001340_sentence-47.wav,0.047,0.077,0.03,@,j,h,N00729_female_54,False,o,ə
fn001340_sentence-49.wav,1.122,1.152,0.03,@,v,h,N00729_female_54,False,o,ə
fn001340_sentence-49.wav,0.929,0.96,0.031,@,z,l,N00729_female_54,False,o,ə
fn001340_sentence-50.wav,0.162,0.203,0.041,w,t,I,N00729_female_54,False,o,ʋ
fn001340_sentence-51.wav,3.113,3.143,0.03,w,A+,d,N00729_female_54,False,o,ʋ
fn001340_sentence-51.wav,2.422,2.453,0.031,r,@,A,N00729_female_54,False,o,r
fn001340_sentence-51.wav,5.25,5.28,0.03,O,t,p,N00729_female_54,False,o,ɔ
fn001340_sentence-51.wav,3.143,3.184,0.041,d,w,u,N00729_female_54,False,o,d
fn001340_sentence-51.wav,2.391,2.422,0.031,@,v,r,N00729_female_54,False,o,ə
fn001340_sentence-51.wav,4.152,4.182,0.03,r,a,d,N00729_female_54,False,o,r
fn001340_sentence-51.wav,6.086,6.116,0.03,@,t,x,N00729_female_54,False,o,ə
fn001340_sentence-51.wav,5.713,5.744,0.031,j,t,@,N00729_female_54,False,o,j
fn001340_sentence-51.wav,5.905,5.935,0.03,w,A+,m,N00729_female_54,False,o,ʋ
fn001340_sentence-52.wav,0.502,0.533,0.031,@,v,a,N00729_female_54,False,o,ə
fn001340_sentence-53.wav,3.521,3.562,0.041,j,n,@,N00729_female_54,False,o,j
fn001340_sentence-53.wav,1.593,1.623,0.03,@,n,t,N00729_female_54,False,o,ə
fn001340_sentence-53.wav,2.45,2.48,0.03,r,o,t,N00729_female_54,False,o,r
fn001340_sentence-53.wav,1.361,1.401,0.04,u,r,p,N00729_female_54,False,o,uː
fn001340_sentence-54.wav,0.69,0.721,0.031,@,d,O,N00729_female_54,False,o,ə
fn001340_sentence-57.wav,0.941,0.982,0.041,r,a,x,N00729_female_54,False,o,r
fn001340_sentence-57.wav,1.083,1.124,0.041,b,@,l,N00729_female_54,False,o,b
fn001340_sentence-57.wav,0.352,0.382,0.03,h,k,a,N00729_female_54,False,o,h
fn001340_sentence-57.wav,0.423,0.453,0.03,r,a,h,N00729_female_54,False,o,r
fn001340_sentence-58.wav,0.283,0.313,0.03,d,A+,@,N00729_female_54,False,o,d
fn001340_sentence-58.wav,0.242,0.283,0.041,A+,z,d,N00729_female_54,False,o,ɑu
fn001340_sentence-58.wav,0.091,0.121,0.03,w,n,@,N00729_female_54,False,o,ʋ
fn001340_sentence-58.wav,0.313,0.343,0.03,@,d,o,N00729_female_54,False,o,ə
fn001340_sentence-60.wav,0.27,0.3,0.03,r,E:,t,N00729_female_54,False,o,r
fn001340_sentence-61.wav,2.028,2.058,0.03,h,E+,E+,N00729_female_54,False,o,h
fn001340_sentence-63.wav,0.051,0.082,0.031,@,j,h,N00729_female_54,False,o,ə
fn001340_sentence-63.wav,0.082,0.113,0.031,h,@,A,N00729_female_54,False,o,h
fn001340_sentence-65.wav,0.07,0.1,0.03,h,@,A,N00729_female_54,False,o,h
fn001340_sentence-65.wav,1.794,1.824,0.03,d,A+,@,N00729_female_54,False,o,d
fn001340_sentence-65.wav,0.907,0.937,0.03,@,w,n,N00729_female_54,False,o,ə
fn001340_sentence-66.wav,0.743,0.784,0.041,@,s,n,N00729_female_54,False,o,ə
fn001340_sentence-67.wav,0.546,0.577,0.031,h,k,E,N00729_female_54,False,o,h
fn001340_sentence-68.wav,1.593,1.623,0.03,w,A+,v,N00729_female_54,False,o,ʋ
fn001340_sentence-68.wav,0.171,0.201,0.03,@,j,m,N00729_female_54,False,o,ə
fn001340_sentence-69.wav,0.261,0.303,0.042,r,x,O,N00729_female_54,False,o,r
fn001340_sentence-7.wav,1.422,1.463,0.041,l,A,k,N00729_female_54,False,o,l
fn001340_sentence-7.wav,2.371,2.401,0.03,@,v,d,N00729_female_54,False,o,ə
fn001340_sentence-7.wav,2.613,2.643,0.03,r,A,m,N00729_female_54,False,o,r
fn001340_sentence-7.wav,2.401,2.432,0.031,d,@,@,N00729_female_54,False,o,d
fn001340_sentence-7.wav,0.441,0.472,0.031,r,k,i,N00729_female_54,False,o,r
fn001340_sentence-7.wav,2.765,2.795,0.03,r,e,@,N00729_female_54,False,o,r
fn001340_sentence-7.wav,0.927,0.957,0.03,w,A+,v,N00729_female_54,False,o,ʋ
fn001340_sentence-74.wav,0.829,0.859,0.03,j,s,u,N00729_female_54,False,o,j
fn001340_sentence-77.wav,1.25,1.28,0.03,l,a,t,N00729_female_54,False,o,l
fn001340_sentence-78.wav,0.682,0.712,0.03,r,a,x,N00729_female_54,False,o,r
fn001340_sentence-78.wav,0.102,0.133,0.031,l,A,s,N00729_female_54,False,o,l
fn001340_sentence-78.wav,0.601,0.641,0.04,m,t,a,N00729_female_54,False,o,m
fn001340_sentence-78.wav,0.774,0.804,0.03,r,x,o,N00729_female_54,False,o,r
fn001340_sentence-79.wav,0.426,0.456,0.03,d,x,@,N00729_female_54,False,o,d
fn001340_sentence-83.wav,0.17,0.201,0.031,r,a,m,N00729_female_54,False,o,r
fn001340_sentence-87.wav,0.593,0.624,0.031,d,a,i,N00729_female_54,False,o,d
fn001340_sentence-89.wav,3.107,3.138,0.031,d,n,@,N00729_female_54,False,o,d
fn001340_sentence-90.wav,1.568,1.598,0.03,l,a,t,N00729_female_54,False,o,l
fn001340_sentence-92.wav,2.504,2.544,0.04,l,a,t,N00729_female_54,False,o,l
fn001340_sentence-92.wav,7.773,7.804,0.031,l,A,s,N00729_female_54,False,o,l
fn001340_sentence-93.wav,1.024,1.064,0.04,l,e,@,N00729_female_54,False,o,l
fn001340_sentence-93.wav,0.142,0.183,0.041,w,E+,E,N00729_female_54,False,o,ʋ
fn001340_sentence-93.wav,0.081,0.112,0.031,h,n,E+,N00729_female_54,False,o,h
fn001340_sentence-94.wav,0.162,0.192,0.03,j,n,@,N00729_female_54,False,o,j
fn001341_sentence-0.wav,1.452,1.482,0.03,h,@,o,N00729_female_54,False,o,h
fn001341_sentence-0.wav,4.668,4.699,0.031,l,@,@,N00729_female_54,False,o,l
fn001341_sentence-0.wav,6.252,6.282,0.03,w,t,o,N00729_female_54,False,o,ʋ
fn001341_sentence-0.wav,3.084,3.114,0.03,l,A,s,N00729_female_54,False,o,l
fn001341_sentence-1.wav,2.122,2.163,0.041,l,p,i,N00729_female_54,False,o,l
fn001341_sentence-100.wav,10.149,10.18,0.031,A+,s,w,N00729_female_54,False,o,ɑu
fn001341_sentence-100.wav,8.571,8.602,0.031,l,A,s,N00729_female_54,False,o,l
fn001341_sentence-100.wav,5.589,5.619,0.03,l,@,s,N00729_female_54,False,o,l
fn001341_sentence-101.wav,0.362,0.403,0.041,w,t,A,N00729_female_54,False,o,ʋ
fn001341_sentence-101.wav,0.271,0.301,0.03,l,a,t,N00729_female_54,False,o,l
fn001341_sentence-102.wav,4.792,4.822,0.03,w,t,A,N00729_female_54,False,o,ʋ
fn001341_sentence-102.wav,3.143,3.183,0.04,w,t,A,N00729_female_54,False,o,ʋ
fn001341_sentence-102.wav,5.704,5.734,0.03,w,r,E,N00729_female_54,False,o,ʋ
fn001341_sentence-102.wav,6.541,6.582,0.041,l,e,@,N00729_female_54,False,o,l
fn001341_sentence-12.wav,2.248,2.278,0.03,l,A,s,N00729_female_54,False,o,l
fn001341_sentence-12.wav,2.309,2.339,0.03,h,s,E+,N00729_female_54,False,o,h
fn001341_sentence-12.wav,1.485,1.516,0.031,w,t,E,N00729_female_54,False,o,ʋ
fn001341_sentence-14.wav,0.405,0.435,0.03,l,b,E+,N00729_female_54,False,o,l
fn001341_sentence-14.wav,0.041,0.071,0.03,l,A,s,N00729_female_54,False,o,l
fn001341_sentence-30.wav,0.571,0.601,0.03,h,n,E,N00729_female_54,False,o,h
fn001341_sentence-30.wav,1.926,1.957,0.031,h,s,E+,N00729_female_54,False,o,h
fn001341_sentence-30.wav,4.086,4.116,0.03,w,A+,z,N00729_female_54,False,o,ʋ
fn001341_sentence-31.wav,7.003,7.043,0.04,w,s,A,N00729_female_54,False,o,ʋ
fn001341_sentence-31.wav,5.702,5.732,0.03,w,r,I,N00729_female_54,False,o,ʋ
fn001341_sentence-31.wav,7.691,7.722,0.031,w,s,A,N00729_female_54,False,o,ʋ
fn001341_sentence-31.wav,2.844,2.884,0.04,w,N,A,N00729_female_54,False,o,ʋ
fn001341_sentence-35.wav,7.162,7.203,0.041,h,t,E+,N00729_female_54,False,o,h
fn001341_sentence-35.wav,8.133,8.164,0.031,w,A+,d,N00729_female_54,False,o,ʋ
fn001341_sentence-36.wav,1.421,1.452,0.031,N,n,j,N00729_female_54,False,o,ŋ
fn001341_sentence-37.wav,0.945,0.975,0.03,h,E+,E+,N00729_female_54,False,o,h
fn001341_sentence-39.wav,8.873,8.904,0.031,w,A+,r,N00729_female_54,False,o,ʋ
fn001341_sentence-39.wav,1.541,1.582,0.041,h,@,E,N00729_female_54,False,o,h
fn001341_sentence-44.wav,0.103,0.144,0.041,h,@,E,N00729_female_54,False,o,h
fn001341_sentence-50.wav,2.051,2.081,0.03,w,t,I,N00729_female_54,False,o,ʋ
fn001341_sentence-52.wav,0.603,0.643,0.04,w,f,A,N00729_female_54,False,o,ʋ
fn001341_sentence-56.wav,0.951,0.982,0.031,h,t,E+,N00729_female_54,False,o,h
fn001341_sentence-58.wav,2.284,2.324,0.04,w,A+,p,N00729_female_54,False,o,ʋ
fn001341_sentence-59.wav,2.521,2.551,0.03,h,@,o,N00729_female_54,False,o,h
fn001341_sentence-59.wav,2.208,2.238,0.03,h,n,E+,N00729_female_54,False,o,h
fn001341_sentence-6.wav,6.983,7.013,0.03,h,r,E,N00729_female_54,False,o,h
fn001341_sentence-6.wav,5.661,5.692,0.031,h,@,A,N00729_female_54,False,o,h
fn001341_sentence-6.wav,12.686,12.717,0.031,w,@,I,N00729_female_54,False,o,ʋ
fn001341_sentence-61.wav,1.849,1.879,0.03,w,@,O,N00729_female_54,False,o,ʋ
fn001341_sentence-65.wav,3.57,3.6,0.03,w,y,i,N00729_female_54,False,o,ʋ
fn001341_sentence-67.wav,4.921,4.951,0.03,h,x,A,N00729_female_54,False,o,h
fn001341_sentence-68.wav,6.788,6.818,0.03,w,A+,k,N00729_female_54,False,o,ʋ
fn001341_sentence-70.wav,0.393,0.424,0.031,w,A+,p,N00729_female_54,False,o,ʋ
fn001341_sentence-70.wav,1.009,1.039,0.03,h,@,E,N00729_female_54,False,o,h
fn001341_sentence-96.wav,0.425,0.456,0.031,Y,r,G,N00729_female_54,False,o,ʉ
fn001222_sentence-1.wav,0.225,0.256,0.031,r,@,l,N00601_female_55,False,o,r
fn001222_sentence-10.wav,0.102,0.143,0.041,h,n,a,N00601_female_55,False,o,h
fn001222_sentence-10.wav,0.061,0.102,0.041,n,E,h,N00601_female_55,False,o,n
fn001222_sentence-10.wav,0.143,0.183,0.04,a,h,r,N00601_female_55,False,o,aː
fn001222_sentence-10.wav,6.683,6.713,0.03,t,n,s,N00601_female_55,False,o,t
fn001222_sentence-10.wav,5.381,5.422,0.041,A,h,t,N00601_female_55,False,o,ɑ
fn001222_sentence-10.wav,1.33,1.36,0.03,l,@,d,N00601_female_55,False,o,l
fn001222_sentence-10.wav,4.041,4.071,0.03,r,a,t,N00601_female_55,False,o,r
fn001222_sentence-10.wav,4.203,4.244,0.041,@,t,r,N00601_female_55,False,o,ə
fn001222_sentence-10.wav,7.441,7.481,0.04,A,d,G,N00601_female_55,False,o,ɑ
fn001222_sentence-10.wav,4.244,4.274,0.03,r,@,Y,N00601_female_55,False,o,r
fn001222_sentence-11.wav,2.469,2.499,0.03,d,u,@,N00601_female_55,False,o,d
fn001222_sentence-11.wav,1.084,1.115,0.031,d,r,r,N00601_female_55,False,o,d
fn001222_sentence-11.wav,2.925,2.955,0.03,a,h,r,N00601_female_55,False,o,aː
fn001222_sentence-12.wav,0.681,0.721,0.04,a,m,l,N00601_female_55,False,o,aː
fn001222_sentence-12.wav,0.721,0.762,0.041,l,a,v,N00601_female_55,False,o,l
fn001222_sentence-13.wav,3.512,3.542,0.03,a,n,r,N00601_female_55,False,o,aː
fn001222_sentence-13.wav,1.581,1.622,0.041,n,@,k,N00601_female_55,False,o,n
fn001222_sentence-13.wav,1.521,1.561,0.04,@,j,@,N00601_female_55,False,o,ə
fn001222_sentence-13.wav,3.542,3.583,0.041,r,a,t,N00601_female_55,False,o,r
fn001222_sentence-13.wav,4.781,4.812,0.031,a,n,d,N00601_female_55,False,o,aː
fn001222_sentence-13.wav,1.561,1.581,0.02,@,@,n,N00601_female_55,False,o,ə
fn001222_sentence-13.wav,0.493,0.523,0.03,@,j,j,N00601_female_55,False,o,ə
fn001222_sentence-14.wav,0.132,0.163,0.031,N,I,h,N00601_female_55,False,o,ŋ
fn001222_sentence-14.wav,0.601,0.642,0.041,@,d,r,N00601_female_55,False,o,ə
fn001222_sentence-14.wav,0.642,0.682,0.04,r,@,v,N00601_female_55,False,o,r
fn001222_sentence-15.wav,9.671,9.702,0.031,r,@,m,N00601_female_55,False,o,r
fn001222_sentence-15.wav,3.312,3.343,0.031,r,e,d,N00601_female_55,False,o,r
fn001222_sentence-15.wav,3.343,3.383,0.04,d,r,@,N00601_female_55,False,o,d
fn001222_sentence-15.wav,4.401,4.441,0.04,r,2,t,N00601_female_55,False,o,r
fn001222_sentence-16.wav,0.101,0.141,0.04,w,@,I,N00601_female_55,False,o,ʋ
fn001222_sentence-16.wav,1.341,1.381,0.04,@,m,S,N00601_female_55,False,o,ə
fn001222_sentence-18.wav,0.582,0.623,0.041,h,t,a,N00601_female_55,False,o,h
fn001222_sentence-18.wav,0.623,0.653,0.03,a,h,r,N00601_female_55,False,o,aː
fn001222_sentence-18.wav,0.987,1.017,0.03,r,@,t,N00601_female_55,False,o,r
fn001222_sentence-18.wav,0.653,0.683,0.03,r,a,k,N00601_female_55,False,o,r
fn001222_sentence-19.wav,2.534,2.564,0.03,a,j,r,N00601_female_55,False,o,aː
fn001222_sentence-19.wav,1.128,1.159,0.031,r,e,d,N00601_female_55,False,o,r
fn001222_sentence-19.wav,2.322,2.362,0.04,l,a,f,N00601_female_55,False,o,l
fn001222_sentence-2.wav,1.163,1.203,0.04,E,m,t,N00601_female_55,False,o,ɛ
fn001222_sentence-20.wav,1.342,1.372,0.03,l,a,n,N00601_female_55,False,o,l
fn001222_sentence-21.wav,1.414,1.444,0.03,r,E,o,N00601_female_55,False,o,r
fn001222_sentence-21.wav,1.222,1.263,0.041,d,@,A,N00601_female_55,False,o,d
fn001222_sentence-21.wav,0.091,0.121,0.03,@,z,k,N00601_female_55,False,o,ə
fn001222_sentence-21.wav,9.521,9.551,0.03,r,a,m,N00601_female_55,False,o,r
fn001222_sentence-21.wav,8.57,8.6,0.03,a,h,r,N00601_female_55,False,o,aː
fn001222_sentence-21.wav,6.041,6.081,0.04,a,h,r,N00601_female_55,False,o,aː
fn001222_sentence-21.wav,0.505,0.536,0.031,w,A+,@,N00601_female_55,False,o,ʋ
fn001222_sentence-21.wav,7.521,7.561,0.04,d,s,@,N00601_female_55,False,o,d
fn001222_sentence-21.wav,3.248,3.279,0.031,a,w,r,N00601_female_55,False,o,aː
fn001222_sentence-22.wav,0.334,0.364,0.03,E,w,l,N00601_female_55,False,o,ɛ
fn001222_sentence-22.wav,0.304,0.334,0.03,w,k,E,N00601_female_55,False,o,ʋ
fn001222_sentence-22.wav,2.729,2.76,0.031,@,@,t,N00601_female_55,False,o,ə
fn001222_sentence-22.wav,5.661,5.701,0.04,E,m,t,N00601_female_55,False,o,ɛ
fn001222_sentence-22.wav,2.323,2.363,0.04,w,t,a,N00601_female_55,False,o,ʋ
fn001222_sentence-22.wav,2.404,2.435,0.031,r,a,v,N00601_female_55,False,o,r
fn001222_sentence-25.wav,0.381,0.411,0.03,r,@,w,N00601_female_55,False,o,r
fn001222_sentence-29.wav,6.174,6.204,0.03,r,@,s,N00601_female_55,False,o,r
fn001222_sentence-29.wav,1.021,1.051,0.03,r,e,t,N00601_female_55,False,o,r
fn001222_sentence-30.wav,0.765,0.796,0.031,j,i,a,N00601_female_55,False,o,j
fn001222_sentence-31.wav,2.812,2.843,0.031,w,y,v,N00601_female_55,False,o,ʋ
fn001222_sentence-31.wav,0.143,0.184,0.041,l,@,i,N00601_female_55,False,o,l
fn001222_sentence-33.wav,0.112,0.143,0.031,h,E+,A,N00601_female_55,False,o,h
fn001222_sentence-33.wav,5.563,5.593,0.03,r,@,t,N00601_female_55,False,o,r
fn001222_sentence-36.wav,1.49,1.521,0.031,b,g,r,N00601_female_55,False,o,b
fn001222_sentence-37.wav,1.764,1.794,0.03,r,a,d,N00601_female_55,False,o,r
fn001222_sentence-38.wav,1.161,1.201,0.04,l,i,i,N00601_female_55,False,o,l
fn001222_sentence-4.wav,1.944,1.984,0.04,r,a,h,N00601_female_55,False,o,r
fn001222_sentence-40.wav,0.128,0.159,0.031,r,a,k,N00601_female_55,False,o,r
fn001222_sentence-41.wav,0.484,0.515,0.031,r,a,n,N00601_female_55,False,o,r
fn001222_sentence-42.wav,1.149,1.18,0.031,r,a,b,N00601_female_55,False,o,r
fn001222_sentence-42.wav,1.261,1.302,0.041,l,b,I,N00601_female_55,False,o,l
fn001222_sentence-43.wav,3.144,3.184,0.04,r,a,t,N00601_female_55,False,o,r
fn001222_sentence-43.wav,0.306,0.336,0.03,r,A,t,N00601_female_55,False,o,r
fn001222_sentence-5.wav,0.202,0.232,0.03,r,@,l,N00601_female_55,False,o,r
fn001222_sentence-6.wav,1.441,1.471,0.03,r,@,s,N00601_female_55,False,o,r
fn001222_sentence-7.wav,0.491,0.521,0.03,r,a,d,N00601_female_55,False,o,r
fn001222_sentence-8.wav,1.301,1.332,0.031,r,@,@,N00601_female_55,False,o,r
fn001223_sentence-0.wav,1.634,1.664,0.03,f,s,A,N00601_female_55,False,o,f
fn001223_sentence-11.wav,2.641,2.681,0.04,r,@,l,N00601_female_55,False,o,r
fn001223_sentence-17.wav,0.122,0.152,0.03,w,t,A,N00601_female_55,False,o,ʋ
fn001223_sentence-18.wav,4.11,4.14,0.03,Y,h,n,N00601_female_55,False,o,ʉ
fn001223_sentence-18.wav,0.283,0.324,0.041,f,s,A,N00601_female_55,False,o,f
fn001223_sentence-21.wav,0.173,0.204,0.031,w,k,A,N00601_female_55,False,o,ʋ
fn001223_sentence-25.wav,0.652,0.683,0.031,w,k,A,N00601_female_55,False,o,ʋ
fn001223_sentence-36.wav,10.11,10.14,0.03,w,A+,t,N00601_female_55,False,o,ʋ
fn001223_sentence-49.wav,3.967,3.997,0.03,w,r,E+,N00601_female_55,False,o,ʋ
fn001434_sentence-0.wav,4.122,4.163,0.041,r,o,z,N00748_male_45,False,o,r
fn001434_sentence-0.wav,1.972,2.002,0.03,r,@,l,N00748_male_45,False,o,r
fn001434_sentence-0.wav,7.33,7.36,0.03,t,n,O,N00748_male_45,False,o,t
fn001434_sentence-10.wav,0.862,0.903,0.041,r,a,z,N00748_male_45,False,o,r
fn001434_sentence-10.wav,0.831,0.862,0.031,a,n,r,N00748_male_45,False,o,aː
fn001434_sentence-10.wav,0.353,0.383,0.03,t,x,s,N00748_male_45,False,o,t
fn001434_sentence-11.wav,6.614,6.644,0.03,h,n,i,N00748_male_45,False,o,h
fn001434_sentence-11.wav,0.844,0.884,0.04,x,O,m,N00748_male_45,False,o,x
fn001434_sentence-11.wav,1.601,1.631,0.03,@,d,x,N00748_male_45,False,o,ə
fn001434_sentence-12.wav,2.787,2.818,0.031,w,m,a,N00748_male_45,False,o,ʋ
fn001434_sentence-12.wav,3.221,3.261,0.04,n,k,i,N00748_male_45,False,o,n
fn001434_sentence-12.wav,2.848,2.878,0.03,r,a,s,N00748_male_45,False,o,r
fn001434_sentence-12.wav,1.091,1.121,0.03,k,I,s,N00748_male_45,False,o,k
fn001434_sentence-12.wav,1.121,1.152,0.031,s,k,n,N00748_male_45,False,o,s
fn001434_sentence-13.wav,1.244,1.274,0.03,r,E,w,N00748_male_45,False,o,r
fn001434_sentence-13.wav,0.089,0.119,0.03,a,m,r,N00748_male_45,False,o,aː
fn001434_sentence-13.wav,0.222,0.253,0.031,E+,h,w,N00748_male_45,False,o,ɛi
fn001434_sentence-13.wav,1.203,1.244,0.041,E,t,r,N00748_male_45,False,o,ɛ
fn001434_sentence-14.wav,1.025,1.056,0.031,k,I,s,N00748_male_45,False,o,k
fn001434_sentence-14.wav,0.852,0.883,0.031,o,r,w,N00748_male_45,False,o,oː
fn001434_sentence-16.wav,0.067,0.098,0.031,a,m,r,N00748_male_45,False,o,aː
fn001434_sentence-18.wav,1.703,1.743,0.04,a,n,r,N00748_male_45,False,o,aː
fn001434_sentence-19.wav,2.085,2.115,0.03,E,m,t,N00748_male_45,False,o,ɛ
fn001434_sentence-19.wav,0.061,0.091,0.03,@,z,h,N00748_male_45,False,o,ə
fn001434_sentence-19.wav,6.673,6.704,0.031,I,G,N,N00748_male_45,False,o,ɪ
fn001434_sentence-19.wav,8.146,8.176,0.03,t,n,w,N00748_male_45,False,o,t
fn001434_sentence-19.wav,7.802,7.842,0.04,@,k,O,N00748_male_45,False,o,ə
fn001434_sentence-19.wav,8.004,8.034,0.03,t,x,@,N00748_male_45,False,o,t
fn001434_sentence-19.wav,6.704,6.744,0.04,N,I,d,N00748_male_45,False,o,ŋ
fn001434_sentence-19.wav,2.367,2.397,0.03,r,a,t,N00748_male_45,False,o,r
fn001434_sentence-19.wav,0.091,0.121,0.03,h,@,A,N00748_male_45,False,o,h
fn001434_sentence-21.wav,2.687,2.717,0.03,r,o,@,N00748_male_45,False,o,r
fn001434_sentence-23.wav,1.566,1.597,0.031,r,d,Y,N00748_male_45,False,o,r
fn001434_sentence-23.wav,3.248,3.279,0.031,r,a,l,N00748_male_45,False,o,r
fn001434_sentence-23.wav,0.563,0.604,0.041,A,h,t,N00748_male_45,False,o,ɑ
fn001434_sentence-25.wav,2.291,2.321,0.03,r,@,z,N00748_male_45,False,o,r
fn001434_sentence-25.wav,4.443,4.484,0.041,h,@,E,N00748_male_45,False,o,h
fn001434_sentence-28.wav,0.361,0.392,0.031,r,E,v,N00748_male_45,False,o,r
fn001434_sentence-28.wav,0.331,0.361,0.03,E,t,r,N00748_male_45,False,o,ɛ
fn001434_sentence-30.wav,1.531,1.561,0.03,h,n,A,N00748_male_45,False,o,h
fn001434_sentence-30.wav,1.814,1.844,0.03,w,A+,@,N00748_male_45,False,o,ʋ
fn001434_sentence-31.wav,3.332,3.362,0.03,Y,f,x,N00748_male_45,False,o,ʉ
fn001434_sentence-32.wav,2.402,2.443,0.041,w,A+,m,N00748_male_45,False,o,ʋ
fn001442_sentence-20.wav,3.052,3.082,0.03,Y,h,n,N00748_male_45,False,o,ʉ
fn001443_sentence-4.wav,0.741,0.782,0.041,Y,h,p,N00748_male_45,False,o,ʉ
fn001466_sentence-1.wav,0.341,0.381,0.04,l,A,d,N00776_female_65,False,o,l
fn001466_sentence-10.wav,2.922,2.963,0.041,d,p,@,N00776_female_65,False,o,d
fn001466_sentence-10.wav,2.963,3.003,0.04,@,d,s,N00776_female_65,False,o,ə
fn001466_sentence-11.wav,4.647,4.677,0.03,@,d,r,N00776_female_65,False,o,ə
fn001466_sentence-12.wav,0.332,0.362,0.03,d,r,@,N00776_female_65,False,o,d
fn001466_sentence-12.wav,4.03,4.06,0.03,d,n,@,N00776_female_65,False,o,d
fn001466_sentence-12.wav,0.362,0.402,0.04,@,d,f,N00776_female_65,False,o,ə
fn001466_sentence-12.wav,0.302,0.332,0.03,r,E,d,N00776_female_65,False,o,r
fn001466_sentence-13.wav,12.823,12.853,0.03,r,E,x,N00776_female_65,False,o,r
fn001466_sentence-13.wav,6.084,6.114,0.03,r,a,d,N00776_female_65,False,o,r
fn001466_sentence-13.wav,5.771,5.801,0.03,r,E,k,N00776_female_65,False,o,r
fn001466_sentence-13.wav,8.788,8.818,0.03,r,o,h,N00776_female_65,False,o,r
fn001466_sentence-14.wav,1.701,1.731,0.03,E,m,t,N00776_female_65,False,o,ɛ
fn001466_sentence-14.wav,0.97,1.001,0.031,r,@,t,N00776_female_65,False,o,r
fn001466_sentence-14.wav,1.731,1.762,0.031,t,E,t,N00776_female_65,False,o,t
fn001466_sentence-15.wav,0.343,0.373,0.03,r,@,d,N00776_female_65,False,o,r
fn001466_sentence-15.wav,0.202,0.242,0.04,@,k,v,N00776_female_65,False,o,ə
fn001466_sentence-15.wav,0.302,0.343,0.041,@,v,r,N00776_female_65,False,o,ə
fn001466_sentence-16.wav,0.222,0.262,0.04,@,n,k,N00776_female_65,False,o,ə
fn001466_sentence-2.wav,11.107,11.138,0.031,r,e,d,N00776_female_65,False,o,r
fn001466_sentence-2.wav,3.562,3.602,0.04,I,t,k,N00776_female_65,False,o,ɪ
fn001466_sentence-21.wav,16.922,16.963,0.041,d,n,i,N00776_female_65,False,o,d
fn001466_sentence-21.wav,6.99,7.02,0.03,w,A+,G,N00776_female_65,False,o,ʋ
fn001466_sentence-22.wav,0.711,0.742,0.031,m,t,@,N00776_female_65,False,o,m
fn001466_sentence-24.wav,0.087,0.118,0.031,r,E,w,N00776_female_65,False,o,r
fn001466_sentence-25.wav,4.701,4.731,0.03,r,O,t,N00776_female_65,False,o,r
fn001466_sentence-26.wav,13.823,13.864,0.041,d,n,@,N00776_female_65,False,o,d
fn001466_sentence-26.wav,14.65,14.68,0.03,r,a,m,N00776_female_65,False,o,r
fn001466_sentence-26.wav,2.528,2.558,0.03,r,@,l,N00776_female_65,False,o,r
fn001466_sentence-26.wav,7.982,8.012,0.03,r,o,d,N00776_female_65,False,o,r
fn001466_sentence-26.wav,11.921,11.962,0.041,r,E,p,N00776_female_65,False,o,r
fn001466_sentence-26.wav,10.542,10.572,0.03,r,@,l,N00776_female_65,False,o,r
fn001466_sentence-29.wav,1.042,1.072,0.03,r,@,I,N00776_female_65,False,o,r
fn001466_sentence-29.wav,4.27,4.3,0.03,r,@,z,N00776_female_65,False,o,r
fn001466_sentence-29.wav,0.273,0.304,0.031,r,p,A,N00776_female_65,False,o,r
fn001466_sentence-29.wav,4.633,4.664,0.031,r,A,i,N00776_female_65,False,o,r
fn001466_sentence-29.wav,5.572,5.602,0.03,r,E,z,N00776_female_65,False,o,r
fn001466_sentence-29.wav,3.321,3.352,0.031,r,O,v,N00776_female_65,False,o,r
fn001466_sentence-36.wav,0.741,0.771,0.03,b,n,@,N00776_female_65,False,o,b
fn001466_sentence-4.wav,0.141,0.181,0.04,h,k,E,N00776_female_65,False,o,h
fn001466_sentence-41.wav,0.091,0.122,0.031,w,t,A,N00776_female_65,False,o,ʋ
fn001466_sentence-43.wav,1.148,1.178,0.03,w,k,A,N00776_female_65,False,o,ʋ
fn001466_sentence-47.wav,4.185,4.215,0.03,w,A+,@,N00776_female_65,False,o,ʋ
fn001466_sentence-47.wav,3.862,3.892,0.03,h,n,A,N00776_female_65,False,o,h
fn001466_sentence-48.wav,17.063,17.104,0.041,w,n,A,N00776_female_65,False,o,ʋ
fn001466_sentence-55.wav,2.467,2.498,0.031,w,A+,x,N00776_female_65,False,o,ʋ
fn001466_sentence-56.wav,0.163,0.193,0.03,w,I,A,N00776_female_65,False,o,ʋ
fn001467_sentence-25.wav,2.382,2.422,0.04,Y,z,l,N00776_female_65,False,o,ʉ
fn001554_sentence-0.wav,2.264,2.294,0.03,j,t,@,N00820_female_42,False,o,j
fn001554_sentence-0.wav,1.981,2.021,0.04,@,n,n,N00820_female_42,False,o,ə
fn001554_sentence-0.wav,2.294,2.324,0.03,@,j,s,N00820_female_42,False,o,ə
fn001554_sentence-0.wav,2.021,2.051,0.03,n,@,b,N00820_female_42,False,o,n
fn001554_sentence-1.wav,0.051,0.082,0.031,l,A,s,N00820_female_42,False,o,l
fn001554_sentence-10.wav,0.869,0.899,0.03,n,A,d,N00820_female_42,False,o,n
fn001554_sentence-10.wav,0.188,0.219,0.031,@,j,O,N00820_female_42,False,o,ə
fn001554_sentence-10.wav,0.046,0.077,0.031,l,A,s,N00820_female_42,False,o,l
fn001554_sentence-11.wav,1.111,1.142,0.031,h,r,E+,N00820_female_42,False,o,h
fn001554_sentence-11.wav,1.831,1.861,0.03,E,m,t,N00820_female_42,False,o,ɛ
fn001554_sentence-12.wav,0.121,0.162,0.041,h,r,E+,N00820_female_42,False,o,h
fn001554_sentence-12.wav,0.091,0.121,0.03,r,a,h,N00820_female_42,False,o,r
fn001554_sentence-14.wav,0.725,0.755,0.03,@,v,r,N00820_female_42,False,o,ə
fn001554_sentence-14.wav,2.074,2.104,0.03,l,E,k,N00820_female_42,False,o,l
fn001554_sentence-15.wav,1.748,1.778,0.03,r,@,x,N00820_female_42,False,o,r
fn001554_sentence-16.wav,0.845,0.875,0.03,r,u,v,N00820_female_42,False,o,r
fn001554_sentence-17.wav,1.653,1.684,0.031,w,k,A,N00820_female_42,False,o,ʋ
fn001554_sentence-17.wav,2.763,2.804,0.041,a,n,r,N00820_female_42,False,o,aː
fn001554_sentence-17.wav,2.247,2.277,0.03,N,I,h,N00820_female_42,False,o,ŋ
fn001554_sentence-17.wav,2.804,2.834,0.03,r,a,b,N00820_female_42,False,o,r
fn001554_sentence-19.wav,1.345,1.376,0.031,r,t,A,N00820_female_42,False,o,r
fn001554_sentence-19.wav,1.143,1.173,0.03,h,s,E+,N00820_female_42,False,o,h
fn001554_sentence-19.wav,1.062,1.093,0.031,l,A,s,N00820_female_42,False,o,l
fn001554_sentence-19.wav,1.77,1.8,0.03,r,a,s,N00820_female_42,False,o,r
fn001554_sentence-2.wav,0.844,0.874,0.03,k,N,s,N00820_female_42,False,o,k
fn001554_sentence-20.wav,0.122,0.163,0.041,r,@,G,N00820_female_42,False,o,r
fn001554_sentence-21.wav,3.234,3.264,0.03,@,x,s,N00820_female_42,False,o,ə
fn001554_sentence-21.wav,2.243,2.284,0.041,A,h,n,N00820_female_42,False,o,ɑ
fn001554_sentence-22.wav,0.253,0.283,0.03,m,O,k,N00820_female_42,False,o,m
fn001554_sentence-22.wav,3.373,3.404,0.031,A,f,n,N00820_female_42,False,o,ɑ
fn001554_sentence-22.wav,3.404,3.444,0.04,n,A,h,N00820_female_42,False,o,n
fn001554_sentence-22.wav,3.444,3.475,0.031,h,n,Y,N00820_female_42,False,o,h
fn001554_sentence-22.wav,2.923,2.964,0.041,@,t,G,N00820_female_42,False,o,ə
fn001554_sentence-22.wav,0.747,0.777,0.03,r,@,d,N00820_female_42,False,o,r
fn001554_sentence-23.wav,0.662,0.702,0.04,l,A,b,N00820_female_42,False,o,l
fn001554_sentence-23.wav,2.668,2.699,0.031,n,I,h,N00820_female_42,False,o,n
fn001554_sentence-23.wav,2.506,2.537,0.031,l,@,s,N00820_female_42,False,o,l
fn001554_sentence-24.wav,0.143,0.173,0.03,l,b,e,N00820_female_42,False,o,l
fn001554_sentence-25.wav,0.141,0.181,0.04,E,t,l,N00820_female_42,False,o,ɛ
fn001554_sentence-26.wav,1.872,1.902,0.03,@,j,v,N00820_female_42,False,o,ə
fn001554_sentence-26.wav,0.931,0.961,0.03,@,d,l,N00820_female_42,False,o,ə
fn001554_sentence-27.wav,2.101,2.132,0.031,d,r,@,N00820_female_42,False,o,d
fn001554_sentence-27.wav,2.071,2.101,0.03,r,o,d,N00820_female_42,False,o,r
fn001554_sentence-28.wav,3.023,3.063,0.04,@,d,j,N00820_female_42,False,o,ə
fn001554_sentence-31.wav,6.784,6.824,0.04,G,e,@,N00820_female_42,False,o,ɣ
fn001554_sentence-31.wav,5.412,5.442,0.03,r,a,t,N00820_female_42,False,o,r
fn001554_sentence-31.wav,3.224,3.255,0.031,r,@,@,N00820_female_42,False,o,r
fn001554_sentence-31.wav,4.494,4.524,0.03,r,@,d,N00820_female_42,False,o,r
fn001554_sentence-31.wav,1.744,1.774,0.03,r,@,d,N00820_female_42,False,o,r
fn001554_sentence-31.wav,4.524,4.554,0.03,d,r,@,N00820_female_42,False,o,d
fn001554_sentence-31.wav,7.024,7.055,0.031,i,m,t,N00820_female_42,False,o,iː
fn001554_sentence-32.wav,4.045,4.076,0.031,w,A+,G,N00820_female_42,False,o,ʋ
fn001554_sentence-32.wav,3.286,3.316,0.03,I,m,s,N00820_female_42,False,o,ɪ
fn001554_sentence-32.wav,0.121,0.161,0.04,b,@,@,N00820_female_42,False,o,b
fn001554_sentence-33.wav,4.826,4.857,0.031,l,A,s,N00820_female_42,False,o,l
fn001554_sentence-35.wav,0.081,0.111,0.03,l,A,v,N00820_female_42,False,o,l
fn001554_sentence-37.wav,0.651,0.681,0.03,w,A+,k,N00820_female_42,False,o,ʋ
fn001554_sentence-37.wav,1.006,1.037,0.031,r,@,s,N00820_female_42,False,o,r
fn001554_sentence-37.wav,0.407,0.437,0.03,r,y,v,N00820_female_42,False,o,r
fn001554_sentence-38.wav,2.363,2.403,0.04,d,n,@,N00820_female_42,False,o,d
fn001554_sentence-38.wav,3.273,3.304,0.031,l,A,s,N00820_female_42,False,o,l
fn001554_sentence-38.wav,0.661,0.691,0.03,r,@,d,N00820_female_42,False,o,r
fn001554_sentence-38.wav,0.822,0.852,0.03,r,2,b,N00820_female_42,False,o,r
fn001554_sentence-4.wav,0.681,0.712,0.031,d,r,@,N00820_female_42,False,o,d
fn001554_sentence-4.wav,0.651,0.681,0.03,r,o,d,N00820_female_42,False,o,r
fn001554_sentence-40.wav,7.212,7.242,0.03,l,A,s,N00820_female_42,False,o,l
fn001554_sentence-40.wav,5.722,5.752,0.03,E,n,n,N00820_female_42,False,o,ɛ
fn001554_sentence-41.wav,6.023,6.064,0.041,l,Y,i,N00820_female_42,False,o,l
fn001554_sentence-41.wav,5.993,6.023,0.03,Y,j,l,N00820_female_42,False,o,ʉ
fn001554_sentence-41.wav,2.902,2.942,0.04,l,o,b,N00820_female_42,False,o,l
fn001554_sentence-41.wav,1.982,2.012,0.03,l,E,d,N00820_female_42,False,o,l
fn001554_sentence-42.wav,0.444,0.484,0.04,d,l,@,N00820_female_42,False,o,d
fn001554_sentence-42.wav,0.414,0.444,0.03,l,u,d,N00820_female_42,False,o,l
fn001554_sentence-43.wav,0.061,0.091,0.03,l,A,s,N00820_female_42,False,o,l
fn001554_sentence-46.wav,1.042,1.083,0.041,E,r,n,N00820_female_42,False,o,ɛ
fn001554_sentence-47.wav,0.149,0.179,0.03,w,r,E+,N00820_female_42,False,o,ʋ
fn001554_sentence-5.wav,1.125,1.155,0.03,r,o,t,N00820_female_42,False,o,r
fn001554_sentence-5.wav,4.041,4.082,0.041,w,s,E,N00820_female_42,False,o,ʋ
fn001554_sentence-53.wav,0.546,0.576,0.03,E,w,l,N00820_female_42,False,o,ɛ
fn001554_sentence-53.wav,0.061,0.101,0.04,r,E,z,N00820_female_42,False,o,r
fn001554_sentence-53.wav,0.283,0.314,0.031,I,m,s,N00820_female_42,False,o,ɪ
fn001554_sentence-54.wav,0.081,0.111,0.03,I,n,k,N00820_female_42,False,o,ɪ
fn001554_sentence-55.wav,1.022,1.053,0.031,d,u,@,N00820_female_42,False,o,d
fn001554_sentence-55.wav,1.093,1.124,0.031,r,@,v,N00820_female_42,False,o,r
fn001554_sentence-55.wav,1.124,1.164,0.04,v,r,A,N00820_female_42,False,o,v
fn001554_sentence-58.wav,0.223,0.264,0.041,w,A+,z,N00820_female_42,False,o,ʋ
fn001554_sentence-59.wav,1.448,1.478,0.03,r,a,@,N00820_female_42,False,o,r
fn001554_sentence-6.wav,1.947,1.978,0.031,r,E,v,N00820_female_42,False,o,r
fn001554_sentence-60.wav,3.641,3.681,0.04,Y,h,n,N00820_female_42,False,o,ʉ
fn001554_sentence-60.wav,3.722,3.762,0.04,b,n,y,N00820_female_42,False,o,b
fn001554_sentence-62.wav,0.061,0.092,0.031,r,E,l,N00820_female_42,False,o,r
fn001554_sentence-63.wav,0.061,0.092,0.031,b,n,e,N00820_female_42,False,o,b
fn001554_sentence-65.wav,0.382,0.422,0.04,j,o,t,N00820_female_42,False,o,j
fn001554_sentence-65.wav,0.686,0.716,0.03,r,@,x,N00820_female_42,False,o,r
fn001554_sentence-67.wav,0.222,0.263,0.041,r,a,t,N00820_female_42,False,o,r
fn001554_sentence-68.wav,0.162,0.192,0.03,r,k,e,N00820_female_42,False,o,r
fn001554_sentence-70.wav,2.064,2.095,0.031,r,y,m,N00820_female_42,False,o,r
fn001554_sentence-70.wav,1.312,1.343,0.031,r,a,@,N00820_female_42,False,o,r
fn001554_sentence-9.wav,0.767,0.797,0.03,r,@,s,N00820_female_42,False,o,r
fn001555_sentence-100.wav,1.867,1.898,0.031,r,a,d,N00820_female_42,False,o,r
fn001555_sentence-102.wav,1.221,1.262,0.041,r,@,t,N00820_female_42,False,o,r
fn001555_sentence-103.wav,0.788,0.819,0.031,r,a,t,N00820_female_42,False,o,r
fn001555_sentence-104.wav,2.324,2.364,0.04,Y,j,m,N00820_female_42,False,o,ʉ
fn001555_sentence-106.wav,0.101,0.131,0.03,w,A+,j,N00820_female_42,False,o,ʋ
fn001555_sentence-108.wav,2.712,2.743,0.031,r,o,d,N00820_female_42,False,o,r
fn001555_sentence-110.wav,0.368,0.398,0.03,r,@,t,N00820_female_42,False,o,r
fn001555_sentence-111.wav,0.231,0.262,0.031,r,E,t,N00820_female_42,False,o,r
fn001555_sentence-111.wav,2.548,2.578,0.03,r,@,t,N00820_female_42,False,o,r
fn001555_sentence-114.wav,0.112,0.143,0.031,r,e,d,N00820_female_42,False,o,r
fn001555_sentence-115.wav,0.928,0.958,0.03,r,@,s,N00820_female_42,False,o,r
fn001555_sentence-118.wav,1.162,1.193,0.031,r,E,p,N00820_female_42,False,o,r
fn001555_sentence-118.wav,2.132,2.162,0.03,r,@,s,N00820_female_42,False,o,r
fn001555_sentence-121.wav,0.112,0.143,0.031,r,o,d,N00820_female_42,False,o,r
fn001555_sentence-123.wav,2.221,2.251,0.03,r,o,d,N00820_female_42,False,o,r
fn001555_sentence-124.wav,1.844,1.884,0.04,I,o,n,N00820_female_42,False,o,ɪ
fn001555_sentence-124.wav,1.642,1.682,0.04,r,u,z,N00820_female_42,False,o,r
fn001555_sentence-124.wav,2.206,2.237,0.031,r,o,z,N00820_female_42,False,o,r
fn001555_sentence-125.wav,0.173,0.204,0.031,r,k,I,N00820_female_42,False,o,r
fn001555_sentence-125.wav,0.713,0.743,0.03,I,@,n,N00820_female_42,False,o,ɪ
fn001555_sentence-129.wav,2.306,2.337,0.031,r,E,w,N00820_female_42,False,o,r
fn001555_sentence-131.wav,0.406,0.437,0.031,w,t,E,N00820_female_42,False,o,ʋ
fn001555_sentence-133.wav,0.102,0.142,0.04,w,E+,I,N00820_female_42,False,o,ʋ
fn001555_sentence-135.wav,0.163,0.204,0.041,w,k,A,N00820_female_42,False,o,ʋ
fn001555_sentence-136.wav,1.57,1.6,0.03,r,a,b,N00820_female_42,False,o,r
fn001555_sentence-137.wav,1.372,1.403,0.031,r,2,v,N00820_female_42,False,o,r
fn001555_sentence-138.wav,2.063,2.103,0.04,r,2,t,N00820_female_42,False,o,r
fn001555_sentence-138.wav,1.466,1.496,0.03,r,E,n,N00820_female_42,False,o,r
fn001555_sentence-14.wav,0.141,0.181,0.04,w,n,A,N00820_female_42,False,o,ʋ
fn001555_sentence-144.wav,1.221,1.252,0.031,r,@,h,N00820_female_42,False,o,r
fn001555_sentence-149.wav,0.29,0.321,0.031,r,@,s,N00820_female_42,False,o,r
fn001555_sentence-150.wav,0.79,0.821,0.031,r,@,@,N00820_female_42,False,o,r
fn001555_sentence-153.wav,0.091,0.122,0.031,r,a,A,N00820_female_42,False,o,r
fn001555_sentence-153.wav,1.271,1.302,0.031,w,n,e,N00820_female_42,False,o,ʋ
fn001555_sentence-158.wav,1.894,1.924,0.03,w,f,A,N00820_female_42,False,o,ʋ
fn001555_sentence-161.wav,1.051,1.081,0.03,r,@,s,N00820_female_42,False,o,r
fn001555_sentence-161.wav,1.223,1.264,0.041,r,e,x,N00820_female_42,False,o,r
fn001555_sentence-163.wav,0.528,0.558,0.03,r,@,t,N00820_female_42,False,o,r
fn001555_sentence-164.wav,1.751,1.781,0.03,w,k,E,N00820_female_42,False,o,ʋ
fn001555_sentence-19.wav,0.121,0.161,0.04,w,r,E+,N00820_female_42,False,o,ʋ
fn001555_sentence-33.wav,0.323,0.363,0.04,w,@,I,N00820_female_42,False,o,ʋ
fn001555_sentence-4.wav,1.022,1.063,0.041,w,A+,v,N00820_female_42,False,o,ʋ
fn001555_sentence-6.wav,1.201,1.231,0.03,Y,j,m,N00820_female_42,False,o,ʉ
fn001555_sentence-6.wav,1.766,1.796,0.03,w,k,I,N00820_female_42,False,o,ʋ
fn001555_sentence-6.wav,0.122,0.152,0.03,w,k,I,N00820_female_42,False,o,ʋ
fn001555_sentence-64.wav,1.841,1.882,0.041,w,r,a,N00820_female_42,False,o,ʋ
fn001555_sentence-71.wav,0.543,0.584,0.041,w,s,I,N00820_female_42,False,o,ʋ
fn001555_sentence-85.wav,2.232,2.262,0.03,w,r,a,N00820_female_42,False,o,ʋ
fn001555_sentence-87.wav,0.25,0.28,0.03,w,t,A,N00820_female_42,False,o,ʋ
fn001555_sentence-91.wav,4.403,4.443,0.04,w,k,A,N00820_female_42,False,o,ʋ
fn001140_sentence-1.wav,0.943,0.984,0.041,@,d,t,N00640_male_67,False,o,ə
fn001140_sentence-101.wav,8.77,8.8,0.03,Y,h,n,N00640_male_67,False,o,ʉ
fn001140_sentence-101.wav,4.583,4.613,0.03,r,@,E,N00640_male_67,False,o,r
fn001140_sentence-104.wav,2.272,2.303,0.031,r,a,b,N00640_male_67,False,o,r
fn001140_sentence-104.wav,17.402,17.432,0.03,r,@,Y,N00640_male_67,False,o,r
fn001140_sentence-104.wav,17.362,17.402,0.04,@,r,r,N00640_male_67,False,o,ə
fn001140_sentence-104.wav,0.305,0.335,0.03,@,A,h,N00640_male_67,False,o,ə
fn001140_sentence-104.wav,0.142,0.183,0.041,d,m,A,N00640_male_67,False,o,d
fn001140_sentence-105.wav,17.721,17.751,0.03,@,v,r,N00640_male_67,False,o,ə
fn001140_sentence-105.wav,30.184,30.224,0.04,@,b,h,N00640_male_67,False,o,ə
fn001140_sentence-105.wav,15.507,15.538,0.031,@,d,r,N00640_male_67,False,o,ə
fn001140_sentence-105.wav,32.714,32.744,0.03,r,o,d,N00640_male_67,False,o,r
fn001140_sentence-105.wav,11.373,11.404,0.031,@,s,n,N00640_male_67,False,o,ə
fn001140_sentence-105.wav,24.273,24.303,0.03,k,N,t,N00640_male_67,False,o,k
fn001140_sentence-105.wav,36.001,36.042,0.041,u,m,s,N00640_male_67,False,o,uː
fn001140_sentence-11.wav,1.602,1.642,0.04,r,o,d,N00640_male_67,False,o,r
fn001140_sentence-12.wav,2.747,2.777,0.03,r,o,t,N00640_male_67,False,o,r
fn001140_sentence-17.wav,0.786,0.816,0.03,A+,l,t,N00640_male_67,False,o,ɑu
fn001140_sentence-18.wav,3.512,3.542,0.03,r,@,t,N00640_male_67,False,o,r
fn001140_sentence-20.wav,0.183,0.213,0.03,r,@,@,N00640_male_67,False,o,r
fn001140_sentence-20.wav,1.351,1.382,0.031,A+,l,t,N00640_male_67,False,o,ɑu
fn001140_sentence-33.wav,6.705,6.735,0.03,r,i,h,N00640_male_67,False,o,r
fn001140_sentence-34.wav,4.885,4.916,0.031,r,@,@,N00640_male_67,False,o,r
fn001140_sentence-34.wav,7.534,7.564,0.03,r,@,d,N00640_male_67,False,o,r
fn001140_sentence-35.wav,9.664,9.694,0.03,r,o,w,N00640_male_67,False,o,r
fn001140_sentence-36.wav,1.451,1.482,0.031,r,@,m,N00640_male_67,False,o,r
fn001140_sentence-37.wav,10.354,10.384,0.03,r,@,s,N00640_male_67,False,o,r
fn001140_sentence-37.wav,3.385,3.415,0.03,r,@,s,N00640_male_67,False,o,r
fn001140_sentence-39.wav,4.303,4.344,0.041,r,E,n,N00640_male_67,False,o,r
fn001392_sentence-0.wav,0.204,0.235,0.031,t,f,s,N00755_male_53,False,o,t
fn001392_sentence-10.wav,0.643,0.684,0.041,t,f,h,N00755_male_53,False,o,t
fn001392_sentence-10.wav,4.564,4.604,0.04,l,@,@,N00755_male_53,False,o,l
fn001392_sentence-10.wav,2.241,2.281,0.04,l,A,s,N00755_male_53,False,o,l
fn001392_sentence-10.wav,4.483,4.523,0.04,m,a,@,N00755_male_53,False,o,m
fn001392_sentence-10.wav,2.574,2.604,0.03,E,S,r,N00755_male_53,False,o,ɛ
fn001392_sentence-10.wav,2.847,2.877,0.03,r,2,x,N00755_male_53,False,o,r
fn001392_sentence-10.wav,0.602,0.643,0.041,f,e,t,N00755_male_53,False,o,f
fn001392_sentence-10.wav,7.222,7.252,0.03,t,s,@,N00755_male_53,False,o,t
fn001392_sentence-10.wav,4.523,4.564,0.041,@,m,l,N00755_male_53,False,o,ə
fn001392_sentence-11.wav,4.625,4.655,0.03,n,@,r,N00755_male_53,False,o,n
fn001392_sentence-11.wav,0.745,0.775,0.03,r,@,I,N00755_male_53,False,o,r
fn001392_sentence-11.wav,2.306,2.336,0.03,r,@,t,N00755_male_53,False,o,r
fn001392_sentence-11.wav,0.604,0.644,0.04,t,n,j,N00755_male_53,False,o,t
fn001392_sentence-11.wav,0.101,0.131,0.03,w,o,A,N00755_male_53,False,o,ʋ
fn001392_sentence-11.wav,0.07,0.101,0.031,o,z,w,N00755_male_53,False,o,oː
fn001392_sentence-11.wav,1.843,1.873,0.03,w,u,s,N00755_male_53,False,o,ʋ
fn001392_sentence-11.wav,1.631,1.661,0.03,r,@,v,N00755_male_53,False,o,r
fn001392_sentence-12.wav,3.703,3.744,0.041,n,@,l,N00755_male_53,False,o,n
fn001392_sentence-12.wav,1.192,1.222,0.03,r,@,l,N00755_male_53,False,o,r
fn001392_sentence-12.wav,3.551,3.581,0.03,n,@,s,N00755_male_53,False,o,n
fn001392_sentence-12.wav,1.293,1.323,0.03,k,@,t,N00755_male_53,False,o,k
fn001392_sentence-12.wav,1.222,1.263,0.041,l,r,@,N00755_male_53,False,o,l
fn001392_sentence-12.wav,0.242,0.283,0.041,@,z,n,N00755_male_53,False,o,ə
fn001392_sentence-12.wav,1.263,1.293,0.03,@,l,k,N00755_male_53,False,o,ə
fn001392_sentence-12.wav,1.162,1.192,0.03,@,t,r,N00755_male_53,False,o,ə
fn001392_sentence-12.wav,5.704,5.735,0.031,r,@,x,N00755_male_53,False,o,r
fn001392_sentence-12.wav,5.674,5.704,0.03,@,d,r,N00755_male_53,False,o,ə
fn001392_sentence-13.wav,0.582,0.613,0.031,l,@,@,N00755_male_53,False,o,l
fn001392_sentence-14.wav,1.141,1.182,0.041,a,t,z,N00755_male_53,False,o,aː
fn001392_sentence-15.wav,0.102,0.142,0.04,n,E,d,N00755_male_53,False,o,n
fn001392_sentence-16.wav,0.127,0.159,0.032,h,k,E,N00755_male_53,False,o,h
fn001392_sentence-17.wav,0.111,0.141,0.03,k,I,h,N00755_male_53,False,o,k
fn001392_sentence-17.wav,0.141,0.171,0.03,h,k,E,N00755_male_53,False,o,h
fn001392_sentence-18.wav,0.81,0.841,0.031,l,A,s,N00755_male_53,False,o,l
fn001392_sentence-18.wav,10.51,10.541,0.031,t,n,s,N00755_male_53,False,o,t
fn001392_sentence-18.wav,6.464,6.504,0.04,t,r,x,N00755_male_53,False,o,t
fn001392_sentence-18.wav,8.612,8.642,0.03,l,O,w,N00755_male_53,False,o,l
fn001392_sentence-18.wav,3.002,3.042,0.04,r,@,f,N00755_male_53,False,o,r
fn001392_sentence-18.wav,10.308,10.339,0.031,@,d,r,N00755_male_53,False,o,ə
fn001392_sentence-18.wav,6.434,6.464,0.03,r,E,t,N00755_male_53,False,o,r
fn001392_sentence-18.wav,4.567,4.598,0.031,@,t,r,N00755_male_53,False,o,ə
fn001392_sentence-19.wav,2.341,2.382,0.041,@,l,m,N00755_male_53,False,o,ə
fn001392_sentence-19.wav,1.844,1.874,0.03,l,k,O,N00755_male_53,False,o,l
fn001392_sentence-2.wav,0.243,0.284,0.041,@,j,z,N00755_male_53,False,o,ə
fn001392_sentence-20.wav,0.568,0.598,0.03,t,n,j,N00755_male_53,False,o,t
fn001392_sentence-22.wav,2.902,2.943,0.041,r,A,m,N00755_male_53,False,o,r
fn001392_sentence-22.wav,1.587,1.618,0.031,@,t,r,N00755_male_53,False,o,ə
fn001392_sentence-22.wav,1.172,1.202,0.03,n,A,t,N00755_male_53,False,o,n
fn001392_sentence-25.wav,4.042,4.073,0.031,n,I,s,N00755_male_53,False,o,n
fn001392_sentence-25.wav,0.481,0.512,0.031,r,@,t,N00755_male_53,False,o,r
fn001392_sentence-25.wav,0.441,0.481,0.04,@,k,r,N00755_male_53,False,o,ə
fn001392_sentence-26.wav,1.964,1.994,0.03,@,t,r,N00755_male_53,False,o,ə
fn001392_sentence-27.wav,0.702,0.743,0.041,@,j,n,N00755_male_53,False,o,ə
fn001392_sentence-28.wav,0.605,0.636,0.031,r,o,@,N00755_male_53,False,o,r
fn001392_sentence-28.wav,0.847,0.878,0.031,r,A,t,N00755_male_53,False,o,r
fn001392_sentence-28.wav,1.049,1.079,0.03,n,A,O,N00755_male_53,False,o,n
fn001392_sentence-29.wav,3.466,3.496,0.03,r,@,d,N00755_male_53,False,o,r
fn001392_sentence-29.wav,5.951,5.982,0.031,d,@,@,N00755_male_53,False,o,d
fn001392_sentence-29.wav,9.227,9.257,0.03,h,t,E,N00755_male_53,False,o,h
fn001392_sentence-29.wav,3.082,3.112,0.03,f,s,A,N00755_male_53,False,o,f
fn001392_sentence-29.wav,2.062,2.102,0.04,x,Y,t,N00755_male_53,False,o,x
fn001392_sentence-30.wav,4.686,4.716,0.03,d,r,@,N00755_male_53,False,o,d
fn001392_sentence-30.wav,4.869,4.899,0.03,r,@,m,N00755_male_53,False,o,r
fn001392_sentence-30.wav,7.302,7.342,0.04,x,O,t,N00755_male_53,False,o,x
fn001392_sentence-31.wav,10.009,10.039,0.03,d,n,@,N00755_male_53,False,o,d
fn001392_sentence-31.wav,10.685,10.716,0.031,r,@,w,N00755_male_53,False,o,r
fn001392_sentence-31.wav,0.785,0.816,0.031,d,r,@,N00755_male_53,False,o,d
fn001392_sentence-31.wav,1.989,2.02,0.031,r,e,d,N00755_male_53,False,o,r
fn001392_sentence-32.wav,5.331,5.362,0.031,r,@,E,N00755_male_53,False,o,r
fn001392_sentence-32.wav,0.191,0.221,0.03,d,r,@,N00755_male_53,False,o,d
fn001392_sentence-32.wav,0.252,0.283,0.031,r,@,w,N00755_male_53,False,o,r
fn001392_sentence-32.wav,3.422,3.453,0.031,h,y,o,N00755_male_53,False,o,h
fn001392_sentence-32.wav,0.283,0.314,0.031,w,r,A,N00755_male_53,False,o,ʋ
fn001392_sentence-34.wav,3.603,3.633,0.03,r,@,d,N00755_male_53,False,o,r
fn001392_sentence-34.wav,3.633,3.664,0.031,d,r,A,N00755_male_53,False,o,d
fn001392_sentence-34.wav,1.643,1.684,0.041,r,o,d,N00755_male_53,False,o,r
fn001392_sentence-34.wav,1.684,1.714,0.03,d,r,@,N00755_male_53,False,o,d
fn001392_sentence-34.wav,1.069,1.099,0.03,d,r,@,N00755_male_53,False,o,d
fn001392_sentence-35.wav,0.428,0.458,0.03,r,@,t,N00755_male_53,False,o,r
fn001392_sentence-35.wav,3.862,3.903,0.041,d,@,i,N00755_male_53,False,o,d
fn001392_sentence-35.wav,0.061,0.102,0.041,r,x,o,N00755_male_53,False,o,r
fn001392_sentence-36.wav,4.363,4.393,0.03,r,t,a,N00755_male_53,False,o,r
fn001392_sentence-36.wav,3.384,3.424,0.04,j,t,@,N00755_male_53,False,o,j
fn001392_sentence-36.wav,5.07,5.1,0.03,r,@,d,N00755_male_53,False,o,r
fn001392_sentence-36.wav,0.123,0.153,0.03,w,t,A,N00755_male_53,False,o,ʋ
fn001392_sentence-36.wav,3.586,3.616,0.03,r,o,m,N00755_male_53,False,o,r
fn001392_sentence-37.wav,1.203,1.244,0.041,r,E,x,N00755_male_53,False,o,r
fn001392_sentence-37.wav,0.344,0.374,0.03,r,@,E,N00755_male_53,False,o,r
fn001392_sentence-38.wav,1.323,1.363,0.04,r,@,u,N00755_male_53,False,o,r
fn001392_sentence-39.wav,0.121,0.162,0.041,d,n,@,N00755_male_53,False,o,d
fn001392_sentence-39.wav,1.663,1.693,0.03,r,@,d,N00755_male_53,False,o,r
fn001392_sentence-39.wav,4.341,4.371,0.03,r,a,h,N00755_male_53,False,o,r
fn001392_sentence-39.wav,1.381,1.411,0.03,r,@,A,N00755_male_53,False,o,r
fn001392_sentence-39.wav,6.381,6.423,0.042,r,A,s,N00755_male_53,False,o,r
fn001392_sentence-39.wav,13.946,13.977,0.031,d,z,b,N00755_male_53,False,o,d
fn001392_sentence-39.wav,10.803,10.844,0.041,r,@,s,N00755_male_53,False,o,r
fn001392_sentence-39.wav,3.388,3.418,0.03,h,s,E+,N00755_male_53,False,o,h
fn001392_sentence-4.wav,0.303,0.333,0.03,w,A+,e,N00755_male_53,False,o,ʋ
fn001392_sentence-40.wav,5.153,5.184,0.031,r,E,d,N00755_male_53,False,o,r
fn001392_sentence-40.wav,5.184,5.214,0.03,d,r,@,N00755_male_53,False,o,d
fn001392_sentence-7.wav,0.111,0.142,0.031,d,n,@,N00755_male_53,False,o,d
fn001392_sentence-7.wav,0.742,0.782,0.04,r,d,i,N00755_male_53,False,o,r
fn001392_sentence-8.wav,10.063,10.103,0.04,r,e,G,N00755_male_53,False,o,r
fn001392_sentence-9.wav,3.201,3.231,0.03,r,@,d,N00755_male_53,False,o,r
fn001393_sentence-10.wav,3.381,3.412,0.031,r,@,s,N00755_male_53,False,o,r
fn001393_sentence-12.wav,6.872,6.903,0.031,r,@,d,N00755_male_53,False,o,r
fn001393_sentence-12.wav,0.761,0.791,0.03,d,l,@,N00755_male_53,False,o,d
fn001393_sentence-12.wav,0.487,0.517,0.03,r,@,t,N00755_male_53,False,o,r
fn001393_sentence-12.wav,10.084,10.124,0.04,r,@,k,N00755_male_53,False,o,r
fn001393_sentence-13.wav,2.282,2.312,0.03,r,@,d,N00755_male_53,False,o,r
fn001393_sentence-13.wav,1.252,1.282,0.03,d,@,i,N00755_male_53,False,o,d
fn001393_sentence-13.wav,4.803,4.833,0.03,d,A,z,N00755_male_53,False,o,d
fn001393_sentence-14.wav,6.112,6.143,0.031,d,r,@,N00755_male_53,False,o,d
fn001393_sentence-15.wav,0.987,1.018,0.031,d,n,@,N00755_male_53,False,o,d
fn001393_sentence-16.wav,0.183,0.224,0.041,d,n,i,N00755_male_53,False,o,d
fn001393_sentence-17.wav,1.291,1.321,0.03,d,r,@,N00755_male_53,False,o,d
fn001393_sentence-19.wav,0.244,0.275,0.031,w,A+,d,N00755_male_53,False,o,ʋ
fn001393_sentence-31.wav,4.008,4.038,0.03,w,k,A,N00755_male_53,False,o,ʋ
fn001393_sentence-31.wav,3.241,3.272,0.031,h,@,u,N00755_male_53,False,o,h
fn001393_sentence-36.wav,0.108,0.139,0.031,w,r,A,N00755_male_53,False,o,ʋ
fn001393_sentence-36.wav,4.125,4.156,0.031,N,A,r,N00755_male_53,False,o,ŋ
fn001393_sentence-42.wav,0.885,0.916,0.031,w,A+,d,N00755_male_53,False,o,ʋ
fn001393_sentence-45.wav,0.483,0.514,0.031,w,t,A,N00755_male_53,False,o,ʋ
fn001393_sentence-7.wav,0.102,0.143,0.041,w,@,A,N00755_male_53,False,o,ʋ
fn001043_sentence-10.wav,1.79,1.82,0.03,w,@,A,N00543_female_60,False,o,ʋ
fn001043_sentence-10.wav,12.287,12.318,0.031,d,l,@,N00543_female_60,False,o,d
fn001043_sentence-10.wav,7.042,7.073,0.031,r,@,k,N00543_female_60,False,o,r
fn001043_sentence-10.wav,7.002,7.042,0.04,@,v,r,N00543_female_60,False,o,ə
fn001043_sentence-10.wav,1.881,1.922,0.041,n,A,t,N00543_female_60,False,o,n
fn001043_sentence-10.wav,11.823,11.853,0.03,r,o,b,N00543_female_60,False,o,r
fn001043_sentence-10.wav,0.142,0.173,0.031,h,k,E,N00543_female_60,False,o,h
fn001043_sentence-10.wav,4.026,4.056,0.03,@,G,l,N00543_female_60,False,o,ə
fn001043_sentence-12.wav,0.122,0.152,0.03,r,a,l,N00543_female_60,False,o,r
fn001043_sentence-12.wav,1.062,1.102,0.04,n,k,i,N00543_female_60,False,o,n
fn001043_sentence-13.wav,4.267,4.298,0.031,r,@,d,N00543_female_60,False,o,r
fn001043_sentence-13.wav,1.782,1.823,0.041,@,@,n,N00543_female_60,False,o,ə
fn001043_sentence-13.wav,7.982,8.013,0.031,r,d,I,N00543_female_60,False,o,r
fn001043_sentence-13.wav,2.306,2.336,0.03,r,@,s,N00543_female_60,False,o,r
fn001043_sentence-13.wav,0.322,0.362,0.04,l,a,i,N00543_female_60,False,o,l
fn001043_sentence-13.wav,0.07,0.101,0.031,@,z,r,N00543_female_60,False,o,ə
fn001043_sentence-14.wav,3.323,3.354,0.031,n,A,E,N00543_female_60,False,o,n
fn001043_sentence-14.wav,3.869,3.899,0.03,d,n,@,N00543_female_60,False,o,d
fn001043_sentence-14.wav,1.083,1.123,0.04,r,o,k,N00543_female_60,False,o,r
fn001043_sentence-14.wav,2.282,2.323,0.041,@,r,n,N00543_female_60,False,o,ə
fn001043_sentence-14.wav,3.354,3.384,0.03,E,n,l,N00543_female_60,False,o,ɛ
fn001043_sentence-14.wav,6.366,6.396,0.03,e,j,r,N00543_female_60,False,o,eː
fn001043_sentence-16.wav,2.061,2.101,0.04,f,s,@,N00543_female_60,False,o,f
fn001043_sentence-16.wav,2.344,2.374,0.03,d,n,@,N00543_female_60,False,o,d
fn001043_sentence-16.wav,0.081,0.111,0.03,@,j,w,N00543_female_60,False,o,ə
fn001043_sentence-16.wav,2.243,2.283,0.04,I,h,n,N00543_female_60,False,o,ɪ
fn001043_sentence-16.wav,2.424,2.455,0.031,r,@,t,N00543_female_60,False,o,r
fn001043_sentence-16.wav,2.142,2.172,0.03,r,@,h,N00543_female_60,False,o,r
fn001043_sentence-16.wav,2.101,2.142,0.041,@,f,r,N00543_female_60,False,o,ə
fn001043_sentence-16.wav,1.97,2.0,0.03,r,@,s,N00543_female_60,False,o,r
fn001043_sentence-17.wav,1.966,1.996,0.03,r,@,s,N00543_female_60,False,o,r
fn001043_sentence-18.wav,15.522,15.563,0.041,w,d,E,N00543_female_60,False,o,ʋ
fn001043_sentence-18.wav,8.033,8.063,0.03,@,m,n,N00543_female_60,False,o,ə
fn001043_sentence-18.wav,1.182,1.223,0.041,d,n,@,N00543_female_60,False,o,d
fn001043_sentence-18.wav,5.625,5.656,0.031,d,n,A,N00543_female_60,False,o,d
fn001043_sentence-18.wav,1.223,1.253,0.03,@,d,r,N00543_female_60,False,o,ə
fn001043_sentence-18.wav,14.882,14.923,0.041,r,p,e,N00543_female_60,False,o,r
fn001043_sentence-18.wav,10.842,10.872,0.03,@,G,d,N00543_female_60,False,o,ə
fn001043_sentence-18.wav,6.446,6.476,0.03,r,E,Z,N00543_female_60,False,o,r
fn001043_sentence-18.wav,9.523,9.553,0.03,E+,z,n,N00543_female_60,False,o,ɛi
fn001043_sentence-19.wav,4.983,5.024,0.041,r,@,O,N00543_female_60,False,o,r
fn001043_sentence-19.wav,2.765,2.796,0.031,l,A,s,N00543_female_60,False,o,l
fn001043_sentence-19.wav,4.952,4.983,0.031,@,d,r,N00543_female_60,False,o,ə
fn001043_sentence-19.wav,1.405,1.435,0.03,r,E,Z,N00543_female_60,False,o,r
fn001043_sentence-20.wav,1.526,1.556,0.03,E,t,r,N00543_female_60,False,o,ɛ
fn001043_sentence-20.wav,12.431,12.462,0.031,@,p,l,N00543_female_60,False,o,ə
fn001043_sentence-20.wav,12.462,12.492,0.03,l,@,@,N00543_female_60,False,o,l
fn001043_sentence-20.wav,2.704,2.744,0.04,r,e,t,N00543_female_60,False,o,r
fn001043_sentence-22.wav,0.273,0.303,0.03,@,a,t,N00543_female_60,False,o,ə
fn001043_sentence-23.wav,0.061,0.092,0.031,@,j,r,N00543_female_60,False,o,ə
fn001043_sentence-23.wav,0.092,0.122,0.03,r,@,e,N00543_female_60,False,o,r
fn001043_sentence-25.wav,6.783,6.823,0.04,@,l,n,N00543_female_60,False,o,ə
fn001043_sentence-25.wav,3.91,3.94,0.03,r,@,d,N00543_female_60,False,o,r
fn001043_sentence-25.wav,6.501,6.531,0.03,r,@,s,N00543_female_60,False,o,r
fn001043_sentence-26.wav,1.424,1.464,0.04,w,r,E+,N00543_female_60,False,o,ʋ
fn001043_sentence-26.wav,3.511,3.541,0.03,r,@,d,N00543_female_60,False,o,r
fn001043_sentence-28.wav,3.222,3.252,0.03,r,E,n,N00543_female_60,False,o,r
fn001043_sentence-29.wav,1.883,1.923,0.04,w,l,E,N00543_female_60,False,o,ʋ
fn001043_sentence-31.wav,4.682,4.723,0.041,w,r,E+,N00543_female_60,False,o,ʋ
fn001043_sentence-33.wav,0.291,0.322,0.031,Y,r,x,N00543_female_60,False,o,ʉ
fn001043_sentence-33.wav,2.043,2.083,0.04,w,t,e,N00543_female_60,False,o,ʋ
fn001043_sentence-42.wav,1.163,1.203,0.04,w,r,E,N00543_female_60,False,o,ʋ
fn001043_sentence-43.wav,1.007,1.038,0.031,w,t,O,N00543_female_60,False,o,ʋ
fn001043_sentence-46.wav,0.182,0.212,0.03,w,t,I,N00543_female_60,False,o,ʋ
fn001043_sentence-46.wav,5.574,5.604,0.03,w,n,O,N00543_female_60,False,o,ʋ
fn001043_sentence-49.wav,1.071,1.101,0.03,w,n,I,N00543_female_60,False,o,ʋ
fn001043_sentence-64.wav,0.193,0.223,0.03,w,r,A,N00543_female_60,False,o,ʋ
fn001043_sentence-76.wav,7.613,7.644,0.031,w,@,A,N00543_female_60,False,o,ʋ
fn001043_sentence-77.wav,2.854,2.884,0.03,w,s,E,N00543_female_60,False,o,ʋ
fn001043_sentence-83.wav,0.467,0.497,0.03,w,A+,k,N00543_female_60,False,o,ʋ
fn001600_sentence-0.wav,0.09,0.121,0.031,n,I,k,N02000_male_36,False,k,n
fn001600_sentence-0.wav,0.604,0.635,0.031,r,@,b,N02000_male_36,False,k,r
fn001600_sentence-1.wav,0.892,0.923,0.031,@,j,m,N02000_male_36,False,k,ə
fn001600_sentence-1.wav,0.546,0.576,0.03,r,@,s,N02000_male_36,False,k,r
fn001600_sentence-1.wav,0.485,0.515,0.03,d,r,@,N02000_male_36,False,k,d
fn001600_sentence-2.wav,3.045,3.076,0.031,l,b,O,N02000_male_36,False,k,l
fn001600_sentence-2.wav,3.767,3.797,0.03,l,@,s,N02000_male_36,False,k,l
fn001600_sentence-3.wav,0.147,0.178,0.031,v,r,o,N02000_male_36,False,k,v
fn001600_sentence-3.wav,2.682,2.723,0.041,r,a,t,N02000_male_36,False,k,r
fn001600_sentence-3.wav,1.581,1.612,0.031,r,E,k,N02000_male_36,False,k,r
fn001600_sentence-3.wav,1.481,1.521,0.04,w,@,E,N02000_male_36,False,k,ʋ
fn001601_sentence-0.wav,0.525,0.555,0.03,@,d,r,N02000_male_36,False,k,ə
fn001601_sentence-0.wav,0.586,0.616,0.03,l,r,A,N02000_male_36,False,k,l
fn001601_sentence-1.wav,0.122,0.162,0.04,k,@,r,N02000_male_36,False,k,k
fn001601_sentence-2.wav,0.481,0.521,0.04,@,t,n,N02000_male_36,False,k,ə
fn001601_sentence-2.wav,1.562,1.602,0.04,d,n,@,N02000_male_36,False,k,d
fn001601_sentence-2.wav,1.481,1.522,0.041,A,f,n,N02000_male_36,False,k,ɑ
fn001601_sentence-2.wav,0.734,0.764,0.03,@,d,r,N02000_male_36,False,k,ə
fn001601_sentence-2.wav,1.441,1.481,0.04,f,t,A,N02000_male_36,False,k,f
fn001601_sentence-2.wav,1.602,1.643,0.041,@,d,E,N02000_male_36,False,k,ə
fn001601_sentence-2.wav,0.047,0.077,0.03,A,d,t,N02000_male_36,False,k,ɑ
fn001601_sentence-2.wav,1.522,1.562,0.04,n,A,d,N02000_male_36,False,k,n
fn001601_sentence-2.wav,0.764,0.794,0.03,r,@,z,N02000_male_36,False,k,r
fn001601_sentence-3.wav,1.127,1.158,0.031,r,E,k,N02000_male_36,False,k,r
fn001601_sentence-3.wav,0.353,0.383,0.03,r,e,t,N02000_male_36,False,k,r
fn001601_sentence-4.wav,0.283,0.313,0.03,r,p,o,N02000_male_36,False,k,r
fn001601_sentence-5.wav,0.309,0.339,0.03,t,f,f,N02000_male_36,False,k,t
fn001601_sentence-5.wav,0.904,0.934,0.03,r,E,k,N02000_male_36,False,k,r
fn001601_sentence-5.wav,1.207,1.237,0.03,w,k,E,N02000_male_36,False,k,ʋ
fn001601_sentence-5.wav,1.903,1.933,0.03,r,@,d,N02000_male_36,False,k,r
fn001601_sentence-5.wav,0.409,0.44,0.031,n,A,d,N02000_male_36,False,k,n
fn001601_sentence-5.wav,0.874,0.904,0.03,E,w,r,N02000_male_36,False,k,ɛ
fn001601_sentence-5.wav,1.872,1.903,0.031,@,t,r,N02000_male_36,False,k,ə
fn001602_sentence-0.wav,1.241,1.272,0.031,h,s,e,N02000_male_36,False,k,h
fn001602_sentence-0.wav,1.17,1.201,0.031,r,@,s,N02000_male_36,False,k,r
fn001602_sentence-0.wav,2.829,2.859,0.03,@,x,h,N02000_male_36,False,k,ə
fn001602_sentence-0.wav,0.427,0.458,0.031,d,r,a,N02000_male_36,False,k,d
fn001602_sentence-0.wav,0.946,0.977,0.031,l,r,A,N02000_male_36,False,k,l
fn001602_sentence-0.wav,0.885,0.916,0.031,@,d,r,N02000_male_36,False,k,ə
fn001602_sentence-0.wav,0.57,0.6,0.03,t,n,A,N02000_male_36,False,k,t
fn001602_sentence-1.wav,0.188,0.218,0.03,n,E,w,N02000_male_36,False,k,n
fn001602_sentence-1.wav,1.952,1.983,0.031,r,O,t,N02000_male_36,False,k,r
fn001602_sentence-1.wav,2.063,2.094,0.031,r,@,s,N02000_male_36,False,k,r
fn001602_sentence-1.wav,2.487,2.517,0.03,@,x,h,N02000_male_36,False,k,ə
fn001602_sentence-1.wav,2.245,2.275,0.03,h,@,E,N02000_male_36,False,k,h
fn001602_sentence-1.wav,1.731,1.761,0.03,r,@,s,N02000_male_36,False,k,r
fn001602_sentence-1.wav,2.033,2.063,0.03,@,t,r,N02000_male_36,False,k,ə
fn001602_sentence-2.wav,2.485,2.515,0.03,r,e,d,N02000_male_36,False,k,r
fn001602_sentence-2.wav,0.061,0.092,0.031,n,I,o,N02000_male_36,False,k,n
fn001602_sentence-2.wav,1.585,1.616,0.031,I,w,n,N02000_male_36,False,k,ɪ
fn001602_sentence-2.wav,3.314,3.344,0.03,d,r,@,N02000_male_36,False,k,d
fn001602_sentence-2.wav,0.561,0.601,0.04,E,k,n,N02000_male_36,False,k,ɛ
fn001602_sentence-2.wav,0.326,0.357,0.031,@,t,r,N02000_male_36,False,k,ə
fn001602_sentence-2.wav,1.666,1.697,0.031,t,n,@,N02000_male_36,False,k,t
fn001602_sentence-3.wav,1.646,1.676,0.03,l,@,Y,N02000_male_36,False,k,l
fn001602_sentence-3.wav,2.451,2.481,0.03,r,o,d,N02000_male_36,False,k,r
fn001602_sentence-3.wav,2.481,2.521,0.04,d,r,A,N02000_male_36,False,k,d
fn001602_sentence-3.wav,0.168,0.199,0.031,n,@,s,N02000_male_36,False,k,n
fn001602_sentence-3.wav,0.107,0.138,0.031,G,l,@,N02000_male_36,False,k,ɣ
fn001602_sentence-3.wav,0.31,0.34,0.03,@,d,b,N02000_male_36,False,k,ə
fn001602_sentence-3.wav,4.086,4.116,0.03,l,A,O,N02000_male_36,False,k,l
fn001602_sentence-3.wav,1.049,1.079,0.03,t,n,A,N02000_male_36,False,k,t
fn001602_sentence-4.wav,1.926,1.957,0.031,@,d,r,N02000_male_36,False,k,ə
fn001602_sentence-4.wav,2.19,2.22,0.03,I,w,n,N02000_male_36,False,k,ɪ
fn001602_sentence-4.wav,1.612,1.642,0.03,d,e,@,N02000_male_36,False,k,d
fn001602_sentence-4.wav,2.301,2.332,0.031,@,t,r,N02000_male_36,False,k,ə
fn001602_sentence-4.wav,1.754,1.784,0.03,l,r,A,N02000_male_36,False,k,l
fn001602_sentence-4.wav,2.261,2.301,0.04,t,n,@,N02000_male_36,False,k,t
fn001602_sentence-4.wav,2.332,2.362,0.03,r,@,s,N02000_male_36,False,k,r
fn001603_sentence-0.wav,0.204,0.244,0.04,A,r,x,N02000_male_36,False,k,ɑ
fn001603_sentence-0.wav,0.051,0.082,0.031,n,@,d,N02000_male_36,False,k,n
fn001603_sentence-0.wav,5.521,5.562,0.041,r,@,l,N02000_male_36,False,k,r
fn001603_sentence-0.wav,4.823,4.854,0.031,A,d,t,N02000_male_36,False,k,ɑ
fn001603_sentence-0.wav,4.302,4.332,0.03,@,k,l,N02000_male_36,False,k,ə
fn001603_sentence-1.wav,0.464,0.494,0.03,r,@,@,N02000_male_36,False,k,r
fn001603_sentence-1.wav,0.383,0.423,0.04,d,n,@,N02000_male_36,False,k,d
fn001603_sentence-1.wav,0.161,0.192,0.031,w,t,e,N02000_male_36,False,k,ʋ
fn001603_sentence-1.wav,1.461,1.501,0.04,E,m,t,N02000_male_36,False,k,ɛ
fn001603_sentence-1.wav,0.423,0.464,0.041,@,d,r,N02000_male_36,False,k,ə
fn001603_sentence-2.wav,2.209,2.239,0.03,@,l,n,N02000_male_36,False,k,ə
fn001603_sentence-4.wav,2.449,2.48,0.031,d,@,@,N02000_male_36,False,k,d
fn001603_sentence-4.wav,0.169,0.199,0.03,w,t,E,N02000_male_36,False,k,ʋ
fn001604_sentence-0.wav,0.253,0.284,0.031,d,r,@,N02000_male_36,False,k,d
fn001604_sentence-0.wav,0.088,0.119,0.031,r,@,w,N02000_male_36,False,k,r
fn001604_sentence-0.wav,2.903,2.944,0.041,@,k,r,N02000_male_36,False,k,ə
fn001604_sentence-0.wav,3.065,3.095,0.03,r,b,u,N02000_male_36,False,k,r
fn001604_sentence-1.wav,0.067,0.097,0.03,@,d,b,N02000_male_36,False,k,ə
fn001604_sentence-2.wav,2.523,2.563,0.04,@,d,m,N02000_male_36,False,k,ə
fn001604_sentence-3.wav,1.346,1.376,0.03,@,v,r,N02000_male_36,False,k,ə
fn001604_sentence-3.wav,4.183,4.223,0.04,r,E,d,N02000_male_36,False,k,r
fn001604_sentence-3.wav,1.73,1.76,0.03,E,m,t,N02000_male_36,False,k,ɛ
fn001604_sentence-3.wav,4.223,4.264,0.041,d,r,@,N02000_male_36,False,k,d
fn001604_sentence-3.wav,0.546,0.577,0.031,@,t,r,N02000_male_36,False,k,ə
fn001604_sentence-3.wav,0.688,0.718,0.03,d,n,@,N02000_male_36,False,k,d
fn001604_sentence-3.wav,3.623,3.653,0.03,@,v,r,N02000_male_36,False,k,ə
fn001604_sentence-3.wav,1.791,1.821,0.03,@,t,t,N02000_male_36,False,k,ə
fn001604_sentence-3.wav,4.325,4.356,0.031,r,@,m,N02000_male_36,False,k,r
fn001604_sentence-4.wav,0.087,0.117,0.03,d,@,r,N02000_male_36,False,k,d
fn001604_sentence-4.wav,1.401,1.441,0.04,@,k,r,N02000_male_36,False,k,ə
fn001604_sentence-4.wav,2.931,2.961,0.03,l,b,O,N02000_male_36,False,k,l
fn001604_sentence-4.wav,1.734,1.764,0.03,h,k,E,N02000_male_36,False,k,h
fn001604_sentence-4.wav,0.521,0.562,0.041,@,z,s,N02000_male_36,False,k,ə
fn001604_sentence-4.wav,1.441,1.471,0.03,r,@,b,N02000_male_36,False,k,r
fn001604_sentence-5.wav,2.564,2.595,0.031,d,n,@,N02000_male_36,False,k,d
fn001604_sentence-5.wav,0.581,0.622,0.041,f,l,s,N02000_male_36,False,k,f
fn001604_sentence-5.wav,2.241,2.281,0.04,h,x,E+,N02000_male_36,False,k,h
fn001604_sentence-5.wav,1.522,1.562,0.04,E,r,k,N02000_male_36,False,k,ɛ
fn001604_sentence-5.wav,2.483,2.524,0.041,A,f,n,N02000_male_36,False,k,ɑ
fn001604_sentence-5.wav,2.848,2.878,0.03,@,d,r,N02000_male_36,False,k,ə
fn001604_sentence-5.wav,2.149,2.18,0.031,@,l,x,N02000_male_36,False,k,ə
fn001605_sentence-0.wav,0.384,0.414,0.03,b,r,O,N02000_male_36,False,k,b
fn001605_sentence-1.wav,0.562,0.602,0.04,w,i,@,N02000_male_36,False,k,ʋ
fn001605_sentence-1.wav,1.542,1.582,0.04,I,@,m,N02000_male_36,False,k,ɪ
fn001605_sentence-2.wav,3.665,3.695,0.03,l,@,@,N02000_male_36,False,k,l
fn001605_sentence-2.wav,4.623,4.663,0.04,d,s,@,N02000_male_36,False,k,d
fn001605_sentence-2.wav,1.208,1.238,0.03,d,n,Y,N02000_male_36,False,k,d
fn001605_sentence-2.wav,1.006,1.036,0.03,E,@,n,N02000_male_36,False,k,ɛ
fn001605_sentence-3.wav,2.083,2.124,0.041,r,@,m,N02000_male_36,False,k,r
fn001606_sentence-0.wav,0.53,0.56,0.03,r,a,d,N02000_male_36,False,k,r
fn001606_sentence-0.wav,0.681,0.712,0.031,r,b,A,N02000_male_36,False,k,r
fn001606_sentence-0.wav,0.923,0.964,0.041,A,f,n,N02000_male_36,False,k,ɑ
fn001606_sentence-0.wav,2.194,2.224,0.03,l,O,k,N02000_male_36,False,k,l
fn001606_sentence-1.wav,0.051,0.082,0.031,A,d,t,N02000_male_36,False,k,ɑ
fn001606_sentence-2.wav,0.484,0.514,0.03,w,k,O,N02000_male_36,False,k,ʋ
fn001606_sentence-2.wav,1.523,1.564,0.041,E,r,s,N02000_male_36,False,k,ɛ
fn001606_sentence-3.wav,0.301,0.331,0.03,I,r,s,N02000_male_36,False,k,ɪ
fn001606_sentence-4.wav,1.712,1.742,0.03,l,O,G,N02000_male_36,False,k,l
fn001606_sentence-4.wav,3.882,3.913,0.031,r,@,t,N02000_male_36,False,k,r
fn001606_sentence-4.wav,0.784,0.814,0.03,r,b,A,N02000_male_36,False,k,r
fn001606_sentence-4.wav,3.023,3.054,0.031,r,@,k,N02000_male_36,False,k,r
fn001606_sentence-4.wav,2.045,2.075,0.03,r,@,t,N02000_male_36,False,k,r
fn001607_sentence-0.wav,1.702,1.742,0.04,A,w,n,N02000_male_36,False,k,ɑ
fn001607_sentence-1.wav,0.266,0.296,0.03,A,m,n,N02000_male_36,False,k,ɑ
fn001607_sentence-1.wav,0.531,0.562,0.031,r,@,d,N02000_male_36,False,k,r
fn001607_sentence-2.wav,0.208,0.238,0.03,r,x,E+,N02000_male_36,False,k,r
fn001607_sentence-2.wav,0.602,0.643,0.041,f,t,i,N02000_male_36,False,k,f
fn001607_sentence-3.wav,0.461,0.501,0.04,r,G,i,N02000_male_36,False,k,r
fn001608_sentence-0.wav,0.444,0.484,0.04,f,t,A,N02000_male_36,False,k,f
fn001608_sentence-0.wav,1.705,1.735,0.03,r,E,k,N02000_male_36,False,k,r
fn001608_sentence-0.wav,0.908,0.938,0.03,r,A,k,N02000_male_36,False,k,r
fn001608_sentence-0.wav,1.372,1.402,0.03,r,A,t,N02000_male_36,False,k,r
fn001608_sentence-2.wav,0.864,0.895,0.031,I,w,n,N02000_male_36,False,k,ɪ
fn001608_sentence-2.wav,0.834,0.864,0.03,w,t,I,N02000_male_36,False,k,ʋ
fn001609_sentence-0.wav,1.623,1.663,0.04,r,@,b,N02000_male_36,False,k,r
fn001609_sentence-1.wav,0.342,0.373,0.031,r,E,k,N02000_male_36,False,k,r
fn001609_sentence-1.wav,0.444,0.474,0.03,r,@,s,N02000_male_36,False,k,r
fn001609_sentence-2.wav,1.662,1.692,0.03,r,@,s,N02000_male_36,False,k,r
fn001609_sentence-3.wav,1.451,1.481,0.03,r,@,b,N02000_male_36,False,k,r
fn001609_sentence-3.wav,1.865,1.895,0.03,r,e,b,N02000_male_36,False,k,r
fn001609_sentence-4.wav,6.024,6.055,0.031,A,@,k,N02000_male_36,False,k,ɑ
fn001609_sentence-4.wav,3.223,3.254,0.031,r,A,Z,N02000_male_36,False,k,r
fn001609_sentence-4.wav,5.054,5.084,0.03,r,@,k,N02000_male_36,False,k,r
fn001609_sentence-4.wav,0.213,0.244,0.031,l,o,i,N02000_male_36,False,k,l
fn001609_sentence-4.wav,6.461,6.492,0.031,r,@,s,N02000_male_36,False,k,r
fn001609_sentence-4.wav,0.427,0.457,0.03,h,i,e,N02000_male_36,False,k,h
fn001609_sentence-4.wav,6.37,6.4,0.03,r,u,d,N02000_male_36,False,k,r
fn001610_sentence-1.wav,0.669,0.7,0.031,w,@,O,N02000_male_36,False,k,ʋ
fn001610_sentence-3.wav,0.051,0.081,0.03,A,d,t,N02000_male_36,False,k,ɑ
fn001610_sentence-4.wav,1.645,1.675,0.03,r,o,d,N02000_male_36,False,k,r
fn001610_sentence-4.wav,1.031,1.061,0.03,r,@,o,N02000_male_36,False,k,r
fn001611_sentence-0.wav,1.628,1.658,0.03,w,@,O,N02000_male_36,False,k,ʋ
fn001611_sentence-1.wav,3.425,3.455,0.03,A,f,n,N02000_male_36,False,k,ɑ
fn001611_sentence-1.wav,0.322,0.363,0.041,w,@,e,N02000_male_36,False,k,ʋ
fn001611_sentence-3.wav,2.552,2.583,0.031,l,A,s,N02000_male_36,False,k,l
fn001611_sentence-3.wav,4.429,4.46,0.031,I,w,l,N02000_male_36,False,k,ɪ
fn001612_sentence-0.wav,2.463,2.494,0.031,l,r,A,N02000_male_36,False,k,l
fn001612_sentence-0.wav,2.494,2.524,0.03,A,l,n,N02000_male_36,False,k,ɑ
fn001612_sentence-1.wav,0.107,0.138,0.031,l,O,G,N02000_male_36,False,k,l
fn001612_sentence-3.wav,2.401,2.441,0.04,w,n,o,N02000_male_36,False,k,ʋ
fn001613_sentence-2.wav,0.588,0.618,0.03,h,n,E+,N02000_male_36,False,k,h
fn001613_sentence-2.wav,1.765,1.795,0.03,N,I,@,N02000_male_36,False,k,ŋ
fn001613_sentence-2.wav,0.73,0.76,0.03,h,t,e,N02000_male_36,False,k,h
fn001613_sentence-4.wav,1.464,1.504,0.04,w,t,E+,N02000_male_36,False,k,ʋ
fn001614_sentence-3.wav,0.107,0.137,0.03,w,@,I,N02000_male_36,False,k,ʋ
fn001614_sentence-3.wav,5.29,5.321,0.031,h,n,Y,N02000_male_36,False,k,h
fn001615_sentence-1.wav,0.329,0.359,0.03,w,d,e,N02000_male_36,False,k,ʋ
fn001615_sentence-2.wav,1.51,1.54,0.03,l,@,@,N02000_male_36,False,k,l
fn002406_sentence-2.wav,1.713,1.744,0.031,w,A+,z,N02000_male_36,False,k,ʋ
fn002406_sentence-3.wav,0.153,0.183,0.03,l,O,G,N02000_male_36,False,k,l
fn002407_sentence-0.wav,3.701,3.731,0.03,l,b,O,N02000_male_36,False,k,l
fn002407_sentence-0.wav,0.872,0.902,0.03,h,@,E,N02000_male_36,False,k,h
fn002408_sentence-2.wav,1.084,1.114,0.03,h,i,A,N02000_male_36,False,k,h
fn002409_sentence-0.wav,5.421,5.462,0.041,h,n,a,N02000_male_36,False,k,h
fn002409_sentence-0.wav,0.132,0.163,0.031,w,t,e,N02000_male_36,False,k,ʋ
fn002410_sentence-1.wav,4.59,4.621,0.031,h,k,O,N02000_male_36,False,k,h
fn002410_sentence-1.wav,6.69,6.72,0.03,h,@,e,N02000_male_36,False,k,h
fn002410_sentence-2.wav,0.305,0.336,0.031,h,r,E+,N02000_male_36,False,k,h
fn002411_sentence-0.wav,0.192,0.223,0.031,w,i,@,N02000_male_36,False,k,ʋ
fn002411_sentence-2.wav,0.292,0.323,0.031,w,n,o,N02000_male_36,False,k,ʋ
fn002414_sentence-3.wav,3.873,3.904,0.031,N,I,k,N02000_male_36,False,k,ŋ
fn002417_sentence-3.wav,0.989,1.02,0.031,N,O,G,N02000_male_36,False,k,ŋ
fn002418_sentence-1.wav,3.641,3.681,0.04,w,s,I,N02000_male_36,False,k,ʋ
fn002418_sentence-1.wav,3.844,3.874,0.03,w,n,o,N02000_male_36,False,k,ʋ
fn002419_sentence-2.wav,1.926,1.956,0.03,Y,h,n,N02000_male_36,False,k,ʉ
fn002419_sentence-4.wav,0.047,0.077,0.03,Y,j,s,N02000_male_36,False,k,ʉ
fn002419_sentence-4.wav,0.522,0.562,0.04,w,l,e,N02000_male_36,False,k,ʋ
fn002421_sentence-1.wav,1.173,1.203,0.03,Y,j,m,N02000_male_36,False,k,ʉ
fn002421_sentence-2.wav,0.324,0.364,0.04,w,@,Y,N02000_male_36,False,k,ʋ
fn002422_sentence-3.wav,0.362,0.393,0.031,w,t,I,N02000_male_36,False,k,ʋ
fn002422_sentence-4.wav,0.822,0.862,0.04,w,k,A,N02000_male_36,False,k,ʋ
fn002424_sentence-0.wav,1.685,1.716,0.031,w,s,I,N02000_male_36,False,k,ʋ
fn002424_sentence-2.wav,0.212,0.242,0.03,w,s,I,N02000_male_36,False,k,ʋ
fn002425_sentence-0.wav,1.122,1.153,0.031,w,k,A,N02000_male_36,False,k,ʋ
fn002425_sentence-1.wav,4.002,4.043,0.041,w,k,E,N02000_male_36,False,k,ʋ
fn002426_sentence-3.wav,2.051,2.081,0.03,w,@,E,N02000_male_36,False,k,ʋ
fn002430_sentence-3.wav,0.243,0.284,0.041,w,r,E,N02000_male_36,False,k,ʋ
fn002431_sentence-0.wav,4.452,4.483,0.031,w,o,o,N02000_male_36,False,k,ʋ
fn002431_sentence-1.wav,0.322,0.352,0.03,w,n,o,N02000_male_36,False,k,ʋ
fn002433_sentence-2.wav,3.972,4.003,0.031,w,t,O,N02000_male_36,False,k,ʋ
fn002433_sentence-2.wav,5.425,5.456,0.031,w,n,I,N02000_male_36,False,k,ʋ
fn002913_sentence-1.wav,1.233,1.263,0.03,w,t,E,N02000_male_36,False,k,ʋ
fn003138_sentence-4.wav,0.767,0.797,0.03,w,o,m,N02000_male_36,False,k,ʋ
fn003141_sentence-1.wav,1.409,1.439,0.03,w,k,a,N02000_male_36,False,k,ʋ
fn003142_sentence-3.wav,1.342,1.383,0.041,w,@,E,N02000_male_36,False,k,ʋ
fn003146_sentence-0.wav,0.461,0.501,0.04,w,m,O,N02000_male_36,False,k,ʋ
fn001267_sentence-1.wav,1.544,1.574,0.03,E,l,r,N00627_female_60,False,o,ɛ
fn001267_sentence-10.wav,4.428,4.458,0.03,l,@,@,N00627_female_60,False,o,l
fn001267_sentence-10.wav,6.328,6.359,0.031,l,@,d,N00627_female_60,False,o,l
fn001267_sentence-10.wav,9.064,9.095,0.031,r,@,G,N00627_female_60,False,o,r
fn001267_sentence-10.wav,7.105,7.136,0.031,r,@,m,N00627_female_60,False,o,r
fn001267_sentence-10.wav,3.174,3.204,0.03,n,t,i,N00627_female_60,False,o,n
fn001267_sentence-10.wav,9.792,9.822,0.03,@,d,r,N00627_female_60,False,o,ə
fn001267_sentence-10.wav,9.024,9.064,0.04,@,t,r,N00627_female_60,False,o,ə
fn001267_sentence-10.wav,3.932,3.963,0.031,r,@,d,N00627_female_60,False,o,r
fn001267_sentence-10.wav,3.902,3.932,0.03,@,v,r,N00627_female_60,False,o,ə
fn001267_sentence-10.wav,8.306,8.336,0.03,I,n,z,N00627_female_60,False,o,ɪ
fn001267_sentence-10.wav,5.862,5.892,0.03,r,@,m,N00627_female_60,False,o,r
fn001267_sentence-11.wav,1.441,1.471,0.03,I,f,k,N00627_female_60,False,o,ɪ
fn001267_sentence-11.wav,5.301,5.331,0.03,E+,j,h,N00627_female_60,False,o,ɛi
fn001267_sentence-11.wav,1.784,1.814,0.03,w,k,E,N00627_female_60,False,o,ʋ
fn001267_sentence-11.wav,1.754,1.784,0.03,k,N,w,N00627_female_60,False,o,k
fn001267_sentence-11.wav,5.362,5.402,0.04,A,h,t,N00627_female_60,False,o,ɑ
fn001267_sentence-11.wav,6.721,6.762,0.041,r,O,d,N00627_female_60,False,o,r
fn001267_sentence-11.wav,3.893,3.923,0.03,l,@,t,N00627_female_60,False,o,l
fn001267_sentence-11.wav,5.331,5.362,0.031,h,E+,A,N00627_female_60,False,o,h
fn001267_sentence-12.wav,0.525,0.555,0.03,@,d,r,N00627_female_60,False,o,ə
fn001267_sentence-13.wav,2.053,2.083,0.03,@,j,s,N00627_female_60,False,o,ə
fn001267_sentence-13.wav,0.449,0.48,0.031,@,t,I,N00627_female_60,False,o,ə
fn001267_sentence-14.wav,2.924,2.955,0.031,r,e,t,N00627_female_60,False,o,r
fn001267_sentence-15.wav,0.709,0.739,0.03,w,s,a,N00627_female_60,False,o,ʋ
fn001267_sentence-15.wav,4.551,4.581,0.03,d,n,@,N00627_female_60,False,o,d
fn001267_sentence-15.wav,2.286,2.317,0.031,r,a,s,N00627_female_60,False,o,r
fn001267_sentence-15.wav,0.769,0.799,0.03,r,a,m,N00627_female_60,False,o,r
fn001267_sentence-15.wav,4.581,4.622,0.041,@,d,r,N00627_female_60,False,o,ə
fn001267_sentence-17.wav,0.754,0.784,0.03,h,t,Y,N00627_female_60,False,o,h
fn001267_sentence-17.wav,1.806,1.836,0.03,@,j,I,N00627_female_60,False,o,ə
fn001267_sentence-17.wav,1.866,1.897,0.031,n,I,d,N00627_female_60,False,o,n
fn001267_sentence-17.wav,0.784,0.815,0.031,Y,h,n,N00627_female_60,False,o,ʉ
fn001267_sentence-18.wav,0.662,0.692,0.03,r,a,d,N00627_female_60,False,o,r
fn001267_sentence-18.wav,2.003,2.033,0.03,@,j,s,N00627_female_60,False,o,ə
fn001267_sentence-18.wav,4.572,4.603,0.031,@,j,s,N00627_female_60,False,o,ə
fn001267_sentence-18.wav,1.388,1.418,0.03,@,r,G,N00627_female_60,False,o,ə
fn001267_sentence-19.wav,0.128,0.158,0.03,A,h,d,N00627_female_60,False,o,ɑ
fn001267_sentence-19.wav,0.067,0.097,0.03,@,z,h,N00627_female_60,False,o,ə
fn001267_sentence-19.wav,0.442,0.483,0.041,j,o,t,N00627_female_60,False,o,j
fn001267_sentence-21.wav,1.421,1.462,0.041,d,n,@,N00627_female_60,False,o,d
fn001267_sentence-22.wav,0.602,0.632,0.03,@,j,s,N00627_female_60,False,o,ə
fn001267_sentence-23.wav,5.564,5.594,0.03,r,A,t,N00627_female_60,False,o,r
fn001267_sentence-23.wav,6.292,6.322,0.03,r,a,@,N00627_female_60,False,o,r
fn001267_sentence-23.wav,1.49,1.52,0.03,v,r,A,N00627_female_60,False,o,v
fn001267_sentence-23.wav,0.844,0.874,0.03,d,@,@,N00627_female_60,False,o,d
fn001267_sentence-23.wav,2.308,2.339,0.031,w,@,O,N00627_female_60,False,o,ʋ
fn001267_sentence-23.wav,1.682,1.712,0.03,r,a,z,N00627_female_60,False,o,r
fn001267_sentence-23.wav,3.342,3.373,0.031,h,t,a,N00627_female_60,False,o,h
fn001267_sentence-23.wav,5.523,5.564,0.041,A,p,r,N00627_female_60,False,o,ɑ
fn001267_sentence-23.wav,3.931,3.962,0.031,d,u,@,N00627_female_60,False,o,d
fn001267_sentence-23.wav,4.923,4.964,0.041,l,e,t,N00627_female_60,False,o,l
fn001267_sentence-23.wav,1.621,1.652,0.031,h,n,a,N00627_female_60,False,o,h
fn001267_sentence-23.wav,1.389,1.42,0.031,d,u,@,N00627_female_60,False,o,d
fn001267_sentence-24.wav,3.143,3.174,0.031,w,r,A,N00627_female_60,False,o,ʋ
fn001267_sentence-24.wav,3.102,3.143,0.041,r,@,w,N00627_female_60,False,o,r
fn001267_sentence-24.wav,4.443,4.473,0.03,r,u,t,N00627_female_60,False,o,r
fn001267_sentence-24.wav,4.169,4.2,0.031,r,a,b,N00627_female_60,False,o,r
fn001267_sentence-24.wav,4.108,4.139,0.031,h,n,a,N00627_female_60,False,o,h
fn001267_sentence-24.wav,4.047,4.078,0.031,E,r,n,N00627_female_60,False,o,ɛ
fn001267_sentence-24.wav,4.727,4.757,0.03,Y,s,l,N00627_female_60,False,o,ʉ
fn001267_sentence-25.wav,0.547,0.577,0.03,w,@,A,N00627_female_60,False,o,ʋ
fn001267_sentence-28.wav,0.464,0.495,0.031,w,A+,h,N00627_female_60,False,o,ʋ
fn001267_sentence-29.wav,0.321,0.351,0.03,w,o,A,N00627_female_60,False,o,ʋ
fn001267_sentence-29.wav,0.351,0.382,0.031,A,w,l,N00627_female_60,False,o,ɑ
fn001267_sentence-29.wav,2.426,2.456,0.03,r,Y,k,N00627_female_60,False,o,r
fn001267_sentence-29.wav,2.963,3.003,0.04,r,@,@,N00627_female_60,False,o,r
fn001267_sentence-29.wav,0.382,0.412,0.03,l,A,s,N00627_female_60,False,o,l
fn001267_sentence-30.wav,8.285,8.315,0.03,I,k,N,N00627_female_60,False,o,ɪ
fn001267_sentence-30.wav,4.162,4.192,0.03,r,@,m,N00627_female_60,False,o,r
fn001267_sentence-30.wav,4.91,4.94,0.03,r,o,@,N00627_female_60,False,o,r
fn001267_sentence-30.wav,0.703,0.743,0.04,I,k,n,N00627_female_60,False,o,ɪ
fn001267_sentence-30.wav,5.445,5.475,0.03,l,@,k,N00627_female_60,False,o,l
fn001267_sentence-31.wav,0.864,0.894,0.03,r,@,n,N00627_female_60,False,o,r
fn001267_sentence-31.wav,0.369,0.4,0.031,w,o,A,N00627_female_60,False,o,ʋ
fn001267_sentence-31.wav,1.601,1.631,0.03,u,m,d,N00627_female_60,False,o,uː
fn001267_sentence-31.wav,0.43,0.46,0.03,l,A,s,N00627_female_60,False,o,l
fn001267_sentence-32.wav,2.873,2.904,0.031,r,o,O,N00627_female_60,False,o,r
fn001267_sentence-33.wav,2.521,2.562,0.041,I,w,l,N00627_female_60,False,o,ɪ
fn001267_sentence-34.wav,1.703,1.733,0.03,r,@,m,N00627_female_60,False,o,r
fn001267_sentence-35.wav,1.192,1.223,0.031,r,@,x,N00627_female_60,False,o,r
fn001267_sentence-35.wav,0.442,0.482,0.04,j,o,t,N00627_female_60,False,o,j
fn001267_sentence-35.wav,0.604,0.634,0.03,r,A,t,N00627_female_60,False,o,r
fn001267_sentence-37.wav,0.061,0.102,0.041,p,O,s,N00627_female_60,False,o,p
fn001267_sentence-38.wav,2.882,2.912,0.03,l,A,s,N00627_female_60,False,o,l
fn001267_sentence-38.wav,2.811,2.842,0.031,w,o,A,N00627_female_60,False,o,ʋ
fn001267_sentence-39.wav,2.912,2.942,0.03,h,t,E,N00627_female_60,False,o,h
fn001267_sentence-39.wav,0.548,0.578,0.03,r,e,i,N00627_female_60,False,o,r
fn001267_sentence-39.wav,5.187,5.218,0.031,w,n,A,N00627_female_60,False,o,ʋ
fn001267_sentence-4.wav,0.73,0.76,0.03,l,@,@,N00627_female_60,False,o,l
fn001267_sentence-4.wav,3.881,3.921,0.04,l,@,t,N00627_female_60,False,o,l
fn001267_sentence-4.wav,0.388,0.418,0.03,r,@,s,N00627_female_60,False,o,r
fn001267_sentence-6.wav,0.582,0.623,0.041,I,i,k,N00627_female_60,False,o,ɪ
fn001267_sentence-6.wav,2.832,2.862,0.03,l,s,A,N00627_female_60,False,o,l
fn001267_sentence-6.wav,4.487,4.517,0.03,r,@,m,N00627_female_60,False,o,r
fn001267_sentence-6.wav,7.452,7.482,0.03,r,a,O,N00627_female_60,False,o,r
fn001267_sentence-6.wav,5.644,5.675,0.031,l,@,@,N00627_female_60,False,o,l
fn001267_sentence-6.wav,8.205,8.236,0.031,l,@,t,N00627_female_60,False,o,l
fn001267_sentence-6.wav,4.103,4.133,0.03,r,@,z,N00627_female_60,False,o,r
fn001267_sentence-6.wav,0.481,0.511,0.03,r,@,d,N00627_female_60,False,o,r
fn001267_sentence-7.wav,13.808,13.838,0.03,l,A,@,N00627_female_60,False,o,l
fn001267_sentence-7.wav,13.404,13.444,0.04,l,f,a,N00627_female_60,False,o,l
fn001267_sentence-7.wav,4.967,4.997,0.03,A+,j,w,N00627_female_60,False,o,ɑu
fn001267_sentence-7.wav,5.524,5.555,0.031,r,@,b,N00627_female_60,False,o,r
fn001267_sentence-7.wav,10.725,10.756,0.031,j,t,@,N00627_female_60,False,o,j
fn001267_sentence-8.wav,7.365,7.395,0.03,l,A,@,N00627_female_60,False,o,l
fn001267_sentence-8.wav,0.502,0.542,0.04,G,@,@,N00627_female_60,False,o,ɣ
fn001267_sentence-9.wav,0.623,0.654,0.031,w,A+,d,N00627_female_60,False,o,ʋ
fn001268_sentence-1.wav,0.183,0.214,0.031,w,k,I,N00627_female_60,False,o,ʋ
fn001268_sentence-1.wav,0.509,0.539,0.03,w,t,A,N00627_female_60,False,o,ʋ
fn001268_sentence-11.wav,1.01,1.04,0.03,w,A+,@,N00627_female_60,False,o,ʋ
fn001268_sentence-13.wav,0.806,0.836,0.03,l,E,k,N00627_female_60,False,o,l
fn001268_sentence-13.wav,0.746,0.776,0.03,w,@,E,N00627_female_60,False,o,ʋ
fn001268_sentence-16.wav,4.089,4.119,0.03,I,r,k,N00627_female_60,False,o,ɪ
fn001268_sentence-17.wav,0.408,0.439,0.031,w,y,b,N00627_female_60,False,o,ʋ
fn001268_sentence-21.wav,1.569,1.599,0.03,l,A,t,N00627_female_60,False,o,l
fn001268_sentence-21.wav,1.002,1.032,0.03,w,u,E+,N00627_female_60,False,o,ʋ
fn001268_sentence-24.wav,0.71,0.74,0.03,w,o,A,N00627_female_60,False,o,ʋ
fn001268_sentence-30.wav,0.122,0.162,0.04,w,E+,A,N00627_female_60,False,o,ʋ
fn001268_sentence-34.wav,0.224,0.264,0.04,l,o,i,N00627_female_60,False,o,l
fn001268_sentence-4.wav,1.106,1.137,0.031,l,e,v,N00627_female_60,False,o,l
fn001268_sentence-40.wav,1.928,1.958,0.03,l,i,i,N00627_female_60,False,o,l
fn001268_sentence-41.wav,0.901,0.931,0.03,w,@,@,N00627_female_60,False,o,ʋ
fn001268_sentence-42.wav,0.808,0.839,0.031,l,A,t,N00627_female_60,False,o,l
fn001268_sentence-43.wav,1.063,1.103,0.04,l,A,v,N00627_female_60,False,o,l
fn001268_sentence-44.wav,0.345,0.375,0.03,l,Y,i,N00627_female_60,False,o,l
fn001268_sentence-44.wav,1.541,1.572,0.031,l,@,@,N00627_female_60,False,o,l
fn001268_sentence-45.wav,1.344,1.374,0.03,l,A,s,N00627_female_60,False,o,l
fn001268_sentence-45.wav,0.404,0.434,0.03,l,Y,i,N00627_female_60,False,o,l
fn001268_sentence-45.wav,0.363,0.404,0.041,Y,j,l,N00627_female_60,False,o,ʉ
fn001268_sentence-46.wav,0.263,0.293,0.03,Y,j,l,N00627_female_60,False,o,ʉ
fn001268_sentence-48.wav,0.102,0.143,0.041,w,t,A,N00627_female_60,False,o,ʋ
fn001268_sentence-48.wav,5.948,5.979,0.031,w,u,E+,N00627_female_60,False,o,ʋ
fn001268_sentence-53.wav,1.594,1.624,0.03,w,z,A,N00627_female_60,False,o,ʋ
fn001268_sentence-67.wav,2.725,2.755,0.03,w,@,@,N00627_female_60,False,o,ʋ
fn001268_sentence-68.wav,0.924,0.955,0.031,w,A+,@,N00627_female_60,False,o,ʋ
fn001268_sentence-71.wav,0.432,0.462,0.03,w,A+,@,N00627_female_60,False,o,ʋ
fn001151_sentence-0.wav,0.425,0.455,0.03,r,@,n,N00651_female_45,False,o,r
fn001151_sentence-0.wav,0.667,0.698,0.031,@,G,n,N00651_female_45,False,o,ə
fn001151_sentence-0.wav,1.062,1.102,0.04,j,e,E,N00651_female_45,False,o,j
fn001151_sentence-1.wav,2.182,2.212,0.03,r,a,l,N00651_female_45,False,o,r
fn001151_sentence-1.wav,0.345,0.376,0.031,@,v,n,N00651_female_45,False,o,ə
fn001151_sentence-1.wav,5.747,5.777,0.03,@,n,n,N00651_female_45,False,o,ə
fn001151_sentence-1.wav,2.141,2.182,0.041,a,h,r,N00651_female_45,False,o,aː
fn001151_sentence-10.wav,4.827,4.857,0.03,r,u,s,N00651_female_45,False,o,r
fn001151_sentence-10.wav,2.192,2.222,0.03,r,@,n,N00651_female_45,False,o,r
fn001151_sentence-10.wav,3.787,3.818,0.031,h,t,E+,N00651_female_45,False,o,h
fn001151_sentence-10.wav,5.392,5.422,0.03,r,@,s,N00651_female_45,False,o,r
fn001151_sentence-10.wav,4.474,4.504,0.03,E+,s,n,N00651_female_45,False,o,ɛi
fn001151_sentence-10.wav,2.162,2.192,0.03,@,d,r,N00651_female_45,False,o,ə
fn001151_sentence-100.wav,0.345,0.375,0.03,r,E:,@,N00651_female_45,False,o,r
fn001151_sentence-100.wav,3.331,3.361,0.03,r,a,t,N00651_female_45,False,o,r
fn001151_sentence-100.wav,2.041,2.081,0.04,w,z,O,N00651_female_45,False,o,ʋ
fn001151_sentence-100.wav,3.523,3.563,0.04,a,n,r,N00651_female_45,False,o,aː
fn001151_sentence-100.wav,3.563,3.593,0.03,r,a,d,N00651_female_45,False,o,r
fn001151_sentence-101.wav,3.211,3.242,0.031,w,E,A,N00651_female_45,False,o,ʋ
fn001151_sentence-101.wav,3.413,3.443,0.03,r,E,b,N00651_female_45,False,o,r
fn001151_sentence-102.wav,3.486,3.516,0.03,v,n,i,N00651_female_45,False,o,v
fn001151_sentence-102.wav,0.328,0.358,0.03,r,@,w,N00651_female_45,False,o,r
fn001151_sentence-102.wav,2.204,2.244,0.04,d,n,@,N00651_female_45,False,o,d
fn001151_sentence-102.wav,4.145,4.176,0.031,r,@,@,N00651_female_45,False,o,r
fn001151_sentence-102.wav,3.628,3.658,0.03,h,l,E+,N00651_female_45,False,o,h
fn001151_sentence-102.wav,2.73,2.76,0.03,r,@,l,N00651_female_45,False,o,r
fn001151_sentence-103.wav,4.234,4.264,0.03,h,t,E+,N00651_female_45,False,o,h
fn001151_sentence-103.wav,2.512,2.543,0.031,r,t,O,N00651_female_45,False,o,r
fn001151_sentence-103.wav,4.73,4.761,0.031,r,a,d,N00651_female_45,False,o,r
fn001151_sentence-104.wav,2.326,2.356,0.03,w,r,E+,N00651_female_45,False,o,ʋ
fn001151_sentence-104.wav,2.245,2.275,0.03,E,t,r,N00651_female_45,False,o,ɛ
fn001151_sentence-104.wav,3.382,3.422,0.04,r,a,l,N00651_female_45,False,o,r
fn001151_sentence-104.wav,2.671,2.701,0.03,r,@,Y,N00651_female_45,False,o,r
fn001151_sentence-105.wav,1.023,1.064,0.041,l,A,m,N00651_female_45,False,o,l
fn001151_sentence-105.wav,2.188,2.218,0.03,d,n,@,N00651_female_45,False,o,d
fn001151_sentence-105.wav,0.628,0.658,0.03,@,@,n,N00651_female_45,False,o,ə
fn001151_sentence-105.wav,2.249,2.279,0.03,r,@,w,N00651_female_45,False,o,r
fn001151_sentence-11.wav,5.244,5.274,0.03,w,o,A,N00651_female_45,False,o,ʋ
fn001151_sentence-11.wav,5.214,5.244,0.03,o,z,w,N00651_female_45,False,o,oː
fn001151_sentence-11.wav,2.787,2.817,0.03,@,v,l,N00651_female_45,False,o,ə
fn001151_sentence-11.wav,1.947,1.977,0.03,w,t,A,N00651_female_45,False,o,ʋ
fn001151_sentence-12.wav,3.788,3.818,0.03,l,O,x,N00651_female_45,False,o,l
fn001151_sentence-12.wav,1.321,1.362,0.041,@,t,n,N00651_female_45,False,o,ə
fn001151_sentence-12.wav,0.746,0.777,0.031,r,a,l,N00651_female_45,False,o,r
fn001151_sentence-13.wav,1.131,1.161,0.03,@,d,n,N00651_female_45,False,o,ə
fn001151_sentence-13.wav,0.303,0.343,0.04,@,@,n,N00651_female_45,False,o,ə
fn001151_sentence-13.wav,1.192,1.222,0.03,w,n,A,N00651_female_45,False,o,ʋ
fn001151_sentence-13.wav,1.969,1.999,0.03,@,d,r,N00651_female_45,False,o,ə
fn001151_sentence-14.wav,1.882,1.923,0.041,@,@,t,N00651_female_45,False,o,ə
fn001151_sentence-14.wav,5.232,5.262,0.03,r,a,b,N00651_female_45,False,o,r
fn001151_sentence-14.wav,4.889,4.919,0.03,r,a,d,N00651_female_45,False,o,r
fn001151_sentence-14.wav,1.841,1.882,0.041,@,t,@,N00651_female_45,False,o,ə
fn001151_sentence-14.wav,2.501,2.542,0.041,@,k,l,N00651_female_45,False,o,ə
fn001151_sentence-14.wav,5.161,5.192,0.031,h,t,a,N00651_female_45,False,o,h
fn001151_sentence-15.wav,0.103,0.134,0.031,w,t,A,N00651_female_45,False,o,ʋ
fn001151_sentence-15.wav,3.726,3.756,0.03,r,@,n,N00651_female_45,False,o,r
fn001151_sentence-15.wav,3.665,3.696,0.031,d,r,@,N00651_female_45,False,o,d
fn001151_sentence-15.wav,3.301,3.341,0.04,w,r,A,N00651_female_45,False,o,ʋ
fn001151_sentence-15.wav,3.27,3.301,0.031,r,E,w,N00651_female_45,False,o,r
fn001151_sentence-16.wav,6.333,6.363,0.03,r,u,d,N00651_female_45,False,o,r
fn001151_sentence-16.wav,4.633,4.664,0.031,r,a,m,N00651_female_45,False,o,r
fn001151_sentence-16.wav,6.141,6.172,0.031,d,n,@,N00651_female_45,False,o,d
fn001151_sentence-16.wav,4.562,4.603,0.041,h,t,a,N00651_female_45,False,o,h
fn001151_sentence-17.wav,1.451,1.482,0.031,h,r,O,N00651_female_45,False,o,h
fn001151_sentence-17.wav,3.05,3.081,0.031,@,v,r,N00651_female_45,False,o,ə
fn001151_sentence-17.wav,6.484,6.514,0.03,h,n,a,N00651_female_45,False,o,h
fn001151_sentence-17.wav,0.092,0.123,0.031,h,@,i,N00651_female_45,False,o,h
fn001151_sentence-17.wav,6.545,6.575,0.03,r,a,b,N00651_female_45,False,o,r
fn001151_sentence-17.wav,0.061,0.092,0.031,@,z,h,N00651_female_45,False,o,ə
fn001151_sentence-17.wav,1.603,1.644,0.041,d,n,a,N00651_female_45,False,o,d
fn001151_sentence-17.wav,3.081,3.111,0.03,r,@,k,N00651_female_45,False,o,r
fn001151_sentence-17.wav,6.251,6.281,0.03,r,@,s,N00651_female_45,False,o,r
fn001151_sentence-18.wav,1.421,1.462,0.041,r,@,A,N00651_female_45,False,o,r
fn001151_sentence-18.wav,4.527,4.558,0.031,@,d,r,N00651_female_45,False,o,ə
fn001151_sentence-18.wav,1.665,1.696,0.031,r,@,d,N00651_female_45,False,o,r
fn001151_sentence-19.wav,3.401,3.442,0.041,r,i,i,N00651_female_45,False,o,r
fn001151_sentence-19.wav,2.048,2.079,0.031,@,s,n,N00651_female_45,False,o,ə
fn001151_sentence-19.wav,2.442,2.472,0.03,d,n,@,N00651_female_45,False,o,d
fn001151_sentence-2.wav,0.051,0.082,0.031,@,z,w,N00651_female_45,False,o,ə
fn001151_sentence-2.wav,0.082,0.112,0.03,w,@,A,N00651_female_45,False,o,ʋ
fn001151_sentence-20.wav,4.481,4.511,0.03,r,a,m,N00651_female_45,False,o,r
fn001151_sentence-21.wav,3.507,3.538,0.031,r,a,w,N00651_female_45,False,o,r
fn001151_sentence-21.wav,2.611,2.642,0.031,r,@,v,N00651_female_45,False,o,r
fn001151_sentence-21.wav,2.09,2.12,0.03,r,a,x,N00651_female_45,False,o,r
fn001151_sentence-21.wav,1.449,1.48,0.031,@,d,l,N00651_female_45,False,o,ə
fn001151_sentence-24.wav,3.189,3.219,0.03,h,n,a,N00651_female_45,False,o,h
fn001151_sentence-24.wav,6.305,6.336,0.031,@,j,a,N00651_female_45,False,o,ə
fn001151_sentence-24.wav,0.632,0.663,0.031,r,a,m,N00651_female_45,False,o,r
fn001151_sentence-25.wav,4.822,4.863,0.041,r,o,h,N00651_female_45,False,o,r
fn001151_sentence-25.wav,4.954,4.984,0.03,r,a,m,N00651_female_45,False,o,r
fn001151_sentence-25.wav,2.783,2.824,0.041,w,s,e,N00651_female_45,False,o,ʋ
fn001151_sentence-25.wav,0.061,0.102,0.041,@,z,k,N00651_female_45,False,o,ə
fn001151_sentence-25.wav,4.863,4.893,0.03,h,r,a,N00651_female_45,False,o,h
fn001151_sentence-26.wav,6.662,6.692,0.03,r,@,s,N00651_female_45,False,o,r
fn001151_sentence-26.wav,6.824,6.854,0.03,r,E,d,N00651_female_45,False,o,r
fn001151_sentence-26.wav,3.283,3.324,0.041,r,a,j,N00651_female_45,False,o,r
fn001151_sentence-26.wav,6.631,6.662,0.031,@,d,r,N00651_female_45,False,o,ə
fn001151_sentence-26.wav,7.189,7.219,0.03,r,@,t,N00651_female_45,False,o,r
fn001151_sentence-26.wav,5.943,5.984,0.041,Y,h,n,N00651_female_45,False,o,ʉ
fn001151_sentence-26.wav,1.621,1.652,0.031,r,a,O,N00651_female_45,False,o,r
fn001151_sentence-26.wav,6.854,6.884,0.03,d,r,@,N00651_female_45,False,o,d
fn001151_sentence-27.wav,0.914,0.944,0.03,h,E+,E,N00651_female_45,False,o,h
fn001151_sentence-27.wav,0.609,0.64,0.031,r,e,l,N00651_female_45,False,o,r
fn001151_sentence-27.wav,2.742,2.782,0.04,@,s,w,N00651_female_45,False,o,ə
fn001151_sentence-27.wav,2.782,2.823,0.041,w,@,a,N00651_female_45,False,o,ʋ
fn001151_sentence-27.wav,2.923,2.954,0.031,r,a,@,N00651_female_45,False,o,r
fn001151_sentence-27.wav,0.061,0.102,0.041,@,z,v,N00651_female_45,False,o,ə
fn001151_sentence-28.wav,5.483,5.524,0.041,h,t,E,N00651_female_45,False,o,h
fn001151_sentence-28.wav,0.511,0.541,0.03,h,n,a,N00651_female_45,False,o,h
fn001151_sentence-28.wav,8.109,8.14,0.031,r,a,m,N00651_female_45,False,o,r
fn001151_sentence-28.wav,0.112,0.143,0.031,h,@,i,N00651_female_45,False,o,h
fn001151_sentence-28.wav,1.012,1.042,0.03,r,@,s,N00651_female_45,False,o,r
fn001151_sentence-29.wav,7.424,7.464,0.04,d,r,A,N00651_female_45,False,o,d
fn001151_sentence-29.wav,1.944,1.975,0.031,d,r,@,N00651_female_45,False,o,d
fn001151_sentence-29.wav,7.394,7.424,0.03,r,a,d,N00651_female_45,False,o,r
fn001151_sentence-29.wav,7.566,7.596,0.03,h,t,A,N00651_female_45,False,o,h
fn001151_sentence-29.wav,8.021,8.061,0.04,r,e,t,N00651_female_45,False,o,r
fn001151_sentence-29.wav,1.913,1.944,0.031,r,a,d,N00651_female_45,False,o,r
fn001151_sentence-3.wav,6.285,6.315,0.03,r,@,b,N00651_female_45,False,o,r
fn001151_sentence-3.wav,2.894,2.924,0.03,r,a,x,N00651_female_45,False,o,r
fn001151_sentence-3.wav,4.686,4.717,0.031,r,a,z,N00651_female_45,False,o,r
fn001151_sentence-30.wav,0.961,1.001,0.04,r,e,v,N00651_female_45,False,o,r
fn001151_sentence-30.wav,0.627,0.657,0.03,d,r,@,N00651_female_45,False,o,d
fn001151_sentence-31.wav,0.709,0.74,0.031,w,A+,h,N00651_female_45,False,o,ʋ
fn001151_sentence-31.wav,0.831,0.861,0.03,r,a,p,N00651_female_45,False,o,r
fn001151_sentence-32.wav,4.302,4.342,0.04,r,a,s,N00651_female_45,False,o,r
fn001151_sentence-32.wav,7.522,7.552,0.03,r,a,b,N00651_female_45,False,o,r
fn001151_sentence-32.wav,2.849,2.879,0.03,r,E,d,N00651_female_45,False,o,r
fn001151_sentence-33.wav,0.911,0.942,0.031,r,@,d,N00651_female_45,False,o,r
fn001151_sentence-33.wav,0.841,0.881,0.04,d,n,@,N00651_female_45,False,o,d
fn001151_sentence-33.wav,0.942,0.982,0.04,d,r,a,N00651_female_45,False,o,d
fn001151_sentence-35.wav,1.033,1.063,0.03,r,@,@,N00651_female_45,False,o,r
fn001151_sentence-35.wav,0.132,0.162,0.03,r,E:,@,N00651_female_45,False,o,r
fn001151_sentence-36.wav,0.071,0.102,0.031,w,@,A,N00651_female_45,False,o,ʋ
fn001151_sentence-37.wav,4.909,4.94,0.031,r,@,d,N00651_female_45,False,o,r
fn001151_sentence-39.wav,0.101,0.142,0.041,w,@,a,N00651_female_45,False,o,ʋ
fn001151_sentence-39.wav,0.232,0.263,0.031,r,a,@,N00651_female_45,False,o,r
fn001151_sentence-39.wav,2.251,2.282,0.031,r,@,s,N00651_female_45,False,o,r
fn001151_sentence-43.wav,0.464,0.494,0.03,r,e,@,N00651_female_45,False,o,r
fn001151_sentence-43.wav,0.311,0.342,0.031,r,a,l,N00651_female_45,False,o,r
fn001151_sentence-44.wav,0.782,0.813,0.031,r,a,x,N00651_female_45,False,o,r
fn001151_sentence-45.wav,3.342,3.383,0.041,r,E,k,N00651_female_45,False,o,r
fn001151_sentence-45.wav,3.821,3.862,0.041,r,A,t,N00651_female_45,False,o,r
fn001151_sentence-45.wav,2.381,2.422,0.041,r,@,z,N00651_female_45,False,o,r
fn001151_sentence-46.wav,5.012,5.042,0.03,r,o,v,N00651_female_45,False,o,r
fn001151_sentence-47.wav,1.931,1.961,0.03,r,@,t,N00651_female_45,False,o,r
fn001151_sentence-48.wav,4.501,4.541,0.04,r,u,d,N00651_female_45,False,o,r
fn001151_sentence-53.wav,9.064,9.094,0.03,w,o,A,N00651_female_45,False,o,ʋ
fn001151_sentence-57.wav,0.09,0.12,0.03,w,@,A,N00651_female_45,False,o,ʋ
fn001151_sentence-64.wav,0.132,0.162,0.03,w,r,A,N00651_female_45,False,o,ʋ
fn001151_sentence-65.wav,1.043,1.084,0.041,y,n,s,N00651_female_45,False,o,yː
fn001151_sentence-66.wav,3.261,3.301,0.04,w,r,a,N00651_female_45,False,o,ʋ
fn001151_sentence-7.wav,0.165,0.196,0.031,w,t,A,N00651_female_45,False,o,ʋ
fn001151_sentence-77.wav,0.429,0.46,0.031,w,z,O,N00651_female_45,False,o,ʋ
fn001151_sentence-78.wav,0.092,0.122,0.03,w,@,A,N00651_female_45,False,o,ʋ
fn001151_sentence-82.wav,4.283,4.323,0.04,w,@,a,N00651_female_45,False,o,ʋ
fn001151_sentence-84.wav,3.721,3.761,0.04,w,r,a,N00651_female_45,False,o,ʋ
fn001151_sentence-87.wav,8.59,8.62,0.03,w,r,A,N00651_female_45,False,o,ʋ
fn001151_sentence-87.wav,5.652,5.682,0.03,w,@,A,N00651_female_45,False,o,ʋ
fn001151_sentence-87.wav,3.923,3.964,0.041,w,t,a,N00651_female_45,False,o,ʋ
fn001175_sentence-10.wav,0.326,0.356,0.03,m,n,u,N00675_female_55,False,o,m
fn001175_sentence-100.wav,0.941,0.982,0.041,d,A+,@,N00675_female_55,False,o,d
fn001175_sentence-100.wav,1.013,1.043,0.03,r,@,s,N00675_female_55,False,o,r
fn001175_sentence-100.wav,4.325,4.356,0.031,@,d,r,N00675_female_55,False,o,ə
fn001175_sentence-100.wav,2.103,2.133,0.03,r,o,b,N00675_female_55,False,o,r
fn001175_sentence-100.wav,0.982,1.013,0.031,@,d,r,N00675_female_55,False,o,ə
fn001175_sentence-100.wav,1.162,1.202,0.04,t,s,O,N00675_female_55,False,o,t
fn001175_sentence-100.wav,3.991,4.022,0.031,@,z,n,N00675_female_55,False,o,ə
fn001175_sentence-100.wav,1.961,2.001,0.04,s,t,f,N00675_female_55,False,o,s
fn001175_sentence-104.wav,0.803,0.844,0.041,@,d,s,N00675_female_55,False,o,ə
fn001175_sentence-104.wav,0.772,0.803,0.031,d,n,@,N00675_female_55,False,o,d
fn001175_sentence-105.wav,5.548,5.578,0.03,d,E+,@,N00675_female_55,False,o,d
fn001175_sentence-105.wav,0.061,0.091,0.03,r,E,w,N00675_female_55,False,o,r
fn001175_sentence-105.wav,3.548,3.578,0.03,l,A,s,N00675_female_55,False,o,l
fn001175_sentence-105.wav,0.091,0.121,0.03,w,r,A,N00675_female_55,False,o,ʋ
fn001175_sentence-106.wav,0.489,0.519,0.03,@,z,n,N00675_female_55,False,o,ə
fn001175_sentence-106.wav,3.733,3.763,0.03,r,@,d,N00675_female_55,False,o,r
fn001175_sentence-106.wav,2.582,2.623,0.041,w,s,a,N00675_female_55,False,o,ʋ
fn001175_sentence-106.wav,3.763,3.794,0.031,d,r,@,N00675_female_55,False,o,d
fn001175_sentence-107.wav,1.662,1.702,0.04,w,k,A,N00675_female_55,False,o,ʋ
fn001175_sentence-108.wav,0.384,0.424,0.04,r,@,@,N00675_female_55,False,o,r
fn001175_sentence-108.wav,0.343,0.384,0.041,@,d,r,N00675_female_55,False,o,ə
fn001175_sentence-108.wav,0.424,0.464,0.04,@,r,v,N00675_female_55,False,o,ə
fn001175_sentence-11.wav,0.603,0.643,0.04,r,@,e,N00675_female_55,False,o,r
fn001175_sentence-110.wav,0.061,0.102,0.041,r,v,u,N00675_female_55,False,o,r
fn001175_sentence-111.wav,0.769,0.799,0.03,E,h,m,N00675_female_55,False,o,ɛ
fn001175_sentence-111.wav,2.686,2.716,0.03,d,r,i,N00675_female_55,False,o,d
fn001175_sentence-111.wav,0.961,0.991,0.03,l,E,@,N00675_female_55,False,o,l
fn001175_sentence-111.wav,3.202,3.242,0.04,r,@,@,N00675_female_55,False,o,r
fn001175_sentence-112.wav,0.505,0.535,0.03,@,G,w,N00675_female_55,False,o,ə
fn001175_sentence-113.wav,0.264,0.294,0.03,d,n,@,N00675_female_55,False,o,d
fn001175_sentence-113.wav,1.369,1.4,0.031,r,@,s,N00675_female_55,False,o,r
fn001175_sentence-115.wav,8.69,8.721,0.031,l,Y,i,N00675_female_55,False,o,l
fn001175_sentence-116.wav,0.889,0.919,0.03,r,@,b,N00675_female_55,False,o,r
fn001175_sentence-116.wav,0.404,0.444,0.04,m,l,@,N00675_female_55,False,o,m
fn001175_sentence-116.wav,3.585,3.616,0.031,r,E,O,N00675_female_55,False,o,r
fn001175_sentence-117.wav,0.689,0.719,0.03,E,h,m,N00675_female_55,False,o,ɛ
fn001175_sentence-118.wav,0.982,1.013,0.031,O,p,r,N00675_female_55,False,o,ɔ
fn001175_sentence-119.wav,0.061,0.102,0.041,E,m,t,N00675_female_55,False,o,ɛ
fn001175_sentence-121.wav,2.023,2.053,0.03,w,r,E+,N00675_female_55,False,o,ʋ
fn001175_sentence-121.wav,1.992,2.023,0.031,r,E,w,N00675_female_55,False,o,r
fn001175_sentence-121.wav,3.403,3.434,0.031,r,a,d,N00675_female_55,False,o,r
fn001175_sentence-121.wav,1.004,1.044,0.04,d,E+,@,N00675_female_55,False,o,d
fn001175_sentence-121.wav,1.962,1.992,0.03,E,t,r,N00675_female_55,False,o,ɛ
fn001175_sentence-121.wav,2.688,2.718,0.03,r,@,I,N00675_female_55,False,o,r
fn001175_sentence-121.wav,3.434,3.464,0.03,d,r,@,N00675_female_55,False,o,d
fn001175_sentence-121.wav,3.907,3.938,0.031,l,@,s,N00675_female_55,False,o,l
fn001175_sentence-122.wav,1.448,1.478,0.03,r,@,d,N00675_female_55,False,o,r
fn001175_sentence-122.wav,3.711,3.741,0.03,r,a,b,N00675_female_55,False,o,r
fn001175_sentence-124.wav,4.848,4.879,0.031,r,a,n,N00675_female_55,False,o,r
fn001175_sentence-124.wav,1.453,1.483,0.03,d,Y+,@,N00675_female_55,False,o,d
fn001175_sentence-124.wav,3.848,3.878,0.03,l,A,b,N00675_female_55,False,o,l
fn001175_sentence-125.wav,3.427,3.457,0.03,E,e,m,N00675_female_55,False,o,ɛ
fn001175_sentence-125.wav,2.67,2.7,0.03,d,n,@,N00675_female_55,False,o,d
fn001175_sentence-125.wav,6.141,6.171,0.03,r,E,w,N00675_female_55,False,o,r
fn001175_sentence-125.wav,0.948,0.979,0.031,d,n,@,N00675_female_55,False,o,d
fn001175_sentence-125.wav,7.062,7.102,0.04,r,a,s,N00675_female_55,False,o,r
fn001175_sentence-125.wav,3.134,3.164,0.03,d,n,@,N00675_female_55,False,o,d
fn001175_sentence-126.wav,5.882,5.922,0.04,h,t,E+,N00675_female_55,False,o,h
fn001175_sentence-127.wav,0.829,0.859,0.03,r,@,s,N00675_female_55,False,o,r
fn001175_sentence-128.wav,3.451,3.481,0.03,r,@,h,N00675_female_55,False,o,r
fn001175_sentence-128.wav,3.481,3.512,0.031,h,r,E,N00675_female_55,False,o,h
fn001175_sentence-13.wav,2.785,2.815,0.03,r,@,x,N00675_female_55,False,o,r
fn001175_sentence-130.wav,0.364,0.404,0.04,r,o,h,N00675_female_55,False,o,r
fn001175_sentence-133.wav,0.091,0.121,0.03,r,a,z,N00675_female_55,False,o,r
fn001175_sentence-14.wav,0.092,0.123,0.031,h,k,E,N00675_female_55,False,o,h
fn001175_sentence-15.wav,0.189,0.219,0.03,w,t,A,N00675_female_55,False,o,ʋ
fn001175_sentence-17.wav,0.091,0.122,0.031,w,r,A,N00675_female_55,False,o,ʋ
fn001175_sentence-17.wav,0.061,0.091,0.03,r,E,w,N00675_female_55,False,o,r
fn001175_sentence-18.wav,2.581,2.611,0.03,r,a,k,N00675_female_55,False,o,r
fn001175_sentence-18.wav,1.651,1.682,0.031,d,n,@,N00675_female_55,False,o,d
fn001175_sentence-20.wav,0.881,0.921,0.04,w,E+,e,N00675_female_55,False,o,ʋ
fn001175_sentence-20.wav,0.121,0.152,0.031,r,o,z,N00675_female_55,False,o,r
fn001175_sentence-22.wav,2.21,2.241,0.031,r,a,h,N00675_female_55,False,o,r
fn001175_sentence-23.wav,5.204,5.234,0.03,r,@,G,N00675_female_55,False,o,r
fn001175_sentence-25.wav,0.102,0.133,0.031,r,a,t,N00675_female_55,False,o,r
fn001175_sentence-26.wav,1.443,1.483,0.04,r,@,l,N00675_female_55,False,o,r
fn001175_sentence-29.wav,0.193,0.223,0.03,w,A+,z,N00675_female_55,False,o,ʋ
fn001175_sentence-30.wav,0.162,0.192,0.03,w,A+,z,N00675_female_55,False,o,ʋ
fn001175_sentence-47.wav,1.062,1.092,0.03,N,I,v,N00675_female_55,False,o,ŋ
fn001175_sentence-57.wav,5.186,5.216,0.03,w,@,A,N00675_female_55,False,o,ʋ
fn001175_sentence-59.wav,3.701,3.742,0.041,w,A+,@,N00675_female_55,False,o,ʋ
fn001137_sentence-1.wav,0.807,0.837,0.03,@,x,t,N00579_female_44,False,o,ə
fn001137_sentence-10.wav,2.686,2.716,0.03,t,@,b,N00579_female_44,False,o,t
fn001137_sentence-10.wav,3.181,3.222,0.041,k,@,r,N00579_female_44,False,o,k
fn001137_sentence-12.wav,1.362,1.403,0.041,d,n,@,N00579_female_44,False,o,d
fn001137_sentence-12.wav,1.332,1.362,0.03,n,@,d,N00579_female_44,False,o,n
fn001137_sentence-12.wav,4.841,4.881,0.04,n,e,d,N00579_female_44,False,o,n
fn001137_sentence-12.wav,4.881,4.922,0.041,d,n,@,N00579_female_44,False,o,d
fn001137_sentence-12.wav,3.33,3.36,0.03,E,j,n,N00579_female_44,False,o,ɛ
fn001137_sentence-12.wav,1.301,1.332,0.031,@,z,n,N00579_female_44,False,o,ə
fn001137_sentence-12.wav,1.403,1.443,0.04,@,d,m,N00579_female_44,False,o,ə
fn001137_sentence-12.wav,6.821,6.861,0.04,r,@,h,N00579_female_44,False,o,r
fn001137_sentence-14.wav,0.83,0.86,0.03,@,j,d,N00579_female_44,False,o,ə
fn001137_sentence-14.wav,1.973,2.004,0.031,r,a,d,N00579_female_44,False,o,r
fn001137_sentence-14.wav,2.004,2.034,0.03,d,r,@,N00579_female_44,False,o,d
fn001137_sentence-14.wav,1.488,1.518,0.03,b,n,@,N00579_female_44,False,o,b
fn001137_sentence-15.wav,13.661,13.691,0.03,l,A,@,N00579_female_44,False,o,l
fn001137_sentence-15.wav,13.408,13.439,0.031,n,E,m,N00579_female_44,False,o,n
fn001137_sentence-15.wav,14.166,14.196,0.03,I,x,l,N00579_female_44,False,o,ɪ
fn001137_sentence-15.wav,14.005,14.035,0.03,@,v,r,N00579_female_44,False,o,ə
fn001137_sentence-15.wav,13.691,13.722,0.031,@,l,r,N00579_female_44,False,o,ə
fn001137_sentence-15.wav,9.693,9.723,0.03,E,d,r,N00579_female_44,False,o,ɛ
fn001137_sentence-15.wav,10.871,10.901,0.03,@,d,I,N00579_female_44,False,o,ə
fn001137_sentence-15.wav,2.863,2.904,0.041,@,n,h,N00579_female_44,False,o,ə
fn001137_sentence-15.wav,9.551,9.582,0.031,E,f,n,N00579_female_44,False,o,ɛ
fn001137_sentence-15.wav,12.192,12.222,0.03,e,p,r,N00579_female_44,False,o,eː
fn001137_sentence-15.wav,1.966,1.996,0.03,w,t,E,N00579_female_44,False,o,ʋ
fn001137_sentence-15.wav,9.824,9.855,0.031,@,t,x,N00579_female_44,False,o,ə
fn001137_sentence-15.wav,6.987,7.018,0.031,d,r,@,N00579_female_44,False,o,d
fn001137_sentence-15.wav,3.045,3.075,0.03,l,e,@,N00579_female_44,False,o,l
fn001137_sentence-15.wav,12.222,12.252,0.03,r,e,i,N00579_female_44,False,o,r
fn001137_sentence-15.wav,9.723,9.753,0.03,r,E,t,N00579_female_44,False,o,r
fn001137_sentence-15.wav,5.806,5.837,0.031,d,n,A,N00579_female_44,False,o,d
fn001137_sentence-15.wav,6.927,6.957,0.03,@,t,r,N00579_female_44,False,o,ə
fn001137_sentence-15.wav,13.722,13.752,0.03,r,@,l,N00579_female_44,False,o,r
fn001137_sentence-15.wav,3.902,3.943,0.041,l,A,s,N00579_female_44,False,o,l
fn001137_sentence-15.wav,11.164,11.204,0.04,t,i,m,N00579_female_44,False,o,t
fn001137_sentence-16.wav,0.244,0.274,0.03,@,j,d,N00579_female_44,False,o,ə
fn001137_sentence-16.wav,0.629,0.659,0.03,d,r,i,N00579_female_44,False,o,d
fn001137_sentence-19.wav,1.892,1.923,0.031,@,n,n,N00579_female_44,False,o,ə
fn001137_sentence-2.wav,0.046,0.077,0.031,I,m,s,N00579_female_44,False,o,ɪ
fn001137_sentence-20.wav,4.024,4.064,0.04,m,t,E,N00579_female_44,False,o,m
fn001137_sentence-20.wav,0.121,0.152,0.031,u,h,f,N00579_female_44,False,o,uː
fn001137_sentence-20.wav,0.061,0.091,0.03,@,j,h,N00579_female_44,False,o,ə
fn001137_sentence-20.wav,0.091,0.121,0.03,h,@,u,N00579_female_44,False,o,h
fn001137_sentence-20.wav,8.627,8.657,0.03,w,A+,@,N00579_female_44,False,o,ʋ
fn001137_sentence-20.wav,7.882,7.923,0.041,d,@,i,N00579_female_44,False,o,d
fn001137_sentence-20.wav,4.226,4.256,0.03,l,E,k,N00579_female_44,False,o,l
fn001137_sentence-21.wav,0.346,0.376,0.03,r,@,t,N00579_female_44,False,o,r
fn001137_sentence-22.wav,3.552,3.582,0.03,E,r,k,N00579_female_44,False,o,ɛ
fn001137_sentence-22.wav,8.893,8.924,0.031,E,m,t,N00579_female_44,False,o,ɛ
fn001137_sentence-22.wav,9.601,9.642,0.041,@,j,s,N00579_female_44,False,o,ə
fn001137_sentence-22.wav,3.329,3.36,0.031,r,@,d,N00579_female_44,False,o,r
fn001137_sentence-22.wav,10.644,10.675,0.031,l,e,@,N00579_female_44,False,o,l
fn001137_sentence-23.wav,2.204,2.234,0.03,@,j,s,N00579_female_44,False,o,ə
fn001137_sentence-23.wav,3.026,3.056,0.03,r,@,O,N00579_female_44,False,o,r
fn001137_sentence-23.wav,0.667,0.697,0.03,@,n,r,N00579_female_44,False,o,ə
fn001137_sentence-24.wav,3.091,3.122,0.031,@,b,l,N00579_female_44,False,o,ə
fn001137_sentence-24.wav,0.473,0.503,0.03,w,k,A,N00579_female_44,False,o,ʋ
fn001137_sentence-24.wav,2.563,2.594,0.031,@,G,l,N00579_female_44,False,o,ə
fn001137_sentence-24.wav,0.067,0.097,0.03,@,d,s,N00579_female_44,False,o,ə
fn001137_sentence-24.wav,0.371,0.402,0.031,l,o,k,N00579_female_44,False,o,l
fn001137_sentence-24.wav,2.594,2.624,0.03,l,@,@,N00579_female_44,False,o,l
fn001137_sentence-26.wav,0.343,0.374,0.031,r,E,m,N00579_female_44,False,o,r
fn001137_sentence-27.wav,3.465,3.495,0.03,l,@,@,N00579_female_44,False,o,l
fn001137_sentence-28.wav,0.424,0.464,0.04,r,E,w,N00579_female_44,False,o,r
fn001137_sentence-28.wav,8.825,8.855,0.03,@,v,n,N00579_female_44,False,o,ə
fn001137_sentence-28.wav,5.103,5.133,0.03,@,b,l,N00579_female_44,False,o,ə
fn001137_sentence-28.wav,0.464,0.495,0.031,w,r,E,N00579_female_44,False,o,ʋ
fn001137_sentence-3.wav,0.623,0.654,0.031,r,o,d,N00579_female_44,False,o,r
fn001137_sentence-30.wav,1.281,1.321,0.04,h,r,A,N00579_female_44,False,o,h
fn001137_sentence-30.wav,1.382,1.422,0.04,r,A,t,N00579_female_44,False,o,r
fn001137_sentence-31.wav,0.782,0.823,0.041,d,Y+,@,N00579_female_44,False,o,d
fn001137_sentence-32.wav,0.153,0.184,0.031,d,a,A,N00579_female_44,False,o,d
fn001137_sentence-34.wav,2.01,2.04,0.03,l,@,@,N00579_female_44,False,o,l
fn001137_sentence-35.wav,0.111,0.142,0.031,h,k,E,N00579_female_44,False,o,h
fn001137_sentence-35.wav,0.142,0.182,0.04,E,h,p,N00579_female_44,False,o,ɛ
fn001137_sentence-36.wav,10.663,10.704,0.041,r,o,s,N00579_female_44,False,o,r
fn001137_sentence-36.wav,0.143,0.173,0.03,w,k,A,N00579_female_44,False,o,ʋ
fn001137_sentence-36.wav,11.603,11.644,0.041,d,@,i,N00579_female_44,False,o,d
fn001137_sentence-36.wav,6.112,6.142,0.03,r,a,m,N00579_female_44,False,o,r
fn001137_sentence-36.wav,14.931,14.962,0.031,r,@,e,N00579_female_44,False,o,r
fn001137_sentence-36.wav,1.783,1.814,0.031,r,a,I,N00579_female_44,False,o,r
fn001137_sentence-39.wav,0.565,0.596,0.031,l,E,I,N00579_female_44,False,o,l
fn001137_sentence-39.wav,2.581,2.621,0.04,l,k,2,N00579_female_44,False,o,l
fn001137_sentence-42.wav,0.092,0.123,0.031,r,a,I,N00579_female_44,False,o,r
fn001137_sentence-45.wav,5.804,5.834,0.03,r,@,s,N00579_female_44,False,o,r
fn001137_sentence-46.wav,0.607,0.637,0.03,r,E,n,N00579_female_44,False,o,r
fn001137_sentence-46.wav,0.849,0.88,0.031,l,A,d,N00579_female_44,False,o,l
fn001137_sentence-47.wav,0.081,0.111,0.03,r,a,d,N00579_female_44,False,o,r
fn001137_sentence-47.wav,0.111,0.142,0.031,d,r,A,N00579_female_44,False,o,d
fn001137_sentence-7.wav,0.865,0.895,0.03,l,A,v,N00579_female_44,False,o,l
fn001141_sentence-10.wav,1.291,1.322,0.031,w,n,I,N00579_female_44,False,o,ʋ
fn001141_sentence-11.wav,2.786,2.817,0.031,w,s,a,N00579_female_44,False,o,ʋ
fn001141_sentence-11.wav,5.628,5.659,0.031,r,a,b,N00579_female_44,False,o,r
fn001141_sentence-12.wav,2.484,2.524,0.04,r,o,G,N00579_female_44,False,o,r
fn001141_sentence-13.wav,0.904,0.935,0.031,r,@,k,N00579_female_44,False,o,r
fn001141_sentence-13.wav,3.266,3.296,0.03,d,n,I,N00579_female_44,False,o,d
fn001141_sentence-13.wav,0.733,0.763,0.03,d,n,@,N00579_female_44,False,o,d
fn001141_sentence-13.wav,3.063,3.104,0.041,r,@,s,N00579_female_44,False,o,r
fn001141_sentence-13.wav,2.526,2.557,0.031,w,o,A,N00579_female_44,False,o,ʋ
fn001141_sentence-14.wav,0.473,0.504,0.031,r,i,n,N00579_female_44,False,o,r
fn001141_sentence-18.wav,1.663,1.693,0.03,r,a,@,N00579_female_44,False,o,r
fn001141_sentence-20.wav,2.15,2.18,0.03,d,n,@,N00579_female_44,False,o,d
fn001141_sentence-24.wav,2.967,2.998,0.031,d,n,@,N00579_female_44,False,o,d
fn001141_sentence-24.wav,0.122,0.162,0.04,w,k,A,N00579_female_44,False,o,ʋ
fn001141_sentence-24.wav,5.041,5.081,0.04,Y,d,s,N00579_female_44,False,o,ʉ
fn001141_sentence-25.wav,0.108,0.139,0.031,w,k,A,N00579_female_44,False,o,ʋ
fn001141_sentence-26.wav,4.381,4.422,0.041,d,n,a,N00579_female_44,False,o,d
fn001141_sentence-29.wav,7.208,7.238,0.03,d,E+,@,N00579_female_44,False,o,d
fn001141_sentence-29.wav,0.669,0.699,0.03,d,n,@,N00579_female_44,False,o,d
fn001141_sentence-31.wav,0.574,0.604,0.03,d,r,@,N00579_female_44,False,o,d
fn001141_sentence-44.wav,0.982,1.023,0.041,Y,r,G,N00579_female_44,False,o,ʉ
fn001141_sentence-46.wav,0.122,0.163,0.041,w,t,E,N00579_female_44,False,o,ʋ
fn001141_sentence-51.wav,0.361,0.401,0.04,w,k,A,N00579_female_44,False,o,ʋ
fn001141_sentence-60.wav,4.942,4.982,0.04,w,@,E,N00579_female_44,False,o,ʋ
fn001141_sentence-61.wav,9.825,9.856,0.031,w,I,A,N00579_female_44,False,o,ʋ
fn001141_sentence-66.wav,0.503,0.544,0.041,w,r,A,N00579_female_44,False,o,ʋ
fn001141_sentence-67.wav,0.889,0.92,0.031,w,@,E,N00579_female_44,False,o,ʋ
fn001141_sentence-68.wav,1.461,1.501,0.04,b,n,e,N00579_female_44,False,o,b
fn001141_sentence-71.wav,0.724,0.755,0.031,w,A+,j,N00579_female_44,False,o,ʋ
fn001141_sentence-78.wav,2.166,2.196,0.03,w,@,A,N00579_female_44,False,o,ʋ
fn001141_sentence-83.wav,0.142,0.183,0.041,w,k,I,N00579_female_44,False,o,ʋ
fn001141_sentence-83.wav,8.209,8.239,0.03,w,k,A,N00579_female_44,False,o,ʋ
fn001005_sentence-1.wav,0.313,0.344,0.031,e,d,r,N00505_female_40,False,o,eː
fn001005_sentence-10.wav,5.269,5.299,0.03,r,@,m,N00505_female_40,False,o,r
fn001005_sentence-10.wav,6.702,6.742,0.04,@,l,k,N00505_female_40,False,o,ə
fn001005_sentence-10.wav,1.943,1.974,0.031,l,u,v,N00505_female_40,False,o,l
fn001005_sentence-10.wav,0.15,0.181,0.031,d,p,i,N00505_female_40,False,o,d
fn001005_sentence-10.wav,4.603,4.644,0.041,A,d,t,N00505_female_40,False,o,ɑ
fn001005_sentence-10.wav,0.833,0.863,0.03,n,Y,@,N00505_female_40,False,o,n
fn001005_sentence-11.wav,0.644,0.675,0.031,A,v,n,N00505_female_40,False,o,ɑ
fn001005_sentence-11.wav,0.747,0.778,0.031,n,O,s,N00505_female_40,False,o,n
fn001005_sentence-12.wav,5.282,5.312,0.03,A,v,n,N00505_female_40,False,o,ɑ
fn001005_sentence-12.wav,8.307,8.338,0.031,@,v,r,N00505_female_40,False,o,ə
fn001005_sentence-13.wav,5.829,5.859,0.03,l,a,x,N00505_female_40,False,o,l
fn001005_sentence-13.wav,3.929,3.96,0.031,r,@,k,N00505_female_40,False,o,r
fn001005_sentence-13.wav,7.908,7.939,0.031,d,n,@,N00505_female_40,False,o,d
fn001005_sentence-13.wav,1.848,1.878,0.03,h,n,Y,N00505_female_40,False,o,h
fn001005_sentence-14.wav,0.142,0.183,0.041,s,l,y,N00505_female_40,False,o,s
fn001005_sentence-14.wav,7.592,7.623,0.031,d,r,@,N00505_female_40,False,o,d
fn001005_sentence-14.wav,6.601,6.632,0.031,@,d,l,N00505_female_40,False,o,ə
fn001005_sentence-14.wav,7.623,7.654,0.031,@,d,x,N00505_female_40,False,o,ə
fn001005_sentence-14.wav,0.568,0.598,0.03,r,E,E,N00505_female_40,False,o,r
fn001005_sentence-14.wav,5.554,5.584,0.03,@,v,r,N00505_female_40,False,o,ə
fn001005_sentence-14.wav,3.701,3.742,0.041,r,E,k,N00505_female_40,False,o,r
fn001005_sentence-14.wav,0.101,0.142,0.041,l,A,s,N00505_female_40,False,o,l
fn001005_sentence-16.wav,0.891,0.921,0.03,h,t,E,N00505_female_40,False,o,h
fn001005_sentence-16.wav,0.142,0.183,0.041,r,@,z,N00505_female_40,False,o,r
fn001005_sentence-16.wav,0.921,0.951,0.03,E,h,t,N00505_female_40,False,o,ɛ
fn001005_sentence-17.wav,5.073,5.104,0.031,r,@,l,N00505_female_40,False,o,r
fn001005_sentence-18.wav,2.868,2.898,0.03,r,@,l,N00505_female_40,False,o,r
fn001005_sentence-18.wav,0.121,0.152,0.031,b,@,@,N00505_female_40,False,o,b
fn001005_sentence-19.wav,1.962,2.002,0.04,@,d,r,N00505_female_40,False,o,ə
fn001005_sentence-19.wav,0.543,0.584,0.041,r,E,O,N00505_female_40,False,o,r
fn001005_sentence-2.wav,2.944,2.975,0.031,w,A+,t,N00505_female_40,False,o,ʋ
fn001005_sentence-20.wav,0.162,0.203,0.041,l,p,a,N00505_female_40,False,o,l
fn001005_sentence-21.wav,1.251,1.282,0.031,w,r,A,N00505_female_40,False,o,ʋ
fn001005_sentence-21.wav,1.221,1.251,0.03,r,a,w,N00505_female_40,False,o,r
fn001005_sentence-21.wav,0.091,0.121,0.03,l,A,s,N00505_female_40,False,o,l
fn001005_sentence-22.wav,17.162,17.203,0.041,l,A,d,N00505_female_40,False,o,l
fn001005_sentence-22.wav,22.824,22.855,0.031,d,r,@,N00505_female_40,False,o,d
fn001005_sentence-23.wav,4.682,4.713,0.031,d,r,A,N00505_female_40,False,o,d
fn001005_sentence-23.wav,3.448,3.479,0.031,h,w,u,N00505_female_40,False,o,h
fn001005_sentence-36.wav,1.263,1.304,0.041,w,y,l,N00505_female_40,False,o,ʋ
fn001005_sentence-4.wav,0.282,0.313,0.031,b,n,E+,N00505_female_40,False,o,b
fn001005_sentence-40.wav,1.526,1.557,0.031,h,n,Y,N00505_female_40,False,o,h
fn001005_sentence-41.wav,0.173,0.203,0.03,h,k,E,N00505_female_40,False,o,h
fn001005_sentence-42.wav,3.183,3.223,0.04,w,t,O,N00505_female_40,False,o,ʋ
fn001005_sentence-45.wav,0.665,0.695,0.03,h,r,E,N00505_female_40,False,o,h
fn001005_sentence-47.wav,1.171,1.201,0.03,h,@,u,N00505_female_40,False,o,h
fn000051_sentence-0.wav,1.27,1.301,0.031,r,a,t,N00008_male_28,False,k,r
fn000051_sentence-0.wav,1.361,1.402,0.041,h,t,e,N00008_male_28,False,k,h
fn000051_sentence-0.wav,1.503,1.533,0.03,t,f,f,N00008_male_28,False,k,t
fn000051_sentence-0.wav,1.402,1.442,0.04,e,h,f,N00008_male_28,False,k,eː
fn000051_sentence-0.wav,2.209,2.239,0.03,@,l,r,N00008_male_28,False,k,ə
fn000051_sentence-0.wav,6.986,7.017,0.031,d,n,@,N00008_male_28,False,k,d
fn000051_sentence-0.wav,1.906,1.936,0.03,j,e,a,N00008_male_28,False,k,j
fn000051_sentence-0.wav,0.161,0.191,0.03,t,n,s,N00008_male_28,False,k,t
fn000051_sentence-0.wav,4.806,4.836,0.03,@,t,r,N00008_male_28,False,k,ə
fn000051_sentence-0.wav,7.047,7.077,0.03,w,@,u,N00008_male_28,False,k,ʋ
fn000051_sentence-0.wav,6.925,6.956,0.031,@,m,n,N00008_male_28,False,k,ə
fn000051_sentence-0.wav,6.682,6.722,0.04,@,m,k,N00008_male_28,False,k,ə
fn000051_sentence-1.wav,2.301,2.342,0.041,l,A,s,N00008_male_28,False,k,l
fn000051_sentence-1.wav,4.064,4.095,0.031,l,b,E,N00008_male_28,False,k,l
fn000051_sentence-1.wav,3.722,3.762,0.04,@,t,n,N00008_male_28,False,k,ə
fn000051_sentence-1.wav,2.231,2.261,0.03,n,@,A,N00008_male_28,False,k,n
fn000051_sentence-1.wav,2.261,2.301,0.04,A,n,l,N00008_male_28,False,k,ɑ
fn000051_sentence-1.wav,2.865,2.896,0.031,t,f,s,N00008_male_28,False,k,t
fn000051_sentence-1.wav,0.283,0.324,0.041,v,r,@,N00008_male_28,False,k,v
fn000051_sentence-1.wav,4.034,4.064,0.03,b,g,l,N00008_male_28,False,k,b
fn000051_sentence-1.wav,0.253,0.283,0.03,r,@,v,N00008_male_28,False,k,r
fn000051_sentence-1.wav,3.682,3.722,0.04,t,E,@,N00008_male_28,False,k,t
fn000051_sentence-2.wav,4.524,4.555,0.031,E,v,r,N00008_male_28,False,k,ɛ
fn000051_sentence-2.wav,4.444,4.484,0.04,m,r,v,N00008_male_28,False,k,m
fn000051_sentence-2.wav,4.484,4.524,0.04,v,m,E,N00008_male_28,False,k,v
fn000051_sentence-2.wav,1.342,1.372,0.03,E+,s,z,N00008_male_28,False,k,ɛi
fn000051_sentence-2.wav,4.403,4.444,0.041,r,O,m,N00008_male_28,False,k,r
fn000051_sentence-3.wav,1.602,1.643,0.041,d,r,@,N00008_male_28,False,k,d
fn000051_sentence-3.wav,0.131,0.161,0.03,n,I,z,N00008_male_28,False,k,n
fn000051_sentence-3.wav,1.572,1.602,0.03,r,o,d,N00008_male_28,False,k,r
fn000051_sentence-3.wav,1.643,1.683,0.04,@,d,h,N00008_male_28,False,k,ə
fn000051_sentence-3.wav,0.161,0.202,0.041,z,n,d,N00008_male_28,False,k,z
fn000051_sentence-4.wav,2.091,2.122,0.031,r,@,A,N00008_male_28,False,k,r
fn000051_sentence-4.wav,3.923,3.954,0.031,@,d,r,N00008_male_28,False,k,ə
fn000051_sentence-4.wav,3.984,4.024,0.04,w,r,E,N00008_male_28,False,k,ʋ
fn000051_sentence-4.wav,2.061,2.091,0.03,@,v,r,N00008_male_28,False,k,ə
fn000051_sentence-4.wav,4.825,4.855,0.03,r,A,k,N00008_male_28,False,k,r
fn000051_sentence-4.wav,3.883,3.923,0.04,d,n,@,N00008_male_28,False,k,d
fn000051_sentence-4.wav,3.954,3.984,0.03,r,@,w,N00008_male_28,False,k,r
fn000051_sentence-4.wav,7.902,7.942,0.04,n,E+,r,N00008_male_28,False,k,n
fn000051_sentence-4.wav,7.69,7.72,0.03,r,a,t,N00008_male_28,False,k,r
fn000052_sentence-0.wav,1.931,1.962,0.031,i,d,j,N00008_male_28,False,k,iː
fn000052_sentence-0.wav,0.762,0.802,0.04,n,@,x,N00008_male_28,False,k,n
fn000052_sentence-0.wav,2.446,2.476,0.03,n,@,s,N00008_male_28,False,k,n
fn000052_sentence-0.wav,1.992,2.022,0.03,o,j,n,N00008_male_28,False,k,oː
fn000052_sentence-0.wav,2.123,2.163,0.04,n,o,E+,N00008_male_28,False,k,n
fn000052_sentence-0.wav,1.962,1.992,0.03,j,i,o,N00008_male_28,False,k,j
fn000052_sentence-1.wav,15.021,15.062,0.041,@,l,r,N00008_male_28,False,k,ə
fn000052_sentence-1.wav,4.704,4.734,0.03,o,j,n,N00008_male_28,False,k,oː
fn000052_sentence-1.wav,6.552,6.583,0.031,n,E,d,N00008_male_28,False,k,n
fn000052_sentence-1.wav,14.365,14.395,0.03,o,t,v,N00008_male_28,False,k,oː
fn000052_sentence-1.wav,11.103,11.143,0.04,n,@,i,N00008_male_28,False,k,n
fn000052_sentence-1.wav,9.824,9.854,0.03,o,v,r,N00008_male_28,False,k,oː
fn000052_sentence-1.wav,9.411,9.441,0.03,r,@,A,N00008_male_28,False,k,r
fn000052_sentence-1.wav,4.673,4.704,0.031,j,i,o,N00008_male_28,False,k,j
fn000052_sentence-1.wav,4.643,4.673,0.03,i,d,j,N00008_male_28,False,k,iː
fn000052_sentence-1.wav,14.85,14.88,0.03,i,l,b,N00008_male_28,False,k,iː
fn000052_sentence-1.wav,11.002,11.043,0.041,t,s,@,N00008_male_28,False,k,t
fn000052_sentence-1.wav,14.991,15.021,0.03,l,A,@,N00008_male_28,False,k,l
fn000052_sentence-1.wav,9.381,9.411,0.03,@,d,r,N00008_male_28,False,k,ə
fn000052_sentence-1.wav,9.341,9.381,0.04,d,n,@,N00008_male_28,False,k,d
fn000052_sentence-1.wav,15.062,15.102,0.04,r,@,s,N00008_male_28,False,k,r
fn000052_sentence-2.wav,1.211,1.241,0.03,@,s,s,N00008_male_28,False,k,ə
fn000052_sentence-2.wav,1.464,1.494,0.03,d,n,@,N00008_male_28,False,k,d
fn000052_sentence-2.wav,2.943,2.983,0.04,O,k,m,N00008_male_28,False,k,ɔ
fn000052_sentence-2.wav,2.085,2.116,0.031,d,n,@,N00008_male_28,False,k,d
fn000052_sentence-2.wav,3.468,3.498,0.03,@,i,m,N00008_male_28,False,k,ə
fn000052_sentence-2.wav,0.586,0.616,0.03,O,n,x,N00008_male_28,False,k,ɔ
fn000052_sentence-2.wav,1.423,1.464,0.041,n,A,d,N00008_male_28,False,k,n
fn000052_sentence-3.wav,1.526,1.556,0.03,r,a,I,N00008_male_28,False,k,r
fn000052_sentence-3.wav,1.647,1.677,0.03,@,s,t,N00008_male_28,False,k,ə
fn000052_sentence-3.wav,1.708,1.738,0.03,n,t,O,N00008_male_28,False,k,n
fn000052_sentence-4.wav,1.065,1.095,0.03,A,n,k,N00008_male_28,False,k,ɑ
fn000052_sentence-4.wav,4.302,4.342,0.04,t,s,a,N00008_male_28,False,k,t
fn000052_sentence-4.wav,4.342,4.383,0.041,a,t,t,N00008_male_28,False,k,aː
fn000052_sentence-4.wav,3.453,3.483,0.03,t,f,x,N00008_male_28,False,k,t
fn000052_sentence-4.wav,4.171,4.201,0.03,r,o,t,N00008_male_28,False,k,r
fn000052_sentence-4.wav,1.247,1.277,0.03,w,n,a,N00008_male_28,False,k,ʋ
fn000052_sentence-4.wav,3.483,3.514,0.031,x,t,@,N00008_male_28,False,k,x
fn000052_sentence-6.wav,0.864,0.894,0.03,k,E+,E,N00008_male_28,False,k,k
fn000052_sentence-6.wav,0.723,0.763,0.04,w,l,E+,N00008_male_28,False,k,ʋ
fn000052_sentence-8.wav,1.941,1.982,0.041,b,n,O,N00008_male_28,False,k,b
fn000052_sentence-8.wav,3.229,3.259,0.03,Y,n,l,N00008_male_28,False,k,ʉ
fn000053_sentence-0.wav,3.101,3.141,0.04,r,i,E,N00008_male_28,False,k,r
fn000053_sentence-0.wav,1.541,1.571,0.03,v,e,@,N00008_male_28,False,k,v
fn000053_sentence-0.wav,3.33,3.36,0.03,b,t,@,N00008_male_28,False,k,b
fn000053_sentence-0.wav,3.228,3.259,0.031,d,n,A,N00008_male_28,False,k,d
fn000053_sentence-1.wav,0.354,0.384,0.03,I,p,k,N00008_male_28,False,k,ɪ
fn000053_sentence-1.wav,0.293,0.324,0.031,E,h,p,N00008_male_28,False,k,ɛ
fn000053_sentence-1.wav,0.324,0.354,0.03,p,E,I,N00008_male_28,False,k,p
fn000053_sentence-1.wav,0.263,0.293,0.03,h,n,E,N00008_male_28,False,k,h
fn000053_sentence-1.wav,0.384,0.415,0.031,k,I,@,N00008_male_28,False,k,k
fn000053_sentence-1.wav,1.265,1.295,0.03,d,u,b,N00008_male_28,False,k,d
fn000053_sentence-1.wav,0.061,0.091,0.03,n,E,d,N00008_male_28,False,k,n
fn000053_sentence-2.wav,2.471,2.501,0.03,p,m,@,N00008_male_28,False,k,p
fn000053_sentence-3.wav,2.224,2.264,0.04,r,E,b,N00008_male_28,False,k,r
fn000053_sentence-4.wav,1.283,1.323,0.04,n,u,s,N00008_male_28,False,k,n
fn000053_sentence-4.wav,1.253,1.283,0.03,u,j,n,N00008_male_28,False,k,uː
fn000053_sentence-4.wav,1.081,1.121,0.04,m,A,p,N00008_male_28,False,k,m
fn000053_sentence-4.wav,0.313,0.344,0.031,j,i,@,N00008_male_28,False,k,j
fn000053_sentence-5.wav,3.21,3.241,0.031,r,A,d,N00008_male_28,False,k,r
fn000053_sentence-5.wav,4.661,4.691,0.03,r,a,s,N00008_male_28,False,k,r
fn000053_sentence-5.wav,3.241,3.271,0.03,d,r,O,N00008_male_28,False,k,d
fn000053_sentence-5.wav,5.769,5.799,0.03,r,E,k,N00008_male_28,False,k,r
fn000053_sentence-5.wav,0.403,0.444,0.041,r,E,k,N00008_male_28,False,k,r
fn000053_sentence-6.wav,2.604,2.644,0.04,r,a,s,N00008_male_28,False,k,r
fn000053_sentence-7.wav,3.487,3.518,0.031,r,a,v,N00008_male_28,False,k,r
fn000053_sentence-8.wav,4.222,4.263,0.041,h,@,o,N00008_male_28,False,k,h
fn000053_sentence-8.wav,0.101,0.132,0.031,d,n,A,N00008_male_28,False,k,d
fn000053_sentence-8.wav,6.834,6.864,0.03,r,@,s,N00008_male_28,False,k,r
fn000053_sentence-8.wav,7.927,7.957,0.03,r,@,s,N00008_male_28,False,k,r
fn000053_sentence-8.wav,5.333,5.363,0.03,l,A,s,N00008_male_28,False,k,l
fn000054_sentence-1.wav,0.243,0.283,0.04,I,m,z,N00008_male_28,False,k,ɪ
fn000054_sentence-1.wav,3.193,3.223,0.03,r,O,G,N00008_male_28,False,k,r
fn000054_sentence-2.wav,0.403,0.444,0.041,r,@,d,N00008_male_28,False,k,r
fn000054_sentence-3.wav,6.451,6.481,0.03,d,r,@,N00008_male_28,False,k,d
fn000054_sentence-3.wav,5.869,5.899,0.03,r,e,@,N00008_male_28,False,k,r
fn000054_sentence-3.wav,6.107,6.137,0.03,r,o,@,N00008_male_28,False,k,r
fn000054_sentence-3.wav,0.283,0.313,0.03,r,@,n,N00008_male_28,False,k,r
fn000054_sentence-5.wav,2.821,2.852,0.031,d,n,@,N00008_male_28,False,k,d
fn000054_sentence-5.wav,0.132,0.162,0.03,r,a,O,N00008_male_28,False,k,r
fn000054_sentence-5.wav,3.561,3.592,0.031,r,o,@,N00008_male_28,False,k,r
fn000054_sentence-5.wav,1.422,1.452,0.03,r,@,l,N00008_male_28,False,k,r
fn000054_sentence-5.wav,1.362,1.392,0.03,d,e,@,N00008_male_28,False,k,d
fn000054_sentence-5.wav,0.444,0.484,0.04,x,e,@,N00008_male_28,False,k,x
fn000054_sentence-6.wav,2.041,2.071,0.03,r,a,d,N00008_male_28,False,k,r
fn000054_sentence-6.wav,3.465,3.496,0.031,r,O,t,N00008_male_28,False,k,r
fn000054_sentence-6.wav,2.071,2.101,0.03,d,r,@,N00008_male_28,False,k,d
fn000054_sentence-6.wav,3.809,3.839,0.03,G,r,@,N00008_male_28,False,k,ɣ
fn001316_sentence-10.wav,13.211,13.241,0.03,l,@,@,N00723_female_42,False,o,l
fn001316_sentence-10.wav,21.482,21.512,0.03,o,v,r,N00723_female_42,False,o,oː
fn001316_sentence-10.wav,18.249,18.279,0.03,r,E,k,N00723_female_42,False,o,r
fn001316_sentence-10.wav,4.792,4.823,0.031,d,r,@,N00723_female_42,False,o,d
fn001316_sentence-10.wav,22.209,22.239,0.03,r,@,z,N00723_female_42,False,o,r
fn001316_sentence-10.wav,10.063,10.094,0.031,r,a,h,N00723_female_42,False,o,r
fn001316_sentence-10.wav,25.221,25.251,0.03,r,o,h,N00723_female_42,False,o,r
fn001316_sentence-10.wav,13.342,13.382,0.04,h,k,e,N00723_female_42,False,o,h
fn001316_sentence-10.wav,17.783,17.823,0.04,r,a,d,N00723_female_42,False,o,r
fn001316_sentence-10.wav,10.771,10.801,0.03,r,@,l,N00723_female_42,False,o,r
fn001316_sentence-10.wav,22.471,22.501,0.03,@,k,r,N00723_female_42,False,o,ə
fn001316_sentence-10.wav,9.932,9.963,0.031,d,z,b,N00723_female_42,False,o,d
fn001316_sentence-10.wav,0.384,0.414,0.03,r,E,m,N00723_female_42,False,o,r
fn001316_sentence-10.wav,17.742,17.783,0.041,a,m,r,N00723_female_42,False,o,aː
fn001316_sentence-10.wav,13.241,13.281,0.04,@,l,k,N00723_female_42,False,o,ə
fn001316_sentence-10.wav,25.292,25.322,0.03,Y,h,n,N00723_female_42,False,o,ʉ
fn001316_sentence-10.wav,23.612,23.643,0.031,r,@,z,N00723_female_42,False,o,r
fn001316_sentence-10.wav,8.066,8.096,0.03,r,@,s,N00723_female_42,False,o,r
fn001316_sentence-10.wav,25.322,25.363,0.041,n,Y,b,N00723_female_42,False,o,n
fn001316_sentence-11.wav,3.83,3.86,0.03,w,y,f,N00723_female_42,False,o,ʋ
fn001316_sentence-11.wav,5.772,5.802,0.03,@,v,r,N00723_female_42,False,o,ə
fn001316_sentence-12.wav,13.562,13.592,0.03,@,k,l,N00723_female_42,False,o,ə
fn001316_sentence-12.wav,0.081,0.111,0.03,w,k,I,N00723_female_42,False,o,ʋ
fn001316_sentence-12.wav,8.121,8.162,0.041,l,A,t,N00723_female_42,False,o,l
fn001316_sentence-12.wav,0.182,0.222,0.04,d,l,a,N00723_female_42,False,o,d
fn001316_sentence-12.wav,0.111,0.141,0.03,I,w,l,N00723_female_42,False,o,ɪ
fn001316_sentence-12.wav,9.385,9.416,0.031,s,r,O,N00723_female_42,False,o,s
fn001316_sentence-12.wav,14.066,14.096,0.03,@,G,l,N00723_female_42,False,o,ə
fn001316_sentence-12.wav,14.823,14.864,0.041,l,r,o,N00723_female_42,False,o,l
fn001316_sentence-12.wav,14.783,14.823,0.04,r,@,l,N00723_female_42,False,o,r
fn001316_sentence-12.wav,1.529,1.559,0.03,r,@,d,N00723_female_42,False,o,r
fn001316_sentence-12.wav,10.852,10.882,0.03,r,@,s,N00723_female_42,False,o,r
fn001316_sentence-12.wav,7.808,7.838,0.03,p,E,I,N00723_female_42,False,o,p
fn001316_sentence-12.wav,9.011,9.042,0.031,r,@,z,N00723_female_42,False,o,r
fn001316_sentence-12.wav,0.05,0.081,0.031,k,I,w,N00723_female_42,False,o,k
fn001316_sentence-12.wav,0.141,0.182,0.041,l,I,d,N00723_female_42,False,o,l
fn001316_sentence-12.wav,2.561,2.602,0.041,@,d,v,N00723_female_42,False,o,ə
fn001316_sentence-13.wav,3.904,3.944,0.04,r,@,G,N00723_female_42,False,o,r
fn001316_sentence-13.wav,0.083,0.113,0.03,r,a,m,N00723_female_42,False,o,r
fn001316_sentence-13.wav,4.623,4.653,0.03,E,t,r,N00723_female_42,False,o,ɛ
fn001316_sentence-13.wav,1.194,1.224,0.03,r,E,n,N00723_female_42,False,o,r
fn001316_sentence-13.wav,4.824,4.854,0.03,n,k,O,N00723_female_42,False,o,n
fn001316_sentence-13.wav,4.784,4.824,0.04,k,o,n,N00723_female_42,False,o,k
fn001316_sentence-13.wav,0.801,0.842,0.041,A,d,x,N00723_female_42,False,o,ɑ
fn001316_sentence-15.wav,3.847,3.878,0.031,E,@,n,N00723_female_42,False,o,ɛ
fn001316_sentence-15.wav,3.026,3.057,0.031,d,n,@,N00723_female_42,False,o,d
fn001316_sentence-15.wav,3.381,3.422,0.041,A,v,n,N00723_female_42,False,o,ɑ
fn001316_sentence-15.wav,7.923,7.964,0.041,r,E,t,N00723_female_42,False,o,r
fn001316_sentence-15.wav,6.828,6.859,0.031,r,@,d,N00723_female_42,False,o,r
fn001316_sentence-15.wav,6.301,6.342,0.041,A,d,@,N00723_female_42,False,o,ɑ
fn001316_sentence-16.wav,2.668,2.699,0.031,r,o,o,N00723_female_42,False,o,r
fn001316_sentence-16.wav,0.192,0.222,0.03,r,@,l,N00723_female_42,False,o,r
fn001316_sentence-16.wav,7.563,7.593,0.03,r,@,@,N00723_female_42,False,o,r
fn001316_sentence-16.wav,7.623,7.664,0.041,n,@,d,N00723_female_42,False,o,n
fn001316_sentence-16.wav,5.945,5.975,0.03,r,a,Y+,N00723_female_42,False,o,r
fn001316_sentence-16.wav,6.37,6.4,0.03,n,E+,d,N00723_female_42,False,o,n
fn001316_sentence-20.wav,0.461,0.501,0.04,r,a,d,N00723_female_42,False,o,r
fn001316_sentence-20.wav,0.501,0.532,0.031,d,r,@,N00723_female_42,False,o,d
fn001316_sentence-21.wav,1.627,1.657,0.03,r,a,O,N00723_female_42,False,o,r
fn001316_sentence-21.wav,1.122,1.162,0.04,r,@,h,N00723_female_42,False,o,r
fn001316_sentence-22.wav,2.789,2.82,0.031,d,l,@,N00723_female_42,False,o,d
fn001316_sentence-22.wav,1.509,1.539,0.03,w,@,A,N00723_female_42,False,o,ʋ
fn001316_sentence-22.wav,0.309,0.339,0.03,d,a,A,N00723_female_42,False,o,d
fn001316_sentence-23.wav,0.162,0.202,0.04,r,I,e,N00723_female_42,False,o,r
fn001316_sentence-23.wav,1.123,1.164,0.041,u,m,s,N00723_female_42,False,o,uː
fn001316_sentence-23.wav,0.486,0.516,0.03,d,e,i,N00723_female_42,False,o,d
fn001316_sentence-23.wav,1.346,1.376,0.03,r,@,Y,N00723_female_42,False,o,r
fn001316_sentence-23.wav,1.093,1.123,0.03,m,n,u,N00723_female_42,False,o,m
fn001316_sentence-24.wav,0.101,0.132,0.031,r,E,w,N00723_female_42,False,o,r
fn001316_sentence-25.wav,0.984,1.014,0.03,l,p,E,N00723_female_42,False,o,l
fn001316_sentence-27.wav,2.802,2.832,0.03,r,E,z,N00723_female_42,False,o,r
fn001316_sentence-27.wav,8.602,8.633,0.031,r,@,x,N00723_female_42,False,o,r
fn001316_sentence-27.wav,0.141,0.181,0.04,h,k,A,N00723_female_42,False,o,h
fn001316_sentence-27.wav,2.721,2.751,0.03,r,a,E,N00723_female_42,False,o,r
fn001316_sentence-27.wav,5.625,5.655,0.03,r,E,k,N00723_female_42,False,o,r
fn001316_sentence-28.wav,0.304,0.344,0.04,d,e,i,N00723_female_42,False,o,d
fn001316_sentence-29.wav,0.122,0.163,0.041,r,a,v,N00723_female_42,False,o,r
fn001316_sentence-29.wav,0.265,0.296,0.031,r,o,m,N00723_female_42,False,o,r
fn001316_sentence-31.wav,3.501,3.531,0.03,b,E,@,N00723_female_42,False,o,b
fn001316_sentence-31.wav,2.001,2.041,0.04,r,@,o,N00723_female_42,False,o,r
fn001316_sentence-31.wav,4.261,4.301,0.04,r,E,b,N00723_female_42,False,o,r
fn001316_sentence-33.wav,6.683,6.713,0.03,r,a,w,N00723_female_42,False,o,r
fn001316_sentence-33.wav,6.713,6.744,0.031,w,r,@,N00723_female_42,False,o,ʋ
fn001316_sentence-34.wav,0.092,0.122,0.03,d,n,I,N00723_female_42,False,o,d
fn001316_sentence-34.wav,2.792,2.823,0.031,d,l,@,N00723_female_42,False,o,d
fn001316_sentence-34.wav,1.791,1.822,0.031,w,r,a,N00723_female_42,False,o,ʋ
fn001316_sentence-35.wav,0.112,0.143,0.031,h,t,e,N00723_female_42,False,o,h
fn001316_sentence-41.wav,0.152,0.182,0.03,h,l,u,N00723_female_42,False,o,h
fn001316_sentence-41.wav,7.142,7.183,0.041,w,@,@,N00723_female_42,False,o,ʋ
fn001316_sentence-41.wav,7.082,7.112,0.03,b,E,@,N00723_female_42,False,o,b
fn001316_sentence-41.wav,9.248,9.278,0.03,w,t,a,N00723_female_42,False,o,ʋ
fn001316_sentence-42.wav,0.182,0.223,0.041,b,t,@,N00723_female_42,False,o,b
fn001316_sentence-45.wav,2.123,2.164,0.041,w,t,a,N00723_female_42,False,o,ʋ
fn001316_sentence-5.wav,0.112,0.143,0.031,w,r,O,N00723_female_42,False,o,ʋ
fn001316_sentence-7.wav,4.846,4.876,0.03,w,A+,k,N00723_female_42,False,o,ʋ
fn001317_sentence-1.wav,1.909,1.939,0.03,w,t,@,N00723_female_42,False,o,ʋ
fn001317_sentence-101.wav,0.142,0.182,0.04,w,k,A,N00723_female_42,False,o,ʋ
fn001317_sentence-107.wav,1.761,1.801,0.04,w,@,E,N00723_female_42,False,o,ʋ
fn001317_sentence-12.wav,5.288,5.318,0.03,h,r,a,N00723_female_42,False,o,h
fn001317_sentence-16.wav,1.262,1.292,0.03,Y,m,l,N00723_female_42,False,o,ʉ
fn001317_sentence-17.wav,0.829,0.859,0.03,h,t,E,N00723_female_42,False,o,h
fn001317_sentence-3.wav,1.19,1.221,0.031,w,x,E,N00723_female_42,False,o,ʋ
fn001317_sentence-31.wav,1.294,1.324,0.03,h,@,E,N00723_female_42,False,o,h
fn001317_sentence-31.wav,14.508,14.539,0.031,w,n,i,N00723_female_42,False,o,ʋ
fn001317_sentence-35.wav,0.274,0.304,0.03,w,t,A,N00723_female_42,False,o,ʋ
fn001317_sentence-37.wav,9.304,9.334,0.03,h,@,o,N00723_female_42,False,o,h
fn001317_sentence-38.wav,2.704,2.744,0.04,w,i,t,N00723_female_42,False,o,ʋ
fn001317_sentence-45.wav,2.404,2.434,0.03,w,A+,d,N00723_female_42,False,o,ʋ
fn001317_sentence-46.wav,0.862,0.892,0.03,w,s,a,N00723_female_42,False,o,ʋ
fn001317_sentence-47.wav,0.526,0.556,0.03,w,@,I,N00723_female_42,False,o,ʋ
fn001317_sentence-58.wav,3.087,3.117,0.03,w,A+,x,N00723_female_42,False,o,ʋ
fn001317_sentence-60.wav,0.103,0.144,0.041,w,r,A,N00723_female_42,False,o,ʋ
fn001317_sentence-79.wav,0.092,0.122,0.03,w,t,A,N00723_female_42,False,o,ʋ
fn001317_sentence-80.wav,0.708,0.738,0.03,w,A+,I,N00723_female_42,False,o,ʋ
fn001317_sentence-82.wav,0.172,0.203,0.031,w,t,A,N00723_female_42,False,o,ʋ
fn001317_sentence-97.wav,0.821,0.861,0.04,w,t,E,N00723_female_42,False,o,ʋ
fn001265_sentence-0.wav,0.653,0.683,0.03,@,t,r,N00626_male_60,False,o,ə
fn001265_sentence-1.wav,1.052,1.082,0.03,r,@,b,N00626_male_60,False,o,r
fn001265_sentence-11.wav,2.513,2.543,0.03,E,s,r,N00626_male_60,False,o,ɛ
fn001265_sentence-11.wav,0.183,0.223,0.04,j,s,@,N00626_male_60,False,o,j
fn001265_sentence-11.wav,3.445,3.475,0.03,r,o,j,N00626_male_60,False,o,r
fn001265_sentence-11.wav,2.543,2.574,0.031,r,E,@,N00626_male_60,False,o,r
fn001265_sentence-11.wav,2.29,2.321,0.031,A,d,n,N00626_male_60,False,o,ɑ
fn001265_sentence-12.wav,4.603,4.643,0.04,d,A+,@,N00626_male_60,False,o,d
fn001265_sentence-12.wav,0.885,0.916,0.031,d,r,@,N00626_male_60,False,o,d
fn001265_sentence-13.wav,1.932,1.963,0.031,v,o,@,N00626_male_60,False,o,v
fn001265_sentence-13.wav,1.993,2.023,0.03,r,@,w,N00626_male_60,False,o,r
fn001265_sentence-13.wav,4.21,4.24,0.03,n,E,x,N00626_male_60,False,o,n
fn001265_sentence-13.wav,1.963,1.993,0.03,@,v,r,N00626_male_60,False,o,ə
fn001265_sentence-13.wav,2.023,2.053,0.03,w,r,A,N00626_male_60,False,o,ʋ
fn001265_sentence-14.wav,2.869,2.899,0.03,r,@,d,N00626_male_60,False,o,r
fn001265_sentence-15.wav,2.326,2.357,0.031,r,e,l,N00626_male_60,False,o,r
fn001265_sentence-15.wav,2.591,2.621,0.03,@,v,n,N00626_male_60,False,o,ə
fn001265_sentence-16.wav,1.608,1.638,0.03,n,E+,l,N00626_male_60,False,o,n
fn001265_sentence-16.wav,1.325,1.355,0.03,a,w,r,N00626_male_60,False,o,aː
fn001265_sentence-18.wav,0.047,0.077,0.03,I,m,s,N00626_male_60,False,o,ɪ
fn001265_sentence-19.wav,0.165,0.197,0.032,A,d,t,N00626_male_60,False,o,ɑ
fn001265_sentence-2.wav,0.147,0.178,0.031,d,n,@,N00626_male_60,False,o,d
fn001265_sentence-2.wav,1.485,1.515,0.03,r,@,t,N00626_male_60,False,o,r
fn001265_sentence-20.wav,4.442,4.482,0.04,@,b,l,N00626_male_60,False,o,ə
fn001265_sentence-21.wav,1.541,1.581,0.04,E,h,b,N00626_male_60,False,o,ɛ
fn001265_sentence-23.wav,0.109,0.139,0.03,r,a,A,N00626_male_60,False,o,r
fn001265_sentence-23.wav,0.17,0.201,0.031,l,A,s,N00626_male_60,False,o,l
fn001265_sentence-23.wav,2.413,2.444,0.031,r,a,e,N00626_male_60,False,o,r
fn001265_sentence-26.wav,0.569,0.6,0.031,@,d,x,N00626_male_60,False,o,ə
fn001265_sentence-29.wav,3.106,3.136,0.03,k,N,t,N00626_male_60,False,o,k
fn001265_sentence-30.wav,2.302,2.343,0.041,h,s,E,N00626_male_60,False,o,h
fn001265_sentence-31.wav,2.303,2.333,0.03,h,t,E+,N00626_male_60,False,o,h
fn001265_sentence-36.wav,1.021,1.052,0.031,@,G,l,N00626_male_60,False,o,ə
fn001265_sentence-38.wav,0.69,0.72,0.03,@,d,l,N00626_male_60,False,o,ə
fn001265_sentence-38.wav,2.708,2.738,0.03,@,d,b,N00626_male_60,False,o,ə
fn001265_sentence-39.wav,1.081,1.112,0.031,@,t,n,N00626_male_60,False,o,ə
fn001265_sentence-41.wav,0.101,0.132,0.031,r,@,t,N00626_male_60,False,o,r
fn001265_sentence-49.wav,0.366,0.396,0.03,r,@,n,N00626_male_60,False,o,r
fn001265_sentence-5.wav,0.191,0.222,0.031,r,@,p,N00626_male_60,False,o,r
fn001265_sentence-6.wav,3.354,3.384,0.03,h,n,u,N00626_male_60,False,o,h
fn001266_sentence-19.wav,2.861,2.891,0.03,p,E,t,N00626_male_60,False,o,p
fn001266_sentence-24.wav,0.203,0.243,0.04,w,n,e,N00626_male_60,False,o,ʋ
fn001266_sentence-24.wav,1.582,1.622,0.04,h,x,E,N00626_male_60,False,o,h
fn001266_sentence-40.wav,1.952,1.982,0.03,N,@,k,N00626_male_60,False,o,ŋ
fn001111_sentence-0.wav,0.193,0.224,0.031,t,f,s,N00567_female_33,False,o,t
fn001111_sentence-1.wav,3.861,3.891,0.03,w,y,2,N00567_female_33,False,o,ʋ
fn001111_sentence-1.wav,8.862,8.902,0.04,w,@,A,N00567_female_33,False,o,ʋ
fn001111_sentence-1.wav,8.822,8.862,0.04,@,d,w,N00567_female_33,False,o,ə
fn001111_sentence-1.wav,7.502,7.542,0.04,@,d,l,N00567_female_33,False,o,ə
fn001111_sentence-1.wav,2.909,2.94,0.031,r,@,s,N00567_female_33,False,o,r
fn001111_sentence-1.wav,7.006,7.037,0.031,r,a,t,N00567_female_33,False,o,r
fn001111_sentence-1.wav,1.426,1.456,0.03,@,k,n,N00567_female_33,False,o,ə
fn001111_sentence-1.wav,7.983,8.023,0.04,E,t,n,N00567_female_33,False,o,ɛ
fn001111_sentence-1.wav,8.124,8.155,0.031,l,A,s,N00567_female_33,False,o,l
fn001111_sentence-1.wav,6.511,6.541,0.03,@,d,G,N00567_female_33,False,o,ə
fn001111_sentence-1.wav,0.131,0.162,0.031,h,t,o,N00567_female_33,False,o,h
fn001111_sentence-10.wav,2.541,2.571,0.03,@,z,d,N00567_female_33,False,o,ə
fn001111_sentence-10.wav,2.874,2.904,0.03,r,E,k,N00567_female_33,False,o,r
fn001111_sentence-10.wav,2.227,2.258,0.031,r,@,s,N00567_female_33,False,o,r
fn001111_sentence-10.wav,1.147,1.178,0.031,@,d,r,N00567_female_33,False,o,ə
fn001111_sentence-11.wav,9.192,9.222,0.03,@,s,@,N00567_female_33,False,o,ə
fn001111_sentence-11.wav,7.782,7.813,0.031,s,t,p,N00567_female_33,False,o,s
fn001111_sentence-11.wav,7.752,7.782,0.03,t,n,s,N00567_female_33,False,o,t
fn001111_sentence-11.wav,7.722,7.752,0.03,n,@,t,N00567_female_33,False,o,n
fn001111_sentence-11.wav,10.244,10.274,0.03,h,r,A,N00567_female_33,False,o,h
fn001111_sentence-11.wav,10.203,10.244,0.041,r,a,h,N00567_female_33,False,o,r
fn001111_sentence-11.wav,9.381,9.411,0.03,@,t,n,N00567_female_33,False,o,ə
fn001111_sentence-11.wav,7.681,7.722,0.041,@,t,n,N00567_female_33,False,o,ə
fn001111_sentence-11.wav,9.35,9.381,0.031,t,@,@,N00567_female_33,False,o,t
fn001111_sentence-11.wav,0.602,0.633,0.031,r,@,E,N00567_female_33,False,o,r
fn001111_sentence-11.wav,8.127,8.158,0.031,r,a,d,N00567_female_33,False,o,r
fn001111_sentence-11.wav,5.044,5.074,0.03,w,@,o,N00567_female_33,False,o,ʋ
fn001111_sentence-11.wav,5.782,5.812,0.03,@,t,s,N00567_female_33,False,o,ə
fn001111_sentence-11.wav,9.848,9.878,0.03,@,j,m,N00567_female_33,False,o,ə
fn001111_sentence-11.wav,5.013,5.044,0.031,@,x,w,N00567_female_33,False,o,ə
fn001111_sentence-11.wav,1.062,1.103,0.041,r,a,m,N00567_female_33,False,o,r
fn001111_sentence-12.wav,4.922,4.962,0.04,@,v,r,N00567_female_33,False,o,ə
fn001111_sentence-12.wav,6.57,6.6,0.03,O,r,p,N00567_female_33,False,o,ɔ
fn001111_sentence-12.wav,2.968,2.999,0.031,r,E,n,N00567_female_33,False,o,r
fn001111_sentence-12.wav,1.566,1.597,0.031,@,l,G,N00567_female_33,False,o,ə
fn001111_sentence-12.wav,1.869,1.9,0.031,@,b,l,N00567_female_33,False,o,ə
fn001111_sentence-12.wav,1.233,1.263,0.03,n,@,x,N00567_female_33,False,o,n
fn001111_sentence-12.wav,6.509,6.539,0.03,@,t,r,N00567_female_33,False,o,ə
fn001111_sentence-12.wav,0.465,0.495,0.03,A,h,d,N00567_female_33,False,o,ɑ
fn001111_sentence-12.wav,4.962,5.003,0.041,r,@,l,N00567_female_33,False,o,r
fn001111_sentence-12.wav,1.202,1.233,0.031,@,n,n,N00567_female_33,False,o,ə
fn001111_sentence-13.wav,2.89,2.92,0.03,d,n,@,N00567_female_33,False,o,d
fn001111_sentence-13.wav,0.371,0.402,0.031,l,E,v,N00567_female_33,False,o,l
fn001111_sentence-13.wav,0.462,0.503,0.041,d,v,@,N00567_female_33,False,o,d
fn001111_sentence-13.wav,2.688,2.718,0.03,r,@,h,N00567_female_33,False,o,r
fn001111_sentence-13.wav,2.961,2.991,0.03,r,@,t,N00567_female_33,False,o,r
fn001111_sentence-13.wav,2.293,2.324,0.031,O,i,p,N00567_female_33,False,o,ɔ
fn001111_sentence-14.wav,0.573,0.603,0.03,@,x,l,N00567_female_33,False,o,ə
fn001111_sentence-14.wav,2.567,2.598,0.031,A,d,G,N00567_female_33,False,o,ɑ
fn001111_sentence-14.wav,2.027,2.058,0.031,w,A+,t,N00567_female_33,False,o,ʋ
fn001111_sentence-14.wav,2.741,2.781,0.04,l,b,E+,N00567_female_33,False,o,l
fn001111_sentence-15.wav,6.462,6.492,0.03,r,@,I,N00567_female_33,False,o,r
fn001111_sentence-15.wav,0.943,0.984,0.041,h,f,A,N00567_female_33,False,o,h
fn001111_sentence-15.wav,5.412,5.442,0.03,@,d,b,N00567_female_33,False,o,ə
fn001111_sentence-15.wav,5.583,5.624,0.041,@,E+,n,N00567_female_33,False,o,ə
fn001111_sentence-15.wav,5.089,5.119,0.03,@,b,k,N00567_female_33,False,o,ə
fn001111_sentence-15.wav,6.432,6.462,0.03,@,k,r,N00567_female_33,False,o,ə
fn001111_sentence-15.wav,6.169,6.199,0.03,r,@,z,N00567_female_33,False,o,r
fn001111_sentence-16.wav,10.288,10.318,0.03,@,r,n,N00567_female_33,False,o,ə
fn001111_sentence-16.wav,6.87,6.901,0.031,r,@,x,N00567_female_33,False,o,r
fn001111_sentence-16.wav,4.509,4.54,0.031,r,@,h,N00567_female_33,False,o,r
fn001111_sentence-16.wav,2.602,2.643,0.041,@,d,s,N00567_female_33,False,o,ə
fn001111_sentence-16.wav,11.051,11.081,0.03,r,@,n,N00567_female_33,False,o,r
fn001111_sentence-16.wav,7.627,7.657,0.03,@,m,n,N00567_female_33,False,o,ə
fn001111_sentence-16.wav,2.572,2.602,0.03,d,n,@,N00567_female_33,False,o,d
fn001111_sentence-17.wav,3.073,3.103,0.03,l,r,@,N00567_female_33,False,o,l
fn001111_sentence-17.wav,3.507,3.537,0.03,d,n,@,N00567_female_33,False,o,d
fn001111_sentence-17.wav,3.921,3.961,0.04,w,@,A,N00567_female_33,False,o,ʋ
fn001111_sentence-18.wav,4.241,4.282,0.041,@,d,m,N00567_female_33,False,o,ə
fn001111_sentence-18.wav,3.413,3.444,0.031,n,@,t,N00567_female_33,False,o,n
fn001111_sentence-18.wav,0.868,0.899,0.031,E,r,s,N00567_female_33,False,o,ɛ
fn001111_sentence-18.wav,2.646,2.676,0.03,d,r,@,N00567_female_33,False,o,d
fn001111_sentence-18.wav,3.474,3.504,0.03,n,t,i,N00567_female_33,False,o,n
fn001111_sentence-18.wav,1.071,1.101,0.03,r,e,d,N00567_female_33,False,o,r
fn001111_sentence-18.wav,4.161,4.191,0.03,r,a,d,N00567_female_33,False,o,r
fn001111_sentence-19.wav,0.911,0.942,0.031,@,j,n,N00567_female_33,False,o,ə
fn001111_sentence-19.wav,0.942,0.972,0.03,n,@,d,N00567_female_33,False,o,n
fn001111_sentence-19.wav,4.366,4.396,0.03,@,b,d,N00567_female_33,False,o,ə
fn001111_sentence-19.wav,0.972,1.003,0.031,d,n,@,N00567_female_33,False,o,d
fn001111_sentence-19.wav,0.405,0.436,0.031,h,t,E,N00567_female_33,False,o,h
fn001111_sentence-19.wav,1.165,1.195,0.03,r,@,s,N00567_female_33,False,o,r
fn001111_sentence-19.wav,3.372,3.403,0.031,w,A+,k,N00567_female_33,False,o,ʋ
fn001111_sentence-20.wav,2.988,3.019,0.031,r,A,n,N00567_female_33,False,o,r
fn001111_sentence-21.wav,2.924,2.954,0.03,r,O,m,N00567_female_33,False,o,r
fn001111_sentence-21.wav,0.364,0.404,0.04,h,t,E,N00567_female_33,False,o,h
fn001111_sentence-23.wav,0.806,0.836,0.03,r,a,p,N00567_female_33,False,o,r
fn001111_sentence-23.wav,5.704,5.734,0.03,l,@,@,N00567_female_33,False,o,l
fn001111_sentence-23.wav,8.374,8.404,0.03,l,p,O,N00567_female_33,False,o,l
fn001111_sentence-23.wav,8.009,8.04,0.031,r,a,w,N00567_female_33,False,o,r
fn001111_sentence-24.wav,3.629,3.66,0.031,r,@,s,N00567_female_33,False,o,r
fn001111_sentence-24.wav,1.622,1.663,0.041,r,@,E,N00567_female_33,False,o,r
fn001111_sentence-25.wav,0.249,0.279,0.03,w,A+,d,N00567_female_33,False,o,ʋ
fn001111_sentence-25.wav,1.262,1.293,0.031,r,@,h,N00567_female_33,False,o,r
fn001111_sentence-25.wav,3.023,3.053,0.03,l,A,b,N00567_female_33,False,o,l
fn001111_sentence-27.wav,0.361,0.402,0.041,r,i,n,N00567_female_33,False,o,r
fn001111_sentence-28.wav,1.131,1.161,0.03,O,t,p,N00567_female_33,False,o,ɔ
fn001111_sentence-29.wav,1.183,1.213,0.03,l,A,s,N00567_female_33,False,o,l
fn001111_sentence-3.wav,7.593,7.624,0.031,r,o,@,N00567_female_33,False,o,r
fn001111_sentence-3.wav,7.969,7.999,0.03,r,@,@,N00567_female_33,False,o,r
fn001111_sentence-31.wav,2.15,2.181,0.031,d,n,b,N00567_female_33,False,o,d
fn001111_sentence-32.wav,2.752,2.782,0.03,r,o,t,N00567_female_33,False,o,r
fn001111_sentence-32.wav,0.527,0.558,0.031,r,a,k,N00567_female_33,False,o,r
fn001111_sentence-33.wav,4.67,4.701,0.031,d,r,@,N00567_female_33,False,o,d
fn001111_sentence-33.wav,1.542,1.582,0.04,w,t,A,N00567_female_33,False,o,ʋ
fn001111_sentence-33.wav,4.731,4.761,0.03,r,@,l,N00567_female_33,False,o,r
fn001111_sentence-4.wav,4.925,4.956,0.031,r,a,w,N00567_female_33,False,o,r
fn001111_sentence-5.wav,5.428,5.459,0.031,r,@,G,N00567_female_33,False,o,r
fn001111_sentence-5.wav,1.952,1.983,0.031,r,@,m,N00567_female_33,False,o,r
fn001111_sentence-5.wav,3.345,3.375,0.03,w,k,A,N00567_female_33,False,o,ʋ
fn001111_sentence-6.wav,4.47,4.5,0.03,r,a,m,N00567_female_33,False,o,r
fn001111_sentence-6.wav,3.561,3.591,0.03,w,A+,@,N00567_female_33,False,o,ʋ
fn001111_sentence-7.wav,0.363,0.393,0.03,r,a,i,N00567_female_33,False,o,r
fn001111_sentence-7.wav,0.23,0.261,0.031,r,E,m,N00567_female_33,False,o,r
fn001111_sentence-7.wav,0.81,0.841,0.031,r,@,s,N00567_female_33,False,o,r
fn001111_sentence-9.wav,4.301,4.332,0.031,d,r,@,N00567_female_33,False,o,d
fn001111_sentence-9.wav,0.107,0.138,0.031,d,m,A,N00567_female_33,False,o,d
fn001111_sentence-9.wav,4.271,4.301,0.03,r,o,d,N00567_female_33,False,o,r
fn001112_sentence-0.wav,0.107,0.137,0.03,r,O,m,N00567_female_33,False,o,r
fn001112_sentence-0.wav,0.673,0.704,0.031,w,r,A,N00567_female_33,False,o,ʋ
fn001112_sentence-1.wav,0.741,0.771,0.03,d,r,e,N00567_female_33,False,o,d
fn001112_sentence-1.wav,0.122,0.152,0.03,r,a,A,N00567_female_33,False,o,r
fn001112_sentence-10.wav,3.682,3.723,0.041,d,A+,@,N00567_female_33,False,o,d
fn001112_sentence-10.wav,4.604,4.644,0.04,d,i,@,N00567_female_33,False,o,d
fn001112_sentence-100.wav,3.165,3.196,0.031,d,s,@,N00567_female_33,False,o,d
fn001112_sentence-100.wav,1.111,1.141,0.03,d,n,i,N00567_female_33,False,o,d
fn001112_sentence-100.wav,2.963,2.993,0.03,d,E+,@,N00567_female_33,False,o,d
fn001112_sentence-100.wav,4.806,4.837,0.031,d,r,@,N00567_female_33,False,o,d
fn001112_sentence-101.wav,1.321,1.362,0.041,I,s,A,N00567_female_33,False,o,ɪ
fn001112_sentence-102.wav,0.963,0.993,0.03,d,n,@,N00567_female_33,False,o,d
fn001112_sentence-103.wav,1.714,1.744,0.03,d,n,@,N00567_female_33,False,o,d
fn001112_sentence-103.wav,1.169,1.2,0.031,r,@,s,N00567_female_33,False,o,r
fn001112_sentence-103.wav,0.645,0.675,0.03,r,O,m,N00567_female_33,False,o,r
fn001112_sentence-103.wav,1.825,1.855,0.03,w,r,E+,N00567_female_33,False,o,ʋ
fn001112_sentence-105.wav,0.805,0.836,0.031,d,r,@,N00567_female_33,False,o,d
fn001112_sentence-107.wav,3.924,3.954,0.03,r,a,n,N00567_female_33,False,o,r
fn001112_sentence-107.wav,1.132,1.162,0.03,d,l,@,N00567_female_33,False,o,d
fn001112_sentence-108.wav,0.107,0.138,0.031,r,A,n,N00567_female_33,False,o,r
fn001112_sentence-108.wav,1.322,1.352,0.03,d,n,@,N00567_female_33,False,o,d
fn001112_sentence-109.wav,7.587,7.618,0.031,w,r,E+,N00567_female_33,False,o,ʋ
fn001112_sentence-109.wav,5.384,5.415,0.031,r,e,a,N00567_female_33,False,o,r
fn001112_sentence-114.wav,0.253,0.283,0.03,w,A+,d,N00567_female_33,False,o,ʋ
fn001112_sentence-114.wav,0.283,0.313,0.03,d,w,Y,N00567_female_33,False,o,d
fn001112_sentence-116.wav,0.983,1.024,0.041,w,s,A,N00567_female_33,False,o,ʋ
fn001112_sentence-117.wav,2.023,2.064,0.041,w,@,e,N00567_female_33,False,o,ʋ
fn001112_sentence-118.wav,0.308,0.339,0.031,w,A+,b,N00567_female_33,False,o,ʋ
fn001112_sentence-119.wav,1.245,1.275,0.03,w,t,E,N00567_female_33,False,o,ʋ
fn001112_sentence-13.wav,1.313,1.343,0.03,w,A+,n,N00567_female_33,False,o,ʋ
fn001112_sentence-16.wav,0.625,0.656,0.031,w,f,E,N00567_female_33,False,o,ʋ
fn001112_sentence-24.wav,0.282,0.312,0.03,w,t,A,N00567_female_33,False,o,ʋ
fn001112_sentence-24.wav,0.443,0.484,0.041,w,t,A,N00567_female_33,False,o,ʋ
fn001112_sentence-28.wav,3.153,3.183,0.03,w,t,A,N00567_female_33,False,o,ʋ
fn001112_sentence-31.wav,3.225,3.256,0.031,w,A+,@,N00567_female_33,False,o,ʋ
fn001112_sentence-50.wav,0.353,0.383,0.03,w,A+,@,N00567_female_33,False,o,ʋ
fn001112_sentence-57.wav,0.441,0.471,0.03,w,@,E,N00567_female_33,False,o,ʋ
fn001112_sentence-59.wav,0.271,0.301,0.03,w,A+,b,N00567_female_33,False,o,ʋ
fn001112_sentence-59.wav,1.763,1.793,0.03,w,r,A,N00567_female_33,False,o,ʋ
fn001112_sentence-62.wav,0.202,0.244,0.042,w,t,o,N00567_female_33,False,o,ʋ
fn001112_sentence-63.wav,0.242,0.283,0.041,w,r,E+,N00567_female_33,False,o,ʋ
fn001022_sentence-0.wav,0.163,0.203,0.04,t,f,s,N00522_male_66,False,o,t
fn001022_sentence-0.wav,0.132,0.163,0.031,f,o,t,N00522_male_66,False,o,f
fn001022_sentence-1.wav,1.561,1.602,0.041,a,h,r,N00522_male_66,False,o,aː
fn001022_sentence-1.wav,0.352,0.383,0.031,r,o,z,N00522_male_66,False,o,r
fn001022_sentence-1.wav,1.944,1.984,0.04,I,k,n,N00522_male_66,False,o,ɪ
fn001022_sentence-1.wav,1.984,2.015,0.031,n,I,d,N00522_male_66,False,o,n
fn001022_sentence-101.wav,1.13,1.161,0.031,@,d,r,N00522_male_66,False,o,ə
fn001022_sentence-101.wav,1.161,1.191,0.03,r,@,j,N00522_male_66,False,o,r
fn001022_sentence-105.wav,0.732,0.762,0.03,e,@,n,N00522_male_66,False,o,eː
fn001022_sentence-105.wav,0.701,0.732,0.031,@,j,e,N00522_male_66,False,o,ə
fn001022_sentence-107.wav,0.162,0.202,0.04,O,k,m,N00522_male_66,False,o,ɔ
fn001022_sentence-109.wav,1.553,1.583,0.03,n,I,t,N00522_male_66,False,o,n
fn001022_sentence-109.wav,1.744,1.784,0.04,@,@,n,N00522_male_66,False,o,ə
fn001022_sentence-109.wav,1.966,1.996,0.03,l,p,A,N00522_male_66,False,o,l
fn001022_sentence-110.wav,0.123,0.164,0.041,w,@,I,N00522_male_66,False,o,ʋ
fn001022_sentence-110.wav,0.164,0.195,0.031,I,w,l,N00522_male_66,False,o,ɪ
fn001022_sentence-110.wav,0.082,0.123,0.041,@,z,w,N00522_male_66,False,o,ə
fn001022_sentence-111.wav,0.57,0.6,0.03,h,t,a,N00522_male_66,False,o,h
fn001022_sentence-111.wav,0.061,0.091,0.03,@,d,j,N00522_male_66,False,o,ə
fn001022_sentence-115.wav,0.749,0.78,0.031,n,e,s,N00522_male_66,False,o,n
fn001022_sentence-118.wav,0.966,0.997,0.031,r,O,s,N00522_male_66,False,o,r
fn001022_sentence-119.wav,0.081,0.122,0.041,@,z,d,N00522_male_66,False,o,ə
fn001022_sentence-126.wav,1.301,1.342,0.041,d,A+,@,N00522_male_66,False,o,d
fn001022_sentence-126.wav,1.342,1.372,0.03,@,d,m,N00522_male_66,False,o,ə
fn001022_sentence-126.wav,0.087,0.117,0.03,@,j,m,N00522_male_66,False,o,ə
fn001022_sentence-13.wav,2.508,2.539,0.031,r,a,m,N00522_male_66,False,o,r
fn001022_sentence-13.wav,1.073,1.103,0.03,r,a,p,N00522_male_66,False,o,r
fn001022_sentence-13.wav,3.331,3.362,0.031,r,@,s,N00522_male_66,False,o,r
fn001022_sentence-13.wav,1.103,1.144,0.041,p,r,i,N00522_male_66,False,o,p
fn001022_sentence-130.wav,1.131,1.162,0.031,r,a,d,N00522_male_66,False,o,r
fn001022_sentence-137.wav,0.524,0.564,0.04,r,a,s,N00522_male_66,False,o,r
fn001022_sentence-137.wav,0.168,0.199,0.031,w,t,A,N00522_male_66,False,o,ʋ
fn001022_sentence-139.wav,1.223,1.253,0.03,r,@,s,N00522_male_66,False,o,r
fn001022_sentence-142.wav,0.769,0.799,0.03,r,@,z,N00522_male_66,False,o,r
fn001022_sentence-15.wav,1.249,1.279,0.03,r,a,p,N00522_male_66,False,o,r
fn001022_sentence-154.wav,0.072,0.102,0.03,h,@,e,N00522_male_66,False,o,h
fn001022_sentence-154.wav,0.551,0.582,0.031,r,a,t,N00522_male_66,False,o,r
fn001022_sentence-159.wav,0.152,0.183,0.031,G,l,@,N00522_male_66,False,o,ɣ
fn001022_sentence-16.wav,1.05,1.08,0.03,r,i,t,N00522_male_66,False,o,r
fn001022_sentence-16.wav,1.887,1.917,0.03,r,@,v,N00522_male_66,False,o,r
fn001022_sentence-169.wav,1.51,1.54,0.03,d,n,@,N00522_male_66,False,o,d
fn001022_sentence-176.wav,1.389,1.419,0.03,r,a,b,N00522_male_66,False,o,r
fn001022_sentence-180.wav,0.726,0.757,0.031,r,@,t,N00522_male_66,False,o,r
fn001022_sentence-183.wav,1.207,1.238,0.031,r,@,E,N00522_male_66,False,o,r
fn001022_sentence-188.wav,0.314,0.344,0.03,w,f,@,N00522_male_66,False,o,ʋ
fn001022_sentence-195.wav,1.303,1.334,0.031,w,t,@,N00522_male_66,False,o,ʋ
fn001022_sentence-195.wav,0.142,0.183,0.041,d,n,A,N00522_male_66,False,o,d
fn001022_sentence-198.wav,4.325,4.356,0.031,d,n,@,N00522_male_66,False,o,d
fn001022_sentence-202.wav,1.422,1.463,0.041,Y,k,n,N00522_male_66,False,o,ʉ
fn001022_sentence-212.wav,0.122,0.163,0.041,w,E+,I,N00522_male_66,False,o,ʋ
fn001022_sentence-24.wav,0.082,0.122,0.04,w,@,I,N00522_male_66,False,o,ʋ
fn001022_sentence-286.wav,0.061,0.101,0.04,Y,j,l,N00522_male_66,False,o,ʉ
fn001022_sentence-35.wav,0.162,0.193,0.031,N,I,k,N00522_male_66,False,o,ŋ
fn001352_sentence-100.wav,0.367,0.398,0.031,@,d,r,N00703_male_67,False,o,ə
fn001352_sentence-101.wav,0.425,0.455,0.03,E+,z,n,N00703_male_67,False,o,ɛi
fn001352_sentence-102.wav,0.584,0.624,0.04,@,t,x,N00703_male_67,False,o,ə
fn001352_sentence-102.wav,1.363,1.393,0.03,t,i,b,N00703_male_67,False,o,t
fn001352_sentence-102.wav,1.211,1.241,0.03,r,E,n,N00703_male_67,False,o,r
fn001352_sentence-102.wav,0.928,0.958,0.03,A,@,l,N00703_male_67,False,o,ɑ
fn001352_sentence-103.wav,0.041,0.082,0.041,n,E,w,N00703_male_67,False,o,n
fn001352_sentence-104.wav,0.161,0.202,0.041,r,a,z,N00703_male_67,False,o,r
fn001352_sentence-107.wav,0.186,0.217,0.031,E,t,r,N00703_male_67,False,o,ɛ
fn001352_sentence-107.wav,0.361,0.392,0.031,x,O,w,N00703_male_67,False,o,x
fn001352_sentence-107.wav,0.103,0.144,0.041,m,O,t,N00703_male_67,False,o,m
fn001352_sentence-108.wav,0.083,0.124,0.041,k,I,h,N00703_male_67,False,o,k
fn001352_sentence-108.wav,0.124,0.155,0.031,h,k,E,N00703_male_67,False,o,h
fn001352_sentence-109.wav,0.233,0.263,0.03,n,E+,x,N00703_male_67,False,o,n
fn001352_sentence-109.wav,0.821,0.861,0.04,d,s,i,N00703_male_67,False,o,d
fn001352_sentence-109.wav,0.041,0.071,0.03,r,E,z,N00703_male_67,False,o,r
fn001352_sentence-109.wav,0.73,0.76,0.03,n,@,s,N00703_male_67,False,o,n
fn001352_sentence-110.wav,0.081,0.123,0.042,A,w,t,N00703_male_67,False,o,ɑ
fn001352_sentence-113.wav,0.069,0.1,0.031,n,E,w,N00703_male_67,False,o,n
fn001352_sentence-115.wav,2.142,2.173,0.031,N,A,g,N00703_male_67,False,o,ŋ
fn001352_sentence-115.wav,2.253,2.284,0.031,I,b,l,N00703_male_67,False,o,ɪ
fn001352_sentence-115.wav,1.991,2.021,0.03,@,j,b,N00703_male_67,False,o,ə
fn001352_sentence-116.wav,0.125,0.156,0.031,t,A,I,N00703_male_67,False,o,t
fn001352_sentence-117.wav,0.411,0.442,0.031,A,d,t,N00703_male_67,False,o,ɑ
fn001352_sentence-117.wav,0.082,0.123,0.041,m,n,a,N00703_male_67,False,o,m
fn001352_sentence-117.wav,0.051,0.082,0.031,n,E,m,N00703_male_67,False,o,n
fn001352_sentence-120.wav,0.312,0.343,0.031,@,t,n,N00703_male_67,False,o,ə
fn001352_sentence-120.wav,0.833,0.863,0.03,@,p,A,N00703_male_67,False,o,ə
fn001352_sentence-120.wav,0.863,0.904,0.041,A,@,x,N00703_male_67,False,o,ɑ
fn001352_sentence-120.wav,0.343,0.374,0.031,n,@,p,N00703_male_67,False,o,n
fn001352_sentence-14.wav,0.109,0.14,0.031,h,E+,e,N00703_male_67,False,o,h
fn001352_sentence-16.wav,0.332,0.363,0.031,@,d,r,N00703_male_67,False,o,ə
fn001352_sentence-16.wav,0.973,1.004,0.031,r,@,v,N00703_male_67,False,o,r
fn001352_sentence-16.wav,0.627,0.658,0.031,@,d,v,N00703_male_67,False,o,ə
fn001352_sentence-17.wav,0.803,0.843,0.04,n,a,s,N00703_male_67,False,o,n
fn001352_sentence-18.wav,0.083,0.124,0.041,E+,z,n,N00703_male_67,False,o,ɛi
fn001352_sentence-19.wav,0.163,0.204,0.041,h,n,E,N00703_male_67,False,o,h
fn001352_sentence-19.wav,0.122,0.163,0.041,n,E+,h,N00703_male_67,False,o,n
fn001352_sentence-21.wav,1.303,1.343,0.04,@,d,m,N00703_male_67,False,o,ə
fn001352_sentence-21.wav,1.272,1.303,0.031,d,n,@,N00703_male_67,False,o,d
fn001352_sentence-21.wav,1.242,1.272,0.03,n,A,d,N00703_male_67,False,o,n
fn001352_sentence-26.wav,0.063,0.095,0.032,A,d,t,N00703_male_67,False,o,ɑ
fn001352_sentence-27.wav,0.781,0.821,0.04,E,m,n,N00703_male_67,False,o,ɛ
fn001352_sentence-27.wav,1.722,1.752,0.03,n,I,j,N00703_male_67,False,o,n
fn001352_sentence-27.wav,1.803,1.834,0.031,@,j,x,N00703_male_67,False,o,ə
fn001352_sentence-27.wav,0.324,0.355,0.031,h,@,o,N00703_male_67,False,o,h
fn001352_sentence-27.wav,0.101,0.132,0.031,h,k,E,N00703_male_67,False,o,h
fn001352_sentence-27.wav,1.691,1.722,0.031,I,m,n,N00703_male_67,False,o,ɪ
fn001352_sentence-27.wav,2.213,2.244,0.031,n,E+,t,N00703_male_67,False,o,n
fn001352_sentence-27.wav,0.294,0.324,0.03,@,x,h,N00703_male_67,False,o,ə
fn001352_sentence-28.wav,1.084,1.115,0.031,t,m,n,N00703_male_67,False,o,t
fn001352_sentence-30.wav,0.823,0.864,0.041,@,r,s,N00703_male_67,False,o,ə
fn001352_sentence-32.wav,0.343,0.375,0.032,n,@,u,N00703_male_67,False,o,n
fn001352_sentence-37.wav,1.349,1.379,0.03,n,E,s,N00703_male_67,False,o,n
fn001352_sentence-37.wav,2.291,2.321,0.03,n,I,z,N00703_male_67,False,o,n
fn001352_sentence-39.wav,0.361,0.401,0.04,r,u,b,N00703_male_67,False,o,r
fn001352_sentence-40.wav,1.712,1.743,0.031,h,r,E+,N00703_male_67,False,o,h
fn001352_sentence-40.wav,2.323,2.364,0.041,@,d,n,N00703_male_67,False,o,ə
fn001352_sentence-40.wav,1.681,1.712,0.031,r,a,h,N00703_male_67,False,o,r
fn001352_sentence-41.wav,2.061,2.091,0.03,I,l,n,N00703_male_67,False,o,ɪ
fn001352_sentence-41.wav,2.03,2.061,0.031,l,a,I,N00703_male_67,False,o,l
fn001352_sentence-42.wav,1.311,1.341,0.03,n,@,A,N00703_male_67,False,o,n
fn001352_sentence-44.wav,0.061,0.092,0.031,n,@,r,N00703_male_67,False,o,n
fn001352_sentence-46.wav,0.161,0.192,0.031,h,A+,E,N00703_male_67,False,o,h
fn001352_sentence-48.wav,0.582,0.623,0.041,w,k,E,N00703_male_67,False,o,ʋ
fn001352_sentence-48.wav,0.102,0.143,0.041,r,a,h,N00703_male_67,False,o,r
fn001352_sentence-48.wav,0.143,0.173,0.03,h,r,E,N00703_male_67,False,o,h
fn001352_sentence-48.wav,0.623,0.664,0.041,E,w,l,N00703_male_67,False,o,ɛ
fn001352_sentence-49.wav,0.89,0.92,0.03,r,@,@,N00703_male_67,False,o,r
fn001352_sentence-5.wav,0.142,0.173,0.031,n,O,d,N00703_male_67,False,o,n
fn001352_sentence-5.wav,0.173,0.203,0.03,d,n,@,N00703_male_67,False,o,d
fn001352_sentence-51.wav,0.382,0.413,0.031,n,@,e,N00703_male_67,False,o,n
fn001352_sentence-54.wav,0.109,0.14,0.031,n,E,j,N00703_male_67,False,o,n
fn001352_sentence-60.wav,0.652,0.682,0.03,r,i,z,N00703_male_67,False,o,r
fn001352_sentence-60.wav,0.183,0.224,0.041,r,d,I,N00703_male_67,False,o,r
fn001352_sentence-69.wav,0.343,0.384,0.041,r,@,e,N00703_male_67,False,o,r
fn001352_sentence-7.wav,1.549,1.579,0.03,r,a,b,N00703_male_67,False,o,r
fn001352_sentence-7.wav,0.223,0.263,0.04,n,A,@,N00703_male_67,False,o,n
fn001352_sentence-71.wav,0.307,0.338,0.031,r,a,n,N00703_male_67,False,o,r
fn001352_sentence-72.wav,0.153,0.184,0.031,h,k,E,N00703_male_67,False,o,h
fn001352_sentence-72.wav,0.184,0.224,0.04,E,h,p,N00703_male_67,False,o,ɛ
fn001352_sentence-72.wav,0.561,0.602,0.041,r,@,@,N00703_male_67,False,o,r
fn001352_sentence-75.wav,0.462,0.502,0.04,n,I,v,N00703_male_67,False,o,n
fn001352_sentence-75.wav,0.603,0.634,0.031,l,O,w,N00703_male_67,False,o,l
fn001352_sentence-77.wav,1.649,1.68,0.031,n,r,a,N00703_male_67,False,o,n
fn001352_sentence-77.wav,1.71,1.74,0.03,r,a,d,N00703_male_67,False,o,r
fn001352_sentence-78.wav,0.904,0.944,0.04,r,e,@,N00703_male_67,False,o,r
fn001352_sentence-79.wav,1.802,1.842,0.04,n,a,@,N00703_male_67,False,o,n
fn001352_sentence-79.wav,0.773,0.803,0.03,n,@,h,N00703_male_67,False,o,n
fn001352_sentence-82.wav,0.267,0.298,0.031,r,@,n,N00703_male_67,False,o,r
fn001352_sentence-83.wav,0.189,0.22,0.031,N,O,G,N00703_male_67,False,o,ŋ
fn001352_sentence-83.wav,0.728,0.759,0.031,w,A+,x,N00703_male_67,False,o,ʋ
fn001352_sentence-84.wav,2.464,2.494,0.03,r,E,d,N00703_male_67,False,o,r
fn001352_sentence-91.wav,1.012,1.042,0.03,r,o,d,N00703_male_67,False,o,r
fn001352_sentence-92.wav,0.184,0.214,0.03,h,A+,E,N00703_male_67,False,o,h
fn001353_sentence-1.wav,0.644,0.675,0.031,r,@,n,N00703_male_67,False,o,r
fn001353_sentence-101.wav,2.128,2.158,0.03,r,@,s,N00703_male_67,False,o,r
fn001353_sentence-101.wav,0.353,0.383,0.03,G,@,@,N00703_male_67,False,o,ɣ
fn001353_sentence-102.wav,0.263,0.303,0.04,r,@,@,N00703_male_67,False,o,r
fn001353_sentence-103.wav,0.474,0.504,0.03,r,@,E,N00703_male_67,False,o,r
fn001353_sentence-108.wav,0.626,0.656,0.03,r,@,s,N00703_male_67,False,o,r
fn001353_sentence-109.wav,1.531,1.562,0.031,h,@,u,N00703_male_67,False,o,h
fn001353_sentence-115.wav,4.688,4.718,0.03,w,A+,s,N00703_male_67,False,o,ʋ
fn001353_sentence-123.wav,1.31,1.34,0.03,w,t,o,N00703_male_67,False,o,ʋ
fn001353_sentence-152.wav,0.202,0.233,0.031,N,O,@,N00703_male_67,False,o,ŋ
fn001353_sentence-154.wav,1.711,1.741,0.03,G,u,b,N00703_male_67,False,o,ɣ
fn001353_sentence-184.wav,0.203,0.243,0.04,G,@,I,N00703_male_67,False,o,ɣ
fn001353_sentence-47.wav,0.183,0.214,0.031,N,E,h,N00703_male_67,False,o,ŋ
fn001196_sentence-1.wav,2.922,2.963,0.041,r,o,@,N00696_male_66,False,o,r
fn001196_sentence-10.wav,1.044,1.074,0.03,d,n,@,N00696_male_66,False,o,d
fn001196_sentence-10.wav,1.013,1.044,0.031,n,A,d,N00696_male_66,False,o,n
fn001196_sentence-100.wav,2.046,2.076,0.03,@,G,r,N00696_male_66,False,o,ə
fn001196_sentence-102.wav,0.363,0.404,0.041,r,A,t,N00696_male_66,False,o,r
fn001196_sentence-102.wav,1.613,1.643,0.03,n,E,r,N00696_male_66,False,o,n
fn001196_sentence-102.wav,2.006,2.036,0.03,r,a,b,N00696_male_66,False,o,r
fn001196_sentence-103.wav,1.008,1.038,0.03,t,s,m,N00696_male_66,False,o,t
fn001196_sentence-103.wav,3.142,3.183,0.041,r,m,s,N00696_male_66,False,o,r
fn001196_sentence-104.wav,1.791,1.821,0.03,I,G,N,N00696_male_66,False,o,ɪ
fn001196_sentence-104.wav,2.003,2.043,0.04,t,f,x,N00696_male_66,False,o,t
fn001196_sentence-104.wav,1.872,1.902,0.03,h,N,e,N00696_male_66,False,o,h
fn001196_sentence-106.wav,0.325,0.356,0.031,@,j,h,N00696_male_66,False,o,ə
fn001196_sentence-106.wav,1.228,1.259,0.031,r,@,l,N00696_male_66,False,o,r
fn001196_sentence-107.wav,1.324,1.355,0.031,r,@,s,N00696_male_66,False,o,r
fn001196_sentence-107.wav,1.85,1.881,0.031,@,b,G,N00696_male_66,False,o,ə
fn001196_sentence-107.wav,1.79,1.82,0.03,n,E,b,N00696_male_66,False,o,n
fn001196_sentence-108.wav,5.201,5.242,0.041,a,n,r,N00696_male_66,False,o,aː
fn001196_sentence-108.wav,5.242,5.272,0.03,r,a,d,N00696_male_66,False,o,r
fn001196_sentence-108.wav,0.413,0.443,0.03,r,A,t,N00696_male_66,False,o,r
fn001196_sentence-108.wav,0.972,1.002,0.03,r,a,b,N00696_male_66,False,o,r
fn001196_sentence-109.wav,0.061,0.101,0.04,n,a,d,N00696_male_66,False,o,n
fn001196_sentence-109.wav,0.101,0.142,0.041,d,n,@,N00696_male_66,False,o,d
fn001196_sentence-109.wav,0.931,0.961,0.03,h,t,E+,N00696_male_66,False,o,h
fn001196_sentence-109.wav,2.063,2.104,0.041,d,n,@,N00696_male_66,False,o,d
fn001196_sentence-109.wav,1.962,2.003,0.041,@,s,n,N00696_male_66,False,o,ə
fn001196_sentence-110.wav,1.386,1.416,0.03,r,o,d,N00696_male_66,False,o,r
fn001196_sentence-111.wav,2.246,2.276,0.03,r,@,s,N00696_male_66,False,o,r
fn001196_sentence-111.wav,9.954,9.984,0.03,h,r,a,N00696_male_66,False,o,h
fn001196_sentence-112.wav,2.492,2.522,0.03,r,o,b,N00696_male_66,False,o,r
fn001196_sentence-113.wav,0.289,0.32,0.031,m,O,t,N00696_male_66,False,o,m
fn001196_sentence-114.wav,0.903,0.944,0.041,h,@,a,N00696_male_66,False,o,h
fn001196_sentence-114.wav,0.223,0.264,0.041,n,E,t,N00696_male_66,False,o,n
fn001196_sentence-117.wav,13.585,13.616,0.031,r,@,b,N00696_male_66,False,o,r
fn001196_sentence-12.wav,3.484,3.524,0.04,l,@,k,N00696_male_66,False,o,l
fn001196_sentence-12.wav,0.243,0.273,0.03,f,n,O,N00696_male_66,False,o,f
fn001196_sentence-120.wav,1.848,1.879,0.031,r,@,z,N00696_male_66,False,o,r
fn001196_sentence-121.wav,2.927,2.958,0.031,r,@,s,N00696_male_66,False,o,r
fn001196_sentence-121.wav,3.17,3.2,0.03,d,n,@,N00696_male_66,False,o,d
fn001196_sentence-122.wav,1.683,1.713,0.03,h,p,a,N00696_male_66,False,o,h
fn001196_sentence-124.wav,6.941,6.971,0.03,r,a,x,N00696_male_66,False,o,r
fn001196_sentence-124.wav,1.503,1.533,0.03,r,@,t,N00696_male_66,False,o,r
fn001196_sentence-124.wav,6.104,6.134,0.03,r,a,d,N00696_male_66,False,o,r
fn001196_sentence-128.wav,3.39,3.42,0.03,r,A,t,N00696_male_66,False,o,r
fn001196_sentence-128.wav,2.241,2.271,0.03,r,o,k,N00696_male_66,False,o,r
fn001196_sentence-129.wav,1.683,1.723,0.04,G,a,@,N00696_male_66,False,o,ɣ
fn001196_sentence-129.wav,2.046,2.076,0.03,r,@,d,N00696_male_66,False,o,r
fn001196_sentence-13.wav,0.587,0.618,0.031,h,r,a,N00696_male_66,False,o,h
fn001196_sentence-132.wav,2.287,2.317,0.03,h,@,u,N00696_male_66,False,o,h
fn001196_sentence-132.wav,0.223,0.254,0.031,h,r,E+,N00696_male_66,False,o,h
fn001196_sentence-133.wav,10.025,10.056,0.031,G,r,i,N00696_male_66,False,o,ɣ
fn001196_sentence-135.wav,2.543,2.584,0.041,Y,r,x,N00696_male_66,False,o,ʉ
fn001196_sentence-4.wav,1.783,1.824,0.041,G,r,@,N00696_male_66,False,o,ɣ
fn001196_sentence-40.wav,0.682,0.723,0.041,G,@,b,N00696_male_66,False,o,ɣ
fn001484_sentence-1.wav,1.508,1.539,0.031,r,o,d,N00784_male_73,False,o,r
fn001484_sentence-10.wav,0.111,0.141,0.03,@,z,l,N00784_male_73,False,o,ə
fn001484_sentence-100.wav,2.421,2.462,0.041,b,n,r,N00784_male_73,False,o,b
fn001484_sentence-100.wav,2.25,2.28,0.03,n,I,z,N00784_male_73,False,o,n
fn001484_sentence-105.wav,1.51,1.541,0.031,E+,h,s,N00784_male_73,False,o,ɛi
fn001484_sentence-105.wav,1.449,1.479,0.03,r,a,h,N00784_male_73,False,o,r
fn001484_sentence-106.wav,0.162,0.193,0.031,h,m,i,N00784_male_73,False,o,h
fn001484_sentence-107.wav,0.193,0.224,0.031,N,I,k,N00784_male_73,False,o,ŋ
fn001484_sentence-107.wav,0.224,0.254,0.03,k,N,t,N00784_male_73,False,o,k
fn001484_sentence-109.wav,0.102,0.142,0.04,r,t,I,N00784_male_73,False,o,r
fn001484_sentence-11.wav,0.527,0.558,0.031,N,I,k,N00784_male_73,False,o,ŋ
fn001484_sentence-11.wav,0.081,0.112,0.031,h,E+,e,N00784_male_73,False,o,h
fn001484_sentence-11.wav,0.051,0.081,0.03,E+,h,h,N00784_male_73,False,o,ɛi
fn001484_sentence-11.wav,0.112,0.142,0.03,e,h,f,N00784_male_73,False,o,eː
fn001484_sentence-110.wav,0.925,0.955,0.03,@,t,n,N00784_male_73,False,o,ə
fn001484_sentence-110.wav,0.762,0.803,0.041,t,s,a,N00784_male_73,False,o,t
fn001484_sentence-114.wav,2.861,2.892,0.031,n,@,w,N00784_male_73,False,o,n
fn001484_sentence-117.wav,0.307,0.338,0.031,r,@,d,N00784_male_73,False,o,r
fn001484_sentence-118.wav,0.172,0.202,0.03,N,E,@,N00784_male_73,False,o,ŋ
fn001484_sentence-12.wav,0.267,0.298,0.031,n,A,t,N00784_male_73,False,o,n
fn001484_sentence-123.wav,1.269,1.299,0.03,n,@,v,N00784_male_73,False,o,n
fn001484_sentence-132.wav,1.353,1.384,0.031,@,m,N,N00784_male_73,False,o,ə
fn001484_sentence-134.wav,0.268,0.299,0.031,n,@,h,N00784_male_73,False,o,n
fn001484_sentence-136.wav,1.109,1.14,0.031,r,2,d,N00784_male_73,False,o,r
fn001484_sentence-140.wav,0.051,0.081,0.03,I,m,s,N00784_male_73,False,o,ɪ
fn001484_sentence-153.wav,1.405,1.436,0.031,r,a,d,N00784_male_73,False,o,r
fn001484_sentence-153.wav,0.061,0.102,0.041,I,w,l,N00784_male_73,False,o,ɪ
fn001484_sentence-156.wav,1.843,1.883,0.04,d,n,@,N00784_male_73,False,o,d
fn001484_sentence-66.wav,0.162,0.202,0.04,N,I,k,N00784_male_73,False,o,ŋ
fn001485_sentence-26.wav,1.183,1.214,0.031,N,A,@,N00784_male_73,False,o,ŋ
fn001492_sentence-10.wav,0.182,0.223,0.041,l,E,k,N00788_female_65,False,o,l
fn001492_sentence-10.wav,1.154,1.184,0.03,@,j,d,N00788_female_65,False,o,ə
fn001492_sentence-12.wav,0.172,0.202,0.03,I,h,n,N00788_female_65,False,o,ɪ
fn001492_sentence-14.wav,3.774,3.804,0.03,w,@,I,N00788_female_65,False,o,ʋ
fn001492_sentence-14.wav,2.202,2.232,0.03,r,@,l,N00788_female_65,False,o,r
fn001492_sentence-14.wav,0.123,0.153,0.03,h,t,I,N00788_female_65,False,o,h
fn001492_sentence-15.wav,1.941,1.981,0.04,j,t,@,N00788_female_65,False,o,j
fn001492_sentence-15.wav,0.486,0.517,0.031,r,@,t,N00788_female_65,False,o,r
fn001492_sentence-15.wav,3.086,3.116,0.03,@,d,n,N00788_female_65,False,o,ə
fn001492_sentence-16.wav,8.121,8.162,0.041,e,r,l,N00788_female_65,False,o,eː
fn001492_sentence-18.wav,8.243,8.274,0.031,r,@,G,N00788_female_65,False,o,r
fn001492_sentence-18.wav,4.983,5.023,0.04,a,w,r,N00788_female_65,False,o,aː
fn001492_sentence-19.wav,9.202,9.243,0.041,I,h,n,N00788_female_65,False,o,ɪ
fn001492_sentence-19.wav,1.203,1.244,0.041,w,u,A,N00788_female_65,False,o,ʋ
fn001492_sentence-19.wav,1.244,1.274,0.03,A,w,x,N00788_female_65,False,o,ɑ
fn001492_sentence-19.wav,8.504,8.534,0.03,r,@,k,N00788_female_65,False,o,r
fn001492_sentence-19.wav,1.163,1.203,0.04,u,j,w,N00788_female_65,False,o,uː
fn001492_sentence-19.wav,5.245,5.275,0.03,v,n,@,N00788_female_65,False,o,v
fn001492_sentence-19.wav,9.162,9.202,0.04,h,t,I,N00788_female_65,False,o,h
fn001492_sentence-20.wav,4.081,4.121,0.04,w,u,I,N00788_female_65,False,o,ʋ
fn001492_sentence-20.wav,7.054,7.084,0.03,r,@,s,N00788_female_65,False,o,r
fn001492_sentence-20.wav,1.222,1.263,0.041,w,@,@,N00788_female_65,False,o,ʋ
fn001492_sentence-20.wav,11.803,11.834,0.031,r,@,t,N00788_female_65,False,o,r
fn001492_sentence-20.wav,2.654,2.684,0.03,r,@,I,N00788_female_65,False,o,r
fn001492_sentence-20.wav,19.447,19.478,0.031,r,@,s,N00788_female_65,False,o,r
fn001492_sentence-20.wav,7.972,8.002,0.03,r,@,b,N00788_female_65,False,o,r
fn001492_sentence-20.wav,18.413,18.444,0.031,r,@,s,N00788_female_65,False,o,r
fn001492_sentence-23.wav,0.122,0.152,0.03,h,t,I,N00788_female_65,False,o,h
fn001492_sentence-24.wav,9.142,9.182,0.04,r,@,o,N00788_female_65,False,o,r
fn001492_sentence-25.wav,0.561,0.602,0.041,r,@,s,N00788_female_65,False,o,r
fn001492_sentence-26.wav,2.909,2.939,0.03,r,E,d,N00788_female_65,False,o,r
fn001492_sentence-34.wav,7.613,7.643,0.03,r,@,s,N00788_female_65,False,o,r
fn001492_sentence-35.wav,0.132,0.162,0.03,h,t,I,N00788_female_65,False,o,h
fn001492_sentence-36.wav,8.268,8.299,0.031,r,@,s,N00788_female_65,False,o,r
fn001492_sentence-36.wav,0.273,0.303,0.03,r,@,@,N00788_female_65,False,o,r
fn001492_sentence-36.wav,6.188,6.218,0.03,r,i,Y+,N00788_female_65,False,o,r
fn001492_sentence-36.wav,5.703,5.744,0.041,l,E,v,N00788_female_65,False,o,l
fn001492_sentence-36.wav,4.007,4.038,0.031,r,x,I,N00788_female_65,False,o,r
fn001492_sentence-4.wav,2.381,2.412,0.031,r,k,a,N00788_female_65,False,o,r
fn001492_sentence-42.wav,3.283,3.323,0.04,r,o,d,N00788_female_65,False,o,r
fn001492_sentence-42.wav,0.486,0.517,0.031,r,@,t,N00788_female_65,False,o,r
fn001492_sentence-42.wav,7.163,7.193,0.03,r,v,u,N00788_female_65,False,o,r
fn001492_sentence-44.wav,1.586,1.616,0.03,r,x,I,N00788_female_65,False,o,r
fn001492_sentence-44.wav,13.844,13.884,0.04,r,@,d,N00788_female_65,False,o,r
fn001492_sentence-45.wav,5.913,5.943,0.03,r,@,t,N00788_female_65,False,o,r
fn001492_sentence-47.wav,9.041,9.082,0.041,w,u,I,N00788_female_65,False,o,ʋ
fn001492_sentence-49.wav,0.122,0.152,0.03,h,t,I,N00788_female_65,False,o,h
fn001492_sentence-5.wav,4.785,4.815,0.03,w,t,I,N00788_female_65,False,o,ʋ
fn001492_sentence-50.wav,2.108,2.138,0.03,r,a,I,N00788_female_65,False,o,r
fn001492_sentence-6.wav,3.187,3.217,0.03,r,@,s,N00788_female_65,False,o,r
fn001492_sentence-7.wav,1.01,1.04,0.03,r,E,e,N00788_female_65,False,o,r
fn001492_sentence-8.wav,4.262,4.293,0.031,r,@,s,N00788_female_65,False,o,r
fn001492_sentence-9.wav,13.232,13.262,0.03,r,@,s,N00788_female_65,False,o,r
fn001493_sentence-0.wav,3.841,3.882,0.041,r,E,k,N00788_female_65,False,o,r
fn001493_sentence-10.wav,8.084,8.115,0.031,r,E,k,N00788_female_65,False,o,r
fn001493_sentence-11.wav,6.873,6.904,0.031,r,@,l,N00788_female_65,False,o,r
fn001121_sentence-0.wav,0.194,0.224,0.03,t,f,s,N00621_male_52,False,o,t
fn001121_sentence-0.wav,0.224,0.255,0.031,s,t,t,N00621_male_52,False,o,s
fn001121_sentence-1.wav,1.327,1.357,0.03,l,E+,@,N00621_male_52,False,o,l
fn001121_sentence-1.wav,3.694,3.724,0.03,s,l,O,N00621_male_52,False,o,s
fn001121_sentence-1.wav,1.783,1.823,0.04,r,@,l,N00621_male_52,False,o,r
fn001121_sentence-1.wav,3.663,3.694,0.031,l,A,s,N00621_male_52,False,o,l
fn001121_sentence-1.wav,0.507,0.537,0.03,@,v,r,N00621_male_52,False,o,ə
fn001121_sentence-1.wav,1.023,1.053,0.03,r,E,t,N00621_male_52,False,o,r
fn001121_sentence-100.wav,0.773,0.803,0.03,e,r,n,N00621_male_52,False,o,eː
fn001121_sentence-100.wav,0.702,0.732,0.03,@,m,r,N00621_male_52,False,o,ə
fn001121_sentence-101.wav,5.086,5.116,0.03,t,s,s,N00621_male_52,False,o,t
fn001121_sentence-101.wav,1.771,1.801,0.03,d,z,b,N00621_male_52,False,o,d
fn001121_sentence-101.wav,4.63,4.661,0.031,@,r,m,N00621_male_52,False,o,ə
fn001121_sentence-101.wav,3.425,3.456,0.031,@,r,E,N00621_male_52,False,o,ə
fn001121_sentence-101.wav,6.381,6.421,0.04,r,@,t,N00621_male_52,False,o,r
fn001121_sentence-101.wav,0.702,0.742,0.04,t,s,O,N00621_male_52,False,o,t
fn001121_sentence-101.wav,3.771,3.801,0.03,a,l,f,N00621_male_52,False,o,aː
fn001121_sentence-102.wav,1.626,1.657,0.031,r,@,s,N00621_male_52,False,o,r
fn001121_sentence-103.wav,0.352,0.383,0.031,l,@,@,N00621_male_52,False,o,l
fn001121_sentence-103.wav,0.423,0.463,0.04,k,@,f,N00621_male_52,False,o,k
fn001121_sentence-103.wav,0.383,0.423,0.04,@,l,k,N00621_male_52,False,o,ə
fn001121_sentence-104.wav,0.71,0.74,0.03,a,n,r,N00621_male_52,False,o,aː
fn001121_sentence-104.wav,5.628,5.659,0.031,n,@,d,N00621_male_52,False,o,n
fn001121_sentence-104.wav,0.649,0.679,0.03,r,e,n,N00621_male_52,False,o,r
fn001121_sentence-104.wav,0.801,0.832,0.031,E,h,m,N00621_male_52,False,o,ɛ
fn001121_sentence-104.wav,0.771,0.801,0.03,h,r,E,N00621_male_52,False,o,h
fn001121_sentence-104.wav,5.568,5.598,0.03,r,@,@,N00621_male_52,False,o,r
fn001121_sentence-104.wav,2.665,2.695,0.03,r,@,b,N00621_male_52,False,o,r
fn001121_sentence-106.wav,0.566,0.596,0.03,k,r,@,N00621_male_52,False,o,k
fn001121_sentence-106.wav,0.626,0.656,0.03,l,@,@,N00621_male_52,False,o,l
fn001121_sentence-107.wav,3.103,3.144,0.041,n,E,l,N00621_male_52,False,o,n
fn001121_sentence-107.wav,2.169,2.199,0.03,E+,s,n,N00621_male_52,False,o,ɛi
fn001121_sentence-11.wav,0.133,0.164,0.031,r,x,e,N00621_male_52,False,o,r
fn001121_sentence-11.wav,0.421,0.452,0.031,@,d,v,N00621_male_52,False,o,ə
fn001121_sentence-112.wav,2.982,3.022,0.04,@,t,n,N00621_male_52,False,o,ə
fn001121_sentence-112.wav,0.941,0.971,0.03,@,m,n,N00621_male_52,False,o,ə
fn001121_sentence-112.wav,3.022,3.052,0.03,n,@,t,N00621_male_52,False,o,n
fn001121_sentence-113.wav,0.091,0.122,0.031,E+,z,n,N00621_male_52,False,o,ɛi
fn001121_sentence-114.wav,0.101,0.142,0.041,h,E+,A,N00621_male_52,False,o,h
fn001121_sentence-114.wav,0.142,0.182,0.04,A,h,@,N00621_male_52,False,o,ɑ
fn001121_sentence-114.wav,0.304,0.344,0.04,h,@,A,N00621_male_52,False,o,h
fn001121_sentence-116.wav,0.324,0.355,0.031,@,j,b,N00621_male_52,False,o,ə
fn001121_sentence-119.wav,0.669,0.699,0.03,E+,s,n,N00621_male_52,False,o,ɛi
fn001121_sentence-119.wav,0.426,0.456,0.03,h,s,i,N00621_male_52,False,o,h
fn001121_sentence-120.wav,0.087,0.117,0.03,E+,z,n,N00621_male_52,False,o,ɛi
fn001121_sentence-120.wav,1.109,1.139,0.03,l,A,s,N00621_male_52,False,o,l
fn001121_sentence-121.wav,0.485,0.515,0.03,d,r,@,N00621_male_52,False,o,d
fn001121_sentence-122.wav,2.647,2.678,0.031,r,@,m,N00621_male_52,False,o,r
fn001121_sentence-122.wav,0.861,0.892,0.031,E+,z,n,N00621_male_52,False,o,ɛi
fn001121_sentence-122.wav,2.183,2.213,0.03,E+,z,n,N00621_male_52,False,o,ɛi
fn001121_sentence-123.wav,0.861,0.892,0.031,r,d,Y,N00621_male_52,False,o,r
fn001121_sentence-123.wav,6.423,6.463,0.04,p,O,d,N00621_male_52,False,o,p
fn001121_sentence-123.wav,5.329,5.36,0.031,@,t,r,N00621_male_52,False,o,ə
fn001121_sentence-123.wav,6.952,6.983,0.031,A,v,n,N00621_male_52,False,o,ɑ
fn001121_sentence-123.wav,7.023,7.054,0.031,@,n,n,N00621_male_52,False,o,ə
fn001121_sentence-124.wav,1.648,1.678,0.03,@,s,t,N00621_male_52,False,o,ə
fn001121_sentence-124.wav,0.546,0.576,0.03,@,r,t,N00621_male_52,False,o,ə
fn001121_sentence-125.wav,5.321,5.361,0.04,@,x,s,N00621_male_52,False,o,ə
fn001121_sentence-125.wav,0.846,0.876,0.03,@,z,s,N00621_male_52,False,o,ə
fn001121_sentence-125.wav,4.422,4.462,0.04,r,t,O,N00621_male_52,False,o,r
fn001121_sentence-128.wav,2.954,2.984,0.03,@,j,O,N00621_male_52,False,o,ə
fn001121_sentence-128.wav,2.842,2.883,0.041,l,A,j,N00621_male_52,False,o,l
fn001121_sentence-129.wav,6.561,6.601,0.04,@,x,v,N00621_male_52,False,o,ə
fn001121_sentence-129.wav,1.741,1.771,0.03,r,p,o,N00621_male_52,False,o,r
fn001121_sentence-131.wav,0.132,0.162,0.03,h,k,E,N00621_male_52,False,o,h
fn001121_sentence-131.wav,1.708,1.738,0.03,r,o,d,N00621_male_52,False,o,r
fn001121_sentence-132.wav,0.222,0.264,0.042,r,E,t,N00621_male_52,False,o,r
fn001121_sentence-132.wav,0.068,0.099,0.031,@,d,r,N00621_male_52,False,o,ə
fn001121_sentence-133.wav,0.945,0.975,0.03,r,@,s,N00621_male_52,False,o,r
fn001121_sentence-136.wav,1.394,1.424,0.03,@,v,E,N00621_male_52,False,o,ə
fn001121_sentence-136.wav,1.828,1.859,0.031,@,j,I,N00621_male_52,False,o,ə
fn001121_sentence-137.wav,1.164,1.204,0.04,r,O,G,N00621_male_52,False,o,r
fn001121_sentence-138.wav,2.323,2.363,0.04,r,o,G,N00621_male_52,False,o,r
fn001121_sentence-138.wav,6.043,6.083,0.04,r,v,i,N00621_male_52,False,o,r
fn001121_sentence-138.wav,6.245,6.276,0.031,@,d,h,N00621_male_52,False,o,ə
fn001121_sentence-138.wav,0.687,0.717,0.03,r,@,b,N00621_male_52,False,o,r
fn001121_sentence-138.wav,0.889,0.919,0.03,@,d,l,N00621_male_52,False,o,ə
fn001121_sentence-139.wav,0.91,0.941,0.031,r,a,n,N00621_male_52,False,o,r
fn001121_sentence-139.wav,1.649,1.679,0.03,r,@,v,N00621_male_52,False,o,r
fn001121_sentence-139.wav,3.082,3.122,0.04,@,d,x,N00621_male_52,False,o,ə
fn001121_sentence-14.wav,0.182,0.223,0.041,h,p,E+,N00621_male_52,False,o,h
fn001121_sentence-140.wav,1.587,1.617,0.03,r,@,O,N00621_male_52,False,o,r
fn001121_sentence-140.wav,1.486,1.516,0.03,r,E,v,N00621_male_52,False,o,r
fn001121_sentence-146.wav,3.829,3.859,0.03,r,e,e,N00621_male_52,False,o,r
fn001121_sentence-146.wav,0.383,0.413,0.03,r,a,b,N00621_male_52,False,o,r
fn001121_sentence-148.wav,2.762,2.803,0.041,r,o,z,N00621_male_52,False,o,r
fn001121_sentence-148.wav,0.525,0.555,0.03,b,r,@,N00621_male_52,False,o,b
fn001121_sentence-149.wav,11.324,11.364,0.04,r,e,w,N00621_male_52,False,o,r
fn001121_sentence-150.wav,9.049,9.08,0.031,w,A+,@,N00621_male_52,False,o,ʋ
fn001121_sentence-154.wav,0.152,0.182,0.03,G,@,r,N00621_male_52,False,o,ɣ
fn001121_sentence-159.wav,4.185,4.215,0.03,w,@,I,N00621_male_52,False,o,ʋ
fn001121_sentence-21.wav,0.242,0.283,0.041,w,e,d,N00621_male_52,False,o,ʋ
fn001121_sentence-29.wav,6.369,6.399,0.03,N,I,h,N00621_male_52,False,o,ŋ
fn001121_sentence-42.wav,3.181,3.222,0.041,A+,s,w,N00621_male_52,False,o,ɑu
fn001121_sentence-42.wav,3.222,3.253,0.031,w,A+,t,N00621_male_52,False,o,ʋ
fn001121_sentence-55.wav,0.363,0.403,0.04,w,A+,z,N00621_male_52,False,o,ʋ
fn001121_sentence-66.wav,4.885,4.916,0.031,w,A+,b,N00621_male_52,False,o,ʋ
fn001121_sentence-68.wav,0.603,0.643,0.04,Y,j,s,N00621_male_52,False,o,ʉ
fn001376_sentence-10.wav,12.164,12.204,0.04,w,t,I,N00715_female_68,False,o,ʋ
fn001376_sentence-10.wav,11.922,11.962,0.04,@,d,O,N00715_female_68,False,o,ə
fn001376_sentence-10.wav,0.801,0.832,0.031,h,t,Y,N00715_female_68,False,o,h
fn001376_sentence-10.wav,0.431,0.462,0.031,t,l,j,N00715_female_68,False,o,t
fn001376_sentence-10.wav,8.422,8.462,0.04,l,E,k,N00715_female_68,False,o,l
fn001376_sentence-11.wav,5.421,5.462,0.041,l,G,@,N00715_female_68,False,o,l
fn001376_sentence-11.wav,4.604,4.644,0.04,@,j,O,N00715_female_68,False,o,ə
fn001376_sentence-11.wav,6.702,6.742,0.04,w,@,e,N00715_female_68,False,o,ʋ
fn001376_sentence-12.wav,1.023,1.064,0.041,t,s,s,N00715_female_68,False,o,t
fn001376_sentence-12.wav,2.001,2.041,0.04,n,I,d,N00715_female_68,False,o,n
fn001376_sentence-12.wav,2.041,2.082,0.041,d,n,@,N00715_female_68,False,o,d
fn001376_sentence-12.wav,4.262,4.303,0.041,x,n,r,N00715_female_68,False,o,x
fn001376_sentence-12.wav,3.443,3.484,0.041,@,d,s,N00715_female_68,False,o,ə
fn001376_sentence-13.wav,1.031,1.061,0.03,@,G,n,N00715_female_68,False,o,ə
fn001376_sentence-13.wav,1.526,1.556,0.03,w,A+,v,N00715_female_68,False,o,ʋ
fn001376_sentence-13.wav,1.061,1.102,0.041,n,@,d,N00715_female_68,False,o,n
fn001376_sentence-16.wav,1.023,1.063,0.04,w,A+,@,N00715_female_68,False,o,ʋ
fn001376_sentence-17.wav,1.269,1.3,0.031,l,n,e,N00715_female_68,False,o,l
fn001376_sentence-17.wav,1.572,1.602,0.03,d,n,@,N00715_female_68,False,o,d
fn001376_sentence-18.wav,7.261,7.302,0.041,l,@,@,N00715_female_68,False,o,l
fn001376_sentence-19.wav,2.822,2.853,0.031,m,O,d,N00715_female_68,False,o,m
fn001376_sentence-19.wav,2.603,2.644,0.041,r,e,@,N00715_female_68,False,o,r
fn001376_sentence-19.wav,0.143,0.184,0.041,w,k,A,N00715_female_68,False,o,ʋ
fn001376_sentence-2.wav,4.501,4.541,0.04,l,@,s,N00715_female_68,False,o,l
fn001376_sentence-22.wav,4.311,4.341,0.03,w,n,@,N00715_female_68,False,o,ʋ
fn001376_sentence-22.wav,1.803,1.833,0.03,w,n,@,N00715_female_68,False,o,ʋ
fn001376_sentence-22.wav,3.024,3.054,0.03,r,@,d,N00715_female_68,False,o,r
fn001376_sentence-24.wav,3.154,3.184,0.03,r,a,h,N00715_female_68,False,o,r
fn001376_sentence-28.wav,1.05,1.08,0.03,r,@,d,N00715_female_68,False,o,r
fn001376_sentence-3.wav,0.263,0.303,0.04,r,@,A,N00715_female_68,False,o,r
fn001376_sentence-33.wav,5.248,5.278,0.03,Y,h,n,N00715_female_68,False,o,ʉ
fn001376_sentence-34.wav,2.503,2.534,0.031,N,I,@,N00715_female_68,False,o,ŋ
fn001377_sentence-20.wav,0.383,0.414,0.031,w,k,E,N00715_female_68,False,o,ʋ
fn001377_sentence-25.wav,0.75,0.78,0.03,h,p,E,N00715_female_68,False,o,h
fn001377_sentence-29.wav,1.202,1.243,0.041,w,r,e,N00715_female_68,False,o,ʋ
fn001377_sentence-3.wav,0.141,0.181,0.04,w,@,a,N00715_female_68,False,o,ʋ
fn001377_sentence-35.wav,0.345,0.375,0.03,w,A+,x,N00715_female_68,False,o,ʋ
fn001377_sentence-49.wav,1.426,1.457,0.031,w,t,A,N00715_female_68,False,o,ʋ
fn001377_sentence-79.wav,9.301,9.331,0.03,y,l,t,N00715_female_68,False,o,yː
fn001220_sentence-0.wav,0.39,0.42,0.03,r,@,s,N00600_male_41,False,o,r
fn001220_sentence-1.wav,1.281,1.322,0.041,l,A,s,N00600_male_41,False,o,l
fn001220_sentence-1.wav,1.322,1.363,0.041,s,l,d,N00600_male_41,False,o,s
fn001220_sentence-10.wav,3.114,3.144,0.03,E+,z,n,N00600_male_41,False,o,ɛi
fn001220_sentence-10.wav,0.702,0.743,0.041,n,@,v,N00600_male_41,False,o,n
fn001220_sentence-10.wav,0.671,0.702,0.031,@,z,n,N00600_male_41,False,o,ə
fn001220_sentence-11.wav,5.302,5.333,0.031,@,@,t,N00600_male_41,False,o,ə
fn001220_sentence-13.wav,1.444,1.474,0.03,t,k,n,N00600_male_41,False,o,t
fn001220_sentence-13.wav,1.474,1.504,0.03,n,t,a,N00600_male_41,False,o,n
fn001220_sentence-13.wav,0.969,1.0,0.031,n,E,h,N00600_male_41,False,o,n
fn001220_sentence-15.wav,1.503,1.544,0.041,@,j,n,N00600_male_41,False,o,ə
fn001220_sentence-16.wav,0.521,0.552,0.031,O,r,p,N00600_male_41,False,o,ɔ
fn001220_sentence-16.wav,1.293,1.324,0.031,A,w,s,N00600_male_41,False,o,ɑ
fn001220_sentence-17.wav,0.081,0.111,0.03,r,a,h,N00600_male_41,False,o,r
fn001220_sentence-17.wav,1.162,1.192,0.03,n,@,v,N00600_male_41,False,o,n
fn001220_sentence-17.wav,0.051,0.081,0.03,a,m,r,N00600_male_41,False,o,aː
fn001220_sentence-17.wav,0.141,0.182,0.041,E+,h,k,N00600_male_41,False,o,ɛi
fn001220_sentence-17.wav,0.111,0.141,0.03,h,r,E+,N00600_male_41,False,o,h
fn001220_sentence-17.wav,2.426,2.457,0.031,r,@,t,N00600_male_41,False,o,r
fn001220_sentence-18.wav,3.344,3.384,0.04,E,m,t,N00600_male_41,False,o,ɛ
fn001220_sentence-19.wav,0.971,1.001,0.03,l,A,s,N00600_male_41,False,o,l
fn001220_sentence-20.wav,2.104,2.144,0.04,I,r,x,N00600_male_41,False,o,ɪ
fn001220_sentence-20.wav,0.128,0.158,0.03,d,n,@,N00600_male_41,False,o,d
fn001220_sentence-20.wav,0.534,0.564,0.03,r,@,v,N00600_male_41,False,o,r
fn001220_sentence-20.wav,2.603,2.644,0.041,n,A,d,N00600_male_41,False,o,n
fn001220_sentence-20.wav,2.644,2.675,0.031,d,n,@,N00600_male_41,False,o,d
fn001220_sentence-20.wav,2.063,2.104,0.041,r,@,I,N00600_male_41,False,o,r
fn001220_sentence-21.wav,0.282,0.324,0.042,O,k,p,N00600_male_41,False,o,ɔ
fn001220_sentence-21.wav,3.592,3.623,0.031,r,@,@,N00600_male_41,False,o,r
fn001220_sentence-22.wav,1.567,1.598,0.031,w,r,O,N00600_male_41,False,o,ʋ
fn001220_sentence-23.wav,0.721,0.751,0.03,O,n,x,N00600_male_41,False,o,ɔ
fn001220_sentence-23.wav,0.629,0.66,0.031,t,u,n,N00600_male_41,False,o,t
fn001220_sentence-23.wav,0.163,0.203,0.04,@,d,r,N00600_male_41,False,o,ə
fn001220_sentence-24.wav,2.293,2.324,0.031,d,n,@,N00600_male_41,False,o,d
fn001220_sentence-27.wav,0.621,0.662,0.041,w,A+,@,N00600_male_41,False,o,ʋ
fn001220_sentence-27.wav,0.071,0.102,0.031,@,z,h,N00600_male_41,False,o,ə
fn001220_sentence-27.wav,0.102,0.142,0.04,h,@,e,N00600_male_41,False,o,h
fn001220_sentence-3.wav,1.788,1.818,0.03,r,E,d,N00600_male_41,False,o,r
fn001220_sentence-30.wav,0.061,0.091,0.03,@,z,h,N00600_male_41,False,o,ə
fn001220_sentence-30.wav,0.091,0.122,0.031,h,@,e,N00600_male_41,False,o,h
fn001220_sentence-31.wav,1.462,1.492,0.03,A,d,t,N00600_male_41,False,o,ɑ
fn001220_sentence-31.wav,2.283,2.323,0.04,I,w,l,N00600_male_41,False,o,ɪ
fn001220_sentence-31.wav,2.252,2.283,0.031,w,t,I,N00600_male_41,False,o,ʋ
fn001220_sentence-32.wav,0.061,0.092,0.031,E+,z,n,N00600_male_41,False,o,ɛi
fn001220_sentence-32.wav,0.369,0.4,0.031,r,@,k,N00600_male_41,False,o,r
fn001220_sentence-34.wav,0.388,0.418,0.03,l,A,s,N00600_male_41,False,o,l
fn001220_sentence-35.wav,0.421,0.462,0.041,@,d,r,N00600_male_41,False,o,ə
fn001220_sentence-35.wav,0.462,0.493,0.031,r,@,A,N00600_male_41,False,o,r
fn001220_sentence-36.wav,0.061,0.102,0.041,r,v,a,N00600_male_41,False,o,r
fn001220_sentence-36.wav,0.723,0.754,0.031,r,@,@,N00600_male_41,False,o,r
fn001220_sentence-36.wav,0.693,0.723,0.03,@,t,r,N00600_male_41,False,o,ə
fn001220_sentence-4.wav,0.052,0.083,0.031,n,I,d,N00600_male_41,False,o,n
fn001220_sentence-4.wav,0.083,0.114,0.031,d,n,@,N00600_male_41,False,o,d
fn001220_sentence-40.wav,3.301,3.341,0.04,w,E+,e,N00600_male_41,False,o,ʋ
fn001220_sentence-41.wav,1.487,1.518,0.031,r,a,d,N00600_male_41,False,o,r
fn001220_sentence-41.wav,3.227,3.257,0.03,@,r,h,N00600_male_41,False,o,ə
fn001220_sentence-41.wav,0.143,0.174,0.031,@,d,r,N00600_male_41,False,o,ə
fn001220_sentence-41.wav,0.112,0.143,0.031,d,u,@,N00600_male_41,False,o,d
fn001220_sentence-41.wav,2.781,2.821,0.04,@,r,n,N00600_male_41,False,o,ə
fn001220_sentence-42.wav,0.244,0.275,0.031,O,k,p,N00600_male_41,False,o,ɔ
fn001220_sentence-42.wav,1.821,1.851,0.03,A,k,x,N00600_male_41,False,o,ɑ
fn001220_sentence-42.wav,1.912,1.943,0.031,@,x,l,N00600_male_41,False,o,ə
fn001220_sentence-42.wav,0.764,0.795,0.031,@,Y+,d,N00600_male_41,False,o,ə
fn001220_sentence-44.wav,1.722,1.763,0.041,A,l,N,N00600_male_41,False,o,ɑ
fn001220_sentence-48.wav,0.113,0.144,0.031,x,E,t,N00600_male_41,False,o,x
fn001220_sentence-49.wav,0.153,0.184,0.031,w,n,@,N00600_male_41,False,o,ʋ
fn001220_sentence-51.wav,1.747,1.777,0.03,r,o,z,N00600_male_41,False,o,r
fn001220_sentence-51.wav,0.144,0.174,0.03,h,t,a,N00600_male_41,False,o,h
fn001220_sentence-55.wav,0.471,0.502,0.031,r,@,Y,N00600_male_41,False,o,r
fn001220_sentence-56.wav,0.112,0.142,0.03,d,n,@,N00600_male_41,False,o,d
fn001220_sentence-58.wav,2.95,2.98,0.03,r,@,s,N00600_male_41,False,o,r
fn001220_sentence-59.wav,1.064,1.095,0.031,r,E,t,N00600_male_41,False,o,r
fn001220_sentence-6.wav,0.941,0.971,0.03,r,o,z,N00600_male_41,False,o,r
fn001220_sentence-61.wav,0.625,0.656,0.031,d,r,@,N00600_male_41,False,o,d
fn001220_sentence-65.wav,1.65,1.68,0.03,r,@,w,N00600_male_41,False,o,r
fn001220_sentence-66.wav,0.702,0.743,0.041,A,v,n,N00600_male_41,False,o,ɑ
fn001220_sentence-66.wav,0.101,0.132,0.031,A,w,l,N00600_male_41,False,o,ɑ
fn001220_sentence-66.wav,0.611,0.641,0.03,r,@,v,N00600_male_41,False,o,r
fn001220_sentence-66.wav,0.071,0.101,0.03,w,o,A,N00600_male_41,False,o,ʋ
fn001220_sentence-67.wav,1.79,1.82,0.03,d,n,@,N00600_male_41,False,o,d
fn001220_sentence-69.wav,1.201,1.242,0.041,A,h,n,N00600_male_41,False,o,ɑ
fn001220_sentence-7.wav,0.863,0.894,0.031,h,t,E+,N00600_male_41,False,o,h
fn001220_sentence-70.wav,0.725,0.756,0.031,r,o,t,N00600_male_41,False,o,r
fn001220_sentence-73.wav,0.35,0.38,0.03,r,e,b,N00600_male_41,False,o,r
fn001220_sentence-74.wav,1.711,1.741,0.03,d,n,@,N00600_male_41,False,o,d
fn001220_sentence-74.wav,1.792,1.822,0.03,r,@,s,N00600_male_41,False,o,r
fn001220_sentence-76.wav,0.164,0.195,0.031,r,i,I,N00600_male_41,False,o,r
fn001221_sentence-0.wav,1.743,1.783,0.04,d,@,@,N00600_male_41,False,o,d
fn001221_sentence-1.wav,3.145,3.175,0.03,r,a,b,N00600_male_41,False,o,r
fn001221_sentence-1.wav,2.882,2.922,0.04,w,A+,n,N00600_male_41,False,o,ʋ
fn001221_sentence-100.wav,1.182,1.213,0.031,w,@,@,N00600_male_41,False,o,ʋ
fn001221_sentence-102.wav,0.906,0.936,0.03,r,@,@,N00600_male_41,False,o,r
fn001221_sentence-103.wav,2.682,2.722,0.04,r,@,A,N00600_male_41,False,o,r
fn001221_sentence-106.wav,2.242,2.284,0.042,d,r,@,N00600_male_41,False,o,d
fn001221_sentence-106.wav,2.211,2.242,0.031,r,o,d,N00600_male_41,False,o,r
fn001221_sentence-108.wav,0.248,0.279,0.031,r,@,k,N00600_male_41,False,o,r
fn001221_sentence-11.wav,0.062,0.092,0.03,r,E,I,N00600_male_41,False,o,r
fn001221_sentence-110.wav,5.342,5.382,0.04,r,@,s,N00600_male_41,False,o,r
fn001221_sentence-110.wav,4.684,4.714,0.03,d,n,@,N00600_male_41,False,o,d
fn001221_sentence-110.wav,7.612,7.643,0.031,r,@,b,N00600_male_41,False,o,r
fn001221_sentence-110.wav,3.029,3.06,0.031,r,@,@,N00600_male_41,False,o,r
fn001221_sentence-110.wav,0.051,0.081,0.03,r,E,I,N00600_male_41,False,o,r
fn001221_sentence-110.wav,2.443,2.473,0.03,d,n,@,N00600_male_41,False,o,d
fn001221_sentence-111.wav,0.103,0.134,0.031,w,t,O,N00600_male_41,False,o,ʋ
fn001221_sentence-113.wav,1.146,1.176,0.03,d,r,@,N00600_male_41,False,o,d
fn001221_sentence-113.wav,0.071,0.102,0.031,r,E,l,N00600_male_41,False,o,r
fn001221_sentence-114.wav,2.041,2.082,0.041,r,a,k,N00600_male_41,False,o,r
fn001221_sentence-117.wav,1.268,1.299,0.031,r,o,z,N00600_male_41,False,o,r
fn001221_sentence-12.wav,4.033,4.064,0.031,r,a,v,N00600_male_41,False,o,r
fn001221_sentence-12.wav,4.347,4.378,0.031,r,@,b,N00600_male_41,False,o,r
fn001221_sentence-12.wav,3.952,3.983,0.031,h,@,a,N00600_male_41,False,o,h
fn001221_sentence-120.wav,0.482,0.513,0.031,r,@,@,N00600_male_41,False,o,r
fn001221_sentence-13.wav,0.689,0.719,0.03,w,@,@,N00600_male_41,False,o,ʋ
fn001221_sentence-13.wav,3.183,3.213,0.03,r,a,b,N00600_male_41,False,o,r
fn001221_sentence-14.wav,5.124,5.155,0.031,r,a,m,N00600_male_41,False,o,r
fn001221_sentence-16.wav,2.848,2.878,0.03,w,@,I,N00600_male_41,False,o,ʋ
fn001221_sentence-34.wav,0.943,0.973,0.03,h,t,E+,N00600_male_41,False,o,h
fn001221_sentence-40.wav,2.562,2.603,0.041,w,@,I,N00600_male_41,False,o,ʋ
fn001221_sentence-48.wav,0.762,0.803,0.041,h,s,E+,N00600_male_41,False,o,h
fn001221_sentence-54.wav,0.405,0.435,0.03,h,t,E+,N00600_male_41,False,o,h
fn001221_sentence-56.wav,1.211,1.242,0.031,Y,h,n,N00600_male_41,False,o,ʉ
fn001221_sentence-57.wav,0.081,0.112,0.031,h,@,E,N00600_male_41,False,o,h
fn001221_sentence-59.wav,0.89,0.92,0.03,h,t,E+,N00600_male_41,False,o,h
fn001221_sentence-64.wav,1.883,1.923,0.04,h,t,E+,N00600_male_41,False,o,h
fn001221_sentence-72.wav,0.882,0.912,0.03,w,l,e,N00600_male_41,False,o,ʋ
fn001221_sentence-73.wav,1.423,1.454,0.031,w,l,E,N00600_male_41,False,o,ʋ
fn001221_sentence-85.wav,2.693,2.724,0.031,Y,h,n,N00600_male_41,False,o,ʉ
fn001142_sentence-1.wav,11.083,11.123,0.04,r,a,n,N00642_male_82,False,o,r
fn001142_sentence-1.wav,8.062,8.103,0.041,s,t,@,N00642_male_82,False,o,s
fn001142_sentence-1.wav,2.281,2.322,0.041,i,r,O,N00642_male_82,False,o,iː
fn001142_sentence-10.wav,1.942,1.972,0.03,E,m,r,N00642_male_82,False,o,ɛ
fn001142_sentence-100.wav,2.983,3.023,0.04,d,@,i,N00642_male_82,False,o,d
fn001142_sentence-100.wav,4.968,4.998,0.03,r,a,d,N00642_male_82,False,o,r
fn001142_sentence-100.wav,0.828,0.858,0.03,a,m,r,N00642_male_82,False,o,aː
fn001142_sentence-101.wav,4.764,4.794,0.03,@,b,G,N00642_male_82,False,o,ə
fn001142_sentence-101.wav,4.603,4.643,0.04,j,s,@,N00642_male_82,False,o,j
fn001142_sentence-101.wav,2.045,2.075,0.03,r,@,@,N00642_male_82,False,o,r
fn001142_sentence-101.wav,0.453,0.483,0.03,a,d,r,N00642_male_82,False,o,aː
fn001142_sentence-103.wav,2.227,2.257,0.03,k,I,x,N00642_male_82,False,o,k
fn001142_sentence-105.wav,0.204,0.234,0.03,I,A+,k,N00642_male_82,False,o,ɪ
fn001142_sentence-105.wav,1.241,1.282,0.041,w,l,A,N00642_male_82,False,o,ʋ
fn001142_sentence-106.wav,7.703,7.734,0.031,w,t,E,N00642_male_82,False,o,ʋ
fn001142_sentence-106.wav,0.121,0.151,0.03,r,E,k,N00642_male_82,False,o,r
fn001142_sentence-106.wav,1.552,1.583,0.031,r,a,b,N00642_male_82,False,o,r
fn001142_sentence-106.wav,6.024,6.055,0.031,r,@,@,N00642_male_82,False,o,r
fn001142_sentence-106.wav,5.994,6.024,0.03,@,t,r,N00642_male_82,False,o,ə
fn001142_sentence-106.wav,1.401,1.431,0.03,r,a,n,N00642_male_82,False,o,r
fn001142_sentence-106.wav,7.461,7.502,0.041,@,j,w,N00642_male_82,False,o,ə
fn001142_sentence-106.wav,4.422,4.463,0.041,p,O,t,N00642_male_82,False,o,p
fn001142_sentence-106.wav,4.523,4.563,0.04,@,t,I,N00642_male_82,False,o,ə
fn001142_sentence-107.wav,0.424,0.464,0.04,r,@,G,N00642_male_82,False,o,r
fn001142_sentence-108.wav,0.383,0.413,0.03,w,A+,d,N00642_male_82,False,o,ʋ
fn001142_sentence-108.wav,1.129,1.159,0.03,x,n,e,N00642_male_82,False,o,x
fn001142_sentence-11.wav,11.071,11.101,0.03,h,@,o,N00642_male_82,False,o,h
fn001142_sentence-11.wav,18.447,18.477,0.03,r,E,n,N00642_male_82,False,o,r
fn001142_sentence-11.wav,13.164,13.204,0.04,r,a,b,N00642_male_82,False,o,r
fn001142_sentence-11.wav,0.121,0.152,0.031,w,t,A,N00642_male_82,False,o,ʋ
fn001142_sentence-112.wav,4.605,4.635,0.03,r,@,t,N00642_male_82,False,o,r
fn001142_sentence-112.wav,4.282,4.312,0.03,r,@,l,N00642_male_82,False,o,r
fn001142_sentence-114.wav,0.232,0.262,0.03,p,E,t,N00642_male_82,False,o,p
fn001142_sentence-114.wav,0.484,0.515,0.031,w,i,s,N00642_male_82,False,o,ʋ
fn001142_sentence-115.wav,0.111,0.141,0.03,h,t,E,N00642_male_82,False,o,h
fn001142_sentence-12.wav,0.384,0.424,0.04,G,@,@,N00642_male_82,False,o,ɣ
fn001142_sentence-12.wav,15.291,15.321,0.03,r,E,d,N00642_male_82,False,o,r
fn001142_sentence-12.wav,6.241,6.281,0.04,r,o,x,N00642_male_82,False,o,r
fn001142_sentence-12.wav,5.967,5.997,0.03,r,a,d,N00642_male_82,False,o,r
fn001142_sentence-121.wav,0.364,0.394,0.03,f,l,m,N00642_male_82,False,o,f
fn001142_sentence-121.wav,0.525,0.556,0.031,r,a,k,N00642_male_82,False,o,r
fn001142_sentence-137.wav,0.141,0.171,0.03,G,r,@,N00642_male_82,False,o,ɣ
fn001142_sentence-25.wav,2.101,2.131,0.03,w,A+,d,N00642_male_82,False,o,ʋ
fn001142_sentence-39.wav,0.658,0.678,0.02,w,w,s,N00642_male_82,False,o,ʋ
fn001007_sentence-1.wav,3.561,3.601,0.04,d,n,@,N00502_male_53,False,o,d
fn001007_sentence-1.wav,3.531,3.561,0.03,n,A,d,N00502_male_53,False,o,n
fn001007_sentence-1.wav,2.525,2.555,0.03,d,n,@,N00502_male_53,False,o,d
fn001007_sentence-1.wav,0.051,0.081,0.03,t,@,b,N00502_male_53,False,o,t
fn001007_sentence-1.wav,0.081,0.121,0.04,b,t,@,N00502_male_53,False,o,b
fn001007_sentence-1.wav,1.545,1.576,0.031,s,l,@,N00502_male_53,False,o,s
fn001007_sentence-1.wav,0.121,0.152,0.031,@,b,G,N00502_male_53,False,o,ə
fn001007_sentence-1.wav,0.152,0.182,0.03,G,@,O,N00502_male_53,False,o,ɣ
fn001007_sentence-10.wav,1.064,1.104,0.04,d,r,@,N00502_male_53,False,o,d
fn001007_sentence-10.wav,1.469,1.5,0.031,N,@,k,N00502_male_53,False,o,ŋ
fn001007_sentence-10.wav,1.003,1.033,0.03,o,v,r,N00502_male_53,False,o,oː
fn001007_sentence-10.wav,1.033,1.064,0.031,r,o,d,N00502_male_53,False,o,r
fn001007_sentence-11.wav,4.284,4.324,0.04,n,@,s,N00502_male_53,False,o,n
fn001007_sentence-11.wav,2.042,2.083,0.041,r,n,i,N00502_male_53,False,o,r
fn001007_sentence-11.wav,0.361,0.401,0.04,@,d,r,N00502_male_53,False,o,ə
fn001007_sentence-11.wav,0.087,0.118,0.031,E+,m,n,N00502_male_53,False,o,ɛi
fn001007_sentence-12.wav,1.924,1.954,0.03,@,x,l,N00502_male_53,False,o,ə
fn001007_sentence-12.wav,1.389,1.419,0.03,m,k,@,N00502_male_53,False,o,m
fn001007_sentence-15.wav,0.108,0.138,0.03,w,t,A,N00502_male_53,False,o,ʋ
fn001007_sentence-16.wav,1.421,1.461,0.04,t,E,@,N00502_male_53,False,o,t
fn001007_sentence-16.wav,2.589,2.619,0.03,@,k,l,N00502_male_53,False,o,ə
fn001007_sentence-16.wav,0.528,0.558,0.03,d,r,A,N00502_male_53,False,o,d
fn001007_sentence-16.wav,2.831,2.861,0.03,@,s,b,N00502_male_53,False,o,ə
fn001007_sentence-16.wav,2.922,2.952,0.03,E+,b,e,N00502_male_53,False,o,ɛi
fn001007_sentence-16.wav,0.061,0.101,0.04,d,i,@,N00502_male_53,False,o,d
fn001007_sentence-16.wav,0.142,0.183,0.041,r,@,@,N00502_male_53,False,o,r
fn001007_sentence-16.wav,0.101,0.142,0.041,@,d,r,N00502_male_53,False,o,ə
fn001007_sentence-17.wav,0.401,0.431,0.03,d,r,@,N00502_male_53,False,o,d
fn001007_sentence-17.wav,0.37,0.401,0.031,r,2,d,N00502_male_53,False,o,r
fn001007_sentence-17.wav,0.684,0.714,0.03,@,G,n,N00502_male_53,False,o,ə
fn001007_sentence-18.wav,0.048,0.079,0.031,l,b,A,N00502_male_53,False,o,l
fn001007_sentence-19.wav,0.067,0.097,0.03,E+,m,n,N00502_male_53,False,o,ɛi
fn001007_sentence-19.wav,8.788,8.818,0.03,d,r,@,N00502_male_53,False,o,d
fn001007_sentence-19.wav,5.022,5.053,0.031,G,@,d,N00502_male_53,False,o,ɣ
fn001007_sentence-19.wav,5.45,5.481,0.031,@,d,x,N00502_male_53,False,o,ə
fn001007_sentence-19.wav,6.671,6.701,0.03,@,m,r,N00502_male_53,False,o,ə
fn001007_sentence-19.wav,6.701,6.742,0.041,r,@,s,N00502_male_53,False,o,r
fn001007_sentence-19.wav,9.283,9.324,0.041,@,l,b,N00502_male_53,False,o,ə
fn001007_sentence-19.wav,1.381,1.421,0.04,@,s,s,N00502_male_53,False,o,ə
fn001007_sentence-2.wav,5.887,5.918,0.031,@,p,G,N00502_male_53,False,o,ə
fn001007_sentence-2.wav,5.474,5.504,0.03,r,E,d,N00502_male_53,False,o,r
fn001007_sentence-20.wav,1.966,1.996,0.03,r,i,I,N00502_male_53,False,o,r
fn001007_sentence-23.wav,2.161,2.192,0.031,r,a,d,N00502_male_53,False,o,r
fn001007_sentence-23.wav,2.901,2.942,0.041,l,b,e,N00502_male_53,False,o,l
fn001007_sentence-23.wav,2.192,2.222,0.03,d,r,@,N00502_male_53,False,o,d
fn001007_sentence-23.wav,2.283,2.323,0.04,A,h,l,N00502_male_53,False,o,ɑ
fn001007_sentence-23.wav,2.252,2.283,0.031,h,@,A,N00502_male_53,False,o,h
fn001007_sentence-27.wav,0.204,0.235,0.031,E+,m,n,N00502_male_53,False,o,ɛi
fn001007_sentence-29.wav,1.203,1.233,0.03,E+,z,n,N00502_male_53,False,o,ɛi
fn001007_sentence-29.wav,0.222,0.263,0.041,d,m,@,N00502_male_53,False,o,d
fn001007_sentence-29.wav,0.061,0.101,0.04,r,x,O,N00502_male_53,False,o,r
fn001007_sentence-29.wav,0.95,0.98,0.03,A,n,x,N00502_male_53,False,o,ɑ
fn001007_sentence-29.wav,1.111,1.142,0.031,r,@,z,N00502_male_53,False,o,r
fn001007_sentence-3.wav,3.651,3.682,0.031,d,n,@,N00502_male_53,False,o,d
fn001007_sentence-3.wav,3.59,3.621,0.031,A,v,n,N00502_male_53,False,o,ɑ
fn001007_sentence-31.wav,4.812,4.842,0.03,E+,m,n,N00502_male_53,False,o,ɛi
fn001007_sentence-32.wav,3.086,3.116,0.03,E+,m,n,N00502_male_53,False,o,ɛi
fn001007_sentence-32.wav,3.591,3.622,0.031,d,n,@,N00502_male_53,False,o,d
fn001007_sentence-34.wav,3.593,3.624,0.031,E+,m,n,N00502_male_53,False,o,ɛi
fn001007_sentence-34.wav,3.452,3.482,0.03,E,m,t,N00502_male_53,False,o,ɛ
fn001007_sentence-34.wav,3.745,3.775,0.03,r,b,u,N00502_male_53,False,o,r
fn001007_sentence-35.wav,1.942,1.973,0.031,r,o,d,N00502_male_53,False,o,r
fn001007_sentence-35.wav,1.973,2.003,0.03,d,r,@,N00502_male_53,False,o,d
fn001007_sentence-37.wav,1.783,1.813,0.03,w,A+,m,N00502_male_53,False,o,ʋ
fn001007_sentence-37.wav,4.003,4.044,0.041,w,s,a,N00502_male_53,False,o,ʋ
fn001007_sentence-37.wav,4.074,4.104,0.03,r,a,O,N00502_male_53,False,o,r
fn001007_sentence-37.wav,0.253,0.284,0.031,d,u,@,N00502_male_53,False,o,d
fn001007_sentence-37.wav,0.051,0.081,0.03,E+,m,n,N00502_male_53,False,o,ɛi
fn001007_sentence-39.wav,4.068,4.098,0.03,E+,m,n,N00502_male_53,False,o,ɛi
fn001007_sentence-39.wav,5.008,5.039,0.031,d,r,@,N00502_male_53,False,o,d
fn001007_sentence-41.wav,5.724,5.764,0.04,E,m,t,N00502_male_53,False,o,ɛ
fn001007_sentence-41.wav,0.249,0.28,0.031,d,u,@,N00502_male_53,False,o,d
fn001007_sentence-41.wav,0.745,0.776,0.031,r,@,m,N00502_male_53,False,o,r
fn001007_sentence-9.wav,6.501,6.531,0.03,h,r,E,N00502_male_53,False,o,h
fn001010_sentence-36.wav,0.107,0.137,0.03,w,E+,A,N00502_male_53,False,o,ʋ
fn001010_sentence-37.wav,0.984,1.024,0.04,w,z,A,N00502_male_53,False,o,ʋ
fn001010_sentence-42.wav,2.284,2.324,0.04,w,@,@,N00502_male_53,False,o,ʋ
fn001010_sentence-6.wav,3.441,3.481,0.04,Y,l,x,N00502_male_53,False,o,ʉ
fn001010_sentence-7.wav,2.444,2.474,0.03,w,y,d,N00502_male_53,False,o,ʋ
fn001010_sentence-7.wav,0.646,0.677,0.031,w,r,E,N00502_male_53,False,o,ʋ
fn001010_sentence-71.wav,7.432,7.462,0.03,w,t,@,N00502_male_53,False,o,ʋ
fn001010_sentence-76.wav,0.465,0.496,0.031,Y,j,m,N00502_male_53,False,o,ʉ
fn001010_sentence-84.wav,5.093,5.123,0.03,w,k,A,N00502_male_53,False,o,ʋ
fn001010_sentence-84.wav,1.528,1.558,0.03,w,y,d,N00502_male_53,False,o,ʋ
fn001032_sentence-1.wav,5.311,5.341,0.03,r,@,k,N00519_female_52,False,o,r
fn001032_sentence-1.wav,1.566,1.597,0.031,r,A,t,N00519_female_52,False,o,r
fn001032_sentence-1.wav,7.252,7.283,0.031,r,O,d,N00519_female_52,False,o,r
fn001032_sentence-1.wav,6.268,6.298,0.03,n,@,t,N00519_female_52,False,o,n
fn001032_sentence-1.wav,0.082,0.123,0.041,l,A,s,N00519_female_52,False,o,l
fn001032_sentence-1.wav,2.134,2.164,0.03,n,@,t,N00519_female_52,False,o,n
fn001032_sentence-1.wav,2.164,2.195,0.031,t,n,i,N00519_female_52,False,o,t
fn001032_sentence-1.wav,5.563,5.604,0.041,I,z,N,N00519_female_52,False,o,ɪ
fn001032_sentence-1.wav,5.947,5.978,0.031,t,n,s,N00519_female_52,False,o,t
fn001032_sentence-1.wav,2.104,2.134,0.03,@,G,n,N00519_female_52,False,o,ə
fn001032_sentence-1.wav,2.884,2.914,0.03,n,@,t,N00519_female_52,False,o,n
fn001032_sentence-1.wav,7.283,7.313,0.03,d,r,@,N00519_female_52,False,o,d
fn001032_sentence-10.wav,2.004,2.044,0.04,@,@,n,N00519_female_52,False,o,ə
fn001032_sentence-10.wav,0.731,0.762,0.031,h,t,A,N00519_female_52,False,o,h
fn001032_sentence-10.wav,1.792,1.822,0.03,r,@,t,N00519_female_52,False,o,r
fn001032_sentence-10.wav,1.134,1.164,0.03,r,A,t,N00519_female_52,False,o,r
fn001032_sentence-10.wav,3.154,3.184,0.03,E+,s,n,N00519_female_52,False,o,ɛi
fn001032_sentence-10.wav,0.762,0.793,0.031,A,h,t,N00519_female_52,False,o,ɑ
fn001032_sentence-11.wav,2.483,2.524,0.041,t,@,p,N00519_female_52,False,o,t
fn001032_sentence-11.wav,3.342,3.372,0.03,E,p,s,N00519_female_52,False,o,ɛ
fn001032_sentence-11.wav,0.351,0.382,0.031,E+,s,n,N00519_female_52,False,o,ɛi
fn001032_sentence-12.wav,8.145,8.176,0.031,r,@,@,N00519_female_52,False,o,r
fn001032_sentence-12.wav,7.731,7.761,0.03,t,p,@,N00519_female_52,False,o,t
fn001032_sentence-12.wav,7.761,7.802,0.041,@,t,k,N00519_female_52,False,o,ə
fn001032_sentence-12.wav,0.142,0.182,0.04,r,a,@,N00519_female_52,False,o,r
fn001032_sentence-12.wav,8.063,8.104,0.041,d,n,@,N00519_female_52,False,o,d
fn001032_sentence-13.wav,6.582,6.623,0.041,Y,r,x,N00519_female_52,False,o,ʉ
fn001032_sentence-13.wav,2.802,2.833,0.031,@,d,m,N00519_female_52,False,o,ə
fn001032_sentence-13.wav,6.51,6.541,0.031,@,t,r,N00519_female_52,False,o,ə
fn001032_sentence-13.wav,2.761,2.802,0.041,d,A+,@,N00519_female_52,False,o,d
fn001032_sentence-13.wav,5.943,5.984,0.041,@,x,E+,N00519_female_52,False,o,ə
fn001032_sentence-13.wav,6.541,6.582,0.041,r,@,Y,N00519_female_52,False,o,r
fn001032_sentence-13.wav,7.086,7.117,0.031,@,v,n,N00519_female_52,False,o,ə
fn001032_sentence-13.wav,5.506,5.537,0.031,r,O,d,N00519_female_52,False,o,r
fn001032_sentence-14.wav,1.652,1.682,0.03,n,@,t,N00519_female_52,False,o,n
fn001032_sentence-14.wav,2.391,2.421,0.03,@,G,n,N00519_female_52,False,o,ə
fn001032_sentence-14.wav,2.421,2.452,0.031,n,@,t,N00519_female_52,False,o,n
fn001032_sentence-15.wav,0.354,0.384,0.03,r,@,k,N00519_female_52,False,o,r
fn001032_sentence-15.wav,3.322,3.353,0.031,r,E,n,N00519_female_52,False,o,r
fn001032_sentence-15.wav,3.281,3.322,0.041,E,w,r,N00519_female_52,False,o,ɛ
fn001032_sentence-15.wav,4.301,4.331,0.03,r,a,d,N00519_female_52,False,o,r
fn001032_sentence-15.wav,3.842,3.873,0.031,E,j,n,N00519_female_52,False,o,ɛ
fn001032_sentence-15.wav,5.99,6.02,0.03,r,O,d,N00519_female_52,False,o,r
fn001032_sentence-15.wav,1.931,1.961,0.03,r,@,s,N00519_female_52,False,o,r
fn001032_sentence-16.wav,2.247,2.278,0.031,d,r,@,N00519_female_52,False,o,d
fn001032_sentence-16.wav,1.227,1.258,0.031,r,@,t,N00519_female_52,False,o,r
fn001032_sentence-17.wav,6.002,6.042,0.04,@,G,m,N00519_female_52,False,o,ə
fn001032_sentence-17.wav,4.968,4.999,0.031,r,@,v,N00519_female_52,False,o,r
fn001032_sentence-17.wav,4.907,4.938,0.031,d,r,@,N00519_female_52,False,o,d
fn001032_sentence-19.wav,0.482,0.513,0.031,d,e,i,N00519_female_52,False,o,d
fn001032_sentence-19.wav,3.069,3.1,0.031,E,t,r,N00519_female_52,False,o,ɛ
fn001032_sentence-19.wav,5.631,5.662,0.031,r,E,s,N00519_female_52,False,o,r
fn001032_sentence-19.wav,2.024,2.054,0.03,I,n,N,N00519_female_52,False,o,ɪ
fn001032_sentence-19.wav,1.861,1.902,0.041,w,r,I,N00519_female_52,False,o,ʋ
fn001032_sentence-19.wav,1.821,1.861,0.04,r,@,w,N00519_female_52,False,o,r
fn001032_sentence-2.wav,0.148,0.179,0.031,b,g,@,N00519_female_52,False,o,b
fn001032_sentence-20.wav,1.041,1.081,0.04,l,f,i,N00519_female_52,False,o,l
fn001032_sentence-20.wav,0.341,0.381,0.04,d,s,@,N00519_female_52,False,o,d
fn001032_sentence-21.wav,4.452,4.483,0.031,r,e,t,N00519_female_52,False,o,r
fn001032_sentence-21.wav,1.448,1.479,0.031,@,v,r,N00519_female_52,False,o,ə
fn001032_sentence-21.wav,2.182,2.223,0.041,@,v,r,N00519_female_52,False,o,ə
fn001032_sentence-21.wav,0.604,0.634,0.03,r,@,b,N00519_female_52,False,o,r
fn001032_sentence-21.wav,3.784,3.815,0.031,E,m,t,N00519_female_52,False,o,ɛ
fn001032_sentence-21.wav,3.312,3.343,0.031,r,@,k,N00519_female_52,False,o,r
fn001032_sentence-22.wav,0.185,0.216,0.031,r,@,t,N00519_female_52,False,o,r
fn001032_sentence-22.wav,14.162,14.192,0.03,h,t,E,N00519_female_52,False,o,h
fn001032_sentence-22.wav,13.664,13.704,0.04,r,A,x,N00519_female_52,False,o,r
fn001032_sentence-22.wav,13.389,13.42,0.031,r,o,d,N00519_female_52,False,o,r
fn001032_sentence-22.wav,7.011,7.041,0.03,@,v,n,N00519_female_52,False,o,ə
fn001032_sentence-22.wav,0.113,0.144,0.031,f,k,@,N00519_female_52,False,o,f
fn001032_sentence-22.wav,9.203,9.233,0.03,A,d,t,N00519_female_52,False,o,ɑ
fn001032_sentence-22.wav,5.503,5.544,0.041,A,f,n,N00519_female_52,False,o,ɑ
fn001032_sentence-22.wav,4.563,4.604,0.041,d,p,@,N00519_female_52,False,o,d
fn001032_sentence-23.wav,0.844,0.874,0.03,Y,t,s,N00519_female_52,False,o,ʉ
fn001032_sentence-23.wav,6.185,6.216,0.031,@,v,r,N00519_female_52,False,o,ə
fn001032_sentence-23.wav,5.201,5.242,0.041,d,r,@,N00519_female_52,False,o,d
fn001032_sentence-23.wav,5.708,5.739,0.031,r,@,l,N00519_female_52,False,o,r
fn001032_sentence-23.wav,10.893,10.924,0.031,r,a,t,N00519_female_52,False,o,r
fn001032_sentence-23.wav,5.171,5.201,0.03,r,o,d,N00519_female_52,False,o,r
fn001032_sentence-24.wav,4.784,4.824,0.04,E,j,t,N00519_female_52,False,o,ɛ
fn001032_sentence-24.wav,9.983,10.014,0.031,r,O,n,N00519_female_52,False,o,r
fn001032_sentence-24.wav,8.963,8.993,0.03,r,o,p,N00519_female_52,False,o,r
fn001032_sentence-24.wav,6.549,6.581,0.032,r,p,o,N00519_female_52,False,o,r
fn001032_sentence-24.wav,1.084,1.124,0.04,@,n,n,N00519_female_52,False,o,ə
fn001032_sentence-25.wav,16.01,16.041,0.031,r,@,k,N00519_female_52,False,o,r
fn001032_sentence-25.wav,6.832,6.863,0.031,h,x,A,N00519_female_52,False,o,h
fn001032_sentence-26.wav,3.169,3.199,0.03,r,@,n,N00519_female_52,False,o,r
fn001032_sentence-26.wav,4.913,4.943,0.03,r,@,m,N00519_female_52,False,o,r
fn001032_sentence-26.wav,6.021,6.062,0.041,l,o,i,N00519_female_52,False,o,l
fn001032_sentence-26.wav,8.061,8.092,0.031,r,e,t,N00519_female_52,False,o,r
fn001032_sentence-4.wav,0.242,0.283,0.041,b,t,@,N00519_female_52,False,o,b
fn001032_sentence-5.wav,10.073,10.104,0.031,l,a,@,N00519_female_52,False,o,l
fn001032_sentence-6.wav,0.286,0.317,0.031,l,u,d,N00519_female_52,False,o,l
fn001032_sentence-7.wav,3.851,3.881,0.03,l,u,d,N00519_female_52,False,o,l
fn001032_sentence-7.wav,1.787,1.818,0.031,r,@,E,N00519_female_52,False,o,r
fn001032_sentence-9.wav,1.641,1.682,0.041,r,E,O,N00519_female_52,False,o,r
fn001032_sentence-9.wav,4.229,4.259,0.03,l,i,i,N00519_female_52,False,o,l
fn001032_sentence-9.wav,4.561,4.601,0.04,r,E:,@,N00519_female_52,False,o,r
fn001033_sentence-10.wav,2.706,2.737,0.031,r,@,e,N00519_female_52,False,o,r
fn001033_sentence-13.wav,18.394,18.424,0.03,r,@,v,N00519_female_52,False,o,r
fn001033_sentence-13.wav,21.331,21.362,0.031,r,@,s,N00519_female_52,False,o,r
fn001033_sentence-13.wav,18.222,18.252,0.03,w,A+,v,N00519_female_52,False,o,ʋ
fn001033_sentence-13.wav,15.294,15.324,0.03,w,A+,k,N00519_female_52,False,o,ʋ
fn001033_sentence-14.wav,1.504,1.535,0.031,r,@,z,N00519_female_52,False,o,r
fn001033_sentence-15.wav,9.99,10.02,0.03,r,@,l,N00519_female_52,False,o,r
fn001033_sentence-15.wav,4.702,4.733,0.031,r,@,I,N00519_female_52,False,o,r
fn001033_sentence-2.wav,8.602,8.642,0.04,r,@,w,N00519_female_52,False,o,r
fn001033_sentence-2.wav,9.162,9.193,0.031,r,E,t,N00519_female_52,False,o,r
fn001033_sentence-2.wav,5.109,5.141,0.032,r,E,w,N00519_female_52,False,o,r
fn001033_sentence-2.wav,5.141,5.184,0.043,w,r,E+,N00519_female_52,False,o,ʋ
fn001033_sentence-2.wav,1.181,1.211,0.03,r,a,d,N00519_female_52,False,o,r
fn001033_sentence-2.wav,3.642,3.673,0.031,r,@,Y,N00519_female_52,False,o,r
fn001033_sentence-20.wav,0.481,0.512,0.031,r,f,i,N00519_female_52,False,o,r
fn001033_sentence-24.wav,18.823,18.864,0.041,r,a,d,N00519_female_52,False,o,r
fn001033_sentence-37.wav,18.902,18.932,0.03,w,n,a,N00519_female_52,False,o,ʋ
fn001033_sentence-37.wav,9.811,9.841,0.03,w,t,e,N00519_female_52,False,o,ʋ
fn001033_sentence-53.wav,1.032,1.062,0.03,Y,b,N,N00519_female_52,False,o,ʉ
fn001033_sentence-54.wav,0.081,0.121,0.04,Y,s,k,N00519_female_52,False,o,ʉ
fn001033_sentence-8.wav,0.567,0.597,0.03,y,s,k,N00519_female_52,False,o,yː
fn001250_sentence-10.wav,2.141,2.182,0.041,n,I,t,N00616_female_56,False,o,n
fn001250_sentence-10.wav,2.111,2.141,0.03,I,w,n,N00616_female_56,False,o,ɪ
fn001250_sentence-10.wav,2.182,2.212,0.03,t,n,@,N00616_female_56,False,o,t
fn001250_sentence-10.wav,1.908,1.938,0.03,E,f,n,N00616_female_56,False,o,ɛ
fn001250_sentence-10.wav,2.212,2.243,0.031,@,t,x,N00616_female_56,False,o,ə
fn001250_sentence-11.wav,0.102,0.142,0.04,t,@,h,N00616_female_56,False,o,t
fn001250_sentence-11.wav,5.509,5.539,0.03,n,E,@,N00616_female_56,False,o,n
fn001250_sentence-13.wav,8.803,8.843,0.04,@,l,k,N00616_female_56,False,o,ə
fn001250_sentence-13.wav,8.904,8.944,0.04,@,k,n,N00616_female_56,False,o,ə
fn001250_sentence-13.wav,8.722,8.752,0.03,@,d,l,N00616_female_56,False,o,ə
fn001250_sentence-13.wav,4.181,4.221,0.04,l,E+,@,N00616_female_56,False,o,l
fn001250_sentence-13.wav,0.281,0.321,0.04,o,d,r,N00616_female_56,False,o,oː
fn001250_sentence-13.wav,0.372,0.403,0.031,d,r,@,N00616_female_56,False,o,d
fn001250_sentence-13.wav,0.25,0.281,0.031,d,r,o,N00616_female_56,False,o,d
fn001250_sentence-14.wav,1.489,1.519,0.03,r,@,s,N00616_female_56,False,o,r
fn001250_sentence-15.wav,8.221,8.261,0.04,r,E,k,N00616_female_56,False,o,r
fn001250_sentence-15.wav,9.521,9.551,0.03,d,r,@,N00616_female_56,False,o,d
fn001250_sentence-15.wav,3.541,3.571,0.03,d,n,@,N00616_female_56,False,o,d
fn001250_sentence-15.wav,0.307,0.338,0.031,r,b,O,N00616_female_56,False,o,r
fn001250_sentence-15.wav,9.49,9.521,0.031,r,@,d,N00616_female_56,False,o,r
fn001250_sentence-16.wav,5.061,5.101,0.04,k,s,O,N00616_female_56,False,o,k
fn001250_sentence-17.wav,2.841,2.882,0.041,l,@,@,N00616_female_56,False,o,l
fn001250_sentence-17.wav,0.961,1.001,0.04,w,n,A,N00616_female_56,False,o,ʋ
fn001250_sentence-17.wav,6.608,6.638,0.03,d,r,@,N00616_female_56,False,o,d
fn001250_sentence-18.wav,2.643,2.684,0.041,l,i,i,N00616_female_56,False,o,l
fn001250_sentence-20.wav,5.602,5.632,0.03,l,@,@,N00616_female_56,False,o,l
fn001250_sentence-20.wav,5.905,5.936,0.031,w,A+,z,N00616_female_56,False,o,ʋ
fn001250_sentence-21.wav,2.35,2.38,0.03,r,@,k,N00616_female_56,False,o,r
fn001250_sentence-21.wav,8.191,8.221,0.03,r,@,O,N00616_female_56,False,o,r
fn001250_sentence-21.wav,5.141,5.171,0.03,r,@,s,N00616_female_56,False,o,r
fn001250_sentence-25.wav,2.902,2.933,0.031,r,E,d,N00616_female_56,False,o,r
fn001250_sentence-26.wav,4.982,5.012,0.03,r,@,s,N00616_female_56,False,o,r
fn001402_sentence-1.wav,1.701,1.731,0.03,E,r,n,N00760_male_37,False,o,ɛ
fn001402_sentence-1.wav,1.671,1.701,0.03,r,@,E,N00760_male_37,False,o,r
fn001402_sentence-1.wav,1.641,1.671,0.03,@,t,r,N00760_male_37,False,o,ə
fn001402_sentence-1.wav,0.604,0.634,0.03,d,s,@,N00760_male_37,False,o,d
fn001402_sentence-10.wav,4.104,4.144,0.04,d,r,a,N00760_male_37,False,o,d
fn001402_sentence-10.wav,4.043,4.074,0.031,@,d,r,N00760_male_37,False,o,ə
fn001402_sentence-10.wav,4.144,4.184,0.04,a,d,r,N00760_male_37,False,o,aː
fn001402_sentence-10.wav,0.27,0.3,0.03,t,f,s,N00760_male_37,False,o,t
fn001402_sentence-10.wav,2.244,2.284,0.04,@,r,t,N00760_male_37,False,o,ə
fn001402_sentence-10.wav,5.264,5.304,0.04,t,Y+,@,N00760_male_37,False,o,t
fn001402_sentence-10.wav,2.213,2.244,0.031,r,@,@,N00760_male_37,False,o,r
fn001402_sentence-10.wav,5.829,5.859,0.03,r,@,l,N00760_male_37,False,o,r
fn001402_sentence-10.wav,4.184,4.215,0.031,r,a,b,N00760_male_37,False,o,r
fn001402_sentence-10.wav,4.527,4.558,0.031,E+,z,n,N00760_male_37,False,o,ɛi
fn001402_sentence-10.wav,3.983,4.013,0.03,n,O,d,N00760_male_37,False,o,n
fn001402_sentence-10.wav,2.762,2.803,0.041,n,I,j,N00760_male_37,False,o,n
fn001402_sentence-10.wav,4.013,4.043,0.03,d,n,@,N00760_male_37,False,o,d
fn001402_sentence-10.wav,2.183,2.213,0.03,@,v,r,N00760_male_37,False,o,ə
fn001402_sentence-10.wav,5.103,5.143,0.04,N,A,@,N00760_male_37,False,o,ŋ
fn001402_sentence-10.wav,4.074,4.104,0.03,r,@,d,N00760_male_37,False,o,r
fn001402_sentence-11.wav,4.683,4.713,0.03,l,@,@,N00760_male_37,False,o,l
fn001402_sentence-11.wav,13.467,13.497,0.03,r,o,d,N00760_male_37,False,o,r
fn001402_sentence-11.wav,4.185,4.215,0.03,@,d,r,N00760_male_37,False,o,ə
fn001402_sentence-11.wav,7.789,7.82,0.031,E+,s,n,N00760_male_37,False,o,ɛi
fn001402_sentence-11.wav,13.528,13.558,0.03,@,d,G,N00760_male_37,False,o,ə
fn001402_sentence-11.wav,0.654,0.684,0.03,h,r,A,N00760_male_37,False,o,h
fn001402_sentence-11.wav,16.287,16.317,0.03,r,o,k,N00760_male_37,False,o,r
fn001402_sentence-11.wav,4.652,4.683,0.031,@,s,l,N00760_male_37,False,o,ə
fn001402_sentence-11.wav,10.853,10.884,0.031,I,k,N,N00760_male_37,False,o,ɪ
fn001402_sentence-11.wav,18.803,18.833,0.03,l,@,@,N00760_male_37,False,o,l
fn001402_sentence-11.wav,17.401,17.442,0.041,t,e,s,N00760_male_37,False,o,t
fn001402_sentence-11.wav,1.423,1.454,0.031,@,d,r,N00760_male_37,False,o,ə
fn001402_sentence-11.wav,13.589,13.619,0.03,@,G,r,N00760_male_37,False,o,ə
fn001402_sentence-11.wav,18.41,18.44,0.03,r,o,d,N00760_male_37,False,o,r
fn001402_sentence-11.wav,13.063,13.093,0.03,r,@,t,N00760_male_37,False,o,r
fn001402_sentence-11.wav,8.591,8.622,0.031,r,@,t,N00760_male_37,False,o,r
fn001402_sentence-11.wav,5.344,5.374,0.03,r,@,s,N00760_male_37,False,o,r
fn001402_sentence-11.wav,8.469,8.5,0.031,r,E,d,N00760_male_37,False,o,r
fn001402_sentence-11.wav,6.404,6.434,0.03,r,e,@,N00760_male_37,False,o,r
fn001402_sentence-11.wav,19.982,20.012,0.03,I,i,n,N00760_male_37,False,o,ɪ
fn001402_sentence-12.wav,0.161,0.191,0.03,@,v,r,N00760_male_37,False,o,ə
fn001402_sentence-12.wav,0.585,0.615,0.03,A,h,d,N00760_male_37,False,o,ɑ
fn001402_sentence-12.wav,0.121,0.161,0.04,v,o,@,N00760_male_37,False,o,v
fn001402_sentence-12.wav,0.232,0.262,0.03,@,r,G,N00760_male_37,False,o,ə
fn001402_sentence-13.wav,0.121,0.151,0.03,I,t,s,N00760_male_37,False,o,ɪ
fn001402_sentence-13.wav,0.091,0.121,0.03,t,A,I,N00760_male_37,False,o,t
fn001402_sentence-13.wav,0.505,0.535,0.03,m,a,@,N00760_male_37,False,o,m
fn001402_sentence-13.wav,8.244,8.274,0.03,r,E,k,N00760_male_37,False,o,r
fn001402_sentence-13.wav,8.062,8.102,0.04,E,n,n,N00760_male_37,False,o,ɛ
fn001402_sentence-13.wav,1.949,1.979,0.03,r,e,m,N00760_male_37,False,o,r
fn001402_sentence-13.wav,1.787,1.818,0.031,A,w,n,N00760_male_37,False,o,ɑ
fn001402_sentence-13.wav,0.565,0.596,0.031,l,@,@,N00760_male_37,False,o,l
fn001402_sentence-14.wav,5.387,5.418,0.031,E,t,l,N00760_male_37,False,o,ɛ
fn001402_sentence-14.wav,2.89,2.92,0.03,r,E,t,N00760_male_37,False,o,r
fn001402_sentence-14.wav,0.253,0.283,0.03,a,j,l,N00760_male_37,False,o,aː
fn001402_sentence-14.wav,5.326,5.357,0.031,E,m,t,N00760_male_37,False,o,ɛ
fn001402_sentence-14.wav,0.283,0.323,0.04,l,a,i,N00760_male_37,False,o,l
fn001402_sentence-14.wav,3.001,3.032,0.031,p,O,d,N00760_male_37,False,o,p
fn001402_sentence-14.wav,1.801,1.842,0.041,h,@,A,N00760_male_37,False,o,h
fn001402_sentence-15.wav,0.546,0.576,0.03,r,@,w,N00760_male_37,False,o,r
fn001402_sentence-15.wav,0.941,0.981,0.04,n,I,d,N00760_male_37,False,o,n
fn001402_sentence-15.wav,0.981,1.021,0.04,d,n,I,N00760_male_37,False,o,d
fn001402_sentence-15.wav,4.469,4.499,0.03,d,r,e,N00760_male_37,False,o,d
fn001402_sentence-16.wav,12.148,12.179,0.031,N,I,b,N00760_male_37,False,o,ŋ
fn001402_sentence-16.wav,0.802,0.833,0.031,r,a,t,N00760_male_37,False,o,r
fn001402_sentence-17.wav,7.807,7.838,0.031,h,e,i,N00760_male_37,False,o,h
fn001402_sentence-17.wav,9.401,9.442,0.041,I,n,N,N00760_male_37,False,o,ɪ
fn001402_sentence-17.wav,9.207,9.238,0.031,r,@,w,N00760_male_37,False,o,r
fn001402_sentence-17.wav,9.708,9.739,0.031,E,h,l,N00760_male_37,False,o,ɛ
fn001402_sentence-17.wav,7.17,7.201,0.031,d,n,@,N00760_male_37,False,o,d
fn001402_sentence-18.wav,2.885,2.915,0.03,I,r,N,N00760_male_37,False,o,ɪ
fn001402_sentence-18.wav,0.67,0.7,0.03,r,@,p,N00760_male_37,False,o,r
fn001402_sentence-19.wav,2.744,2.784,0.04,r,O,d,N00760_male_37,False,o,r
fn001402_sentence-19.wav,5.522,5.552,0.03,l,e,i,N00760_male_37,False,o,l
fn001402_sentence-19.wav,7.106,7.137,0.031,r,@,o,N00760_male_37,False,o,r
fn001402_sentence-2.wav,0.929,0.959,0.03,r,o,d,N00760_male_37,False,o,r
fn001402_sentence-20.wav,0.684,0.724,0.04,I,s,x,N00760_male_37,False,o,ɪ
fn001402_sentence-20.wav,1.071,1.102,0.031,l,@,@,N00760_male_37,False,o,l
fn001402_sentence-21.wav,1.184,1.214,0.03,w,n,E,N00760_male_37,False,o,ʋ
fn001402_sentence-21.wav,0.132,0.162,0.03,r,i,k,N00760_male_37,False,o,r
fn001402_sentence-21.wav,2.921,2.951,0.03,h,t,E+,N00760_male_37,False,o,h
fn001402_sentence-21.wav,4.863,4.903,0.04,r,p,i,N00760_male_37,False,o,r
fn001402_sentence-22.wav,2.01,2.04,0.03,r,a,m,N00760_male_37,False,o,r
fn001402_sentence-22.wav,3.241,3.282,0.041,d,n,@,N00760_male_37,False,o,d
fn001402_sentence-23.wav,7.443,7.473,0.03,r,@,@,N00760_male_37,False,o,r
fn001402_sentence-23.wav,8.866,8.896,0.03,r,@,n,N00760_male_37,False,o,r
fn001402_sentence-23.wav,7.383,7.413,0.03,d,n,@,N00760_male_37,False,o,d
fn001402_sentence-23.wav,1.634,1.664,0.03,r,@,d,N00760_male_37,False,o,r
fn001402_sentence-23.wav,5.49,5.52,0.03,l,A,s,N00760_male_37,False,o,l
fn001402_sentence-24.wav,0.651,0.682,0.031,r,E,o,N00760_male_37,False,o,r
fn001402_sentence-24.wav,2.183,2.224,0.041,r,@,o,N00760_male_37,False,o,r
fn001402_sentence-25.wav,3.861,3.901,0.04,d,@,@,N00760_male_37,False,o,d
fn001402_sentence-25.wav,2.531,2.562,0.031,r,a,@,N00760_male_37,False,o,r
fn001402_sentence-25.wav,0.122,0.162,0.04,d,a,@,N00760_male_37,False,o,d
fn001402_sentence-26.wav,9.602,9.633,0.031,r,E,t,N00760_male_37,False,o,r
fn001402_sentence-26.wav,9.774,9.804,0.03,r,@,m,N00760_male_37,False,o,r
fn001402_sentence-3.wav,0.942,0.973,0.031,r,@,h,N00760_male_37,False,o,r
fn001402_sentence-3.wav,0.253,0.284,0.031,r,@,I,N00760_male_37,False,o,r
fn001402_sentence-3.wav,1.084,1.114,0.03,r,a,b,N00760_male_37,False,o,r
fn001402_sentence-3.wav,0.111,0.142,0.031,r,E,d,N00760_male_37,False,o,r
fn001402_sentence-4.wav,5.903,5.933,0.03,h,s,O,N00760_male_37,False,o,h
fn001402_sentence-4.wav,6.014,6.044,0.03,d,n,@,N00760_male_37,False,o,d
fn001402_sentence-4.wav,0.562,0.603,0.041,r,@,w,N00760_male_37,False,o,r
fn001402_sentence-4.wav,4.522,4.552,0.03,A+,u,d,N00760_male_37,False,o,ɑu
fn001402_sentence-4.wav,4.491,4.522,0.031,u,j,A+,N00760_male_37,False,o,uː
fn001402_sentence-5.wav,11.585,11.616,0.031,d,n,@,N00760_male_37,False,o,d
fn001402_sentence-5.wav,0.844,0.884,0.04,r,a,@,N00760_male_37,False,o,r
fn001402_sentence-5.wav,5.95,5.98,0.03,r,@,t,N00760_male_37,False,o,r
fn001402_sentence-5.wav,12.481,12.521,0.04,r,@,h,N00760_male_37,False,o,r
fn001402_sentence-6.wav,6.921,6.951,0.03,r,@,r,N00760_male_37,False,o,r
fn001402_sentence-6.wav,5.584,5.614,0.03,r,@,d,N00760_male_37,False,o,r
fn001402_sentence-6.wav,7.803,7.844,0.041,r,o,k,N00760_male_37,False,o,r
fn001402_sentence-7.wav,0.228,0.258,0.03,h,s,A,N00760_male_37,False,o,h
fn001402_sentence-7.wav,6.824,6.864,0.04,r,i,i,N00760_male_37,False,o,r
fn001402_sentence-7.wav,4.462,4.493,0.031,r,a,v,N00760_male_37,False,o,r
fn001402_sentence-8.wav,2.402,2.442,0.04,r,@,s,N00760_male_37,False,o,r
fn001402_sentence-8.wav,0.421,0.452,0.031,r,@,l,N00760_male_37,False,o,r
fn001402_sentence-9.wav,0.941,0.971,0.03,r,@,A,N00760_male_37,False,o,r
fn001403_sentence-0.wav,0.309,0.339,0.03,r,@,v,N00760_male_37,False,o,r
fn001403_sentence-0.wav,1.793,1.823,0.03,r,u,d,N00760_male_37,False,o,r
fn001403_sentence-0.wav,3.572,3.602,0.03,h,r,E+,N00760_male_37,False,o,h
fn001403_sentence-0.wav,2.288,2.318,0.03,r,A,n,N00760_male_37,False,o,r
fn001403_sentence-1.wav,16.442,16.473,0.031,r,@,d,N00760_male_37,False,o,r
fn001403_sentence-1.wav,9.405,9.436,0.031,r,E,t,N00760_male_37,False,o,r
fn001403_sentence-1.wav,15.764,15.795,0.031,r,@,a,N00760_male_37,False,o,r
fn001403_sentence-1.wav,1.771,1.802,0.031,r,@,d,N00760_male_37,False,o,r
fn001403_sentence-1.wav,2.681,2.722,0.041,N,I,k,N00760_male_37,False,o,ŋ
fn001403_sentence-1.wav,4.794,4.824,0.03,r,o,d,N00760_male_37,False,o,r
fn001403_sentence-1.wav,10.073,10.103,0.03,r,o,d,N00760_male_37,False,o,r
fn001403_sentence-1.wav,4.642,4.682,0.04,r,e,o,N00760_male_37,False,o,r
fn001403_sentence-10.wav,1.607,1.637,0.03,r,@,s,N00760_male_37,False,o,r
fn001403_sentence-10.wav,7.289,7.319,0.03,N,I,k,N00760_male_37,False,o,ŋ
fn001403_sentence-10.wav,2.365,2.396,0.031,u,h,v,N00760_male_37,False,o,uː
fn001403_sentence-14.wav,4.065,4.095,0.03,A+,u,d,N00760_male_37,False,o,ɑu
fn001403_sentence-14.wav,0.642,0.673,0.031,h,r,A,N00760_male_37,False,o,h
fn001403_sentence-14.wav,0.784,0.814,0.03,h,t,E,N00760_male_37,False,o,h
fn001403_sentence-15.wav,3.842,3.883,0.041,w,r,u,N00760_male_37,False,o,ʋ
fn001403_sentence-16.wav,1.949,1.979,0.03,h,r,E+,N00760_male_37,False,o,h
fn001403_sentence-17.wav,24.481,24.511,0.03,h,r,E,N00760_male_37,False,o,h
fn001403_sentence-17.wav,10.19,10.22,0.03,h,i,Y,N00760_male_37,False,o,h
fn001403_sentence-17.wav,10.505,10.535,0.03,h,p,A,N00760_male_37,False,o,h
fn001403_sentence-17.wav,14.562,14.592,0.03,w,A+,x,N00760_male_37,False,o,ʋ
fn001403_sentence-21.wav,10.326,10.356,0.03,h,x,e,N00760_male_37,False,o,h
fn001403_sentence-28.wav,0.148,0.178,0.03,w,t,A,N00760_male_37,False,o,ʋ
fn001403_sentence-34.wav,6.672,6.702,0.03,w,s,a,N00760_male_37,False,o,ʋ
fn001403_sentence-37.wav,14.507,14.537,0.03,w,t,A,N00760_male_37,False,o,ʋ
fn001403_sentence-4.wav,7.203,7.243,0.04,N,I,m,N00760_male_37,False,o,ŋ
fn001403_sentence-4.wav,8.544,8.575,0.031,w,t,I,N00760_male_37,False,o,ʋ
fn001107_sentence-1.wav,0.823,0.863,0.04,n,A,@,N00564_female_63,False,o,n
fn001107_sentence-1.wav,1.882,1.912,0.03,y,b,r,N00564_female_63,False,o,yː
fn001107_sentence-1.wav,1.741,1.781,0.04,s,t,i,N00564_female_63,False,o,s
fn001107_sentence-1.wav,5.292,5.322,0.03,E,t,m,N00564_female_63,False,o,ɛ
fn001107_sentence-1.wav,9.426,9.456,0.03,r,@,v,N00564_female_63,False,o,r
fn001107_sentence-1.wav,0.404,0.435,0.031,r,2,d,N00564_female_63,False,o,r
fn001107_sentence-1.wav,2.629,2.659,0.03,d,r,A,N00564_female_63,False,o,d
fn001107_sentence-1.wav,0.104,0.135,0.031,E,S,r,N00564_female_63,False,o,ɛ
fn001107_sentence-1.wav,8.181,8.222,0.041,t,s,A,N00564_female_63,False,o,t
fn001107_sentence-1.wav,8.141,8.181,0.04,s,t,t,N00564_female_63,False,o,s
fn001107_sentence-1.wav,1.842,1.882,0.04,b,i,y,N00564_female_63,False,o,b
fn001107_sentence-1.wav,2.185,2.215,0.03,n,a,d,N00564_female_63,False,o,n
fn001107_sentence-1.wav,0.793,0.823,0.03,A,v,n,N00564_female_63,False,o,ɑ
fn001107_sentence-1.wav,8.111,8.141,0.03,t,@,s,N00564_female_63,False,o,t
fn001107_sentence-1.wav,0.041,0.073,0.032,@,r,S,N00564_female_63,False,o,ə
fn001107_sentence-1.wav,2.568,2.598,0.03,@,t,r,N00564_female_63,False,o,ə
fn001107_sentence-1.wav,7.165,7.196,0.031,l,r,I,N00564_female_63,False,o,l
fn001107_sentence-10.wav,0.047,0.077,0.03,@,d,x,N00564_female_63,False,o,ə
fn001107_sentence-10.wav,0.772,0.803,0.031,@,d,v,N00564_female_63,False,o,ə
fn001107_sentence-11.wav,2.313,2.344,0.031,r,@,s,N00564_female_63,False,o,r
fn001107_sentence-11.wav,1.949,1.98,0.031,r,E,l,N00564_female_63,False,o,r
fn001107_sentence-11.wav,3.982,4.012,0.03,r,t,O,N00564_female_63,False,o,r
fn001107_sentence-11.wav,0.383,0.414,0.031,A,v,n,N00564_female_63,False,o,ɑ
fn001107_sentence-11.wav,4.466,4.496,0.03,A,v,n,N00564_female_63,False,o,ɑ
fn001107_sentence-12.wav,1.064,1.104,0.04,@,t,G,N00564_female_63,False,o,ə
fn001107_sentence-12.wav,0.648,0.678,0.03,r,E,p,N00564_female_63,False,o,r
fn001107_sentence-13.wav,1.533,1.563,0.03,r,@,s,N00564_female_63,False,o,r
fn001107_sentence-13.wav,1.049,1.079,0.03,p,O,d,N00564_female_63,False,o,p
fn001107_sentence-13.wav,1.604,1.644,0.04,f,s,A,N00564_female_63,False,o,f
fn001107_sentence-13.wav,3.105,3.135,0.03,@,p,r,N00564_female_63,False,o,ə
fn001107_sentence-13.wav,1.563,1.604,0.041,s,r,f,N00564_female_63,False,o,s
fn001107_sentence-13.wav,3.582,3.623,0.041,@,l,k,N00564_female_63,False,o,ə
fn001107_sentence-13.wav,0.041,0.081,0.04,@,d,v,N00564_female_63,False,o,ə
fn001107_sentence-13.wav,1.644,1.684,0.04,A,f,n,N00564_female_63,False,o,ɑ
fn001107_sentence-14.wav,3.504,3.534,0.03,d,n,@,N00564_female_63,False,o,d
fn001107_sentence-14.wav,1.988,2.019,0.031,r,@,d,N00564_female_63,False,o,r
fn001107_sentence-14.wav,3.463,3.504,0.041,n,o,d,N00564_female_63,False,o,n
fn001107_sentence-16.wav,2.621,2.661,0.04,l,e,p,N00564_female_63,False,o,l
fn001107_sentence-16.wav,0.401,0.442,0.041,d,a,b,N00564_female_63,False,o,d
fn001107_sentence-16.wav,2.722,2.762,0.04,l,p,@,N00564_female_63,False,o,l
fn001107_sentence-17.wav,4.351,4.382,0.031,r,@,d,N00564_female_63,False,o,r
fn001107_sentence-17.wav,2.434,2.464,0.03,d,r,n,N00564_female_63,False,o,d
fn001107_sentence-18.wav,1.648,1.678,0.03,@,d,z,N00564_female_63,False,o,ə
fn001107_sentence-18.wav,1.588,1.618,0.03,n,o,d,N00564_female_63,False,o,n
fn001107_sentence-18.wav,4.604,4.635,0.031,d,n,@,N00564_female_63,False,o,d
fn001107_sentence-18.wav,4.321,4.362,0.041,r,@,h,N00564_female_63,False,o,r
fn001107_sentence-18.wav,0.348,0.379,0.031,@,S,s,N00564_female_63,False,o,ə
fn001107_sentence-19.wav,3.712,3.742,0.03,@,w,n,N00564_female_63,False,o,ə
fn001107_sentence-19.wav,0.542,0.583,0.041,@,z,s,N00564_female_63,False,o,ə
fn001107_sentence-19.wav,4.025,4.055,0.03,O,v,n,N00564_female_63,False,o,ɔ
fn001107_sentence-19.wav,5.144,5.184,0.04,r,@,G,N00564_female_63,False,o,r
fn001107_sentence-19.wav,4.882,4.912,0.03,l,A,w,N00564_female_63,False,o,l
fn001107_sentence-19.wav,3.833,3.863,0.03,@,d,a,N00564_female_63,False,o,ə
fn001107_sentence-19.wav,1.321,1.352,0.031,d,A+,e,N00564_female_63,False,o,d
fn001107_sentence-19.wav,0.128,0.158,0.03,n,u,d,N00564_female_63,False,o,n
fn001107_sentence-19.wav,4.347,4.378,0.031,I,r,n,N00564_female_63,False,o,ɪ
fn001107_sentence-19.wav,3.742,3.783,0.041,n,@,d,N00564_female_63,False,o,n
fn001107_sentence-19.wav,4.912,4.942,0.03,w,l,e,N00564_female_63,False,o,ʋ
fn001107_sentence-19.wav,5.013,5.043,0.03,r,e,v,N00564_female_63,False,o,r
fn001107_sentence-2.wav,1.703,1.743,0.04,l,@,t,N00564_female_63,False,o,l
fn001107_sentence-2.wav,0.343,0.383,0.04,@,d,z,N00564_female_63,False,o,ə
fn001107_sentence-2.wav,0.302,0.343,0.041,d,l,@,N00564_female_63,False,o,d
fn001107_sentence-2.wav,0.806,0.836,0.03,l,p,E,N00564_female_63,False,o,l
fn001107_sentence-2.wav,1.612,1.642,0.03,N,A,@,N00564_female_63,False,o,ŋ
fn001107_sentence-2.wav,2.348,2.378,0.03,@,k,l,N00564_female_63,False,o,ə
fn001107_sentence-21.wav,11.044,11.074,0.03,@,x,k,N00564_female_63,False,o,ə
fn001107_sentence-21.wav,10.762,10.792,0.03,A,h,t,N00564_female_63,False,o,ɑ
fn001107_sentence-21.wav,0.229,0.259,0.03,@,d,h,N00564_female_63,False,o,ə
fn001107_sentence-21.wav,7.123,7.154,0.031,@,v,r,N00564_female_63,False,o,ə
fn001107_sentence-21.wav,7.002,7.042,0.04,d,A+,@,N00564_female_63,False,o,d
fn001107_sentence-21.wav,7.911,7.941,0.03,d,n,@,N00564_female_63,False,o,d
fn001107_sentence-21.wav,7.709,7.739,0.03,@,G,r,N00564_female_63,False,o,ə
fn001107_sentence-21.wav,7.154,7.184,0.03,r,@,t,N00564_female_63,False,o,r
fn001107_sentence-21.wav,10.671,10.701,0.03,d,n,@,N00564_female_63,False,o,d
fn001107_sentence-21.wav,12.428,12.458,0.03,r,@,d,N00564_female_63,False,o,r
fn001107_sentence-21.wav,10.732,10.762,0.03,h,@,A,N00564_female_63,False,o,h
fn001107_sentence-21.wav,7.648,7.678,0.03,@,d,G,N00564_female_63,False,o,ə
fn001107_sentence-21.wav,7.042,7.083,0.041,@,d,v,N00564_female_63,False,o,ə
fn001107_sentence-21.wav,3.074,3.104,0.03,@,t,h,N00564_female_63,False,o,ə
fn001107_sentence-21.wav,10.701,10.732,0.031,@,d,h,N00564_female_63,False,o,ə
fn001107_sentence-21.wav,12.722,12.763,0.041,r,a,@,N00564_female_63,False,o,r
fn001107_sentence-21.wav,7.083,7.123,0.04,v,@,@,N00564_female_63,False,o,v
fn001107_sentence-22.wav,1.865,1.896,0.031,k,N,t,N00564_female_63,False,o,k
fn001107_sentence-22.wav,2.484,2.524,0.04,@,t,r,N00564_female_63,False,o,ə
fn001107_sentence-22.wav,2.524,2.555,0.031,r,@,s,N00564_female_63,False,o,r
fn001107_sentence-23.wav,2.546,2.576,0.03,h,r,E,N00564_female_63,False,o,h
fn001107_sentence-23.wav,0.848,0.878,0.03,p,i,m,N00564_female_63,False,o,p
fn001107_sentence-25.wav,0.124,0.155,0.031,@,p,r,N00564_female_63,False,o,ə
fn001107_sentence-25.wav,0.247,0.278,0.031,@,d,h,N00564_female_63,False,o,ə
fn001107_sentence-26.wav,1.064,1.104,0.04,@,d,z,N00564_female_63,False,o,ə
fn001107_sentence-27.wav,0.223,0.254,0.031,r,A,o,N00564_female_63,False,o,r
fn001107_sentence-3.wav,3.744,3.775,0.031,@,d,h,N00564_female_63,False,o,ə
fn001107_sentence-3.wav,0.204,0.235,0.031,@,z,n,N00564_female_63,False,o,ə
fn001107_sentence-3.wav,2.064,2.095,0.031,I,s,n,N00564_female_63,False,o,ɪ
fn001107_sentence-3.wav,3.704,3.744,0.04,d,j,@,N00564_female_63,False,o,d
fn001107_sentence-3.wav,0.786,0.816,0.03,l,b,u,N00564_female_63,False,o,l
fn001107_sentence-30.wav,0.502,0.533,0.031,r,@,s,N00564_female_63,False,o,r
fn001107_sentence-31.wav,0.484,0.515,0.031,l,A,v,N00564_female_63,False,o,l
fn001107_sentence-33.wav,1.121,1.151,0.03,r,v,u,N00564_female_63,False,o,r
fn001107_sentence-35.wav,0.091,0.121,0.03,r,a,h,N00564_female_63,False,o,r
fn001107_sentence-35.wav,0.121,0.152,0.031,h,r,E+,N00564_female_63,False,o,h
fn001107_sentence-36.wav,0.111,0.142,0.031,l,O,G,N00564_female_63,False,o,l
fn001107_sentence-36.wav,0.587,0.617,0.03,h,t,E+,N00564_female_63,False,o,h
fn001107_sentence-36.wav,0.142,0.172,0.03,G,l,@,N00564_female_63,False,o,ɣ
fn001107_sentence-36.wav,0.789,0.82,0.031,l,O,k,N00564_female_63,False,o,l
fn001107_sentence-37.wav,1.006,1.037,0.031,r,p,A,N00564_female_63,False,o,r
fn001107_sentence-39.wav,0.53,0.56,0.03,r,@,s,N00564_female_63,False,o,r
fn001107_sentence-4.wav,0.112,0.143,0.031,d,n,@,N00564_female_63,False,o,d
fn001107_sentence-4.wav,4.673,4.704,0.031,h,p,E,N00564_female_63,False,o,h
fn001107_sentence-4.wav,3.194,3.224,0.03,G,@,@,N00564_female_63,False,o,ɣ
fn001107_sentence-43.wav,1.283,1.313,0.03,G,@,I,N00564_female_63,False,o,ɣ
fn001107_sentence-44.wav,0.303,0.344,0.041,d,@,i,N00564_female_63,False,o,d
fn001107_sentence-44.wav,0.211,0.242,0.031,w,@,@,N00564_female_63,False,o,ʋ
fn001107_sentence-47.wav,0.565,0.595,0.03,d,E+,@,N00564_female_63,False,o,d
fn001107_sentence-47.wav,0.111,0.142,0.031,h,r,A,N00564_female_63,False,o,h
fn001107_sentence-47.wav,1.453,1.483,0.03,l,E,k,N00564_female_63,False,o,l
fn001107_sentence-48.wav,0.223,0.254,0.031,h,E+,E,N00564_female_63,False,o,h
fn001107_sentence-5.wav,2.262,2.302,0.04,z,t,b,N00564_female_63,False,o,z
fn001107_sentence-5.wav,0.122,0.152,0.03,d,n,@,N00564_female_63,False,o,d
fn001107_sentence-54.wav,7.887,7.918,0.031,d,n,@,N00564_female_63,False,o,d
fn001107_sentence-54.wav,7.504,7.544,0.04,N,O,k,N00564_female_63,False,o,ŋ
fn001107_sentence-54.wav,6.263,6.293,0.03,w,k,i,N00564_female_63,False,o,ʋ
fn001107_sentence-54.wav,1.109,1.139,0.03,w,A+,v,N00564_female_63,False,o,ʋ
fn001107_sentence-6.wav,4.821,4.851,0.03,h,x,A,N00564_female_63,False,o,h
fn001107_sentence-7.wav,2.325,2.356,0.031,h,n,a,N00564_female_63,False,o,h
fn001108_sentence-10.wav,3.27,3.301,0.031,w,t,e,N00564_female_63,False,o,ʋ
fn001108_sentence-101.wav,1.633,1.664,0.031,I,l,N,N00564_female_63,False,o,ɪ
fn001108_sentence-117.wav,1.032,1.063,0.031,w,t,A,N00564_female_63,False,o,ʋ
fn001108_sentence-122.wav,0.314,0.344,0.03,Y,x,l,N00564_female_63,False,o,ʉ
fn001108_sentence-123.wav,0.126,0.157,0.031,h,t,E,N00564_female_63,False,o,h
fn001108_sentence-16.wav,0.143,0.173,0.03,h,t,E+,N00564_female_63,False,o,h
fn001108_sentence-3.wav,0.061,0.092,0.031,h,@,E,N00564_female_63,False,o,h
fn001108_sentence-46.wav,0.447,0.478,0.031,w,@,I,N00564_female_63,False,o,ʋ
fn001108_sentence-66.wav,0.182,0.212,0.03,w,@,A,N00564_female_63,False,o,ʋ
fn001108_sentence-71.wav,0.374,0.404,0.03,Y,j,m,N00564_female_63,False,o,ʉ
fn001108_sentence-74.wav,8.024,8.064,0.04,w,A+,b,N00564_female_63,False,o,ʋ
fn001108_sentence-77.wav,0.265,0.296,0.031,w,@,E+,N00564_female_63,False,o,ʋ
fn001108_sentence-79.wav,1.011,1.042,0.031,w,n,@,N00564_female_63,False,o,ʋ
fn001108_sentence-80.wav,0.111,0.141,0.03,w,r,E,N00564_female_63,False,o,ʋ
fn001560_sentence-1.wav,0.582,0.612,0.03,n,A,d,N00823_female_56,False,o,n
fn001560_sentence-10.wav,0.401,0.441,0.04,d,I,A,N00823_female_56,False,o,d
fn001560_sentence-11.wav,4.325,4.356,0.031,@,d,r,N00823_female_56,False,o,ə
fn001560_sentence-11.wav,3.982,4.022,0.04,n,I,@,N00823_female_56,False,o,n
fn001560_sentence-12.wav,0.913,0.943,0.03,E,t,r,N00823_female_56,False,o,ɛ
fn001560_sentence-12.wav,0.782,0.822,0.04,O,w,r,N00823_female_56,False,o,ɔ
fn001560_sentence-12.wav,5.362,5.403,0.041,@,G,n,N00823_female_56,False,o,ə
fn001560_sentence-12.wav,0.943,0.973,0.03,r,E,x,N00823_female_56,False,o,r
fn001560_sentence-12.wav,0.822,0.862,0.04,r,O,t,N00823_female_56,False,o,r
fn001560_sentence-12.wav,2.001,2.031,0.03,s,r,t,N00823_female_56,False,o,s
fn001560_sentence-12.wav,1.971,2.001,0.03,r,@,s,N00823_female_56,False,o,r
fn001560_sentence-12.wav,5.403,5.433,0.03,n,@,d,N00823_female_56,False,o,n
fn001560_sentence-13.wav,5.225,5.256,0.031,n,@,t,N00823_female_56,False,o,n
fn001560_sentence-13.wav,4.961,5.001,0.04,w,z,E+,N00823_female_56,False,o,ʋ
fn001560_sentence-14.wav,4.326,4.357,0.031,d,n,@,N00823_female_56,False,o,d
fn001560_sentence-14.wav,2.864,2.894,0.03,t,s,@,N00823_female_56,False,o,t
fn001560_sentence-14.wav,4.265,4.296,0.031,@,r,n,N00823_female_56,False,o,ə
fn001560_sentence-14.wav,4.602,4.632,0.03,w,k,A,N00823_female_56,False,o,ʋ
fn001560_sentence-20.wav,3.744,3.775,0.031,n,@,t,N00823_female_56,False,o,n
fn001560_sentence-20.wav,0.602,0.632,0.03,E,m,n,N00823_female_56,False,o,ɛ
fn001560_sentence-21.wav,5.081,5.121,0.04,@,t,x,N00823_female_56,False,o,ə
fn001560_sentence-21.wav,1.063,1.104,0.041,r,E,t,N00823_female_56,False,o,r
fn001560_sentence-22.wav,1.568,1.598,0.03,d,n,@,N00823_female_56,False,o,d
fn001560_sentence-23.wav,4.762,4.793,0.031,d,l,@,N00823_female_56,False,o,d
fn001560_sentence-23.wav,5.441,5.472,0.031,x,s,r,N00823_female_56,False,o,x
fn001560_sentence-23.wav,4.722,4.762,0.04,l,a,d,N00823_female_56,False,o,l
fn001560_sentence-23.wav,5.127,5.158,0.031,r,E,t,N00823_female_56,False,o,r
fn001560_sentence-26.wav,0.047,0.077,0.03,w,t,e,N00823_female_56,False,o,ʋ
fn001560_sentence-26.wav,0.631,0.662,0.031,r,@,z,N00823_female_56,False,o,r
fn001560_sentence-27.wav,3.23,3.26,0.03,r,@,m,N00823_female_56,False,o,r
fn001560_sentence-3.wav,1.284,1.314,0.03,d,n,@,N00823_female_56,False,o,d
fn001560_sentence-3.wav,2.608,2.638,0.03,l,A,m,N00823_female_56,False,o,l
fn001560_sentence-31.wav,0.163,0.204,0.041,l,t,i,N00823_female_56,False,o,l
fn001560_sentence-37.wav,1.503,1.543,0.04,h,k,A,N00823_female_56,False,o,h
fn001560_sentence-43.wav,0.142,0.183,0.041,w,k,A,N00823_female_56,False,o,ʋ
fn001560_sentence-45.wav,3.742,3.772,0.03,w,k,A,N00823_female_56,False,o,ʋ
fn001560_sentence-47.wav,0.232,0.262,0.03,N,I,E,N00823_female_56,False,o,ŋ
fn001560_sentence-7.wav,0.447,0.477,0.03,b,d,E+,N00823_female_56,False,o,b
fn001561_sentence-21.wav,1.623,1.663,0.04,w,A+,d,N00823_female_56,False,o,ʋ
fn001561_sentence-23.wav,0.432,0.462,0.03,w,A+,m,N00823_female_56,False,o,ʋ
fn001561_sentence-24.wav,3.444,3.475,0.031,N,I,v,N00823_female_56,False,o,ŋ
fn001561_sentence-41.wav,0.521,0.562,0.041,Y,n,m,N00823_female_56,False,o,ʉ
fn001561_sentence-43.wav,1.067,1.097,0.03,w,@,@,N00823_female_56,False,o,ʋ
fn001561_sentence-56.wav,6.421,6.462,0.041,w,r,A,N00823_female_56,False,o,ʋ
fn001561_sentence-60.wav,2.542,2.582,0.04,w,n,A,N00823_female_56,False,o,ʋ
fn001561_sentence-62.wav,2.213,2.243,0.03,w,A+,O,N00823_female_56,False,o,ʋ
fn001561_sentence-66.wav,0.101,0.131,0.03,w,t,A,N00823_female_56,False,o,ʋ
fn001068_sentence-0.wav,3.082,3.123,0.041,n,@,t,N00530_female_74,False,o,n
fn001068_sentence-0.wav,5.261,5.292,0.031,l,A,f,N00530_female_74,False,o,l
fn001068_sentence-0.wav,7.805,7.835,0.03,a,n,r,N00530_female_74,False,o,aː
fn001068_sentence-0.wav,6.864,6.904,0.04,E+,z,n,N00530_female_74,False,o,ɛi
fn001068_sentence-0.wav,5.221,5.261,0.04,A,h,l,N00530_female_74,False,o,ɑ
fn001068_sentence-0.wav,0.591,0.622,0.031,r,@,d,N00530_female_74,False,o,r
fn001068_sentence-0.wav,2.212,2.242,0.03,t,n,i,N00530_female_74,False,o,t
fn001068_sentence-0.wav,2.181,2.212,0.031,n,@,t,N00530_female_74,False,o,n
fn001068_sentence-0.wav,4.221,4.262,0.041,r,@,t,N00530_female_74,False,o,r
fn001068_sentence-0.wav,5.181,5.221,0.04,h,r,A,N00530_female_74,False,o,h
fn001068_sentence-0.wav,5.746,5.776,0.03,@,d,r,N00530_female_74,False,o,ə
fn001068_sentence-0.wav,2.141,2.181,0.04,@,G,n,N00530_female_74,False,o,ə
fn001068_sentence-0.wav,0.622,0.652,0.03,d,r,A,N00530_female_74,False,o,d
fn001068_sentence-0.wav,5.11,5.14,0.03,@,d,r,N00530_female_74,False,o,ə
fn001068_sentence-0.wav,1.928,1.958,0.03,r,@,n,N00530_female_74,False,o,r
fn001068_sentence-0.wav,1.361,1.402,0.041,n,I,d,N00530_female_74,False,o,n
fn001068_sentence-0.wav,5.807,5.837,0.03,w,r,A,N00530_female_74,False,o,ʋ
fn001068_sentence-1.wav,1.282,1.322,0.04,I,t,k,N00530_female_74,False,o,ɪ
fn001068_sentence-1.wav,0.122,0.152,0.03,w,t,A,N00530_female_74,False,o,ʋ
fn001068_sentence-10.wav,0.066,0.097,0.031,@,d,e,N00530_female_74,False,o,ə
fn001068_sentence-10.wav,3.945,3.975,0.03,@,b,s,N00530_female_74,False,o,ə
fn001068_sentence-10.wav,3.509,3.539,0.03,t,n,f,N00530_female_74,False,o,t
fn001068_sentence-12.wav,2.222,2.253,0.031,w,@,E,N00530_female_74,False,o,ʋ
fn001068_sentence-12.wav,0.963,0.993,0.03,n,E,b,N00530_female_74,False,o,n
fn001068_sentence-13.wav,0.364,0.394,0.03,w,A+,d,N00530_female_74,False,o,ʋ
fn001068_sentence-13.wav,1.424,1.464,0.04,@,G,n,N00530_female_74,False,o,ə
fn001068_sentence-13.wav,1.464,1.494,0.03,n,@,t,N00530_female_74,False,o,n
fn001068_sentence-14.wav,1.524,1.554,0.03,s,t,x,N00530_female_74,False,o,s
fn001068_sentence-14.wav,2.403,2.434,0.031,r,a,@,N00530_female_74,False,o,r
fn001068_sentence-15.wav,3.102,3.142,0.04,l,@,v,N00530_female_74,False,o,l
fn001068_sentence-15.wav,2.767,2.798,0.031,E+,m,n,N00530_female_74,False,o,ɛi
fn001068_sentence-15.wav,2.909,2.939,0.03,r,t,O,N00530_female_74,False,o,r
fn001068_sentence-15.wav,3.071,3.102,0.031,@,m,l,N00530_female_74,False,o,ə
fn001068_sentence-16.wav,1.481,1.511,0.03,r,@,l,N00530_female_74,False,o,r
fn001068_sentence-16.wav,1.45,1.481,0.031,@,l,r,N00530_female_74,False,o,ə
fn001068_sentence-16.wav,1.823,1.853,0.03,h,@,o,N00530_female_74,False,o,h
fn001068_sentence-16.wav,1.853,1.883,0.03,o,h,r,N00530_female_74,False,o,oː
fn001068_sentence-17.wav,6.443,6.473,0.03,O,w,r,N00530_female_74,False,o,ɔ
fn001068_sentence-17.wav,0.202,0.242,0.04,n,@,O,N00530_female_74,False,o,n
fn001068_sentence-17.wav,6.413,6.443,0.03,w,s,O,N00530_female_74,False,o,ʋ
fn001068_sentence-17.wav,1.121,1.161,0.04,I,d,N,N00530_female_74,False,o,ɪ
fn001068_sentence-17.wav,5.464,5.495,0.031,n,@,s,N00530_female_74,False,o,n
fn001068_sentence-18.wav,0.743,0.784,0.041,d,r,@,N00530_female_74,False,o,d
fn001068_sentence-18.wav,2.954,2.984,0.03,@,d,G,N00530_female_74,False,o,ə
fn001068_sentence-18.wav,0.713,0.743,0.03,r,2,d,N00530_female_74,False,o,r
fn001068_sentence-18.wav,1.069,1.1,0.031,@,m,l,N00530_female_74,False,o,ə
fn001068_sentence-19.wav,0.061,0.102,0.041,@,d,v,N00530_female_74,False,o,ə
fn001068_sentence-19.wav,0.163,0.203,0.04,@,v,r,N00530_female_74,False,o,ə
fn001068_sentence-19.wav,6.728,6.758,0.03,@,m,O,N00530_female_74,False,o,ə
fn001068_sentence-19.wav,1.988,2.018,0.03,r,a,b,N00530_female_74,False,o,r
fn001068_sentence-2.wav,4.846,4.876,0.03,O,k,r,N00530_female_74,False,o,ɔ
fn001068_sentence-2.wav,1.252,1.283,0.031,I,x,k,N00530_female_74,False,o,ɪ
fn001068_sentence-2.wav,10.569,10.599,0.03,E+,m,n,N00530_female_74,False,o,ɛi
fn001068_sentence-2.wav,1.343,1.384,0.041,@,k,n,N00530_female_74,False,o,ə
fn001068_sentence-20.wav,1.734,1.764,0.03,@,t,l,N00530_female_74,False,o,ə
fn001068_sentence-20.wav,7.254,7.284,0.03,w,n,A,N00530_female_74,False,o,ʋ
fn001068_sentence-21.wav,0.649,0.68,0.031,r,@,e,N00530_female_74,False,o,r
fn001068_sentence-21.wav,1.922,1.953,0.031,d,n,@,N00530_female_74,False,o,d
fn001068_sentence-22.wav,2.202,2.242,0.04,r,o,d,N00530_female_74,False,o,r
fn001068_sentence-22.wav,2.161,2.202,0.041,o,v,r,N00530_female_74,False,o,oː
fn001068_sentence-24.wav,1.824,1.855,0.031,d,n,@,N00530_female_74,False,o,d
fn001068_sentence-25.wav,0.354,0.384,0.03,h,@,E,N00530_female_74,False,o,h
fn001068_sentence-25.wav,0.485,0.515,0.03,w,m,E,N00530_female_74,False,o,ʋ
fn001068_sentence-25.wav,0.293,0.323,0.03,d,l,@,N00530_female_74,False,o,d
fn001068_sentence-25.wav,0.162,0.202,0.04,w,k,I,N00530_female_74,False,o,ʋ
fn001068_sentence-25.wav,0.263,0.293,0.03,l,I,d,N00530_female_74,False,o,l
fn001068_sentence-26.wav,1.981,2.022,0.041,r,t,A,N00530_female_74,False,o,r
fn001068_sentence-26.wav,4.366,4.397,0.031,l,@,k,N00530_female_74,False,o,l
fn001068_sentence-27.wav,1.602,1.643,0.041,b,n,i,N00530_female_74,False,o,b
fn001068_sentence-27.wav,5.127,5.158,0.031,w,r,E+,N00530_female_74,False,o,ʋ
fn001068_sentence-27.wav,3.843,3.874,0.031,r,@,m,N00530_female_74,False,o,r
fn001068_sentence-27.wav,3.145,3.176,0.031,d,@,@,N00530_female_74,False,o,d
fn001068_sentence-28.wav,0.466,0.497,0.031,d,n,e,N00530_female_74,False,o,d
fn001068_sentence-3.wav,0.602,0.633,0.031,r,a,l,N00530_female_74,False,o,r
fn001068_sentence-30.wav,2.893,2.923,0.03,r,@,A,N00530_female_74,False,o,r
fn001068_sentence-30.wav,4.851,4.882,0.031,r,@,m,N00530_female_74,False,o,r
fn001068_sentence-30.wav,3.246,3.276,0.03,d,r,@,N00530_female_74,False,o,d
fn001068_sentence-30.wav,3.529,3.559,0.03,r,o,d,N00530_female_74,False,o,r
fn001068_sentence-31.wav,2.329,2.36,0.031,r,@,s,N00530_female_74,False,o,r
fn001068_sentence-31.wav,0.102,0.142,0.04,l,A,s,N00530_female_74,False,o,l
fn001068_sentence-31.wav,4.704,4.744,0.04,w,@,O,N00530_female_74,False,o,ʋ
fn001068_sentence-31.wav,2.248,2.279,0.031,d,n,@,N00530_female_74,False,o,d
fn001068_sentence-31.wav,1.874,1.904,0.03,l,A,s,N00530_female_74,False,o,l
fn001068_sentence-33.wav,1.229,1.259,0.03,h,t,E+,N00530_female_74,False,o,h
fn001068_sentence-34.wav,1.321,1.351,0.03,r,@,t,N00530_female_74,False,o,r
fn001068_sentence-34.wav,3.728,3.759,0.031,h,r,A,N00530_female_74,False,o,h
fn001068_sentence-34.wav,7.342,7.372,0.03,d,n,@,N00530_female_74,False,o,d
fn001068_sentence-36.wav,4.783,4.813,0.03,r,E,t,N00530_female_74,False,o,r
fn001068_sentence-36.wav,0.841,0.871,0.03,r,o,@,N00530_female_74,False,o,r
fn001068_sentence-36.wav,10.141,10.182,0.041,N,I,n,N00530_female_74,False,o,ŋ
fn001068_sentence-36.wav,10.284,10.314,0.03,r,a,m,N00530_female_74,False,o,r
fn001068_sentence-4.wav,0.922,0.953,0.031,r,a,G,N00530_female_74,False,o,r
fn001068_sentence-5.wav,1.808,1.838,0.03,r,@,d,N00530_female_74,False,o,r
fn001068_sentence-6.wav,1.221,1.251,0.03,r,@,h,N00530_female_74,False,o,r
fn001068_sentence-6.wav,7.164,7.194,0.03,r,a,h,N00530_female_74,False,o,r
fn001068_sentence-6.wav,7.012,7.042,0.03,r,e,n,N00530_female_74,False,o,r
fn001068_sentence-6.wav,7.194,7.224,0.03,h,r,E,N00530_female_74,False,o,h
fn001068_sentence-7.wav,0.262,0.302,0.04,r,@,@,N00530_female_74,False,o,r
fn001068_sentence-9.wav,1.723,1.764,0.041,N,O,G,N00530_female_74,False,o,ŋ
fn001069_sentence-0.wav,5.001,5.042,0.041,r,@,G,N00530_female_74,False,o,r
fn001069_sentence-0.wav,4.01,4.04,0.03,r,@,n,N00530_female_74,False,o,r
fn001069_sentence-1.wav,1.103,1.144,0.041,r,e,w,N00530_female_74,False,o,r
fn001069_sentence-10.wav,0.183,0.224,0.041,w,k,A,N00530_female_74,False,o,ʋ
fn001069_sentence-11.wav,8.492,8.522,0.03,w,A+,z,N00530_female_74,False,o,ʋ
fn001069_sentence-13.wav,4.569,4.6,0.031,r,o,d,N00530_female_74,False,o,r
fn001069_sentence-13.wav,5.328,5.358,0.03,r,@,d,N00530_female_74,False,o,r
fn001069_sentence-14.wav,1.401,1.442,0.041,h,a,A,N00530_female_74,False,o,h
fn001069_sentence-16.wav,1.172,1.202,0.03,r,a,m,N00530_female_74,False,o,r
fn001069_sentence-17.wav,3.367,3.398,0.031,r,e,d,N00530_female_74,False,o,r
fn001069_sentence-17.wav,6.343,6.383,0.04,r,t,o,N00530_female_74,False,o,r
fn001069_sentence-19.wav,0.561,0.602,0.041,r,e,a,N00530_female_74,False,o,r
fn001069_sentence-21.wav,3.101,3.131,0.03,r,@,k,N00530_female_74,False,o,r
fn001069_sentence-21.wav,2.524,2.564,0.04,r,d,A,N00530_female_74,False,o,r
fn001069_sentence-22.wav,3.283,3.313,0.03,w,s,A,N00530_female_74,False,o,ʋ
fn001069_sentence-27.wav,0.653,0.684,0.031,w,t,A,N00530_female_74,False,o,ʋ
fn001069_sentence-28.wav,3.942,3.973,0.031,w,r,A,N00530_female_74,False,o,ʋ
fn001069_sentence-29.wav,2.708,2.738,0.03,w,@,A,N00530_female_74,False,o,ʋ
fn001069_sentence-30.wav,2.248,2.278,0.03,w,@,E,N00530_female_74,False,o,ʋ
fn001069_sentence-38.wav,5.443,5.473,0.03,w,A+,m,N00530_female_74,False,o,ʋ
fn001069_sentence-52.wav,2.942,2.972,0.03,w,A+,m,N00530_female_74,False,o,ʋ
fn001069_sentence-58.wav,0.162,0.193,0.031,w,r,E,N00530_female_74,False,o,ʋ
fn001069_sentence-62.wav,0.131,0.162,0.031,w,r,A,N00530_female_74,False,o,ʋ
fn001069_sentence-63.wav,6.724,6.764,0.04,w,A+,d,N00530_female_74,False,o,ʋ
fn001069_sentence-63.wav,2.142,2.183,0.041,w,E+,E,N00530_female_74,False,o,ʋ
fn001069_sentence-81.wav,0.606,0.636,0.03,w,N,A,N00530_female_74,False,o,ʋ
fn001069_sentence-81.wav,2.822,2.853,0.031,w,n,@,N00530_female_74,False,o,ʋ
fn001162_sentence-1.wav,1.43,1.461,0.031,n,E,l,N00662_female_60,False,o,n
fn001162_sentence-1.wav,2.105,2.135,0.03,r,E,v,N00662_female_60,False,o,r
fn001162_sentence-1.wav,2.286,2.317,0.031,w,r,A,N00662_female_60,False,o,ʋ
fn001162_sentence-10.wav,3.402,3.443,0.041,@,t,r,N00662_female_60,False,o,ə
fn001162_sentence-10.wav,0.232,0.262,0.03,v,u,d,N00662_female_60,False,o,v
fn001162_sentence-10.wav,0.141,0.182,0.041,h,@,u,N00662_female_60,False,o,h
fn001162_sentence-10.wav,3.321,3.362,0.041,s,n,t,N00662_female_60,False,o,s
fn001162_sentence-10.wav,3.443,3.473,0.03,r,@,s,N00662_female_60,False,o,r
fn001162_sentence-10.wav,4.573,4.604,0.031,n,E,m,N00662_female_60,False,o,n
fn001162_sentence-10.wav,3.068,3.099,0.031,r,a,v,N00662_female_60,False,o,r
fn001162_sentence-10.wav,0.354,0.384,0.03,A,@,l,N00662_female_60,False,o,ɑ
fn001162_sentence-10.wav,3.008,3.038,0.03,h,n,a,N00662_female_60,False,o,h
fn001162_sentence-10.wav,3.362,3.402,0.04,t,s,@,N00662_female_60,False,o,t
fn001162_sentence-10.wav,0.626,0.657,0.031,r,a,h,N00662_female_60,False,o,r
fn001162_sentence-10.wav,0.505,0.535,0.03,n,e,m,N00662_female_60,False,o,n
fn001162_sentence-10.wav,0.323,0.354,0.031,@,d,A,N00662_female_60,False,o,ə
fn001162_sentence-11.wav,1.17,1.2,0.03,@,d,E,N00662_female_60,False,o,ə
fn001162_sentence-11.wav,1.805,1.835,0.03,t,s,I,N00662_female_60,False,o,t
fn001162_sentence-11.wav,0.504,0.535,0.031,@,t,r,N00662_female_60,False,o,ə
fn001162_sentence-12.wav,0.601,0.642,0.041,h,n,a,N00662_female_60,False,o,h
fn001162_sentence-12.wav,0.673,0.703,0.03,r,a,h,N00662_female_60,False,o,r
fn001162_sentence-12.wav,0.642,0.673,0.031,a,h,r,N00662_female_60,False,o,aː
fn001162_sentence-12.wav,0.265,0.295,0.03,r,o,A,N00662_female_60,False,o,r
fn001162_sentence-13.wav,0.631,0.661,0.03,o,t,j,N00662_female_60,False,o,oː
fn001162_sentence-13.wav,0.051,0.081,0.03,A,w,n,N00662_female_60,False,o,ɑ
fn001162_sentence-14.wav,8.261,8.302,0.041,a,k,l,N00662_female_60,False,o,aː
fn001162_sentence-14.wav,4.462,4.493,0.031,@,d,O,N00662_female_60,False,o,ə
fn001162_sentence-14.wav,15.468,15.499,0.031,r,@,t,N00662_female_60,False,o,r
fn001162_sentence-14.wav,22.168,22.198,0.03,N,a,G,N00662_female_60,False,o,ŋ
fn001162_sentence-14.wav,20.321,20.362,0.041,n,E,@,N00662_female_60,False,o,n
fn001162_sentence-14.wav,3.321,3.362,0.041,r,e,s,N00662_female_60,False,o,r
fn001162_sentence-14.wav,20.705,20.735,0.03,d,n,@,N00662_female_60,False,o,d
fn001162_sentence-14.wav,8.373,8.403,0.03,a,l,r,N00662_female_60,False,o,aː
fn001162_sentence-14.wav,18.609,18.639,0.03,r,a,h,N00662_female_60,False,o,r
fn001162_sentence-14.wav,6.283,6.314,0.031,h,t,E,N00662_female_60,False,o,h
fn001162_sentence-14.wav,10.03,10.06,0.03,d,n,A,N00662_female_60,False,o,d
fn001162_sentence-14.wav,3.685,3.715,0.03,d,r,@,N00662_female_60,False,o,d
fn001162_sentence-14.wav,20.765,20.796,0.031,r,@,@,N00662_female_60,False,o,r
fn001162_sentence-14.wav,0.181,0.222,0.041,h,i,A,N00662_female_60,False,o,h
fn001162_sentence-14.wav,21.451,21.482,0.031,r,o,x,N00662_female_60,False,o,r
fn001162_sentence-14.wav,0.484,0.524,0.04,r,@,w,N00662_female_60,False,o,r
fn001162_sentence-15.wav,1.493,1.523,0.03,r,@,z,N00662_female_60,False,o,r
fn001162_sentence-16.wav,2.363,2.394,0.031,E,i,r,N00662_female_60,False,o,ɛ
fn001162_sentence-16.wav,2.424,2.464,0.04,v,r,A,N00662_female_60,False,o,v
fn001162_sentence-16.wav,0.621,0.652,0.031,@,n,n,N00662_female_60,False,o,ə
fn001162_sentence-16.wav,2.394,2.424,0.03,r,E,v,N00662_female_60,False,o,r
fn001162_sentence-17.wav,3.661,3.691,0.03,a,h,r,N00662_female_60,False,o,aː
fn001162_sentence-17.wav,5.967,5.997,0.03,a,h,r,N00662_female_60,False,o,aː
fn001162_sentence-17.wav,0.508,0.539,0.031,@,S,h,N00662_female_60,False,o,ə
fn001162_sentence-17.wav,2.952,2.982,0.03,@,t,E,N00662_female_60,False,o,ə
fn001162_sentence-17.wav,6.31,6.34,0.03,@,j,s,N00662_female_60,False,o,ə
fn001162_sentence-18.wav,0.091,0.121,0.03,@,z,x,N00662_female_60,False,o,ə
fn001162_sentence-18.wav,1.053,1.084,0.031,@,d,h,N00662_female_60,False,o,ə
fn001162_sentence-19.wav,3.583,3.614,0.031,@,d,j,N00662_female_60,False,o,ə
fn001162_sentence-19.wav,1.824,1.864,0.04,@,t,r,N00662_female_60,False,o,ə
fn001162_sentence-19.wav,0.161,0.201,0.04,f,A,s,N00662_female_60,False,o,f
fn001162_sentence-19.wav,4.208,4.238,0.03,r,@,@,N00662_female_60,False,o,r
fn001162_sentence-19.wav,3.553,3.583,0.03,d,n,@,N00662_female_60,False,o,d
fn001162_sentence-19.wav,0.363,0.403,0.04,a,r,k,N00662_female_60,False,o,aː
fn001162_sentence-19.wav,3.452,3.483,0.031,A,v,n,N00662_female_60,False,o,ɑ
fn001162_sentence-19.wav,4.43,4.46,0.03,w,A+,s,N00662_female_60,False,o,ʋ
fn001162_sentence-19.wav,0.332,0.363,0.031,r,p,a,N00662_female_60,False,o,r
fn001162_sentence-19.wav,1.753,1.784,0.031,r,@,t,N00662_female_60,False,o,r
fn001162_sentence-2.wav,1.304,1.344,0.04,@,t,r,N00662_female_60,False,o,ə
fn001162_sentence-2.wav,1.344,1.374,0.03,r,@,w,N00662_female_60,False,o,r
fn001162_sentence-2.wav,1.546,1.577,0.031,l,A,s,N00662_female_60,False,o,l
fn001162_sentence-20.wav,8.465,8.495,0.03,w,t,I,N00662_female_60,False,o,ʋ
fn001162_sentence-20.wav,7.071,7.101,0.03,O,k,r,N00662_female_60,False,o,ɔ
fn001162_sentence-20.wav,0.249,0.279,0.03,l,E,d,N00662_female_60,False,o,l
fn001162_sentence-20.wav,0.663,0.703,0.04,l,i,i,N00662_female_60,False,o,l
fn001162_sentence-20.wav,2.521,2.551,0.03,r,@,m,N00662_female_60,False,o,r
fn001162_sentence-22.wav,2.631,2.661,0.03,r,a,m,N00662_female_60,False,o,r
fn001162_sentence-23.wav,3.461,3.501,0.04,O,n,p,N00662_female_60,False,o,ɔ
fn001162_sentence-23.wav,1.242,1.282,0.04,w,r,A,N00662_female_60,False,o,ʋ
fn001162_sentence-23.wav,1.212,1.242,0.03,r,a,w,N00662_female_60,False,o,r
fn001162_sentence-24.wav,7.584,7.624,0.04,z,n,@,N00662_female_60,False,o,z
fn001162_sentence-24.wav,4.372,4.402,0.03,r,E,m,N00662_female_60,False,o,r
fn001162_sentence-24.wav,4.533,4.564,0.031,l,E,k,N00662_female_60,False,o,l
fn001162_sentence-24.wav,1.506,1.536,0.03,d,e,@,N00662_female_60,False,o,d
fn001162_sentence-25.wav,0.727,0.758,0.031,r,@,@,N00662_female_60,False,o,r
fn001162_sentence-25.wav,5.909,5.939,0.03,r,a,t,N00662_female_60,False,o,r
fn001162_sentence-25.wav,0.303,0.343,0.04,h,n,Y,N00662_female_60,False,o,h
fn001162_sentence-25.wav,3.367,3.398,0.031,r,a,o,N00662_female_60,False,o,r
fn001162_sentence-25.wav,0.343,0.384,0.041,Y,h,n,N00662_female_60,False,o,ʉ
fn001162_sentence-25.wav,0.091,0.121,0.03,r,a,t,N00662_female_60,False,o,r
fn001162_sentence-25.wav,6.981,7.012,0.031,d,n,@,N00662_female_60,False,o,d
fn001162_sentence-25.wav,8.308,8.339,0.031,r,E,t,N00662_female_60,False,o,r
fn001162_sentence-25.wav,2.374,2.404,0.03,r,@,s,N00662_female_60,False,o,r
fn001162_sentence-26.wav,4.273,4.304,0.031,r,a,w,N00662_female_60,False,o,r
fn001162_sentence-26.wav,2.162,2.202,0.04,A,d,x,N00662_female_60,False,o,ɑ
fn001162_sentence-28.wav,1.041,1.082,0.041,r,o,t,N00662_female_60,False,o,r
fn001162_sentence-29.wav,1.881,1.922,0.041,d,n,b,N00662_female_60,False,o,d
fn001162_sentence-3.wav,6.91,6.941,0.031,w,A+,v,N00662_female_60,False,o,ʋ
fn001162_sentence-3.wav,9.372,9.402,0.03,r,A,k,N00662_female_60,False,o,r
fn001162_sentence-3.wav,2.421,2.452,0.031,l,@,o,N00662_female_60,False,o,l
fn001162_sentence-3.wav,4.991,5.021,0.03,d,r,@,N00662_female_60,False,o,d
fn001162_sentence-3.wav,5.821,5.861,0.04,r,e,t,N00662_female_60,False,o,r
fn001162_sentence-30.wav,2.585,2.615,0.03,r,a,a,N00662_female_60,False,o,r
fn001162_sentence-30.wav,6.542,6.573,0.031,j,t,@,N00662_female_60,False,o,j
fn001162_sentence-30.wav,0.731,0.762,0.031,l,I,d,N00662_female_60,False,o,l
fn001162_sentence-30.wav,0.081,0.112,0.031,l,A,s,N00662_female_60,False,o,l
fn001162_sentence-30.wav,6.785,6.815,0.03,r,@,s,N00662_female_60,False,o,r
fn001162_sentence-31.wav,0.569,0.599,0.03,r,@,n,N00662_female_60,False,o,r
fn001162_sentence-31.wav,0.102,0.132,0.03,h,@,A,N00662_female_60,False,o,h
fn001162_sentence-31.wav,6.448,6.478,0.03,d,n,@,N00662_female_60,False,o,d
fn001162_sentence-31.wav,8.13,8.16,0.03,r,a,m,N00662_female_60,False,o,r
fn001162_sentence-32.wav,4.229,4.259,0.03,d,i,@,N00662_female_60,False,o,d
fn001162_sentence-32.wav,7.083,7.123,0.04,l,v,i,N00662_female_60,False,o,l
fn001162_sentence-33.wav,1.032,1.062,0.03,d,n,@,N00662_female_60,False,o,d
fn001162_sentence-33.wav,0.122,0.162,0.04,d,n,@,N00662_female_60,False,o,d
fn001162_sentence-33.wav,0.607,0.637,0.03,r,@,v,N00662_female_60,False,o,r
fn001162_sentence-35.wav,0.304,0.334,0.03,h,t,a,N00662_female_60,False,o,h
fn001162_sentence-35.wav,1.194,1.224,0.03,w,t,I,N00662_female_60,False,o,ʋ
fn001162_sentence-36.wav,3.982,4.022,0.04,d,n,@,N00662_female_60,False,o,d
fn001162_sentence-36.wav,6.383,6.424,0.041,l,@,I,N00662_female_60,False,o,l
fn001162_sentence-36.wav,7.05,7.08,0.03,N,I,I,N00662_female_60,False,o,ŋ
fn001162_sentence-37.wav,0.712,0.742,0.03,d,r,@,N00662_female_60,False,o,d
fn001162_sentence-37.wav,2.562,2.592,0.03,r,@,s,N00662_female_60,False,o,r
fn001162_sentence-37.wav,4.441,4.471,0.03,d,p,@,N00662_female_60,False,o,d
fn001162_sentence-38.wav,0.782,0.822,0.04,l,E,f,N00662_female_60,False,o,l
fn001162_sentence-38.wav,4.206,4.237,0.031,w,k,A,N00662_female_60,False,o,ʋ
fn001162_sentence-38.wav,1.594,1.624,0.03,r,@,s,N00662_female_60,False,o,r
fn001162_sentence-39.wav,0.991,1.022,0.031,d,r,@,N00662_female_60,False,o,d
fn001162_sentence-39.wav,0.961,0.991,0.03,r,@,d,N00662_female_60,False,o,r
fn001162_sentence-4.wav,3.081,3.121,0.04,r,o,d,N00662_female_60,False,o,r
fn001162_sentence-4.wav,5.543,5.584,0.041,d,n,@,N00662_female_60,False,o,d
fn001162_sentence-4.wav,6.109,6.139,0.03,d,n,@,N00662_female_60,False,o,d
fn001162_sentence-4.wav,1.169,1.199,0.03,r,@,s,N00662_female_60,False,o,r
fn001162_sentence-4.wav,3.324,3.354,0.03,r,2,d,N00662_female_60,False,o,r
fn001162_sentence-4.wav,0.685,0.715,0.03,d,n,@,N00662_female_60,False,o,d
fn001162_sentence-4.wav,9.284,9.324,0.04,l,n,e,N00662_female_60,False,o,l
fn001162_sentence-41.wav,1.485,1.515,0.03,l,A,s,N00662_female_60,False,o,l
fn001162_sentence-41.wav,1.404,1.444,0.04,w,o,A,N00662_female_60,False,o,ʋ
fn001162_sentence-41.wav,3.102,3.133,0.031,r,@,s,N00662_female_60,False,o,r
fn001162_sentence-41.wav,4.67,4.7,0.03,r,a,t,N00662_female_60,False,o,r
fn001162_sentence-42.wav,1.744,1.775,0.031,d,r,@,N00662_female_60,False,o,d
fn001162_sentence-42.wav,1.704,1.744,0.04,r,e,d,N00662_female_60,False,o,r
fn001162_sentence-42.wav,1.412,1.442,0.03,r,@,E,N00662_female_60,False,o,r
fn001162_sentence-43.wav,5.251,5.282,0.031,l,@,t,N00662_female_60,False,o,l
fn001162_sentence-43.wav,2.754,2.784,0.03,l,A,s,N00662_female_60,False,o,l
fn001162_sentence-43.wav,5.373,5.403,0.03,r,a,b,N00662_female_60,False,o,r
fn001162_sentence-45.wav,4.624,4.654,0.03,r,@,s,N00662_female_60,False,o,r
fn001162_sentence-45.wav,3.867,3.898,0.031,l,Y,t,N00662_female_60,False,o,l
fn001162_sentence-46.wav,3.061,3.092,0.031,r,@,s,N00662_female_60,False,o,r
fn001162_sentence-46.wav,4.872,4.902,0.03,j,u,@,N00662_female_60,False,o,j
fn001162_sentence-46.wav,8.984,9.015,0.031,r,E,n,N00662_female_60,False,o,r
fn001162_sentence-46.wav,9.431,9.461,0.03,r,@,O,N00662_female_60,False,o,r
fn001162_sentence-47.wav,3.25,3.28,0.03,r,@,z,N00662_female_60,False,o,r
fn001162_sentence-48.wav,5.801,5.831,0.03,r,@,w,N00662_female_60,False,o,r
fn001162_sentence-48.wav,2.681,2.722,0.041,r,e,O,N00662_female_60,False,o,r
fn001162_sentence-49.wav,14.573,14.604,0.031,r,E,G,N00662_female_60,False,o,r
fn001162_sentence-49.wav,4.828,4.858,0.03,r,@,b,N00662_female_60,False,o,r
fn001162_sentence-5.wav,0.112,0.143,0.031,r,a,d,N00662_female_60,False,o,r
fn001162_sentence-50.wav,5.467,5.497,0.03,r,a,v,N00662_female_60,False,o,r
fn001162_sentence-50.wav,14.812,14.843,0.031,w,@,e,N00662_female_60,False,o,ʋ
fn001162_sentence-52.wav,0.741,0.771,0.03,r,a,z,N00662_female_60,False,o,r
fn001162_sentence-52.wav,2.289,2.319,0.03,r,@,s,N00662_female_60,False,o,r
fn001162_sentence-52.wav,4.445,4.475,0.03,r,@,z,N00662_female_60,False,o,r
fn001162_sentence-53.wav,5.004,5.044,0.04,w,k,a,N00662_female_60,False,o,ʋ
fn001162_sentence-57.wav,6.99,7.021,0.031,w,s,A,N00662_female_60,False,o,ʋ
fn001162_sentence-57.wav,3.291,3.321,0.03,w,t,E,N00662_female_60,False,o,ʋ
fn001162_sentence-66.wav,4.184,4.215,0.031,w,A+,t,N00662_female_60,False,o,ʋ
fn001162_sentence-7.wav,10.073,10.103,0.03,w,A+,v,N00662_female_60,False,o,ʋ
fn001162_sentence-71.wav,0.89,0.92,0.03,w,A+,l,N00662_female_60,False,o,ʋ
fn001162_sentence-73.wav,3.968,3.999,0.031,w,@,A,N00662_female_60,False,o,ʋ
fn001162_sentence-75.wav,5.529,5.559,0.03,Y,l,s,N00662_female_60,False,o,ʉ
fn001162_sentence-77.wav,1.986,2.017,0.031,Y,h,n,N00662_female_60,False,o,ʉ
fn001162_sentence-79.wav,4.931,4.961,0.03,Y,h,n,N00662_female_60,False,o,ʉ
fn001162_sentence-79.wav,8.69,8.721,0.031,w,@,A,N00662_female_60,False,o,ʋ
fn001162_sentence-79.wav,9.409,9.439,0.03,Y,h,n,N00662_female_60,False,o,ʉ
fn001162_sentence-8.wav,0.163,0.203,0.04,w,r,A,N00662_female_60,False,o,ʋ
fn001162_sentence-84.wav,6.688,6.718,0.03,w,o,A,N00662_female_60,False,o,ʋ
fn001562_sentence-0.wav,1.451,1.481,0.03,n,@,t,N00824_female_61,False,o,n
fn001562_sentence-0.wav,14.671,14.702,0.031,A,w,s,N00824_female_61,False,o,ɑ
fn001562_sentence-0.wav,16.063,16.093,0.03,@,w,l,N00824_female_61,False,o,ə
fn001562_sentence-0.wav,1.148,1.178,0.03,r,@,n,N00824_female_61,False,o,r
fn001562_sentence-0.wav,16.022,16.063,0.041,w,y,@,N00824_female_61,False,o,ʋ
fn001562_sentence-0.wav,11.527,11.557,0.03,l,A,d,N00824_female_61,False,o,l
fn001562_sentence-0.wav,7.809,7.839,0.03,j,A,s,N00824_female_61,False,o,j
fn001562_sentence-0.wav,8.214,8.244,0.03,w,A+,d,N00824_female_61,False,o,ʋ
fn001562_sentence-0.wav,11.385,11.415,0.03,@,v,r,N00824_female_61,False,o,ə
fn001562_sentence-0.wav,13.341,13.382,0.041,h,@,A,N00824_female_61,False,o,h
fn001562_sentence-0.wav,0.542,0.572,0.03,l,a,f,N00824_female_61,False,o,l
fn001562_sentence-1.wav,3.623,3.663,0.04,f,l,s,N00824_female_61,False,o,f
fn001562_sentence-1.wav,0.622,0.653,0.031,u,r,J,N00824_female_61,False,o,uː
fn001562_sentence-1.wav,1.941,1.982,0.041,n,A,d,N00824_female_61,False,o,n
fn001562_sentence-1.wav,3.592,3.623,0.031,l,E,f,N00824_female_61,False,o,l
fn001562_sentence-1.wav,0.592,0.622,0.03,r,o,u,N00824_female_61,False,o,r
fn001562_sentence-1.wav,7.861,7.891,0.03,d,n,@,N00824_female_61,False,o,d
fn001562_sentence-1.wav,1.982,2.013,0.031,d,n,@,N00824_female_61,False,o,d
fn001562_sentence-1.wav,0.846,0.877,0.031,t,m,@,N00824_female_61,False,o,t
fn001562_sentence-1.wav,0.561,0.592,0.031,o,k,r,N00824_female_61,False,o,oː
fn001562_sentence-1.wav,0.704,0.734,0.03,a,J,k,N00824_female_61,False,o,aː
fn001562_sentence-10.wav,3.323,3.354,0.031,w,A+,d,N00824_female_61,False,o,ʋ
fn001562_sentence-10.wav,10.421,10.451,0.03,@,l,k,N00824_female_61,False,o,ə
fn001562_sentence-10.wav,2.961,3.001,0.04,l,O,k,N00824_female_61,False,o,l
fn001562_sentence-10.wav,7.666,7.697,0.031,l,A,z,N00824_female_61,False,o,l
fn001562_sentence-11.wav,0.152,0.182,0.03,r,a,O,N00824_female_61,False,o,r
fn001562_sentence-12.wav,5.401,5.441,0.04,r,e,t,N00824_female_61,False,o,r
fn001562_sentence-13.wav,3.109,3.139,0.03,h,E+,i,N00824_female_61,False,o,h
fn001562_sentence-13.wav,5.243,5.274,0.031,r,@,t,N00824_female_61,False,o,r
fn001562_sentence-13.wav,7.302,7.332,0.03,w,A+,z,N00824_female_61,False,o,ʋ
fn001562_sentence-13.wav,7.272,7.302,0.03,A+,s,w,N00824_female_61,False,o,ɑu
fn001562_sentence-14.wav,0.253,0.284,0.031,r,@,t,N00824_female_61,False,o,r
fn001562_sentence-14.wav,3.067,3.097,0.03,A+,z,w,N00824_female_61,False,o,ɑu
fn001562_sentence-15.wav,3.807,3.838,0.031,r,@,t,N00824_female_61,False,o,r
fn001562_sentence-16.wav,1.346,1.377,0.031,r,@,t,N00824_female_61,False,o,r
fn001562_sentence-16.wav,2.486,2.516,0.03,w,z,A,N00824_female_61,False,o,ʋ
fn001562_sentence-17.wav,2.351,2.381,0.03,r,E,v,N00824_female_61,False,o,r
fn001562_sentence-17.wav,2.543,2.573,0.03,d,n,i,N00824_female_61,False,o,d
fn001562_sentence-18.wav,6.283,6.324,0.041,r,a,d,N00824_female_61,False,o,r
fn001562_sentence-18.wav,2.392,2.423,0.031,j,a,i,N00824_female_61,False,o,j
fn001562_sentence-18.wav,5.926,5.957,0.031,w,r,E+,N00824_female_61,False,o,ʋ
fn001562_sentence-19.wav,1.704,1.734,0.03,l,A,s,N00824_female_61,False,o,l
fn001562_sentence-19.wav,3.381,3.412,0.031,l,@,t,N00824_female_61,False,o,l
fn001562_sentence-20.wav,2.585,2.615,0.03,l,a,v,N00824_female_61,False,o,l
fn001562_sentence-20.wav,0.121,0.162,0.041,w,t,A,N00824_female_61,False,o,ʋ
fn001562_sentence-25.wav,0.942,0.982,0.04,w,n,A,N00824_female_61,False,o,ʋ
fn001562_sentence-26.wav,0.407,0.437,0.03,l,A,s,N00824_female_61,False,o,l
fn001562_sentence-26.wav,0.102,0.142,0.04,w,z,A,N00824_female_61,False,o,ʋ
fn001562_sentence-29.wav,1.051,1.082,0.031,l,A,s,N00824_female_61,False,o,l
fn001562_sentence-31.wav,0.688,0.719,0.031,d,r,w,N00824_female_61,False,o,d
fn001562_sentence-31.wav,2.345,2.375,0.03,l,@,I,N00824_female_61,False,o,l
fn001562_sentence-32.wav,2.09,2.12,0.03,w,z,a,N00824_female_61,False,o,ʋ
fn001562_sentence-32.wav,0.868,0.898,0.03,d,r,@,N00824_female_61,False,o,d
fn001562_sentence-32.wav,0.582,0.613,0.031,l,k,A,N00824_female_61,False,o,l
fn001562_sentence-33.wav,11.667,11.697,0.03,l,@,t,N00824_female_61,False,o,l
fn001562_sentence-7.wav,5.662,5.703,0.041,l,@,@,N00824_female_61,False,o,l
fn001562_sentence-8.wav,5.571,5.602,0.031,l,r,@,N00824_female_61,False,o,l
fn001562_sentence-8.wav,5.804,5.834,0.03,l,A,s,N00824_female_61,False,o,l
fn001562_sentence-8.wav,0.103,0.133,0.03,w,@,E,N00824_female_61,False,o,ʋ
fn001562_sentence-9.wav,8.181,8.222,0.041,j,A,s,N00824_female_61,False,o,j
fn001563_sentence-11.wav,1.662,1.702,0.04,w,z,A,N00824_female_61,False,o,ʋ
fn001563_sentence-14.wav,3.763,3.804,0.041,j,A,s,N00824_female_61,False,o,j
fn001563_sentence-21.wav,0.182,0.213,0.031,w,t,A,N00824_female_61,False,o,ʋ
fn001563_sentence-3.wav,3.884,3.924,0.04,w,s,A,N00824_female_61,False,o,ʋ
fn001563_sentence-34.wav,0.091,0.122,0.031,w,t,A,N00824_female_61,False,o,ʋ
fn001563_sentence-35.wav,0.683,0.723,0.04,w,s,A,N00824_female_61,False,o,ʋ
fn001563_sentence-40.wav,0.953,0.983,0.03,w,t,I,N00824_female_61,False,o,ʋ
fn001563_sentence-46.wav,0.102,0.142,0.04,w,r,A,N00824_female_61,False,o,ʋ
fn001563_sentence-50.wav,7.501,7.542,0.041,w,n,e,N00824_female_61,False,o,ʋ
fn001563_sentence-50.wav,0.443,0.484,0.041,w,a,A,N00824_female_61,False,o,ʋ
fn001563_sentence-54.wav,3.246,3.277,0.031,w,i,O,N00824_female_61,False,o,ʋ
fn001563_sentence-70.wav,0.163,0.194,0.031,w,t,A,N00824_female_61,False,o,ʋ
fn001422_sentence-0.wav,0.384,0.415,0.031,s,t,e,N00738_male_30,False,o,s
fn001422_sentence-0.wav,0.263,0.304,0.041,@,t,n,N00738_male_30,False,o,ə
fn001422_sentence-0.wav,0.344,0.384,0.04,t,n,s,N00738_male_30,False,o,t
fn001422_sentence-0.wav,0.85,0.88,0.03,r,@,t,N00738_male_30,False,o,r
fn001422_sentence-0.wav,0.304,0.344,0.04,n,@,t,N00738_male_30,False,o,n
fn001422_sentence-0.wav,1.325,1.355,0.03,@,b,G,N00738_male_30,False,o,ə
fn001422_sentence-1.wav,1.732,1.762,0.03,@,s,r,N00738_male_30,False,o,ə
fn001422_sentence-1.wav,1.45,1.48,0.03,A,f,n,N00738_male_30,False,o,ɑ
fn001422_sentence-1.wav,1.762,1.792,0.03,r,@,z,N00738_male_30,False,o,r
fn001422_sentence-1.wav,1.792,1.822,0.03,z,r,b,N00738_male_30,False,o,z
fn001422_sentence-1.wav,0.866,0.896,0.03,d,n,@,N00738_male_30,False,o,d
fn001422_sentence-1.wav,1.51,1.54,0.03,d,n,@,N00738_male_30,False,o,d
fn001422_sentence-10.wav,0.122,0.153,0.031,h,k,A,N00738_male_30,False,o,h
fn001422_sentence-10.wav,1.926,1.957,0.031,@,s,I,N00738_male_30,False,o,ə
fn001422_sentence-10.wav,2.15,2.18,0.03,A,t,l,N00738_male_30,False,o,ɑ
fn001422_sentence-10.wav,3.407,3.437,0.03,r,a,I,N00738_male_30,False,o,r
fn001422_sentence-10.wav,1.551,1.581,0.03,r,e,i,N00738_male_30,False,o,r
fn001422_sentence-11.wav,0.213,0.243,0.03,f,k,@,N00738_male_30,False,o,f
fn001422_sentence-11.wav,0.689,0.72,0.031,d,@,@,N00738_male_30,False,o,d
fn001422_sentence-11.wav,0.294,0.324,0.03,r,@,t,N00738_male_30,False,o,r
fn001422_sentence-11.wav,1.349,1.379,0.03,r,@,s,N00738_male_30,False,o,r
fn001422_sentence-12.wav,0.122,0.163,0.041,A,h,t,N00738_male_30,False,o,ɑ
fn001422_sentence-12.wav,0.092,0.122,0.03,h,k,A,N00738_male_30,False,o,h
fn001422_sentence-13.wav,0.345,0.376,0.031,a,m,r,N00738_male_30,False,o,aː
fn001422_sentence-13.wav,3.344,3.374,0.03,r,e,b,N00738_male_30,False,o,r
fn001422_sentence-13.wav,0.254,0.284,0.03,n,O,m,N00738_male_30,False,o,n
fn001422_sentence-13.wav,2.442,2.483,0.041,l,s,A,N00738_male_30,False,o,l
fn001422_sentence-15.wav,0.928,0.958,0.03,x,@,@,N00738_male_30,False,o,x
fn001422_sentence-15.wav,1.587,1.617,0.03,r,a,A+,N00738_male_30,False,o,r
fn001422_sentence-15.wav,1.151,1.181,0.03,d,i,@,N00738_male_30,False,o,d
fn001422_sentence-15.wav,0.786,0.816,0.03,A,h,@,N00738_male_30,False,o,ɑ
fn001422_sentence-16.wav,5.369,5.399,0.03,t,E,E,N00738_male_30,False,o,t
fn001422_sentence-16.wav,4.25,4.281,0.031,@,b,v,N00738_male_30,False,o,ə
fn001422_sentence-16.wav,3.948,3.978,0.03,d,s,@,N00738_male_30,False,o,d
fn001422_sentence-16.wav,1.003,1.033,0.03,t,Y+,s,N00738_male_30,False,o,t
fn001422_sentence-16.wav,4.986,5.016,0.03,@,G,l,N00738_male_30,False,o,ə
fn001422_sentence-16.wav,1.083,1.114,0.031,l,s,A,N00738_male_30,False,o,l
fn001422_sentence-16.wav,1.245,1.276,0.031,n,t,O,N00738_male_30,False,o,n
fn001422_sentence-17.wav,0.728,0.758,0.03,r,E,l,N00738_male_30,False,o,r
fn001422_sentence-17.wav,1.223,1.263,0.04,r,y,x,N00738_male_30,False,o,r
fn001422_sentence-17.wav,0.546,0.576,0.03,n,u,d,N00738_male_30,False,o,n
fn001422_sentence-17.wav,2.069,2.099,0.03,h,t,E+,N00738_male_30,False,o,h
fn001422_sentence-17.wav,0.161,0.202,0.041,b,t,@,N00738_male_30,False,o,b
fn001422_sentence-17.wav,0.131,0.161,0.03,t,@,b,N00738_male_30,False,o,t
fn001422_sentence-18.wav,2.842,2.882,0.04,@,n,t,N00738_male_30,False,o,ə
fn001422_sentence-18.wav,2.801,2.842,0.041,n,A,@,N00738_male_30,False,o,n
fn001422_sentence-18.wav,2.771,2.801,0.03,A,v,n,N00738_male_30,False,o,ɑ
fn001422_sentence-18.wav,1.448,1.478,0.03,@,v,r,N00738_male_30,False,o,ə
fn001422_sentence-18.wav,3.085,3.115,0.03,@,n,m,N00738_male_30,False,o,ə
fn001422_sentence-18.wav,6.872,6.902,0.03,@,z,x,N00738_male_30,False,o,ə
fn001422_sentence-18.wav,5.333,5.364,0.031,w,A+,z,N00738_male_30,False,o,ʋ
fn001422_sentence-18.wav,1.326,1.357,0.031,d,n,@,N00738_male_30,False,o,d
fn001422_sentence-19.wav,1.503,1.543,0.04,@,x,r,N00738_male_30,False,o,ə
fn001422_sentence-19.wav,1.221,1.261,0.04,A,h,t,N00738_male_30,False,o,ɑ
fn001422_sentence-19.wav,0.111,0.142,0.031,r,a,z,N00738_male_30,False,o,r
fn001422_sentence-19.wav,1.009,1.039,0.03,r,A,t,N00738_male_30,False,o,r
fn001422_sentence-19.wav,0.142,0.182,0.04,z,r,E+,N00738_male_30,False,o,z
fn001422_sentence-19.wav,1.13,1.16,0.03,@,n,r,N00738_male_30,False,o,ə
fn001422_sentence-19.wav,1.342,1.382,0.04,E,h,m,N00738_male_30,False,o,ɛ
fn001422_sentence-19.wav,1.311,1.342,0.031,h,t,E,N00738_male_30,False,o,h
fn001422_sentence-19.wav,1.19,1.221,0.031,h,r,A,N00738_male_30,False,o,h
fn001422_sentence-2.wav,1.964,2.004,0.04,O,k,m,N00738_male_30,False,o,ɔ
fn001422_sentence-2.wav,0.282,0.322,0.04,p,O,d,N00738_male_30,False,o,p
fn001422_sentence-2.wav,0.241,0.282,0.041,O,t,p,N00738_male_30,False,o,ɔ
fn001422_sentence-2.wav,5.991,6.021,0.03,d,r,A,N00738_male_30,False,o,d
fn001422_sentence-2.wav,3.108,3.138,0.03,h,r,E+,N00738_male_30,False,o,h
fn001422_sentence-2.wav,4.722,4.763,0.041,@,s,k,N00738_male_30,False,o,ə
fn001422_sentence-2.wav,6.021,6.051,0.03,A,d,t,N00738_male_30,False,o,ɑ
fn001422_sentence-20.wav,1.363,1.393,0.03,E,w,r,N00738_male_30,False,o,ɛ
fn001422_sentence-20.wav,1.322,1.363,0.041,w,A+,E,N00738_male_30,False,o,ʋ
fn001422_sentence-20.wav,1.948,1.979,0.031,@,d,r,N00738_male_30,False,o,ə
fn001422_sentence-20.wav,1.393,1.423,0.03,r,E,n,N00738_male_30,False,o,r
fn001422_sentence-21.wav,1.71,1.74,0.03,r,E,n,N00738_male_30,False,o,r
fn001422_sentence-21.wav,0.046,0.076,0.03,I,m,s,N00738_male_30,False,o,ɪ
fn001422_sentence-21.wav,3.064,3.095,0.031,@,l,k,N00738_male_30,False,o,ə
fn001422_sentence-21.wav,3.023,3.064,0.041,l,@,@,N00738_male_30,False,o,l
fn001422_sentence-21.wav,2.952,2.982,0.03,G,o,@,N00738_male_30,False,o,ɣ
fn001422_sentence-21.wav,0.762,0.802,0.04,z,f,b,N00738_male_30,False,o,z
fn001422_sentence-21.wav,2.982,3.023,0.041,@,G,l,N00738_male_30,False,o,ə
fn001422_sentence-21.wav,0.722,0.762,0.04,f,l,z,N00738_male_30,False,o,f
fn001422_sentence-21.wav,0.691,0.722,0.031,l,E,f,N00738_male_30,False,o,l
fn001422_sentence-22.wav,1.184,1.215,0.031,@,d,w,N00738_male_30,False,o,ə
fn001422_sentence-22.wav,1.154,1.184,0.03,d,n,@,N00738_male_30,False,o,d
fn001422_sentence-23.wav,0.544,0.574,0.03,G,i,a,N00738_male_30,False,o,ɣ
fn001422_sentence-23.wav,0.342,0.373,0.031,@,k,n,N00738_male_30,False,o,ə
fn001422_sentence-24.wav,0.374,0.404,0.03,@,t,I,N00738_male_30,False,o,ə
fn001422_sentence-25.wav,1.405,1.435,0.03,l,@,d,N00738_male_30,False,o,l
fn001422_sentence-25.wav,1.243,1.284,0.041,r,p,I,N00738_male_30,False,o,r
fn001422_sentence-25.wav,1.284,1.324,0.04,I,r,k,N00738_male_30,False,o,ɪ
fn001422_sentence-26.wav,0.264,0.304,0.04,p,r,@,N00738_male_30,False,o,p
fn001422_sentence-26.wav,0.233,0.264,0.031,r,i,p,N00738_male_30,False,o,r
fn001422_sentence-26.wav,0.821,0.862,0.041,A,m,S,N00738_male_30,False,o,ɑ
fn001422_sentence-27.wav,1.751,1.781,0.03,d,n,@,N00738_male_30,False,o,d
fn001422_sentence-27.wav,0.103,0.134,0.031,d,n,@,N00738_male_30,False,o,d
fn001422_sentence-28.wav,2.227,2.257,0.03,r,a,@,N00738_male_30,False,o,r
fn001422_sentence-28.wav,1.703,1.733,0.03,E+,z,n,N00738_male_30,False,o,ɛi
fn001422_sentence-3.wav,2.548,2.578,0.03,G,a,I,N00738_male_30,False,o,ɣ
fn001422_sentence-3.wav,2.69,2.721,0.031,h,N,A,N00738_male_30,False,o,h
fn001422_sentence-3.wav,6.202,6.242,0.04,E,@,n,N00738_male_30,False,o,ɛ
fn001422_sentence-3.wav,0.071,0.102,0.031,l,A,s,N00738_male_30,False,o,l
fn001422_sentence-3.wav,6.87,6.9,0.03,r,u,s,N00738_male_30,False,o,r
fn001422_sentence-3.wav,2.721,2.761,0.04,A,h,t,N00738_male_30,False,o,ɑ
fn001422_sentence-3.wav,8.468,8.499,0.031,r,@,l,N00738_male_30,False,o,r
fn001422_sentence-3.wav,2.294,2.324,0.03,r,@,t,N00738_male_30,False,o,r
fn001422_sentence-3.wav,8.234,8.264,0.03,Y,k,n,N00738_male_30,False,o,ʉ
fn001422_sentence-3.wav,6.283,6.313,0.03,h,n,A,N00738_male_30,False,o,h
fn001422_sentence-3.wav,7.75,7.78,0.03,@,r,t,N00738_male_30,False,o,ə
fn001422_sentence-30.wav,2.584,2.614,0.03,r,E,w,N00738_male_30,False,o,r
fn001422_sentence-30.wav,0.081,0.111,0.03,l,A,s,N00738_male_30,False,o,l
fn001422_sentence-30.wav,0.182,0.212,0.03,w,s,@,N00738_male_30,False,o,ʋ
fn001422_sentence-30.wav,2.072,2.102,0.03,r,@,n,N00738_male_30,False,o,r
fn001422_sentence-30.wav,2.553,2.584,0.031,E,t,r,N00738_male_30,False,o,ɛ
fn001422_sentence-31.wav,2.405,2.436,0.031,@,d,v,N00738_male_30,False,o,ə
fn001422_sentence-32.wav,2.426,2.457,0.031,d,n,@,N00738_male_30,False,o,d
fn001422_sentence-32.wav,1.965,1.995,0.03,@,v,n,N00738_male_30,False,o,ə
fn001422_sentence-32.wav,1.144,1.175,0.031,@,z,I,N00738_male_30,False,o,ə
fn001422_sentence-32.wav,0.172,0.202,0.03,r,e,d,N00738_male_30,False,o,r
fn001422_sentence-32.wav,5.707,5.737,0.03,r,v,A,N00738_male_30,False,o,r
fn001422_sentence-32.wav,5.404,5.434,0.03,@,m,l,N00738_male_30,False,o,ə
fn001422_sentence-32.wav,0.202,0.233,0.031,d,r,A,N00738_male_30,False,o,d
fn001422_sentence-32.wav,5.484,5.515,0.031,@,l,n,N00738_male_30,False,o,ə
fn001422_sentence-33.wav,0.253,0.283,0.03,r,@,h,N00738_male_30,False,o,r
fn001422_sentence-33.wav,1.363,1.404,0.041,I,G,N,N00738_male_30,False,o,ɪ
fn001422_sentence-33.wav,0.384,0.424,0.04,b,t,@,N00738_male_30,False,o,b
fn001422_sentence-33.wav,0.283,0.323,0.04,h,r,A,N00738_male_30,False,o,h
fn001422_sentence-33.wav,2.804,2.834,0.03,@,d,v,N00738_male_30,False,o,ə
fn001422_sentence-33.wav,0.222,0.253,0.031,@,b,r,N00738_male_30,False,o,ə
fn001422_sentence-35.wav,5.348,5.378,0.03,r,@,b,N00738_male_30,False,o,r
fn001422_sentence-35.wav,5.125,5.155,0.03,v,o,@,N00738_male_30,False,o,v
fn001422_sentence-35.wav,3.707,3.738,0.031,h,n,E+,N00738_male_30,False,o,h
fn001422_sentence-35.wav,0.041,0.072,0.031,@,d,v,N00738_male_30,False,o,ə
fn001422_sentence-35.wav,2.23,2.261,0.031,l,i,i,N00738_male_30,False,o,l
fn001422_sentence-36.wav,1.003,1.033,0.03,w,A+,d,N00738_male_30,False,o,ʋ
fn001422_sentence-36.wav,1.033,1.064,0.031,d,w,@,N00738_male_30,False,o,d
fn001422_sentence-36.wav,0.142,0.172,0.03,r,a,o,N00738_male_30,False,o,r
fn001422_sentence-37.wav,2.803,2.843,0.04,r,o,A,N00738_male_30,False,o,r
fn001422_sentence-38.wav,0.61,0.64,0.03,r,@,v,N00738_male_30,False,o,r
fn001422_sentence-38.wav,0.782,0.813,0.031,r,u,d,N00738_male_30,False,o,r
fn001422_sentence-39.wav,1.486,1.516,0.03,r,@,s,N00738_male_30,False,o,r
fn001422_sentence-39.wav,2.163,2.204,0.041,r,a,a,N00738_male_30,False,o,r
fn001422_sentence-39.wav,0.344,0.384,0.04,w,t,I,N00738_male_30,False,o,ʋ
fn001422_sentence-39.wav,0.384,0.414,0.03,I,w,n,N00738_male_30,False,o,ɪ
fn001422_sentence-39.wav,0.212,0.243,0.031,d,@,@,N00738_male_30,False,o,d
fn001422_sentence-39.wav,0.849,0.879,0.03,r,E,t,N00738_male_30,False,o,r
fn001422_sentence-39.wav,3.049,3.08,0.031,d,n,@,N00738_male_30,False,o,d
fn001422_sentence-39.wav,7.264,7.304,0.04,r,o,A+,N00738_male_30,False,o,r
fn001422_sentence-4.wav,1.771,1.801,0.03,r,o,d,N00738_male_30,False,o,r
fn001422_sentence-4.wav,3.981,4.021,0.04,r,E,t,N00738_male_30,False,o,r
fn001422_sentence-4.wav,2.791,2.822,0.031,d,s,@,N00738_male_30,False,o,d
fn001422_sentence-4.wav,4.272,4.303,0.031,w,A+,h,N00738_male_30,False,o,ʋ
fn001422_sentence-4.wav,1.801,1.832,0.031,d,r,@,N00738_male_30,False,o,d
fn001422_sentence-4.wav,2.71,2.74,0.03,l,A,s,N00738_male_30,False,o,l
fn001422_sentence-4.wav,5.583,5.624,0.041,p,O,b,N00738_male_30,False,o,p
fn001422_sentence-40.wav,1.963,1.994,0.031,r,o,d,N00738_male_30,False,o,r
fn001422_sentence-40.wav,4.161,4.201,0.04,r,@,d,N00738_male_30,False,o,r
fn001422_sentence-40.wav,1.994,2.024,0.03,d,r,@,N00738_male_30,False,o,d
fn001422_sentence-41.wav,1.861,1.901,0.04,d,n,@,N00738_male_30,False,o,d
fn001422_sentence-41.wav,0.061,0.092,0.031,l,A,s,N00738_male_30,False,o,l
fn001422_sentence-41.wav,1.941,1.982,0.041,r,@,@,N00738_male_30,False,o,r
fn001422_sentence-41.wav,0.784,0.814,0.03,r,E,t,N00738_male_30,False,o,r
fn001422_sentence-42.wav,1.069,1.099,0.03,l,Y,p,N00738_male_30,False,o,l
fn001422_sentence-43.wav,0.092,0.122,0.03,d,n,@,N00738_male_30,False,o,d
fn001422_sentence-44.wav,2.041,2.071,0.03,d,r,@,N00738_male_30,False,o,d
fn001422_sentence-44.wav,1.062,1.093,0.031,p,O,@,N00738_male_30,False,o,p
fn001422_sentence-44.wav,0.546,0.577,0.031,d,r,@,N00738_male_30,False,o,d
fn001422_sentence-46.wav,4.227,4.257,0.03,w,A+,k,N00738_male_30,False,o,ʋ
fn001422_sentence-46.wav,1.182,1.222,0.04,E,s,n,N00738_male_30,False,o,ɛ
fn001422_sentence-46.wav,5.191,5.222,0.031,d,n,@,N00738_male_30,False,o,d
fn001422_sentence-49.wav,0.325,0.356,0.031,I,p,k,N00738_male_30,False,o,ɪ
fn001422_sentence-50.wav,2.081,2.121,0.04,w,k,I,N00738_male_30,False,o,ʋ
fn001422_sentence-50.wav,0.222,0.253,0.031,p,E,I,N00738_male_30,False,o,p
fn001422_sentence-50.wav,0.182,0.222,0.04,E,h,p,N00738_male_30,False,o,ɛ
fn001422_sentence-54.wav,6.042,6.073,0.031,G,@,@,N00738_male_30,False,o,ɣ
fn001422_sentence-54.wav,5.05,5.081,0.031,I,@,n,N00738_male_30,False,o,ɪ
fn001422_sentence-54.wav,4.073,4.104,0.031,E,t,r,N00738_male_30,False,o,ɛ
fn001422_sentence-54.wav,3.063,3.094,0.031,G,@,@,N00738_male_30,False,o,ɣ
fn001423_sentence-122.wav,1.442,1.482,0.04,G,e,@,N00738_male_30,False,o,ɣ
fn001423_sentence-127.wav,3.765,3.796,0.031,G,e,@,N00738_male_30,False,o,ɣ
fn001423_sentence-80.wav,0.644,0.684,0.04,Y,k,n,N00738_male_30,False,o,ʉ
fn001091_sentence-0.wav,0.193,0.224,0.031,t,f,s,N00551_female_49,False,o,t
fn001091_sentence-1.wav,3.522,3.553,0.031,r,O,d,N00551_female_49,False,o,r
fn001091_sentence-11.wav,1.721,1.762,0.041,@,k,l,N00551_female_49,False,o,ə
fn001091_sentence-17.wav,0.051,0.081,0.03,r,E,w,N00551_female_49,False,o,r
fn001091_sentence-17.wav,0.081,0.122,0.041,w,r,O,N00551_female_49,False,o,ʋ
fn001091_sentence-17.wav,0.71,0.74,0.03,@,S,v,N00551_female_49,False,o,ə
fn001091_sentence-20.wav,1.01,1.041,0.031,l,A,k,N00551_female_49,False,o,l
fn001091_sentence-23.wav,1.365,1.395,0.03,@,j,I,N00551_female_49,False,o,ə
fn001091_sentence-24.wav,1.723,1.763,0.04,@,l,n,N00551_female_49,False,o,ə
fn001091_sentence-25.wav,2.062,2.103,0.041,l,A,s,N00551_female_49,False,o,l
fn001091_sentence-28.wav,8.741,8.771,0.03,@,r,n,N00551_female_49,False,o,ə
fn001091_sentence-28.wav,3.421,3.451,0.03,r,A,k,N00551_female_49,False,o,r
fn001091_sentence-28.wav,2.614,2.644,0.03,r,@,v,N00551_female_49,False,o,r
fn001091_sentence-28.wav,5.831,5.861,0.03,r,o,z,N00551_female_49,False,o,r
fn001091_sentence-28.wav,10.507,10.537,0.03,E,t,r,N00551_female_49,False,o,ɛ
fn001091_sentence-28.wav,3.512,3.543,0.031,h,k,A,N00551_female_49,False,o,h
fn001091_sentence-28.wav,9.441,9.482,0.041,r,@,k,N00551_female_49,False,o,r
fn001091_sentence-29.wav,5.402,5.442,0.04,r,@,@,N00551_female_49,False,o,r
fn001091_sentence-3.wav,3.106,3.136,0.03,j,l,u,N00551_female_49,False,o,j
fn001091_sentence-3.wav,1.752,1.783,0.031,r,@,I,N00551_female_49,False,o,r
fn001091_sentence-30.wav,0.872,0.903,0.031,r,@,d,N00551_female_49,False,o,r
fn001091_sentence-32.wav,0.123,0.164,0.041,r,v,u,N00551_female_49,False,o,r
fn001091_sentence-34.wav,1.466,1.497,0.031,r,E,n,N00551_female_49,False,o,r
fn001091_sentence-34.wav,2.413,2.444,0.031,w,A+,z,N00551_female_49,False,o,ʋ
fn001091_sentence-35.wav,0.363,0.404,0.041,r,y,l,N00551_female_49,False,o,r
fn001091_sentence-35.wav,0.767,0.797,0.03,w,A+,j,N00551_female_49,False,o,ʋ
fn001091_sentence-36.wav,2.425,2.455,0.03,r,O,G,N00551_female_49,False,o,r
fn001091_sentence-37.wav,0.142,0.173,0.031,r,a,w,N00551_female_49,False,o,r
fn001091_sentence-4.wav,5.924,5.964,0.04,r,O,m,N00551_female_49,False,o,r
fn001091_sentence-4.wav,8.007,8.038,0.031,r,@,d,N00551_female_49,False,o,r
fn001091_sentence-4.wav,0.072,0.103,0.031,r,b,i,N00551_female_49,False,o,r
fn001091_sentence-41.wav,3.248,3.278,0.03,r,@,@,N00551_female_49,False,o,r
fn001091_sentence-41.wav,1.605,1.636,0.031,r,@,l,N00551_female_49,False,o,r
fn001091_sentence-46.wav,0.234,0.264,0.03,r,o,@,N00551_female_49,False,o,r
fn001091_sentence-52.wav,1.051,1.081,0.03,r,@,l,N00551_female_49,False,o,r
fn001091_sentence-52.wav,0.602,0.643,0.041,r,@,@,N00551_female_49,False,o,r
fn001091_sentence-56.wav,0.941,0.982,0.041,r,a,d,N00551_female_49,False,o,r
fn001091_sentence-57.wav,2.411,2.441,0.03,r,@,@,N00551_female_49,False,o,r
fn001092_sentence-111.wav,0.224,0.255,0.031,w,k,A,N00551_female_49,False,o,ʋ
fn001092_sentence-121.wav,1.091,1.121,0.03,Y,z,l,N00551_female_49,False,o,ʉ
fn001092_sentence-123.wav,5.762,5.802,0.04,w,o,A,N00551_female_49,False,o,ʋ
fn001412_sentence-1.wav,2.884,2.924,0.04,a,r,f,N00765_female_54,False,o,aː
fn001412_sentence-1.wav,2.742,2.783,0.041,o,t,G,N00765_female_54,False,o,oː
fn001412_sentence-1.wav,0.669,0.7,0.031,E,t,s,N00765_female_54,False,o,ɛ
fn001412_sentence-1.wav,2.853,2.884,0.031,r,G,a,N00765_female_54,False,o,r
fn001412_sentence-10.wav,3.107,3.138,0.031,w,A+,k,N00765_female_54,False,o,ʋ
fn001412_sentence-10.wav,1.43,1.46,0.03,w,t,a,N00765_female_54,False,o,ʋ
fn001412_sentence-10.wav,6.321,6.351,0.03,r,@,t,N00765_female_54,False,o,r
fn001412_sentence-11.wav,1.884,1.924,0.04,i,t,n,N00765_female_54,False,o,iː
fn001412_sentence-11.wav,4.09,4.12,0.03,a,w,r,N00765_female_54,False,o,aː
fn001412_sentence-11.wav,0.904,0.935,0.031,r,a,x,N00765_female_54,False,o,r
fn001412_sentence-11.wav,13.705,13.735,0.03,@,t,r,N00765_female_54,False,o,ə
fn001412_sentence-11.wav,8.272,8.302,0.03,@,G,w,N00765_female_54,False,o,ə
fn001412_sentence-11.wav,12.301,12.341,0.04,r,@,b,N00765_female_54,False,o,r
fn001412_sentence-12.wav,2.481,2.522,0.041,E,t,s,N00765_female_54,False,o,ɛ
fn001412_sentence-13.wav,1.667,1.697,0.03,@,t,r,N00765_female_54,False,o,ə
fn001412_sentence-13.wav,1.727,1.758,0.031,E,r,s,N00765_female_54,False,o,ɛ
fn001412_sentence-13.wav,1.393,1.424,0.031,@,t,r,N00765_female_54,False,o,ə
fn001412_sentence-14.wav,0.944,0.984,0.04,@,d,r,N00765_female_54,False,o,ə
fn001412_sentence-14.wav,1.842,1.882,0.04,@,d,G,N00765_female_54,False,o,ə
fn001412_sentence-15.wav,2.228,2.258,0.03,d,r,@,N00765_female_54,False,o,d
fn001412_sentence-15.wav,1.711,1.742,0.031,@,f,r,N00765_female_54,False,o,ə
fn001412_sentence-16.wav,6.122,6.152,0.03,@,m,r,N00765_female_54,False,o,ə
fn001412_sentence-18.wav,2.808,2.839,0.031,r,a,A,N00765_female_54,False,o,r
fn001412_sentence-18.wav,3.383,3.413,0.03,l,@,s,N00765_female_54,False,o,l
fn001412_sentence-19.wav,1.131,1.162,0.031,r,@,d,N00765_female_54,False,o,r
fn001412_sentence-19.wav,6.988,7.018,0.03,r,a,l,N00765_female_54,False,o,r
fn001412_sentence-19.wav,6.37,6.4,0.03,d,r,@,N00765_female_54,False,o,d
fn001412_sentence-19.wav,1.162,1.192,0.03,d,r,@,N00765_female_54,False,o,d
fn001412_sentence-2.wav,9.263,9.293,0.03,w,@,e,N00765_female_54,False,o,ʋ
fn001412_sentence-2.wav,9.526,9.557,0.031,l,@,t,N00765_female_54,False,o,l
fn001412_sentence-20.wav,2.186,2.216,0.03,r,@,l,N00765_female_54,False,o,r
fn001412_sentence-21.wav,3.041,3.082,0.041,r,a,O,N00765_female_54,False,o,r
fn001412_sentence-21.wav,2.269,2.299,0.03,r,@,d,N00765_female_54,False,o,r
fn001412_sentence-21.wav,4.745,4.775,0.03,r,p,o,N00765_female_54,False,o,r
fn001412_sentence-22.wav,5.73,5.761,0.031,l,O,G,N00765_female_54,False,o,l
fn001412_sentence-22.wav,6.044,6.084,0.04,r,@,e,N00765_female_54,False,o,r
fn001412_sentence-22.wav,4.902,4.932,0.03,r,@,@,N00765_female_54,False,o,r
fn001412_sentence-23.wav,4.806,4.836,0.03,r,E,k,N00765_female_54,False,o,r
fn001412_sentence-23.wav,1.183,1.223,0.04,l,a,t,N00765_female_54,False,o,l
fn001412_sentence-23.wav,0.909,0.939,0.03,l,e,d,N00765_female_54,False,o,l
fn001412_sentence-24.wav,11.953,11.983,0.03,r,@,@,N00765_female_54,False,o,r
fn001412_sentence-25.wav,0.365,0.396,0.031,Y,z,l,N00765_female_54,False,o,ʉ
fn001412_sentence-25.wav,6.428,6.459,0.031,r,@,t,N00765_female_54,False,o,r
fn001412_sentence-26.wav,0.092,0.122,0.03,r,@,l,N00765_female_54,False,o,r
fn001412_sentence-27.wav,5.463,5.493,0.03,r,@,s,N00765_female_54,False,o,r
fn001412_sentence-3.wav,3.787,3.818,0.031,r,@,t,N00765_female_54,False,o,r
fn001412_sentence-4.wav,1.433,1.463,0.03,r,O,t,N00765_female_54,False,o,r
fn001412_sentence-4.wav,1.362,1.402,0.04,w,s,O,N00765_female_54,False,o,ʋ
fn001412_sentence-6.wav,0.425,0.456,0.031,r,O,t,N00765_female_54,False,o,r
fn001412_sentence-7.wav,1.984,2.024,0.04,Y,r,m,N00765_female_54,False,o,ʉ
fn001412_sentence-7.wav,1.943,1.984,0.041,r,t,Y,N00765_female_54,False,o,r
fn001412_sentence-8.wav,1.426,1.456,0.03,r,a,O,N00765_female_54,False,o,r
fn001413_sentence-0.wav,0.326,0.356,0.03,r,@,v,N00765_female_54,False,o,r
fn001413_sentence-0.wav,2.742,2.772,0.03,w,A+,k,N00765_female_54,False,o,ʋ
fn001413_sentence-10.wav,4.785,4.815,0.03,r,a,b,N00765_female_54,False,o,r
fn001413_sentence-11.wav,2.693,2.723,0.03,r,@,l,N00765_female_54,False,o,r
fn001413_sentence-11.wav,11.603,11.644,0.041,r,o,d,N00765_female_54,False,o,r
fn001413_sentence-11.wav,10.608,10.638,0.03,r,E,t,N00765_female_54,False,o,r
fn001413_sentence-11.wav,12.703,12.733,0.03,r,a,@,N00765_female_54,False,o,r
fn001413_sentence-11.wav,15.385,15.415,0.03,r,E,t,N00765_female_54,False,o,r
fn001413_sentence-12.wav,1.161,1.191,0.03,b,E,@,N00765_female_54,False,o,b
fn001413_sentence-13.wav,3.345,3.376,0.031,h,r,a,N00765_female_54,False,o,h
fn001413_sentence-17.wav,8.927,8.957,0.03,r,O,p,N00765_female_54,False,o,r
fn001413_sentence-17.wav,9.682,9.723,0.041,r,a,p,N00765_female_54,False,o,r
fn001413_sentence-17.wav,8.403,8.443,0.04,r,t,O,N00765_female_54,False,o,r
fn001413_sentence-18.wav,1.807,1.837,0.03,r,a,d,N00765_female_54,False,o,r
fn001413_sentence-18.wav,0.182,0.222,0.04,r,p,o,N00765_female_54,False,o,r
fn001413_sentence-18.wav,0.444,0.475,0.031,r,e,d,N00765_female_54,False,o,r
fn001413_sentence-19.wav,10.493,10.523,0.03,r,@,s,N00765_female_54,False,o,r
fn001413_sentence-19.wav,0.862,0.893,0.031,r,a,d,N00765_female_54,False,o,r
fn001413_sentence-19.wav,8.784,8.814,0.03,r,@,t,N00765_female_54,False,o,r
fn001413_sentence-2.wav,0.123,0.163,0.04,w,@,I,N00765_female_54,False,o,ʋ
fn001413_sentence-24.wav,2.385,2.415,0.03,w,t,A,N00765_female_54,False,o,ʋ
fn001413_sentence-28.wav,1.866,1.897,0.031,w,A+,G,N00765_female_54,False,o,ʋ
fn001413_sentence-31.wav,3.884,3.924,0.04,w,t,I,N00765_female_54,False,o,ʋ
fn001413_sentence-36.wav,0.727,0.758,0.031,w,r,E+,N00765_female_54,False,o,ʋ
fn001413_sentence-37.wav,0.524,0.554,0.03,w,r,E,N00765_female_54,False,o,ʋ
fn001413_sentence-39.wav,0.111,0.141,0.03,w,r,E+,N00765_female_54,False,o,ʋ
fn001413_sentence-4.wav,1.592,1.623,0.031,w,o,A,N00765_female_54,False,o,ʋ
fn001261_sentence-1.wav,8.473,8.503,0.03,d,I,@,N00624_female_60,False,o,d
fn001261_sentence-1.wav,0.983,1.023,0.04,k,I,x,N00624_female_60,False,o,k
fn001261_sentence-1.wav,8.503,8.534,0.031,@,d,l,N00624_female_60,False,o,ə
fn001261_sentence-1.wav,8.966,8.997,0.031,l,A,s,N00624_female_60,False,o,l
fn001261_sentence-1.wav,0.942,0.983,0.041,I,i,k,N00624_female_60,False,o,ɪ
fn001261_sentence-1.wav,7.363,7.404,0.041,@,d,h,N00624_female_60,False,o,ə
fn001261_sentence-1.wav,2.464,2.504,0.04,@,v,r,N00624_female_60,False,o,ə
fn001261_sentence-1.wav,2.343,2.373,0.03,l,e,v,N00624_female_60,False,o,l
fn001261_sentence-10.wav,0.062,0.103,0.041,@,x,n,N00624_female_60,False,o,ə
fn001261_sentence-11.wav,0.131,0.162,0.031,h,k,E,N00624_female_60,False,o,h
fn001261_sentence-11.wav,6.29,6.32,0.03,d,I,@,N00624_female_60,False,o,d
fn001261_sentence-11.wav,2.433,2.464,0.031,d,r,A,N00624_female_60,False,o,d
fn001261_sentence-12.wav,0.061,0.101,0.04,A,d,t,N00624_female_60,False,o,ɑ
fn001261_sentence-12.wav,4.47,4.5,0.03,r,E,k,N00624_female_60,False,o,r
fn001261_sentence-12.wav,0.101,0.141,0.04,t,A,I,N00624_female_60,False,o,t
fn001261_sentence-12.wav,1.549,1.579,0.03,@,d,l,N00624_female_60,False,o,ə
fn001261_sentence-12.wav,5.892,5.923,0.031,r,@,s,N00624_female_60,False,o,r
fn001261_sentence-13.wav,2.491,2.521,0.03,@,s,n,N00624_female_60,False,o,ə
fn001261_sentence-13.wav,4.122,4.152,0.03,n,@,d,N00624_female_60,False,o,n
fn001261_sentence-13.wav,2.521,2.561,0.04,n,@,w,N00624_female_60,False,o,n
fn001261_sentence-13.wav,4.152,4.183,0.031,d,n,@,N00624_female_60,False,o,d
fn001261_sentence-13.wav,2.168,2.198,0.03,r,O,d,N00624_female_60,False,o,r
fn001261_sentence-14.wav,1.604,1.644,0.04,w,n,e,N00624_female_60,False,o,ʋ
fn001261_sentence-14.wav,2.784,2.824,0.04,l,@,@,N00624_female_60,False,o,l
fn001261_sentence-14.wav,0.163,0.194,0.031,r,a,E,N00624_female_60,False,o,r
fn001261_sentence-15.wav,1.145,1.175,0.03,@,k,t,N00624_female_60,False,o,ə
fn001261_sentence-15.wav,1.712,1.742,0.03,r,@,m,N00624_female_60,False,o,r
fn001261_sentence-16.wav,4.426,4.456,0.03,r,@,e,N00624_female_60,False,o,r
fn001261_sentence-16.wav,2.933,2.963,0.03,I,s,N,N00624_female_60,False,o,ɪ
fn001261_sentence-16.wav,2.489,2.519,0.03,r,@,t,N00624_female_60,False,o,r
fn001261_sentence-16.wav,0.366,0.397,0.031,r,@,@,N00624_female_60,False,o,r
fn001261_sentence-17.wav,3.069,3.099,0.03,E,w,n,N00624_female_60,False,o,ɛ
fn001261_sentence-17.wav,2.541,2.572,0.031,r,e,I,N00624_female_60,False,o,r
fn001261_sentence-17.wav,5.722,5.752,0.03,d,n,@,N00624_female_60,False,o,d
fn001261_sentence-18.wav,0.061,0.102,0.041,@,d,x,N00624_female_60,False,o,ə
fn001261_sentence-19.wav,1.348,1.378,0.03,@,k,l,N00624_female_60,False,o,ə
fn001261_sentence-19.wav,5.083,5.113,0.03,w,o,A,N00624_female_60,False,o,ʋ
fn001261_sentence-19.wav,1.024,1.064,0.04,r,A,t,N00624_female_60,False,o,r
fn001261_sentence-19.wav,5.912,5.942,0.03,r,@,t,N00624_female_60,False,o,r
fn001261_sentence-21.wav,0.121,0.162,0.041,r,@,v,N00624_female_60,False,o,r
fn001261_sentence-21.wav,1.161,1.202,0.041,r,E,k,N00624_female_60,False,o,r
fn001261_sentence-22.wav,0.773,0.803,0.03,r,@,I,N00624_female_60,False,o,r
fn001261_sentence-24.wav,1.406,1.436,0.03,r,@,k,N00624_female_60,False,o,r
fn001261_sentence-25.wav,6.404,6.444,0.04,G,r,I,N00624_female_60,False,o,ɣ
fn001261_sentence-25.wav,6.373,6.404,0.031,r,@,G,N00624_female_60,False,o,r
fn001261_sentence-3.wav,3.227,3.258,0.031,r,@,e,N00624_female_60,False,o,r
fn001261_sentence-3.wav,4.369,4.399,0.03,r,E,v,N00624_female_60,False,o,r
fn001261_sentence-3.wav,1.424,1.464,0.04,m,n,E+,N00624_female_60,False,o,m
fn001261_sentence-30.wav,0.161,0.202,0.041,h,k,E,N00624_female_60,False,o,h
fn001261_sentence-30.wav,7.007,7.037,0.03,r,@,s,N00624_female_60,False,o,r
fn001261_sentence-30.wav,11.232,11.263,0.031,d,e,i,N00624_female_60,False,o,d
fn001261_sentence-30.wav,9.683,9.723,0.04,d,n,@,N00624_female_60,False,o,d
fn001261_sentence-30.wav,0.474,0.504,0.03,r,@,m,N00624_female_60,False,o,r
fn001261_sentence-5.wav,6.754,6.784,0.03,w,k,O,N00624_female_60,False,o,ʋ
fn001261_sentence-5.wav,8.622,8.663,0.041,r,i,w,N00624_female_60,False,o,r
fn001261_sentence-8.wav,3.21,3.24,0.03,r,@,w,N00624_female_60,False,o,r
fn001261_sentence-9.wav,7.469,7.499,0.03,d,r,@,N00624_female_60,False,o,d
fn001262_sentence-0.wav,1.461,1.492,0.031,w,n,A,N00624_female_60,False,o,ʋ
fn001262_sentence-10.wav,3.022,3.064,0.042,r,E,v,N00624_female_60,False,o,r
fn001262_sentence-10.wav,1.582,1.622,0.04,r,@,@,N00624_female_60,False,o,r
fn001262_sentence-12.wav,1.433,1.463,0.03,w,A+,v,N00624_female_60,False,o,ʋ
fn001262_sentence-13.wav,3.371,3.402,0.031,r,e,s,N00624_female_60,False,o,r
fn001262_sentence-13.wav,0.941,0.982,0.041,r,b,E,N00624_female_60,False,o,r
fn001262_sentence-14.wav,5.381,5.421,0.04,d,n,@,N00624_female_60,False,o,d
fn001262_sentence-14.wav,3.79,3.82,0.03,r,@,@,N00624_female_60,False,o,r
fn001262_sentence-15.wav,2.512,2.542,0.03,r,@,b,N00624_female_60,False,o,r
fn001262_sentence-16.wav,3.304,3.334,0.03,r,a,@,N00624_female_60,False,o,r
fn001262_sentence-17.wav,5.993,6.024,0.031,r,@,n,N00624_female_60,False,o,r
fn001262_sentence-18.wav,3.089,3.12,0.031,r,@,n,N00624_female_60,False,o,r
fn001262_sentence-19.wav,6.022,6.052,0.03,r,@,e,N00624_female_60,False,o,r
fn001262_sentence-2.wav,7.942,7.972,0.03,r,E,k,N00624_female_60,False,o,r
fn001262_sentence-20.wav,1.788,1.819,0.031,r,A,t,N00624_female_60,False,o,r
fn001262_sentence-20.wav,1.284,1.314,0.03,r,@,s,N00624_female_60,False,o,r
fn001262_sentence-21.wav,3.466,3.496,0.03,r,e,s,N00624_female_60,False,o,r
fn001262_sentence-23.wav,1.45,1.48,0.03,r,E,d,N00624_female_60,False,o,r
fn001262_sentence-23.wav,2.521,2.562,0.041,r,@,h,N00624_female_60,False,o,r
fn001262_sentence-24.wav,1.703,1.733,0.03,r,a,@,N00624_female_60,False,o,r
fn001262_sentence-26.wav,0.701,0.741,0.04,r,e,t,N00624_female_60,False,o,r
fn001262_sentence-30.wav,0.344,0.384,0.04,r,O,d,N00624_female_60,False,o,r
fn001262_sentence-32.wav,2.585,2.616,0.031,w,A+,m,N00624_female_60,False,o,ʋ
fn001262_sentence-34.wav,2.021,2.053,0.032,r,p,@,N00624_female_60,False,o,r
fn001262_sentence-38.wav,1.91,1.94,0.03,b,@,@,N00624_female_60,False,o,b
fn001262_sentence-52.wav,6.127,6.158,0.031,w,o,A,N00624_female_60,False,o,ʋ
fn001262_sentence-58.wav,6.727,6.758,0.031,w,k,O,N00624_female_60,False,o,ʋ
fn001161_sentence-0.wav,0.203,0.244,0.041,s,t,t,N00661_male_38,False,o,s
fn001161_sentence-0.wav,0.244,0.275,0.031,t,s,Y,N00661_male_38,False,o,t
fn001161_sentence-0.wav,0.172,0.203,0.031,t,f,s,N00661_male_38,False,o,t
fn001161_sentence-0.wav,0.513,0.544,0.031,e,k,n,N00661_male_38,False,o,eː
fn001161_sentence-1.wav,2.801,2.842,0.041,n,A,h,N00661_male_38,False,o,n
fn001161_sentence-1.wav,3.289,3.32,0.031,l,r,@,N00661_male_38,False,o,l
fn001161_sentence-1.wav,3.228,3.259,0.031,@,d,r,N00661_male_38,False,o,ə
fn001161_sentence-10.wav,1.333,1.364,0.031,a,h,r,N00661_male_38,False,o,aː
fn001161_sentence-10.wav,0.683,0.724,0.041,w,t,E,N00661_male_38,False,o,ʋ
fn001161_sentence-10.wav,1.263,1.303,0.04,t,A,h,N00661_male_38,False,o,t
fn001161_sentence-10.wav,0.724,0.755,0.031,E,w,l,N00661_male_38,False,o,ɛ
fn001161_sentence-10.wav,1.303,1.333,0.03,h,t,a,N00661_male_38,False,o,h
fn001161_sentence-10.wav,0.068,0.098,0.03,a,m,r,N00661_male_38,False,o,aː
fn001161_sentence-10.wav,2.647,2.678,0.031,l,e,@,N00661_male_38,False,o,l
fn001161_sentence-10.wav,1.233,1.263,0.03,A,d,t,N00661_male_38,False,o,ɑ
fn001161_sentence-100.wav,0.947,0.978,0.031,@,k,E,N00661_male_38,False,o,ə
fn001161_sentence-101.wav,0.624,0.654,0.03,t,i,w,N00661_male_38,False,o,t
fn001161_sentence-102.wav,0.447,0.478,0.031,r,@,d,N00661_male_38,False,o,r
fn001161_sentence-103.wav,0.204,0.234,0.03,t,i,s,N00661_male_38,False,o,t
fn001161_sentence-104.wav,1.022,1.052,0.03,E+,z,n,N00661_male_38,False,o,ɛi
fn001161_sentence-106.wav,0.123,0.164,0.041,l,I,j,N00661_male_38,False,o,l
fn001161_sentence-106.wav,0.482,0.512,0.03,E,h,m,N00661_male_38,False,o,ɛ
fn001161_sentence-106.wav,0.164,0.195,0.031,j,l,@,N00661_male_38,False,o,j
fn001161_sentence-106.wav,0.451,0.482,0.031,h,k,E,N00661_male_38,False,o,h
fn001161_sentence-107.wav,0.433,0.464,0.031,e,d,d,N00661_male_38,False,o,eː
fn001161_sentence-109.wav,1.164,1.204,0.04,r,u,d,N00661_male_38,False,o,r
fn001161_sentence-109.wav,0.183,0.213,0.03,i,l,j,N00661_male_38,False,o,iː
fn001161_sentence-11.wav,0.092,0.123,0.031,A,w,l,N00661_male_38,False,o,ɑ
fn001161_sentence-11.wav,0.061,0.092,0.031,w,o,A,N00661_male_38,False,o,ʋ
fn001161_sentence-11.wav,0.123,0.154,0.031,l,A,s,N00661_male_38,False,o,l
fn001161_sentence-11.wav,0.031,0.061,0.03,o,z,w,N00661_male_38,False,o,oː
fn001161_sentence-111.wav,0.782,0.822,0.04,@,t,n,N00661_male_38,False,o,ə
fn001161_sentence-111.wav,0.822,0.853,0.031,n,@,k,N00661_male_38,False,o,n
fn001161_sentence-112.wav,1.481,1.511,0.03,@,k,l,N00661_male_38,False,o,ə
fn001161_sentence-112.wav,1.562,1.602,0.04,@,l,m,N00661_male_38,False,o,ə
fn001161_sentence-112.wav,0.461,0.501,0.04,r,@,n,N00661_male_38,False,o,r
fn001161_sentence-113.wav,1.424,1.464,0.04,i,n,t,N00661_male_38,False,o,iː
fn001161_sentence-113.wav,1.101,1.141,0.04,@,s,O,N00661_male_38,False,o,ə
fn001161_sentence-113.wav,1.384,1.424,0.04,n,s,i,N00661_male_38,False,o,n
fn001161_sentence-114.wav,2.842,2.883,0.041,E,l,r,N00661_male_38,False,o,ɛ
fn001161_sentence-114.wav,2.509,2.539,0.03,r,a,I,N00661_male_38,False,o,r
fn001161_sentence-114.wav,0.828,0.859,0.031,r,e,m,N00661_male_38,False,o,r
fn001161_sentence-114.wav,0.047,0.077,0.03,@,j,h,N00661_male_38,False,o,ə
fn001161_sentence-114.wav,0.209,0.24,0.031,t,p,m,N00661_male_38,False,o,t
fn001161_sentence-115.wav,0.722,0.762,0.04,w,@,@,N00661_male_38,False,o,ʋ
fn001161_sentence-115.wav,0.793,0.823,0.03,n,@,i,N00661_male_38,False,o,n
fn001161_sentence-115.wav,0.224,0.264,0.04,@,v,d,N00661_male_38,False,o,ə
fn001161_sentence-115.wav,0.762,0.793,0.031,@,w,n,N00661_male_38,False,o,ə
fn001161_sentence-115.wav,0.305,0.335,0.03,i,d,n,N00661_male_38,False,o,iː
fn001161_sentence-116.wav,0.385,0.415,0.03,n,I,m,N00661_male_38,False,o,n
fn001161_sentence-116.wav,0.061,0.091,0.03,@,j,b,N00661_male_38,False,o,ə
fn001161_sentence-116.wav,0.901,0.941,0.04,w,@,A,N00661_male_38,False,o,ʋ
fn001161_sentence-117.wav,1.464,1.494,0.03,r,a,j,N00661_male_38,False,o,r
fn001161_sentence-117.wav,1.929,1.96,0.031,d,r,@,N00661_male_38,False,o,d
fn001161_sentence-117.wav,0.35,0.38,0.03,d,@,I,N00661_male_38,False,o,d
fn001161_sentence-117.wav,1.828,1.859,0.031,t,s,@,N00661_male_38,False,o,t
fn001161_sentence-117.wav,0.826,0.856,0.03,r,@,x,N00661_male_38,False,o,r
fn001161_sentence-118.wav,0.047,0.077,0.03,@,j,h,N00661_male_38,False,o,ə
fn001161_sentence-118.wav,1.994,2.024,0.03,I,t,g,N00661_male_38,False,o,ɪ
fn001161_sentence-118.wav,1.902,1.932,0.03,A,w,n,N00661_male_38,False,o,ɑ
fn001161_sentence-118.wav,0.749,0.779,0.03,r,@,n,N00661_male_38,False,o,r
fn001161_sentence-118.wav,1.963,1.994,0.031,t,n,I,N00661_male_38,False,o,t
fn001161_sentence-118.wav,1.932,1.963,0.031,n,A,t,N00661_male_38,False,o,n
fn001161_sentence-118.wav,0.372,0.403,0.031,h,@,i,N00661_male_38,False,o,h
fn001161_sentence-118.wav,0.342,0.372,0.03,@,m,h,N00661_male_38,False,o,ə
fn001161_sentence-119.wav,4.611,4.641,0.03,n,t,a,N00661_male_38,False,o,n
fn001161_sentence-119.wav,0.041,0.071,0.03,l,A,s,N00661_male_38,False,o,l
fn001161_sentence-119.wav,4.671,4.702,0.031,r,a,t,N00661_male_38,False,o,r
fn001161_sentence-12.wav,5.431,5.462,0.031,@,d,l,N00661_male_38,False,o,ə
fn001161_sentence-12.wav,2.467,2.498,0.031,d,p,@,N00661_male_38,False,o,d
fn001161_sentence-12.wav,4.133,4.164,0.031,w,A+,h,N00661_male_38,False,o,ʋ
fn001161_sentence-12.wav,2.366,2.396,0.03,r,a,O,N00661_male_38,False,o,r
fn001161_sentence-12.wav,0.05,0.081,0.031,E+,h,h,N00661_male_38,False,o,ɛi
fn001161_sentence-120.wav,0.091,0.122,0.031,h,k,E,N00661_male_38,False,o,h
fn001161_sentence-120.wav,0.589,0.62,0.031,A,f,n,N00661_male_38,False,o,ɑ
fn001161_sentence-120.wav,2.652,2.683,0.031,r,y,l,N00661_male_38,False,o,r
fn001161_sentence-120.wav,2.683,2.724,0.041,l,r,@,N00661_male_38,False,o,l
fn001161_sentence-121.wav,2.863,2.894,0.031,r,@,I,N00661_male_38,False,o,r
fn001161_sentence-121.wav,2.348,2.378,0.03,I,p,k,N00661_male_38,False,o,ɪ
fn001161_sentence-121.wav,0.203,0.244,0.041,n,e,m,N00661_male_38,False,o,n
fn001161_sentence-122.wav,0.434,0.464,0.03,@,j,m,N00661_male_38,False,o,ə
fn001161_sentence-122.wav,0.281,0.312,0.031,A,e,t,N00661_male_38,False,o,ɑ
fn001161_sentence-125.wav,1.969,2.0,0.031,l,@,@,N00661_male_38,False,o,l
fn001161_sentence-126.wav,5.304,5.334,0.03,@,j,n,N00661_male_38,False,o,ə
fn001161_sentence-126.wav,4.243,4.283,0.04,E,m,t,N00661_male_38,False,o,ɛ
fn001161_sentence-126.wav,2.087,2.118,0.031,r,E,a,N00661_male_38,False,o,r
fn001161_sentence-128.wav,0.49,0.52,0.03,y,n,d,N00661_male_38,False,o,yː
fn001161_sentence-13.wav,0.633,0.663,0.03,n,A,t,N00661_male_38,False,o,n
fn001161_sentence-13.wav,1.31,1.34,0.03,@,v,r,N00661_male_38,False,o,ə
fn001161_sentence-130.wav,0.703,0.733,0.03,r,a,n,N00661_male_38,False,o,r
fn001161_sentence-131.wav,0.273,0.304,0.031,@,i,I,N00661_male_38,False,o,ə
fn001161_sentence-131.wav,0.581,0.622,0.041,n,@,x,N00661_male_38,False,o,n
fn001161_sentence-133.wav,0.109,0.14,0.031,r,a,A,N00661_male_38,False,o,r
fn001161_sentence-134.wav,0.522,0.562,0.04,@,d,G,N00661_male_38,False,o,ə
fn001161_sentence-134.wav,1.112,1.142,0.03,r,@,s,N00661_male_38,False,o,r
fn001161_sentence-134.wav,1.081,1.112,0.031,@,v,r,N00661_male_38,False,o,ə
fn001161_sentence-134.wav,0.562,0.593,0.031,G,@,I,N00661_male_38,False,o,ɣ
fn001161_sentence-134.wav,0.481,0.522,0.041,d,o,@,N00661_male_38,False,o,d
fn001161_sentence-136.wav,0.861,0.892,0.031,@,p,l,N00661_male_38,False,o,ə
fn001161_sentence-137.wav,2.308,2.339,0.031,@,@,n,N00661_male_38,False,o,ə
fn001161_sentence-137.wav,1.984,2.015,0.031,n,E,l,N00661_male_38,False,o,n
fn001161_sentence-137.wav,0.108,0.139,0.031,l,y,i,N00661_male_38,False,o,l
fn001161_sentence-137.wav,0.861,0.891,0.03,r,a,n,N00661_male_38,False,o,r
fn001161_sentence-139.wav,1.244,1.275,0.031,r,@,d,N00661_male_38,False,o,r
fn001161_sentence-139.wav,0.506,0.536,0.03,l,E,f,N00661_male_38,False,o,l
fn001161_sentence-14.wav,2.641,2.682,0.041,r,@,w,N00661_male_38,False,o,r
fn001161_sentence-14.wav,2.682,2.722,0.04,w,r,E,N00661_male_38,False,o,ʋ
fn001161_sentence-140.wav,0.441,0.472,0.031,@,d,r,N00661_male_38,False,o,ə
fn001161_sentence-141.wav,0.261,0.282,0.021,@,@,n,N00661_male_38,False,o,ə
fn001161_sentence-143.wav,0.421,0.452,0.031,r,y,l,N00661_male_38,False,o,r
fn001161_sentence-146.wav,1.328,1.359,0.031,r,o,A,N00661_male_38,False,o,r
fn001161_sentence-147.wav,0.426,0.456,0.03,r,@,d,N00661_male_38,False,o,r
fn001161_sentence-147.wav,2.549,2.579,0.03,@,m,l,N00661_male_38,False,o,ə
fn001161_sentence-147.wav,1.823,1.863,0.04,@,t,x,N00661_male_38,False,o,ə
fn001161_sentence-148.wav,0.525,0.556,0.031,@,z,v,N00661_male_38,False,o,ə
fn001161_sentence-148.wav,2.191,2.221,0.03,w,A+,z,N00661_male_38,False,o,ʋ
fn001161_sentence-149.wav,2.006,2.037,0.031,r,@,b,N00661_male_38,False,o,r
fn001161_sentence-149.wav,2.31,2.341,0.031,@,d,w,N00661_male_38,False,o,ə
fn001161_sentence-149.wav,0.381,0.422,0.041,r,y,l,N00661_male_38,False,o,r
fn001161_sentence-15.wav,0.862,0.902,0.04,@,l,n,N00661_male_38,False,o,ə
fn001161_sentence-15.wav,2.409,2.439,0.03,w,A+,t,N00661_male_38,False,o,ʋ
fn001161_sentence-15.wav,2.551,2.581,0.03,@,j,s,N00661_male_38,False,o,ə
fn001161_sentence-15.wav,1.942,1.973,0.031,@,z,n,N00661_male_38,False,o,ə
fn001161_sentence-150.wav,2.706,2.737,0.031,@,l,k,N00661_male_38,False,o,ə
fn001161_sentence-150.wav,0.405,0.435,0.03,w,A+,t,N00661_male_38,False,o,ʋ
fn001161_sentence-150.wav,0.081,0.111,0.03,r,a,z,N00661_male_38,False,o,r
fn001161_sentence-151.wav,1.288,1.318,0.03,r,o,d,N00661_male_38,False,o,r
fn001161_sentence-152.wav,0.233,0.263,0.03,d,A,@,N00661_male_38,False,o,d
fn001161_sentence-152.wav,0.405,0.436,0.031,N,O,G,N00661_male_38,False,o,ŋ
fn001161_sentence-152.wav,0.152,0.182,0.03,h,@,A,N00661_male_38,False,o,h
fn001161_sentence-159.wav,0.985,1.016,0.031,w,f,E,N00661_male_38,False,o,ʋ
fn001161_sentence-16.wav,3.473,3.503,0.03,d,e,@,N00661_male_38,False,o,d
fn001161_sentence-16.wav,1.009,1.04,0.031,w,s,A,N00661_male_38,False,o,ʋ
fn001161_sentence-162.wav,0.121,0.151,0.03,w,u,E,N00661_male_38,False,o,ʋ
fn001161_sentence-163.wav,0.122,0.153,0.031,w,A+,j,N00661_male_38,False,o,ʋ
fn001161_sentence-163.wav,0.214,0.244,0.03,d,@,A,N00661_male_38,False,o,d
fn001161_sentence-167.wav,1.934,1.964,0.03,d,@,@,N00661_male_38,False,o,d
fn001161_sentence-167.wav,1.722,1.763,0.041,d,r,@,N00661_male_38,False,o,d
fn001161_sentence-171.wav,1.563,1.593,0.03,w,A+,I,N00661_male_38,False,o,ʋ
fn001161_sentence-180.wav,0.162,0.203,0.041,w,k,I,N00661_male_38,False,o,ʋ
fn001161_sentence-182.wav,1.153,1.183,0.03,d,n,@,N00661_male_38,False,o,d
fn001161_sentence-182.wav,0.182,0.212,0.03,w,k,A,N00661_male_38,False,o,ʋ
fn001161_sentence-185.wav,1.927,1.958,0.031,d,l,@,N00661_male_38,False,o,d
fn001161_sentence-23.wav,1.362,1.392,0.03,d,r,@,N00661_male_38,False,o,d
fn001161_sentence-24.wav,2.542,2.582,0.04,d,n,@,N00661_male_38,False,o,d
fn001161_sentence-26.wav,0.384,0.424,0.04,d,j,@,N00661_male_38,False,o,d
fn001161_sentence-27.wav,0.344,0.384,0.04,d,n,@,N00661_male_38,False,o,d
fn001161_sentence-29.wav,3.181,3.211,0.03,d,I,@,N00661_male_38,False,o,d
fn001161_sentence-36.wav,1.863,1.903,0.04,d,n,@,N00661_male_38,False,o,d
fn001161_sentence-39.wav,0.349,0.379,0.03,w,a,A,N00661_male_38,False,o,ʋ
fn001161_sentence-40.wav,1.972,2.003,0.031,w,x,A,N00661_male_38,False,o,ʋ
fn001161_sentence-42.wav,0.889,0.92,0.031,w,A+,n,N00661_male_38,False,o,ʋ
fn001161_sentence-44.wav,0.051,0.081,0.03,Y,j,l,N00661_male_38,False,o,ʉ
fn001190_sentence-0.wav,1.527,1.557,0.03,O,w,r,N00591_female_51,False,o,ɔ
fn001190_sentence-0.wav,2.212,2.242,0.03,n,@,b,N00591_female_51,False,o,n
fn001190_sentence-0.wav,1.263,1.304,0.041,@,t,E,N00591_female_51,False,o,ə
fn001190_sentence-0.wav,2.485,2.516,0.031,@,j,v,N00591_female_51,False,o,ə
fn001190_sentence-0.wav,1.466,1.496,0.03,r,a,w,N00591_female_51,False,o,r
fn001190_sentence-0.wav,1.405,1.435,0.03,d,n,a,N00591_female_51,False,o,d
fn001190_sentence-0.wav,2.627,2.658,0.031,r,@,d,N00591_female_51,False,o,r
fn001190_sentence-1.wav,2.003,2.033,0.03,r,i,t,N00591_female_51,False,o,r
fn001190_sentence-10.wav,2.607,2.637,0.03,h,k,E,N00591_female_51,False,o,h
fn001190_sentence-10.wav,1.265,1.296,0.031,n,E+,m,N00591_female_51,False,o,n
fn001190_sentence-10.wav,0.789,0.82,0.031,l,A,b,N00591_female_51,False,o,l
fn001190_sentence-11.wav,0.421,0.461,0.04,O,n,x,N00591_female_51,False,o,ɔ
fn001190_sentence-11.wav,0.107,0.138,0.031,h,k,E,N00591_female_51,False,o,h
fn001190_sentence-11.wav,0.461,0.501,0.04,x,O,@,N00591_female_51,False,o,x
fn001190_sentence-12.wav,0.747,0.777,0.03,l,A,n,N00591_female_51,False,o,l
fn001190_sentence-12.wav,1.642,1.673,0.031,r,o,d,N00591_female_51,False,o,r
fn001190_sentence-13.wav,3.273,3.303,0.03,n,A,m,N00591_female_51,False,o,n
fn001190_sentence-13.wav,1.129,1.16,0.031,n,I,m,N00591_female_51,False,o,n
fn001190_sentence-13.wav,0.664,0.694,0.03,r,a,A,N00591_female_51,False,o,r
fn001190_sentence-13.wav,7.13,7.16,0.03,@,s,w,N00591_female_51,False,o,ə
fn001190_sentence-13.wav,4.512,4.542,0.03,@,j,b,N00591_female_51,False,o,ə
fn001190_sentence-13.wav,0.472,0.502,0.03,k,N,h,N00591_female_51,False,o,k
fn001190_sentence-14.wav,0.773,0.804,0.031,l,u,w,N00591_female_51,False,o,l
fn001190_sentence-14.wav,0.147,0.178,0.031,r,o,m,N00591_female_51,False,o,r
fn001190_sentence-14.wav,0.804,0.834,0.03,w,l,a,N00591_female_51,False,o,ʋ
fn001190_sentence-15.wav,2.664,2.694,0.03,w,A+,t,N00591_female_51,False,o,ʋ
fn001190_sentence-15.wav,0.986,1.016,0.03,A,t,l,N00591_female_51,False,o,ɑ
fn001190_sentence-16.wav,2.225,2.255,0.03,@,j,w,N00591_female_51,False,o,ə
fn001190_sentence-16.wav,0.067,0.097,0.03,k,I,h,N00591_female_51,False,o,k
fn001190_sentence-17.wav,2.426,2.456,0.03,h,t,E,N00591_female_51,False,o,h
fn001190_sentence-17.wav,0.952,0.982,0.03,l,A,d,N00591_female_51,False,o,l
fn001190_sentence-17.wav,4.091,4.121,0.03,Y,k,n,N00591_female_51,False,o,ʉ
fn001190_sentence-17.wav,3.043,3.073,0.03,l,A,s,N00591_female_51,False,o,l
fn001190_sentence-17.wav,1.95,1.981,0.031,r,a,@,N00591_female_51,False,o,r
fn001190_sentence-17.wav,3.629,3.66,0.031,@,S,w,N00591_female_51,False,o,ə
fn001190_sentence-17.wav,1.981,2.011,0.03,@,r,t,N00591_female_51,False,o,ə
fn001190_sentence-17.wav,3.741,3.771,0.03,r,a,m,N00591_female_51,False,o,r
fn001190_sentence-17.wav,2.942,2.982,0.04,@,d,A,N00591_female_51,False,o,ə
fn001190_sentence-18.wav,0.323,0.354,0.031,r,E,I,N00591_female_51,False,o,r
fn001190_sentence-19.wav,11.081,11.112,0.031,d,n,@,N00591_female_51,False,o,d
fn001190_sentence-19.wav,3.933,3.964,0.031,m,a,@,N00591_female_51,False,o,m
fn001190_sentence-2.wav,1.321,1.362,0.041,@,v,G,N00591_female_51,False,o,ə
fn001190_sentence-2.wav,4.723,4.764,0.041,d,r,I,N00591_female_51,False,o,d
fn001190_sentence-2.wav,4.683,4.723,0.04,r,a,d,N00591_female_51,False,o,r
fn001190_sentence-2.wav,5.006,5.037,0.031,r,@,s,N00591_female_51,False,o,r
fn001190_sentence-20.wav,9.029,9.06,0.031,d,n,A,N00591_female_51,False,o,d
fn001190_sentence-21.wav,1.341,1.382,0.041,m,@,a,N00591_female_51,False,o,m
fn001190_sentence-22.wav,5.169,5.199,0.03,r,@,v,N00591_female_51,False,o,r
fn001190_sentence-22.wav,4.582,4.613,0.031,d,n,A,N00591_female_51,False,o,d
fn001190_sentence-23.wav,0.962,0.993,0.031,b,t,@,N00591_female_51,False,o,b
fn001190_sentence-23.wav,2.45,2.48,0.03,r,E,m,N00591_female_51,False,o,r
fn001190_sentence-24.wav,0.102,0.132,0.03,r,a,v,N00591_female_51,False,o,r
fn001190_sentence-24.wav,4.906,4.936,0.03,r,a,E,N00591_female_51,False,o,r
fn001190_sentence-24.wav,3.443,3.483,0.04,r,E,z,N00591_female_51,False,o,r
fn001190_sentence-26.wav,1.504,1.544,0.04,h,s,E+,N00591_female_51,False,o,h
fn001190_sentence-27.wav,0.142,0.183,0.041,w,k,A,N00591_female_51,False,o,ʋ
fn001190_sentence-27.wav,1.692,1.722,0.03,l,O,G,N00591_female_51,False,o,l
fn001190_sentence-27.wav,4.39,4.42,0.03,r,E,x,N00591_female_51,False,o,r
fn001190_sentence-28.wav,4.111,4.142,0.031,l,@,s,N00591_female_51,False,o,l
fn001190_sentence-3.wav,4.21,4.24,0.03,w,n,e,N00591_female_51,False,o,ʋ
fn001190_sentence-3.wav,4.967,4.997,0.03,r,@,s,N00591_female_51,False,o,r
fn001190_sentence-4.wav,0.603,0.644,0.041,w,N,a,N00591_female_51,False,o,ʋ
fn001190_sentence-4.wav,5.189,5.219,0.03,r,@,l,N00591_female_51,False,o,r
fn001190_sentence-4.wav,13.081,13.111,0.03,w,u,m,N00591_female_51,False,o,ʋ
fn001190_sentence-7.wav,4.452,4.483,0.031,r,a,d,N00591_female_51,False,o,r
fn001190_sentence-8.wav,10.062,10.103,0.041,u,h,n,N00591_female_51,False,o,uː
fn001190_sentence-8.wav,14.294,14.324,0.03,r,a,h,N00591_female_51,False,o,r
fn001190_sentence-8.wav,6.95,6.98,0.03,r,a,p,N00591_female_51,False,o,r
fn001191_sentence-0.wav,4.381,4.421,0.04,r,a,v,N00591_female_51,False,o,r
fn001191_sentence-12.wav,1.774,1.804,0.03,w,z,A,N00591_female_51,False,o,ʋ
fn001191_sentence-13.wav,3.242,3.283,0.041,l,I,d,N00591_female_51,False,o,l
fn001191_sentence-13.wav,3.941,3.982,0.041,l,A,s,N00591_female_51,False,o,l
fn001191_sentence-14.wav,2.569,2.599,0.03,w,n,@,N00591_female_51,False,o,ʋ
fn001191_sentence-14.wav,1.251,1.281,0.03,r,a,@,N00591_female_51,False,o,r
fn001191_sentence-14.wav,6.902,6.933,0.031,r,o,d,N00591_female_51,False,o,r
fn001191_sentence-14.wav,4.871,4.902,0.031,r,A,t,N00591_female_51,False,o,r
fn001191_sentence-14.wav,6.781,6.812,0.031,r,@,d,N00591_female_51,False,o,r
fn001191_sentence-15.wav,4.834,4.864,0.03,r,E,b,N00591_female_51,False,o,r
fn001191_sentence-16.wav,0.102,0.143,0.041,w,t,A,N00591_female_51,False,o,ʋ
fn001191_sentence-16.wav,2.986,3.017,0.031,l,u,v,N00591_female_51,False,o,l
fn001191_sentence-18.wav,3.963,3.993,0.03,r,@,d,N00591_female_51,False,o,r
fn001191_sentence-18.wav,8.333,8.363,0.03,r,A,d,N00591_female_51,False,o,r
fn001191_sentence-18.wav,6.79,6.82,0.03,r,a,O,N00591_female_51,False,o,r
fn001191_sentence-18.wav,7.062,7.093,0.031,r,@,w,N00591_female_51,False,o,r
fn001191_sentence-19.wav,5.382,5.422,0.04,r,a,l,N00591_female_51,False,o,r
fn001191_sentence-19.wav,5.665,5.695,0.03,r,@,s,N00591_female_51,False,o,r
fn001191_sentence-19.wav,2.631,2.661,0.03,r,@,@,N00591_female_51,False,o,r
fn001191_sentence-19.wav,7.361,7.391,0.03,r,@,s,N00591_female_51,False,o,r
fn001191_sentence-2.wav,2.573,2.603,0.03,r,@,t,N00591_female_51,False,o,r
fn001191_sentence-2.wav,4.949,4.979,0.03,r,@,w,N00591_female_51,False,o,r
fn001191_sentence-2.wav,12.39,12.421,0.031,r,a,h,N00591_female_51,False,o,r
fn001191_sentence-2.wav,3.79,3.82,0.03,r,a,p,N00591_female_51,False,o,r
fn001191_sentence-20.wav,1.947,1.977,0.03,r,a,I,N00591_female_51,False,o,r
fn001191_sentence-20.wav,4.433,4.463,0.03,r,O,t,N00591_female_51,False,o,r
fn001191_sentence-21.wav,2.562,2.602,0.04,r,a,z,N00591_female_51,False,o,r
fn001191_sentence-21.wav,5.93,5.96,0.03,r,@,l,N00591_female_51,False,o,r
fn001191_sentence-23.wav,9.585,9.615,0.03,r,a,O,N00591_female_51,False,o,r
fn001191_sentence-23.wav,5.871,5.901,0.03,r,o,d,N00591_female_51,False,o,r
fn001191_sentence-23.wav,15.503,15.534,0.031,w,n,A,N00591_female_51,False,o,ʋ
fn001191_sentence-23.wav,10.988,11.018,0.03,r,o,d,N00591_female_51,False,o,r
fn001191_sentence-24.wav,0.252,0.282,0.03,w,t,E,N00591_female_51,False,o,ʋ
fn001191_sentence-25.wav,0.102,0.143,0.041,w,t,A,N00591_female_51,False,o,ʋ
fn001191_sentence-26.wav,1.95,1.981,0.031,r,@,d,N00591_female_51,False,o,r
fn001191_sentence-26.wav,0.227,0.258,0.031,r,a,v,N00591_female_51,False,o,r
fn001191_sentence-26.wav,2.081,2.112,0.031,r,o,d,N00591_female_51,False,o,r
fn001191_sentence-27.wav,5.389,5.419,0.03,w,t,@,N00591_female_51,False,o,ʋ
fn001191_sentence-33.wav,1.642,1.673,0.031,w,@,@,N00591_female_51,False,o,ʋ
fn001191_sentence-47.wav,1.122,1.152,0.03,w,A+,l,N00591_female_51,False,o,ʋ
fn001191_sentence-48.wav,2.522,2.563,0.041,w,@,A,N00591_female_51,False,o,ʋ
fn001191_sentence-8.wav,2.826,2.857,0.031,w,n,@,N00591_female_51,False,o,ʋ
fn001191_sentence-9.wav,0.283,0.323,0.04,w,s,A,N00591_female_51,False,o,ʋ
fn001172_sentence-0.wav,0.193,0.224,0.031,t,f,s,N00672_female_53,False,o,t
fn001172_sentence-1.wav,7.052,7.083,0.031,r,@,l,N00672_female_53,False,o,r
fn001172_sentence-1.wav,13.825,13.855,0.03,n,A,d,N00672_female_53,False,o,n
fn001172_sentence-1.wav,2.482,2.522,0.04,@,w,n,N00672_female_53,False,o,ə
fn001172_sentence-1.wav,7.022,7.052,0.03,@,v,r,N00672_female_53,False,o,ə
fn001172_sentence-1.wav,2.522,2.562,0.04,n,@,t,N00672_female_53,False,o,n
fn001172_sentence-1.wav,5.77,5.8,0.03,s,a,t,N00672_female_53,False,o,s
fn001172_sentence-1.wav,6.921,6.961,0.04,n,E,v,N00672_female_53,False,o,n
fn001172_sentence-1.wav,3.164,3.195,0.031,a,m,r,N00672_female_53,False,o,aː
fn001172_sentence-1.wav,14.392,14.422,0.03,r,@,d,N00672_female_53,False,o,r
fn001172_sentence-10.wav,0.346,0.376,0.03,@,d,r,N00672_female_53,False,o,ə
fn001172_sentence-100.wav,2.248,2.279,0.031,d,r,@,N00672_female_53,False,o,d
fn001172_sentence-101.wav,3.303,3.333,0.03,r,@,t,N00672_female_53,False,o,r
fn001172_sentence-101.wav,0.182,0.222,0.04,E,b,n,N00672_female_53,False,o,ɛ
fn001172_sentence-101.wav,1.445,1.476,0.031,@,d,r,N00672_female_53,False,o,ə
fn001172_sentence-101.wav,3.444,3.484,0.04,@,j,s,N00672_female_53,False,o,ə
fn001172_sentence-101.wav,0.222,0.262,0.04,n,E,O,N00672_female_53,False,o,n
fn001172_sentence-102.wav,0.385,0.415,0.03,o,v,r,N00672_female_53,False,o,oː
fn001172_sentence-104.wav,1.143,1.173,0.03,@,d,E,N00672_female_53,False,o,ə
fn001172_sentence-104.wav,2.63,2.661,0.031,d,r,@,N00672_female_53,False,o,d
fn001172_sentence-107.wav,0.142,0.182,0.04,h,r,E,N00672_female_53,False,o,h
fn001172_sentence-107.wav,0.426,0.446,0.02,@,@,t,N00672_female_53,False,o,ə
fn001172_sentence-108.wav,0.57,0.601,0.031,E,h,m,N00672_female_53,False,o,ɛ
fn001172_sentence-108.wav,0.601,0.641,0.04,m,E,v,N00672_female_53,False,o,m
fn001172_sentence-11.wav,0.101,0.141,0.04,@,z,h,N00672_female_53,False,o,ə
fn001172_sentence-11.wav,4.582,4.612,0.03,d,r,@,N00672_female_53,False,o,d
fn001172_sentence-11.wav,1.944,1.984,0.04,A,h,Y,N00672_female_53,False,o,ɑ
fn001172_sentence-11.wav,3.344,3.374,0.03,r,@,@,N00672_female_53,False,o,r
fn001172_sentence-11.wav,3.313,3.344,0.031,@,v,r,N00672_female_53,False,o,ə
fn001172_sentence-11.wav,4.551,4.582,0.031,r,o,d,N00672_female_53,False,o,r
fn001172_sentence-110.wav,0.502,0.543,0.041,r,e,l,N00672_female_53,False,o,r
fn001172_sentence-112.wav,1.003,1.033,0.03,r,@,d,N00672_female_53,False,o,r
fn001172_sentence-114.wav,0.203,0.243,0.04,r,e,l,N00672_female_53,False,o,r
fn001172_sentence-116.wav,1.163,1.203,0.04,A,d,t,N00672_female_53,False,o,ɑ
fn001172_sentence-116.wav,4.725,4.755,0.03,d,n,@,N00672_female_53,False,o,d
fn001172_sentence-116.wav,4.786,4.816,0.03,r,@,@,N00672_female_53,False,o,r
fn001172_sentence-117.wav,3.573,3.603,0.03,h,m,E,N00672_female_53,False,o,h
fn001172_sentence-117.wav,4.333,4.364,0.031,r,@,s,N00672_female_53,False,o,r
fn001172_sentence-117.wav,2.443,2.474,0.031,l,O,d,N00672_female_53,False,o,l
fn001172_sentence-118.wav,7.424,7.464,0.04,r,@,h,N00672_female_53,False,o,r
fn001172_sentence-118.wav,0.121,0.152,0.031,r,O,n,N00672_female_53,False,o,r
fn001172_sentence-118.wav,4.233,4.264,0.031,h,l,I,N00672_female_53,False,o,h
fn001172_sentence-120.wav,6.865,6.895,0.03,r,o,d,N00672_female_53,False,o,r
fn001172_sentence-125.wav,0.264,0.295,0.031,r,E,k,N00672_female_53,False,o,r
fn001172_sentence-126.wav,0.343,0.383,0.04,r,a,b,N00672_female_53,False,o,r
fn001172_sentence-128.wav,4.583,4.623,0.04,w,@,@,N00672_female_53,False,o,ʋ
fn001172_sentence-128.wav,2.564,2.594,0.03,w,n,@,N00672_female_53,False,o,ʋ
fn001172_sentence-128.wav,5.623,5.664,0.041,r,o,x,N00672_female_53,False,o,r
fn001172_sentence-2.wav,0.882,0.923,0.041,w,s,A,N00672_female_53,False,o,ʋ
fn001172_sentence-21.wav,3.181,3.222,0.041,r,y,s,N00672_female_53,False,o,r
fn001172_sentence-22.wav,0.883,0.923,0.04,r,l,E,N00672_female_53,False,o,r
fn001172_sentence-24.wav,0.081,0.111,0.03,r,a,s,N00672_female_53,False,o,r
fn001172_sentence-24.wav,5.171,5.201,0.03,r,@,l,N00672_female_53,False,o,r
fn001172_sentence-25.wav,2.404,2.444,0.04,r,e,s,N00672_female_53,False,o,r
fn001172_sentence-26.wav,3.644,3.684,0.04,r,o,t,N00672_female_53,False,o,r
fn001172_sentence-26.wav,0.601,0.641,0.04,r,@,l,N00672_female_53,False,o,r
fn001172_sentence-33.wav,0.202,0.242,0.04,b,n,E,N00672_female_53,False,o,b
fn001172_sentence-34.wav,2.932,2.963,0.031,w,A+,z,N00672_female_53,False,o,ʋ
fn001172_sentence-45.wav,0.161,0.191,0.03,w,@,A,N00672_female_53,False,o,ʋ
fn001172_sentence-84.wav,4.844,4.875,0.031,w,A+,b,N00672_female_53,False,o,ʋ
fn001230_sentence-0.wav,0.284,0.315,0.031,r,@,s,N00605_female_66,False,o,r
fn001230_sentence-0.wav,0.903,0.933,0.03,r,@,n,N00605_female_66,False,o,r
fn001230_sentence-0.wav,0.862,0.903,0.041,@,d,r,N00605_female_66,False,o,ə
fn001230_sentence-0.wav,0.568,0.599,0.031,d,n,@,N00605_female_66,False,o,d
fn001230_sentence-1.wav,0.383,0.413,0.03,N,O,@,N00605_female_66,False,o,ŋ
fn001230_sentence-1.wav,5.381,5.422,0.041,A,v,n,N00605_female_66,False,o,ɑ
fn001230_sentence-1.wav,0.232,0.262,0.03,@,d,j,N00605_female_66,False,o,ə
fn001230_sentence-10.wav,1.603,1.644,0.041,@,n,x,N00605_female_66,False,o,ə
fn001230_sentence-12.wav,1.361,1.391,0.03,@,v,r,N00605_female_66,False,o,ə
fn001230_sentence-13.wav,5.082,5.123,0.041,@,d,r,N00605_female_66,False,o,ə
fn001230_sentence-13.wav,5.506,5.536,0.03,r,k,I,N00605_female_66,False,o,r
fn001230_sentence-13.wav,5.042,5.082,0.04,d,n,@,N00605_female_66,False,o,d
fn001230_sentence-13.wav,3.541,3.572,0.031,n,A,m,N00605_female_66,False,o,n
fn001230_sentence-13.wav,1.725,1.756,0.031,r,@,d,N00605_female_66,False,o,r
fn001230_sentence-13.wav,5.123,5.153,0.03,r,@,t,N00605_female_66,False,o,r
fn001230_sentence-13.wav,0.723,0.764,0.041,i,r,s,N00605_female_66,False,o,iː
fn001230_sentence-14.wav,5.094,5.124,0.03,@,d,r,N00605_female_66,False,o,ə
fn001230_sentence-14.wav,4.363,4.393,0.03,n,@,d,N00605_female_66,False,o,n
fn001230_sentence-14.wav,0.703,0.743,0.04,a,w,r,N00605_female_66,False,o,aː
fn001230_sentence-14.wav,4.393,4.424,0.031,d,n,@,N00605_female_66,False,o,d
fn001230_sentence-14.wav,0.743,0.774,0.031,r,a,z,N00605_female_66,False,o,r
fn001230_sentence-14.wav,4.424,4.454,0.03,@,d,j,N00605_female_66,False,o,ə
fn001230_sentence-14.wav,0.183,0.224,0.041,n,I,d,N00605_female_66,False,o,n
fn001230_sentence-14.wav,0.143,0.183,0.04,I,r,n,N00605_female_66,False,o,ɪ
fn001230_sentence-14.wav,4.322,4.363,0.041,@,z,n,N00605_female_66,False,o,ə
fn001230_sentence-14.wav,0.102,0.143,0.041,r,a,I,N00605_female_66,False,o,r
fn001230_sentence-15.wav,2.662,2.703,0.041,w,A+,e,N00605_female_66,False,o,ʋ
fn001230_sentence-15.wav,3.641,3.681,0.04,l,@,I,N00605_female_66,False,o,l
fn001230_sentence-15.wav,0.283,0.323,0.04,a,m,r,N00605_female_66,False,o,aː
fn001230_sentence-15.wav,0.323,0.353,0.03,r,a,w,N00605_female_66,False,o,r
fn001230_sentence-15.wav,3.026,3.056,0.03,r,@,t,N00605_female_66,False,o,r
fn001230_sentence-15.wav,3.601,3.641,0.04,@,k,l,N00605_female_66,False,o,ə
fn001230_sentence-15.wav,0.242,0.283,0.041,m,n,a,N00605_female_66,False,o,m
fn001230_sentence-15.wav,0.202,0.242,0.04,n,E+,m,N00605_female_66,False,o,n
fn001230_sentence-16.wav,12.323,12.363,0.04,r,E,w,N00605_female_66,False,o,r
fn001230_sentence-16.wav,10.521,10.551,0.03,r,@,d,N00605_female_66,False,o,r
fn001230_sentence-16.wav,10.102,10.143,0.041,l,A,s,N00605_female_66,False,o,l
fn001230_sentence-16.wav,12.667,12.698,0.031,l,@,t,N00605_female_66,False,o,l
fn001230_sentence-16.wav,12.363,12.404,0.041,w,r,e,N00605_female_66,False,o,ʋ
fn001230_sentence-16.wav,7.129,7.16,0.031,r,@,t,N00605_female_66,False,o,r
fn001230_sentence-16.wav,0.482,0.523,0.041,d,n,@,N00605_female_66,False,o,d
fn001230_sentence-16.wav,0.523,0.554,0.031,@,d,r,N00605_female_66,False,o,ə
fn001230_sentence-16.wav,8.393,8.423,0.03,@,d,l,N00605_female_66,False,o,ə
fn001230_sentence-17.wav,9.964,9.994,0.03,r,@,I,N00605_female_66,False,o,r
fn001230_sentence-17.wav,6.029,6.059,0.03,r,@,t,N00605_female_66,False,o,r
fn001230_sentence-17.wav,5.483,5.524,0.041,n,E,d,N00605_female_66,False,o,n
fn001230_sentence-17.wav,8.722,8.762,0.04,w,r,i,N00605_female_66,False,o,ʋ
fn001230_sentence-17.wav,0.225,0.256,0.031,w,t,e,N00605_female_66,False,o,ʋ
fn001230_sentence-17.wav,7.202,7.243,0.041,w,d,E,N00605_female_66,False,o,ʋ
fn001230_sentence-17.wav,2.181,2.221,0.04,n,@,b,N00605_female_66,False,o,n
fn001230_sentence-17.wav,11.721,11.762,0.041,@,b,x,N00605_female_66,False,o,ə
fn001230_sentence-17.wav,10.428,10.459,0.031,k,E,s,N00605_female_66,False,o,k
fn001230_sentence-17.wav,5.968,5.999,0.031,d,n,@,N00605_female_66,False,o,d
fn001230_sentence-17.wav,9.411,9.442,0.031,@,d,r,N00605_female_66,False,o,ə
fn001230_sentence-17.wav,8.691,8.722,0.031,r,o,w,N00605_female_66,False,o,r
fn001230_sentence-17.wav,0.666,0.697,0.031,@,z,n,N00605_female_66,False,o,ə
fn001230_sentence-17.wav,11.347,11.378,0.031,m,w,u,N00605_female_66,False,o,m
fn001230_sentence-17.wav,8.042,8.083,0.041,m,@,E,N00605_female_66,False,o,m
fn001230_sentence-18.wav,8.086,8.116,0.03,r,o,d,N00605_female_66,False,o,r
fn001230_sentence-18.wav,2.502,2.542,0.04,d,n,@,N00605_female_66,False,o,d
fn001230_sentence-18.wav,3.965,3.995,0.03,n,@,l,N00605_female_66,False,o,n
fn001230_sentence-18.wav,2.542,2.583,0.041,@,d,v,N00605_female_66,False,o,ə
fn001230_sentence-18.wav,10.161,10.202,0.041,r,A,k,N00605_female_66,False,o,r
fn001230_sentence-18.wav,2.471,2.502,0.031,n,E,d,N00605_female_66,False,o,n
fn001230_sentence-18.wav,11.604,11.644,0.04,@,n,x,N00605_female_66,False,o,ə
fn001230_sentence-19.wav,4.281,4.311,0.03,r,@,s,N00605_female_66,False,o,r
fn001230_sentence-19.wav,1.15,1.181,0.031,@,n,r,N00605_female_66,False,o,ə
fn001230_sentence-19.wav,1.181,1.211,0.03,r,@,s,N00605_female_66,False,o,r
fn001230_sentence-19.wav,0.242,0.283,0.041,@,G,l,N00605_female_66,False,o,ə
fn001230_sentence-2.wav,0.111,0.141,0.03,r,a,j,N00605_female_66,False,o,r
fn001230_sentence-20.wav,1.801,1.831,0.03,r,@,l,N00605_female_66,False,o,r
fn001230_sentence-20.wav,1.761,1.801,0.04,@,f,r,N00605_female_66,False,o,ə
fn001230_sentence-20.wav,1.406,1.437,0.031,r,@,m,N00605_female_66,False,o,r
fn001230_sentence-21.wav,8.125,8.156,0.031,@,t,s,N00605_female_66,False,o,ə
fn001230_sentence-21.wav,0.282,0.323,0.041,l,@,m,N00605_female_66,False,o,l
fn001230_sentence-21.wav,1.302,1.342,0.04,r,E,m,N00605_female_66,False,o,r
fn001230_sentence-21.wav,0.949,0.979,0.03,r,t,O,N00605_female_66,False,o,r
fn001230_sentence-22.wav,1.653,1.684,0.031,@,d,n,N00605_female_66,False,o,ə
fn001230_sentence-22.wav,7.347,7.377,0.03,r,@,l,N00605_female_66,False,o,r
fn001230_sentence-22.wav,0.132,0.163,0.031,r,@,t,N00605_female_66,False,o,r
fn001230_sentence-22.wav,0.884,0.914,0.03,r,@,Y,N00605_female_66,False,o,r
fn001230_sentence-22.wav,0.843,0.884,0.041,@,t,r,N00605_female_66,False,o,ə
fn001230_sentence-22.wav,1.951,1.982,0.031,r,@,z,N00605_female_66,False,o,r
fn001230_sentence-24.wav,6.623,6.663,0.04,r,@,s,N00605_female_66,False,o,r
fn001230_sentence-24.wav,0.263,0.304,0.041,m,@,E,N00605_female_66,False,o,m
fn001230_sentence-24.wav,4.329,4.359,0.03,r,@,s,N00605_female_66,False,o,r
fn001230_sentence-24.wav,2.589,2.619,0.03,r,@,w,N00605_female_66,False,o,r
fn001230_sentence-25.wav,7.244,7.274,0.03,r,t,E,N00605_female_66,False,o,r
fn001230_sentence-25.wav,7.588,7.618,0.03,r,@,b,N00605_female_66,False,o,r
fn001230_sentence-25.wav,7.921,7.952,0.031,r,@,k,N00605_female_66,False,o,r
fn001230_sentence-26.wav,2.991,3.021,0.03,r,@,h,N00605_female_66,False,o,r
fn001230_sentence-27.wav,1.802,1.842,0.04,l,A,v,N00605_female_66,False,o,l
fn001230_sentence-28.wav,10.81,10.84,0.03,l,@,s,N00605_female_66,False,o,l
fn001230_sentence-28.wav,12.683,12.724,0.041,l,p,E,N00605_female_66,False,o,l
fn001230_sentence-28.wav,10.524,10.564,0.04,w,r,O,N00605_female_66,False,o,ʋ
fn001230_sentence-3.wav,3.021,3.061,0.04,w,t,I,N00605_female_66,False,o,ʋ
fn001230_sentence-3.wav,1.608,1.638,0.03,w,t,I,N00605_female_66,False,o,ʋ
fn001230_sentence-4.wav,7.83,7.86,0.03,l,E,b,N00605_female_66,False,o,l
fn001230_sentence-4.wav,0.224,0.254,0.03,h,r,a,N00605_female_66,False,o,h
fn001230_sentence-4.wav,2.553,2.583,0.03,r,a,n,N00605_female_66,False,o,r
fn001230_sentence-4.wav,7.163,7.193,0.03,r,@,s,N00605_female_66,False,o,r
fn001230_sentence-5.wav,0.991,1.021,0.03,r,e,s,N00605_female_66,False,o,r
fn001230_sentence-5.wav,3.381,3.412,0.031,l,@,@,N00605_female_66,False,o,l
fn001230_sentence-6.wav,2.563,2.604,0.041,I,l,n,N00605_female_66,False,o,ɪ
fn001230_sentence-6.wav,2.291,2.321,0.03,h,n,Y,N00605_female_66,False,o,h
fn001231_sentence-17.wav,0.585,0.616,0.031,w,r,A,N00605_female_66,False,o,ʋ
fn001231_sentence-24.wav,2.964,2.995,0.031,w,@,@,N00605_female_66,False,o,ʋ
fn001231_sentence-27.wav,5.002,5.043,0.041,y,j,l,N00605_female_66,False,o,yː
fn001231_sentence-36.wav,2.862,2.893,0.031,h,r,e,N00605_female_66,False,o,h
fn001231_sentence-43.wav,3.141,3.173,0.032,h,t,A,N00605_female_66,False,o,h
fn001231_sentence-5.wav,0.284,0.324,0.04,Y,z,l,N00605_female_66,False,o,ʉ
fn001166_sentence-1.wav,0.182,0.213,0.031,@,d,h,N00666_female_43,False,o,ə
fn001166_sentence-1.wav,1.064,1.094,0.03,k,N,t,N00666_female_43,False,o,k
fn001166_sentence-100.wav,0.812,0.843,0.031,@,j,m,N00666_female_43,False,o,ə
fn001166_sentence-100.wav,1.005,1.036,0.031,I,w,l,N00666_female_43,False,o,ɪ
fn001166_sentence-101.wav,0.725,0.755,0.03,n,A,b,N00666_female_43,False,o,n
fn001166_sentence-101.wav,1.353,1.383,0.03,O,v,n,N00666_female_43,False,o,ɔ
fn001166_sentence-101.wav,0.37,0.401,0.031,@,j,n,N00666_female_43,False,o,ə
fn001166_sentence-101.wav,0.614,0.644,0.03,r,@,d,N00666_female_43,False,o,r
fn001166_sentence-102.wav,0.33,0.36,0.03,a,b,r,N00666_female_43,False,o,aː
fn001166_sentence-102.wav,1.563,1.603,0.04,@,x,s,N00666_female_43,False,o,ə
fn001166_sentence-103.wav,1.831,1.862,0.031,l,A,b,N00666_female_43,False,o,l
fn001166_sentence-103.wav,0.047,0.077,0.03,@,w,s,N00666_female_43,False,o,ə
fn001166_sentence-104.wav,2.425,2.455,0.03,m,@,E,N00666_female_43,False,o,m
fn001166_sentence-104.wav,0.061,0.092,0.031,@,t,r,N00666_female_43,False,o,ə
fn001166_sentence-104.wav,3.022,3.052,0.03,@,n,n,N00666_female_43,False,o,ə
fn001166_sentence-104.wav,1.381,1.412,0.031,n,I,d,N00666_female_43,False,o,n
fn001166_sentence-104.wav,2.992,3.022,0.03,n,E,@,N00666_female_43,False,o,n
fn001166_sentence-104.wav,1.412,1.442,0.03,d,n,@,N00666_female_43,False,o,d
fn001166_sentence-104.wav,2.87,2.901,0.031,r,@,t,N00666_female_43,False,o,r
fn001166_sentence-104.wav,3.052,3.083,0.031,n,@,p,N00666_female_43,False,o,n
fn001166_sentence-105.wav,1.085,1.116,0.031,r,@,t,N00666_female_43,False,o,r
fn001166_sentence-105.wav,0.207,0.238,0.031,l,E+,z,N00666_female_43,False,o,l
fn001166_sentence-106.wav,0.652,0.682,0.03,@,j,b,N00666_female_43,False,o,ə
fn001166_sentence-106.wav,1.922,1.952,0.03,I,l,k,N00666_female_43,False,o,ɪ
fn001166_sentence-106.wav,1.891,1.922,0.031,l,E+,I,N00666_female_43,False,o,l
fn001166_sentence-106.wav,1.77,1.801,0.031,r,E,w,N00666_female_43,False,o,r
fn001166_sentence-106.wav,0.571,0.601,0.03,t,s,j,N00666_female_43,False,o,t
fn001166_sentence-106.wav,1.801,1.841,0.04,w,r,E+,N00666_female_43,False,o,ʋ
fn001166_sentence-107.wav,0.253,0.283,0.03,d,s,@,N00666_female_43,False,o,d
fn001166_sentence-107.wav,1.973,2.004,0.031,A,d,t,N00666_female_43,False,o,ɑ
fn001166_sentence-107.wav,3.003,3.034,0.031,@,j,v,N00666_female_43,False,o,ə
fn001166_sentence-107.wav,3.642,3.683,0.041,a,G,w,N00666_female_43,False,o,aː
fn001166_sentence-107.wav,2.973,3.003,0.03,j,t,@,N00666_female_43,False,o,j
fn001166_sentence-107.wav,2.942,2.973,0.031,t,s,j,N00666_female_43,False,o,t
fn001166_sentence-107.wav,0.061,0.101,0.04,t,@,w,N00666_female_43,False,o,t
fn001166_sentence-107.wav,2.588,2.618,0.03,@,r,n,N00666_female_43,False,o,ə
fn001166_sentence-107.wav,3.166,3.196,0.03,@,n,n,N00666_female_43,False,o,ə
fn001166_sentence-108.wav,2.809,2.84,0.031,i,w,n,N00666_female_43,False,o,iː
fn001166_sentence-108.wav,0.334,0.364,0.03,t,s,u,N00666_female_43,False,o,t
fn001166_sentence-108.wav,3.002,3.032,0.03,@,t,n,N00666_female_43,False,o,ə
fn001166_sentence-108.wav,3.63,3.66,0.03,t,E,m,N00666_female_43,False,o,t
fn001166_sentence-108.wav,5.85,5.881,0.031,l,@,@,N00666_female_43,False,o,l
fn001166_sentence-109.wav,2.902,2.933,0.031,d,n,@,N00666_female_43,False,o,d
fn001166_sentence-109.wav,2.75,2.78,0.03,E,t,r,N00666_female_43,False,o,ɛ
fn001166_sentence-109.wav,1.161,1.202,0.041,r,a,h,N00666_female_43,False,o,r
fn001166_sentence-109.wav,0.452,0.482,0.03,n,O,t,N00666_female_43,False,o,n
fn001166_sentence-109.wav,3.024,3.054,0.03,A,h,n,N00666_female_43,False,o,ɑ
fn001166_sentence-109.wav,2.029,2.06,0.031,w,@,I,N00666_female_43,False,o,ʋ
fn001166_sentence-109.wav,2.669,2.699,0.03,A,w,t,N00666_female_43,False,o,ɑ
fn001166_sentence-109.wav,2.821,2.851,0.03,a,r,n,N00666_female_43,False,o,aː
fn001166_sentence-110.wav,0.905,0.935,0.03,d,r,@,N00666_female_43,False,o,d
fn001166_sentence-110.wav,0.743,0.773,0.03,k,I,d,N00666_female_43,False,o,k
fn001166_sentence-110.wav,1.722,1.763,0.041,l,E,@,N00666_female_43,False,o,l
fn001166_sentence-110.wav,1.369,1.399,0.03,w,A+,d,N00666_female_43,False,o,ʋ
fn001166_sentence-111.wav,1.543,1.573,0.03,O,x,p,N00666_female_43,False,o,ɔ
fn001166_sentence-111.wav,4.482,4.522,0.04,m,@,@,N00666_female_43,False,o,m
fn001166_sentence-111.wav,2.23,2.26,0.03,a,m,l,N00666_female_43,False,o,aː
fn001166_sentence-111.wav,0.163,0.204,0.041,l,E,f,N00666_female_43,False,o,l
fn001166_sentence-111.wav,4.147,4.178,0.031,l,A,s,N00666_female_43,False,o,l
fn001166_sentence-112.wav,1.802,1.842,0.04,O,l,t,N00666_female_43,False,o,ɔ
fn001166_sentence-112.wav,0.628,0.658,0.03,@,d,a,N00666_female_43,False,o,ə
fn001166_sentence-113.wav,0.102,0.132,0.03,r,a,I,N00666_female_43,False,o,r
fn001166_sentence-115.wav,0.051,0.082,0.031,@,w,z,N00666_female_43,False,o,ə
fn001166_sentence-116.wav,0.467,0.497,0.03,d,r,@,N00666_female_43,False,o,d
fn001166_sentence-116.wav,0.568,0.598,0.03,l,A,z,N00666_female_43,False,o,l
fn001166_sentence-117.wav,0.253,0.284,0.031,@,j,d,N00666_female_43,False,o,ə
fn001166_sentence-117.wav,0.142,0.172,0.03,I,w,l,N00666_female_43,False,o,ɪ
fn001166_sentence-117.wav,0.111,0.142,0.031,w,t,I,N00666_female_43,False,o,ʋ
fn001166_sentence-119.wav,0.133,0.164,0.031,n,E+,l,N00666_female_43,False,o,n
fn001166_sentence-12.wav,2.483,2.524,0.041,n,O,d,N00666_female_43,False,o,n
fn001166_sentence-12.wav,2.251,2.281,0.03,@,m,n,N00666_female_43,False,o,ə
fn001166_sentence-12.wav,2.665,2.695,0.03,w,r,E,N00666_female_43,False,o,ʋ
fn001166_sentence-12.wav,2.766,2.796,0.03,r,E,p,N00666_female_43,False,o,r
fn001166_sentence-120.wav,0.463,0.504,0.041,d,n,@,N00666_female_43,False,o,d
fn001166_sentence-121.wav,1.304,1.344,0.04,n,@,x,N00666_female_43,False,o,n
fn001166_sentence-126.wav,1.062,1.083,0.021,@,@,t,N00666_female_43,False,o,ə
fn001166_sentence-126.wav,1.022,1.062,0.04,@,m,@,N00666_female_43,False,o,ə
fn001166_sentence-126.wav,0.708,0.739,0.031,r,E,w,N00666_female_43,False,o,r
fn001166_sentence-126.wav,0.982,1.022,0.04,m,@,@,N00666_female_43,False,o,m
fn001166_sentence-126.wav,0.941,0.982,0.041,@,z,m,N00666_female_43,False,o,ə
fn001166_sentence-126.wav,0.061,0.102,0.041,r,v,u,N00666_female_43,False,o,r
fn001166_sentence-127.wav,0.122,0.162,0.04,@,r,n,N00666_female_43,False,o,ə
fn001166_sentence-127.wav,0.091,0.122,0.031,r,a,@,N00666_female_43,False,o,r
fn001166_sentence-128.wav,0.061,0.102,0.041,E,m,t,N00666_female_43,False,o,ɛ
fn001166_sentence-13.wav,2.891,2.922,0.031,r,a,x,N00666_female_43,False,o,r
fn001166_sentence-13.wav,0.412,0.442,0.03,l,@,@,N00666_female_43,False,o,l
fn001166_sentence-13.wav,2.344,2.374,0.03,n,I,t,N00666_female_43,False,o,n
fn001166_sentence-13.wav,3.368,3.398,0.03,E,m,t,N00666_female_43,False,o,ɛ
fn001166_sentence-13.wav,2.023,2.054,0.031,@,x,h,N00666_female_43,False,o,ə
fn001166_sentence-13.wav,3.51,3.54,0.03,n,@,a,N00666_female_43,False,o,n
fn001166_sentence-13.wav,2.303,2.344,0.041,I,s,n,N00666_female_43,False,o,ɪ
fn001166_sentence-131.wav,0.202,0.243,0.041,n,@,i,N00666_female_43,False,o,n
fn001166_sentence-131.wav,0.547,0.577,0.03,r,a,m,N00666_female_43,False,o,r
fn001166_sentence-131.wav,0.162,0.202,0.04,@,s,n,N00666_female_43,False,o,ə
fn001166_sentence-136.wav,0.881,0.922,0.041,w,@,E+,N00666_female_43,False,o,ʋ
fn001166_sentence-136.wav,3.99,4.02,0.03,@,m,n,N00666_female_43,False,o,ə
fn001166_sentence-136.wav,0.193,0.223,0.03,O,x,N,N00666_female_43,False,o,ɔ
fn001166_sentence-136.wav,0.345,0.375,0.03,@,k,n,N00666_female_43,False,o,ə
fn001166_sentence-136.wav,3.203,3.233,0.03,r,a,m,N00666_female_43,False,o,r
fn001166_sentence-136.wav,4.945,4.976,0.031,l,n,I,N00666_female_43,False,o,l
fn001166_sentence-139.wav,2.301,2.341,0.04,m,n,E+,N00666_female_43,False,o,m
fn001166_sentence-139.wav,1.173,1.203,0.03,m,t,E+,N00666_female_43,False,o,m
fn001166_sentence-14.wav,3.563,3.604,0.041,h,r,a,N00666_female_43,False,o,h
fn001166_sentence-14.wav,3.493,3.523,0.03,@,v,r,N00666_female_43,False,o,ə
fn001166_sentence-14.wav,1.323,1.354,0.031,@,v,r,N00666_female_43,False,o,ə
fn001166_sentence-14.wav,2.283,2.324,0.041,@,z,h,N00666_female_43,False,o,ə
fn001166_sentence-14.wav,2.324,2.354,0.03,h,@,A,N00666_female_43,False,o,h
fn001166_sentence-14.wav,0.606,0.636,0.03,l,E,d,N00666_female_43,False,o,l
fn001166_sentence-141.wav,0.79,0.82,0.03,h,t,a,N00666_female_43,False,o,h
fn001166_sentence-141.wav,6.511,6.541,0.03,l,@,A,N00666_female_43,False,o,l
fn001166_sentence-141.wav,1.063,1.093,0.03,@,v,r,N00666_female_43,False,o,ə
fn001166_sentence-141.wav,8.672,8.703,0.031,h,r,a,N00666_female_43,False,o,h
fn001166_sentence-141.wav,9.223,9.264,0.041,b,G,@,N00666_female_43,False,o,b
fn001166_sentence-142.wav,0.473,0.504,0.031,@,j,m,N00666_female_43,False,o,ə
fn001166_sentence-143.wav,0.748,0.779,0.031,d,u,@,N00666_female_43,False,o,d
fn001166_sentence-144.wav,1.726,1.757,0.031,@,j,s,N00666_female_43,False,o,ə
fn001166_sentence-145.wav,0.482,0.523,0.041,d,@,A,N00666_female_43,False,o,d
fn001166_sentence-145.wav,0.624,0.655,0.031,I,t,k,N00666_female_43,False,o,ɪ
fn001166_sentence-147.wav,0.243,0.274,0.031,@,j,b,N00666_female_43,False,o,ə
fn001166_sentence-148.wav,0.545,0.576,0.031,@,l,n,N00666_female_43,False,o,ə
fn001166_sentence-149.wav,0.626,0.657,0.031,@,j,b,N00666_female_43,False,o,ə
fn001166_sentence-149.wav,0.707,0.738,0.031,@,b,n,N00666_female_43,False,o,ə
fn001166_sentence-149.wav,0.384,0.424,0.04,b,n,e,N00666_female_43,False,o,b
fn001166_sentence-149.wav,0.192,0.222,0.03,I,x,k,N00666_female_43,False,o,ɪ
fn001166_sentence-149.wav,0.95,0.98,0.03,w,A+,t,N00666_female_43,False,o,ʋ
fn001166_sentence-15.wav,1.142,1.173,0.031,@,n,E,N00666_female_43,False,o,ə
fn001166_sentence-15.wav,2.502,2.543,0.041,h,t,E+,N00666_female_43,False,o,h
fn001166_sentence-15.wav,2.583,2.624,0.041,d,E+,A,N00666_female_43,False,o,d
fn001166_sentence-15.wav,0.189,0.219,0.03,@,s,n,N00666_female_43,False,o,ə
fn001166_sentence-150.wav,0.413,0.444,0.031,@,d,r,N00666_female_43,False,o,ə
fn001166_sentence-151.wav,3.246,3.276,0.03,w,s,E,N00666_female_43,False,o,ʋ
fn001166_sentence-151.wav,3.347,3.378,0.031,h,l,u,N00666_female_43,False,o,h
fn001166_sentence-153.wav,1.282,1.323,0.041,@,s,m,N00666_female_43,False,o,ə
fn001166_sentence-153.wav,0.148,0.178,0.03,w,n,@,N00666_female_43,False,o,ʋ
fn001166_sentence-154.wav,2.81,2.84,0.03,l,@,i,N00666_female_43,False,o,l
fn001166_sentence-155.wav,0.863,0.904,0.041,@,G,m,N00666_female_43,False,o,ə
fn001166_sentence-155.wav,1.822,1.862,0.04,@,@,n,N00666_female_43,False,o,ə
fn001166_sentence-157.wav,2.604,2.644,0.04,@,x,m,N00666_female_43,False,o,ə
fn001166_sentence-157.wav,1.012,1.042,0.03,@,w,O,N00666_female_43,False,o,ə
fn001166_sentence-157.wav,1.904,1.935,0.031,l,E,k,N00666_female_43,False,o,l
fn001166_sentence-157.wav,0.982,1.012,0.03,w,n,@,N00666_female_43,False,o,ʋ
fn001166_sentence-16.wav,0.921,0.962,0.041,@,G,k,N00666_female_43,False,o,ə
fn001166_sentence-160.wav,0.502,0.543,0.041,w,@,O,N00666_female_43,False,o,ʋ
fn001166_sentence-160.wav,3.592,3.622,0.03,@,z,m,N00666_female_43,False,o,ə
fn001166_sentence-161.wav,1.264,1.295,0.031,j,t,@,N00666_female_43,False,o,j
fn001166_sentence-162.wav,1.263,1.293,0.03,d,r,A,N00666_female_43,False,o,d
fn001166_sentence-163.wav,0.981,1.011,0.03,l,u,d,N00666_female_43,False,o,l
fn001166_sentence-163.wav,0.443,0.483,0.04,d,r,@,N00666_female_43,False,o,d
fn001166_sentence-163.wav,0.483,0.514,0.031,@,d,r,N00666_female_43,False,o,ə
fn001166_sentence-163.wav,2.304,2.335,0.031,@,f,r,N00666_female_43,False,o,ə
fn001166_sentence-163.wav,1.072,1.102,0.03,@,d,I,N00666_female_43,False,o,ə
fn001166_sentence-163.wav,1.569,1.6,0.031,l,@,I,N00666_female_43,False,o,l
fn001166_sentence-17.wav,0.193,0.223,0.03,l,I,j,N00666_female_43,False,o,l
fn001166_sentence-17.wav,0.132,0.162,0.03,w,@,I,N00666_female_43,False,o,ʋ
fn001166_sentence-171.wav,2.324,2.354,0.03,l,@,s,N00666_female_43,False,o,l
fn001166_sentence-18.wav,0.951,0.982,0.031,b,@,l,N00666_female_43,False,o,b
fn001166_sentence-18.wav,1.164,1.194,0.03,b,g,E+,N00666_female_43,False,o,b
fn001166_sentence-182.wav,0.981,1.022,0.041,l,r,@,N00666_female_43,False,o,l
fn001166_sentence-183.wav,2.001,2.041,0.04,h,s,a,N00666_female_43,False,o,h
fn001166_sentence-183.wav,0.07,0.101,0.031,h,@,A,N00666_female_43,False,o,h
fn001166_sentence-183.wav,1.91,1.94,0.03,l,A,s,N00666_female_43,False,o,l
fn001166_sentence-184.wav,1.01,1.04,0.03,w,t,A,N00666_female_43,False,o,ʋ
fn001166_sentence-185.wav,0.829,0.86,0.031,d,n,@,N00666_female_43,False,o,d
fn001166_sentence-187.wav,0.566,0.597,0.031,w,n,@,N00666_female_43,False,o,ʋ
fn001166_sentence-19.wav,0.051,0.081,0.03,l,A,s,N00666_female_43,False,o,l
fn001166_sentence-191.wav,1.054,1.084,0.03,h,s,E,N00666_female_43,False,o,h
fn001166_sentence-2.wav,0.333,0.363,0.03,d,l,A,N00666_female_43,False,o,d
fn001166_sentence-2.wav,0.303,0.333,0.03,l,u,d,N00666_female_43,False,o,l
fn001166_sentence-23.wav,4.502,4.542,0.04,d,r,A,N00666_female_43,False,o,d
fn001166_sentence-23.wav,0.354,0.384,0.03,h,p,Y,N00666_female_43,False,o,h
fn001166_sentence-24.wav,0.071,0.101,0.03,h,@,A,N00666_female_43,False,o,h
fn001166_sentence-3.wav,1.362,1.393,0.031,w,s,@,N00666_female_43,False,o,ʋ
fn001166_sentence-31.wav,5.583,5.624,0.041,b,@,l,N00666_female_43,False,o,b
fn001166_sentence-35.wav,3.122,3.162,0.04,d,@,A,N00666_female_43,False,o,d
fn001166_sentence-51.wav,0.141,0.181,0.04,w,r,E+,N00666_female_43,False,o,ʋ
fn001166_sentence-65.wav,4.092,4.122,0.03,w,r,E+,N00666_female_43,False,o,ʋ
fn001166_sentence-65.wav,0.142,0.172,0.03,w,k,O,N00666_female_43,False,o,ʋ
fn001166_sentence-72.wav,10.881,10.922,0.041,w,t,I,N00666_female_43,False,o,ʋ
fn001166_sentence-76.wav,0.766,0.796,0.03,w,s,e,N00666_female_43,False,o,ʋ
fn001166_sentence-81.wav,0.788,0.818,0.03,w,r,I,N00666_female_43,False,o,ʋ
fn001166_sentence-85.wav,0.182,0.223,0.041,w,r,E,N00666_female_43,False,o,ʋ
fn001030_sentence-1.wav,6.362,6.402,0.04,n,@,r,N00517_female_59,False,o,n
fn001030_sentence-1.wav,4.964,5.004,0.04,t,n,@,N00517_female_59,False,o,t
fn001030_sentence-1.wav,3.343,3.384,0.041,E,h,p,N00517_female_59,False,o,ɛ
fn001030_sentence-1.wav,3.313,3.343,0.03,h,k,E,N00517_female_59,False,o,h
fn001030_sentence-1.wav,1.641,1.682,0.041,@,G,G,N00517_female_59,False,o,ə
fn001030_sentence-1.wav,4.143,4.184,0.041,t,n,f,N00517_female_59,False,o,t
fn001030_sentence-1.wav,5.004,5.035,0.031,@,t,x,N00517_female_59,False,o,ə
fn001030_sentence-11.wav,3.662,3.702,0.04,I,m,n,N00517_female_59,False,o,ɪ
fn001030_sentence-12.wav,0.122,0.162,0.04,r,@,t,N00517_female_59,False,o,r
fn001030_sentence-12.wav,5.163,5.203,0.04,@,G,j,N00517_female_59,False,o,ə
fn001030_sentence-12.wav,10.033,10.063,0.03,r,a,b,N00517_female_59,False,o,r
fn001030_sentence-12.wav,9.342,9.383,0.041,o,d,r,N00517_female_59,False,o,oː
fn001030_sentence-12.wav,6.202,6.232,0.03,l,A,s,N00517_female_59,False,o,l
fn001030_sentence-12.wav,7.209,7.239,0.03,l,A,s,N00517_female_59,False,o,l
fn001030_sentence-14.wav,4.143,4.183,0.04,r,e,o,N00517_female_59,False,o,r
fn001030_sentence-14.wav,5.662,5.703,0.041,I,s,x,N00517_female_59,False,o,ɪ
fn001030_sentence-14.wav,6.328,6.359,0.031,r,o,d,N00517_female_59,False,o,r
fn001030_sentence-15.wav,0.725,0.756,0.031,n,A,d,N00517_female_59,False,o,n
fn001030_sentence-15.wav,0.543,0.573,0.03,d,r,@,N00517_female_59,False,o,d
fn001030_sentence-15.wav,0.168,0.198,0.03,d,r,@,N00517_female_59,False,o,d
fn001030_sentence-16.wav,0.643,0.673,0.03,@,x,l,N00517_female_59,False,o,ə
fn001030_sentence-16.wav,4.293,4.323,0.03,r,o,b,N00517_female_59,False,o,r
fn001030_sentence-18.wav,10.608,10.639,0.031,a,m,n,N00517_female_59,False,o,aː
fn001030_sentence-18.wav,0.882,0.912,0.03,p,O,d,N00517_female_59,False,o,p
fn001030_sentence-19.wav,2.97,3.001,0.031,d,n,@,N00517_female_59,False,o,d
fn001030_sentence-2.wav,11.567,11.597,0.03,O,@,p,N00517_female_59,False,o,ɔ
fn001030_sentence-30.wav,0.163,0.204,0.041,h,k,E,N00517_female_59,False,o,h
fn001030_sentence-4.wav,1.391,1.421,0.03,Y,h,n,N00517_female_59,False,o,ʉ
fn001030_sentence-6.wav,0.082,0.122,0.04,Y,j,l,N00517_female_59,False,o,ʉ
fn001031_sentence-104.wav,0.504,0.534,0.03,h,@,e,N00517_female_59,False,o,h
fn001031_sentence-108.wav,1.869,1.9,0.031,h,n,a,N00517_female_59,False,o,h
fn001031_sentence-15.wav,1.448,1.478,0.03,w,@,@,N00517_female_59,False,o,ʋ
fn001031_sentence-33.wav,0.112,0.142,0.03,w,o,A,N00517_female_59,False,o,ʋ
fn001143_sentence-0.wav,0.061,0.102,0.041,@,d,x,N00643_female_41,False,o,ə
fn001143_sentence-1.wav,4.381,4.422,0.041,@,s,n,N00643_female_41,False,o,ə
fn001143_sentence-1.wav,4.422,4.462,0.04,n,@,b,N00643_female_41,False,o,n
fn001143_sentence-1.wav,7.604,7.644,0.04,r,a,A,N00643_female_41,False,o,r
fn001143_sentence-1.wav,9.071,9.101,0.03,w,e,e,N00643_female_41,False,o,ʋ
fn001143_sentence-1.wav,6.407,6.437,0.03,r,@,z,N00643_female_41,False,o,r
fn001143_sentence-1.wav,1.282,1.313,0.031,E,e,f,N00643_female_41,False,o,ɛ
fn001143_sentence-10.wav,1.422,1.462,0.04,r,o,h,N00643_female_41,False,o,r
fn001143_sentence-10.wav,1.462,1.492,0.03,h,r,a,N00643_female_41,False,o,h
fn001143_sentence-102.wav,0.821,0.851,0.03,@,w,n,N00643_female_41,False,o,ə
fn001143_sentence-102.wav,0.79,0.821,0.031,w,A+,@,N00643_female_41,False,o,ʋ
fn001143_sentence-109.wav,2.983,3.023,0.04,b,e,i,N00643_female_41,False,o,b
fn001143_sentence-113.wav,2.522,2.552,0.03,r,@,b,N00643_female_41,False,o,r
fn001143_sentence-116.wav,0.264,0.304,0.04,l,A,b,N00643_female_41,False,o,l
fn001143_sentence-116.wav,3.361,3.402,0.041,d,r,@,N00643_female_41,False,o,d
fn001143_sentence-116.wav,2.742,2.783,0.041,l,i,o,N00643_female_41,False,o,l
fn001143_sentence-116.wav,3.33,3.361,0.031,r,E,d,N00643_female_41,False,o,r
fn001143_sentence-116.wav,3.148,3.178,0.03,r,@,v,N00643_female_41,False,o,r
fn001143_sentence-117.wav,3.663,3.694,0.031,r,@,d,N00643_female_41,False,o,r
fn001143_sentence-117.wav,0.443,0.473,0.03,l,O,v,N00643_female_41,False,o,l
fn001143_sentence-118.wav,2.052,2.082,0.03,r,@,t,N00643_female_41,False,o,r
fn001143_sentence-12.wav,0.161,0.192,0.031,w,n,A,N00643_female_41,False,o,ʋ
fn001143_sentence-120.wav,5.342,5.382,0.04,h,r,E,N00643_female_41,False,o,h
fn001143_sentence-121.wav,0.242,0.282,0.04,r,a,w,N00643_female_41,False,o,r
fn001143_sentence-121.wav,2.448,2.478,0.03,w,A+,z,N00643_female_41,False,o,ʋ
fn001143_sentence-122.wav,1.672,1.702,0.03,r,@,n,N00643_female_41,False,o,r
fn001143_sentence-123.wav,0.465,0.495,0.03,r,E,d,N00643_female_41,False,o,r
fn001143_sentence-126.wav,1.324,1.355,0.031,d,r,A,N00643_female_41,False,o,d
fn001143_sentence-126.wav,1.284,1.324,0.04,r,e,d,N00643_female_41,False,o,r
fn001143_sentence-126.wav,1.163,1.203,0.04,w,k,e,N00643_female_41,False,o,ʋ
fn001143_sentence-126.wav,4.268,4.299,0.031,r,@,d,N00643_female_41,False,o,r
fn001143_sentence-13.wav,0.465,0.495,0.03,r,a,h,N00643_female_41,False,o,r
fn001143_sentence-131.wav,1.585,1.616,0.031,r,@,t,N00643_female_41,False,o,r
fn001143_sentence-134.wav,2.003,2.033,0.03,r,a,t,N00643_female_41,False,o,r
fn001143_sentence-138.wav,1.802,1.843,0.041,h,n,E,N00643_female_41,False,o,h
fn001143_sentence-138.wav,4.125,4.155,0.03,d,A+,@,N00643_female_41,False,o,d
fn001143_sentence-139.wav,0.122,0.163,0.041,d,n,@,N00643_female_41,False,o,d
fn001143_sentence-141.wav,0.193,0.224,0.031,d,r,@,N00643_female_41,False,o,d
fn001143_sentence-146.wav,4.962,5.002,0.04,d,n,i,N00643_female_41,False,o,d
fn001143_sentence-146.wav,8.293,8.323,0.03,w,r,e,N00643_female_41,False,o,ʋ
fn001143_sentence-152.wav,1.682,1.722,0.04,d,n,@,N00643_female_41,False,o,d
fn001143_sentence-161.wav,5.187,5.217,0.03,d,r,@,N00643_female_41,False,o,d
fn001143_sentence-17.wav,2.882,2.923,0.041,N,O,@,N00643_female_41,False,o,ŋ
fn001143_sentence-19.wav,0.131,0.162,0.031,w,n,a,N00643_female_41,False,o,ʋ
fn001143_sentence-19.wav,1.112,1.143,0.031,b,n,r,N00643_female_41,False,o,b
fn001143_sentence-26.wav,4.605,4.635,0.03,w,t,A,N00643_female_41,False,o,ʋ
fn001143_sentence-28.wav,3.324,3.364,0.04,b,e,i,N00643_female_41,False,o,b
fn001143_sentence-33.wav,0.141,0.182,0.041,w,n,A,N00643_female_41,False,o,ʋ
fn001143_sentence-7.wav,0.521,0.552,0.031,b,r,e,N00643_female_41,False,o,b
fn001248_sentence-10.wav,0.083,0.114,0.031,r,a,m,N00614_female_34,False,o,r
fn001248_sentence-10.wav,1.25,1.281,0.031,r,o,A,N00614_female_34,False,o,r
fn001248_sentence-11.wav,0.742,0.773,0.031,@,r,n,N00614_female_34,False,o,ə
fn001248_sentence-11.wav,2.325,2.356,0.031,n,A,m,N00614_female_34,False,o,n
fn001248_sentence-11.wav,0.712,0.742,0.03,r,E,@,N00614_female_34,False,o,r
fn001248_sentence-12.wav,1.366,1.397,0.031,@,v,r,N00614_female_34,False,o,ə
fn001248_sentence-12.wav,0.192,0.223,0.031,t,n,s,N00614_female_34,False,o,t
fn001248_sentence-12.wav,2.594,2.624,0.03,k,I,d,N00614_female_34,False,o,k
fn001248_sentence-12.wav,0.506,0.536,0.03,r,@,v,N00614_female_34,False,o,r
fn001248_sentence-12.wav,0.223,0.263,0.04,s,t,m,N00614_female_34,False,o,s
fn001248_sentence-15.wav,0.041,0.081,0.04,I,m,s,N00614_female_34,False,o,ɪ
fn001248_sentence-15.wav,1.927,1.957,0.03,r,@,@,N00614_female_34,False,o,r
fn001248_sentence-17.wav,4.888,4.919,0.031,h,x,E,N00614_female_34,False,o,h
fn001248_sentence-17.wav,3.324,3.355,0.031,w,n,a,N00614_female_34,False,o,ʋ
fn001248_sentence-17.wav,4.344,4.384,0.04,j,t,@,N00614_female_34,False,o,j
fn001248_sentence-17.wav,0.886,0.917,0.031,a,w,r,N00614_female_34,False,o,aː
fn001248_sentence-17.wav,4.192,4.222,0.03,w,t,A,N00614_female_34,False,o,ʋ
fn001248_sentence-17.wav,3.284,3.324,0.04,n,E,w,N00614_female_34,False,o,n
fn001248_sentence-17.wav,4.222,4.263,0.041,A,w,t,N00614_female_34,False,o,ɑ
fn001248_sentence-17.wav,4.626,4.656,0.03,r,@,@,N00614_female_34,False,o,r
fn001248_sentence-18.wav,3.661,3.701,0.04,p,E,n,N00614_female_34,False,o,p
fn001248_sentence-18.wav,3.448,3.479,0.031,n,A,t,N00614_female_34,False,o,n
fn001248_sentence-18.wav,2.189,2.219,0.03,@,v,r,N00614_female_34,False,o,ə
fn001248_sentence-18.wav,3.55,3.58,0.03,k,I,h,N00614_female_34,False,o,k
fn001248_sentence-18.wav,3.621,3.661,0.04,E,h,p,N00614_female_34,False,o,ɛ
fn001248_sentence-20.wav,3.166,3.196,0.03,r,e,t,N00614_female_34,False,o,r
fn001248_sentence-21.wav,0.55,0.581,0.031,x,O,n,N00614_female_34,False,o,x
fn001248_sentence-23.wav,1.925,1.956,0.031,l,@,@,N00614_female_34,False,o,l
fn001248_sentence-23.wav,1.581,1.622,0.041,p,E,n,N00614_female_34,False,o,p
fn001248_sentence-23.wav,1.622,1.652,0.03,n,p,O,N00614_female_34,False,o,n
fn001248_sentence-23.wav,1.723,1.763,0.04,n,x,A+,N00614_female_34,False,o,n
fn001248_sentence-23.wav,1.693,1.723,0.03,x,O,n,N00614_female_34,False,o,x
fn001248_sentence-23.wav,1.541,1.581,0.04,E,h,p,N00614_female_34,False,o,ɛ
fn001248_sentence-23.wav,1.865,1.895,0.03,w,A+,@,N00614_female_34,False,o,ʋ
fn001248_sentence-24.wav,0.265,0.295,0.03,l,u,m,N00614_female_34,False,o,l
fn001248_sentence-25.wav,1.121,1.152,0.031,A,d,t,N00614_female_34,False,o,ɑ
fn001248_sentence-25.wav,1.222,1.252,0.03,k,I,n,N00614_female_34,False,o,k
fn001248_sentence-25.wav,1.192,1.222,0.03,I,t,k,N00614_female_34,False,o,ɪ
fn001248_sentence-26.wav,0.306,0.337,0.031,@,d,b,N00614_female_34,False,o,ə
fn001248_sentence-26.wav,1.544,1.574,0.03,k,I,n,N00614_female_34,False,o,k
fn001248_sentence-26.wav,0.204,0.235,0.031,t,n,s,N00614_female_34,False,o,t
fn001248_sentence-26.wav,1.453,1.483,0.03,n,E,I,N00614_female_34,False,o,n
fn001248_sentence-27.wav,1.164,1.195,0.031,n,E+,l,N00614_female_34,False,o,n
fn001248_sentence-27.wav,0.405,0.435,0.03,I,n,k,N00614_female_34,False,o,ɪ
fn001248_sentence-28.wav,3.663,3.704,0.041,A,w,s,N00614_female_34,False,o,ɑ
fn001248_sentence-28.wav,4.202,4.233,0.031,k,@,t,N00614_female_34,False,o,k
fn001248_sentence-29.wav,0.108,0.138,0.03,r,a,I,N00614_female_34,False,o,r
fn001248_sentence-29.wav,0.169,0.199,0.03,k,I,h,N00614_female_34,False,o,k
fn001248_sentence-29.wav,0.362,0.403,0.041,O,n,x,N00614_female_34,False,o,ɔ
fn001248_sentence-3.wav,0.326,0.356,0.03,r,e,t,N00614_female_34,False,o,r
fn001248_sentence-3.wav,0.702,0.733,0.031,r,@,j,N00614_female_34,False,o,r
fn001248_sentence-30.wav,1.547,1.577,0.03,r,a,b,N00614_female_34,False,o,r
fn001248_sentence-30.wav,3.203,3.243,0.04,@,r,t,N00614_female_34,False,o,ə
fn001248_sentence-30.wav,3.172,3.203,0.031,r,@,@,N00614_female_34,False,o,r
fn001248_sentence-30.wav,0.061,0.092,0.031,h,@,E,N00614_female_34,False,o,h
fn001248_sentence-30.wav,0.031,0.061,0.03,@,z,h,N00614_female_34,False,o,ə
fn001248_sentence-30.wav,0.092,0.122,0.03,E,h,b,N00614_female_34,False,o,ɛ
fn001248_sentence-30.wav,3.304,3.344,0.04,@,t,k,N00614_female_34,False,o,ə
fn001248_sentence-31.wav,2.585,2.615,0.03,A,k,l,N00614_female_34,False,o,ɑ
fn001248_sentence-31.wav,2.707,2.737,0.03,O,n,x,N00614_female_34,False,o,ɔ
fn001248_sentence-31.wav,2.381,2.411,0.03,r,E,t,N00614_female_34,False,o,r
fn001248_sentence-31.wav,2.309,2.34,0.031,w,@,E,N00614_female_34,False,o,ʋ
fn001248_sentence-32.wav,4.993,5.024,0.031,d,@,@,N00614_female_34,False,o,d
fn001248_sentence-32.wav,0.505,0.536,0.031,A,d,t,N00614_female_34,False,o,ɑ
fn001248_sentence-32.wav,2.926,2.956,0.03,r,a,k,N00614_female_34,False,o,r
fn001248_sentence-32.wav,3.425,3.456,0.031,@,n,x,N00614_female_34,False,o,ə
fn001248_sentence-32.wav,0.091,0.121,0.03,k,I,n,N00614_female_34,False,o,k
fn001248_sentence-34.wav,2.209,2.24,0.031,k,I,m,N00614_female_34,False,o,k
fn001248_sentence-34.wav,2.149,2.179,0.03,w,A+,I,N00614_female_34,False,o,ʋ
fn001248_sentence-34.wav,0.254,0.284,0.03,r,b,u,N00614_female_34,False,o,r
fn001248_sentence-34.wav,1.003,1.034,0.031,r,@,s,N00614_female_34,False,o,r
fn001248_sentence-34.wav,0.122,0.163,0.041,I,s,g,N00614_female_34,False,o,ɪ
fn001248_sentence-35.wav,1.667,1.697,0.03,p,E,I,N00614_female_34,False,o,p
fn001248_sentence-35.wav,0.102,0.142,0.04,I,n,n,N00614_female_34,False,o,ɪ
fn001248_sentence-36.wav,0.081,0.121,0.04,E,h,p,N00614_female_34,False,o,ɛ
fn001248_sentence-36.wav,0.171,0.202,0.031,E,p,r,N00614_female_34,False,o,ɛ
fn001248_sentence-36.wav,0.05,0.081,0.031,h,k,E,N00614_female_34,False,o,h
fn001248_sentence-36.wav,0.746,0.776,0.03,r,@,x,N00614_female_34,False,o,r
fn001248_sentence-38.wav,0.122,0.162,0.04,d,r,i,N00614_female_34,False,o,d
fn001248_sentence-38.wav,0.091,0.122,0.031,r,a,d,N00614_female_34,False,o,r
fn001248_sentence-39.wav,0.67,0.7,0.03,r,i,j,N00614_female_34,False,o,r
fn001248_sentence-39.wav,3.47,3.5,0.03,r,@,z,N00614_female_34,False,o,r
fn001248_sentence-4.wav,0.284,0.314,0.03,h,t,i,N00614_female_34,False,o,h
fn001248_sentence-42.wav,0.061,0.091,0.03,h,k,E,N00614_female_34,False,o,h
fn001248_sentence-44.wav,3.443,3.484,0.041,d,s,@,N00614_female_34,False,o,d
fn001248_sentence-44.wav,0.051,0.082,0.031,y,n,I,N00614_female_34,False,o,yː
fn001248_sentence-44.wav,2.829,2.859,0.03,r,Y,f,N00614_female_34,False,o,r
fn001248_sentence-44.wav,3.232,3.262,0.03,w,A+,@,N00614_female_34,False,o,ʋ
fn001248_sentence-45.wav,0.225,0.256,0.031,r,@,w,N00614_female_34,False,o,r
fn001248_sentence-47.wav,1.566,1.596,0.03,w,A+,@,N00614_female_34,False,o,ʋ
fn001248_sentence-47.wav,0.505,0.535,0.03,r,o,m,N00614_female_34,False,o,r
fn001248_sentence-48.wav,0.348,0.378,0.03,w,t,I,N00614_female_34,False,o,ʋ
fn001248_sentence-55.wav,0.061,0.101,0.04,h,k,E,N00614_female_34,False,o,h
fn001248_sentence-57.wav,0.162,0.203,0.041,f,s,o,N00614_female_34,False,o,f
fn001248_sentence-59.wav,1.066,1.096,0.03,d,n,I,N00614_female_34,False,o,d
fn001366_sentence-10.wav,0.391,0.421,0.03,d,n,@,N00710_male_66,False,o,d
fn001366_sentence-10.wav,0.421,0.452,0.031,@,d,O,N00710_male_66,False,o,ə
fn001366_sentence-10.wav,1.505,1.535,0.03,r,@,v,N00710_male_66,False,o,r
fn001366_sentence-12.wav,0.362,0.402,0.04,@,d,r,N00710_male_66,False,o,ə
fn001366_sentence-12.wav,0.321,0.362,0.041,d,l,@,N00710_male_66,False,o,d
fn001366_sentence-13.wav,0.526,0.556,0.03,r,a,b,N00710_male_66,False,o,r
fn001366_sentence-14.wav,0.304,0.344,0.04,n,A,h,N00710_male_66,False,o,n
fn001366_sentence-16.wav,0.264,0.294,0.03,d,n,@,N00710_male_66,False,o,d
fn001366_sentence-16.wav,0.325,0.355,0.03,r,@,w,N00710_male_66,False,o,r
fn001366_sentence-18.wav,2.691,2.721,0.03,n,A,@,N00710_male_66,False,o,n
fn001366_sentence-18.wav,1.601,1.631,0.03,E+,z,n,N00710_male_66,False,o,ɛi
fn001366_sentence-18.wav,1.571,1.601,0.03,z,n,E+,N00710_male_66,False,o,z
fn001366_sentence-19.wav,1.441,1.481,0.04,l,u,d,N00710_male_66,False,o,l
fn001366_sentence-19.wav,0.471,0.501,0.03,@,d,m,N00710_male_66,False,o,ə
fn001366_sentence-19.wav,0.127,0.158,0.031,v,@,@,N00710_male_66,False,o,v
fn001366_sentence-19.wav,0.208,0.238,0.03,r,@,t,N00710_male_66,False,o,r
fn001366_sentence-20.wav,0.542,0.582,0.04,@,d,h,N00710_male_66,False,o,ə
fn001366_sentence-20.wav,2.065,2.096,0.031,r,a,d,N00710_male_66,False,o,r
fn001366_sentence-20.wav,4.421,4.462,0.041,l,a,d,N00710_male_66,False,o,l
fn001366_sentence-21.wav,0.524,0.554,0.03,@,d,h,N00710_male_66,False,o,ə
fn001366_sentence-21.wav,4.561,4.601,0.04,@,n,x,N00710_male_66,False,o,ə
fn001366_sentence-21.wav,0.128,0.159,0.031,v,@,@,N00710_male_66,False,o,v
fn001366_sentence-21.wav,0.929,0.959,0.03,r,a,h,N00710_male_66,False,o,r
fn001366_sentence-21.wav,7.253,7.283,0.03,@,G,l,N00710_male_66,False,o,ə
fn001366_sentence-21.wav,4.845,4.875,0.03,G,o,@,N00710_male_66,False,o,ɣ
fn001366_sentence-21.wav,7.324,7.364,0.04,@,l,O,N00710_male_66,False,o,ə
fn001366_sentence-21.wav,7.283,7.324,0.041,l,@,@,N00710_male_66,False,o,l
fn001366_sentence-22.wav,0.523,0.554,0.031,@,d,h,N00710_male_66,False,o,ə
fn001366_sentence-22.wav,0.229,0.26,0.031,r,@,t,N00710_male_66,False,o,r
fn001366_sentence-23.wav,3.933,3.963,0.03,h,n,Y,N00710_male_66,False,o,h
fn001366_sentence-23.wav,1.692,1.723,0.031,r,@,t,N00710_male_66,False,o,r
fn001366_sentence-23.wav,3.963,4.004,0.041,Y,h,n,N00710_male_66,False,o,ʉ
fn001366_sentence-24.wav,2.863,2.893,0.03,h,r,E,N00710_male_66,False,o,h
fn001366_sentence-24.wav,1.771,1.802,0.031,r,a,b,N00710_male_66,False,o,r
fn001366_sentence-26.wav,3.242,3.283,0.041,Y,h,n,N00710_male_66,False,o,ʉ
fn001366_sentence-27.wav,0.333,0.364,0.031,r,b,A,N00710_male_66,False,o,r
fn001366_sentence-27.wav,0.231,0.262,0.031,r,@,b,N00710_male_66,False,o,r
fn001366_sentence-33.wav,3.067,3.097,0.03,r,e,@,N00710_male_66,False,o,r
fn001366_sentence-33.wav,2.814,2.844,0.03,r,p,o,N00710_male_66,False,o,r
fn001366_sentence-33.wav,2.783,2.814,0.031,p,@,r,N00710_male_66,False,o,p
fn001366_sentence-33.wav,0.801,0.842,0.041,f,x,A,N00710_male_66,False,o,f
fn001366_sentence-33.wav,2.086,2.116,0.03,h,@,E,N00710_male_66,False,o,h
fn001366_sentence-33.wav,0.77,0.801,0.031,x,O,f,N00710_male_66,False,o,x
fn001366_sentence-35.wav,2.663,2.694,0.031,j,t,@,N00710_male_66,False,o,j
fn001366_sentence-36.wav,1.312,1.342,0.03,l,n,i,N00710_male_66,False,o,l
fn001366_sentence-37.wav,0.163,0.193,0.03,I,t,s,N00710_male_66,False,o,ɪ
fn001366_sentence-38.wav,1.663,1.703,0.04,l,n,@,N00710_male_66,False,o,l
fn001366_sentence-38.wav,0.39,0.42,0.03,r,@,@,N00710_male_66,False,o,r
fn001366_sentence-39.wav,0.188,0.218,0.03,w,t,I,N00710_male_66,False,o,ʋ
fn001366_sentence-40.wav,4.35,4.381,0.031,w,A+,m,N00710_male_66,False,o,ʋ
fn001366_sentence-43.wav,1.663,1.704,0.041,w,@,@,N00710_male_66,False,o,ʋ
fn001366_sentence-43.wav,3.241,3.271,0.03,Y,h,n,N00710_male_66,False,o,ʉ
fn001366_sentence-44.wav,2.023,2.064,0.041,G,@,@,N00710_male_66,False,o,ɣ
fn001366_sentence-45.wav,5.794,5.824,0.03,w,A+,d,N00710_male_66,False,o,ʋ
fn001366_sentence-45.wav,4.693,4.723,0.03,w,r,A,N00710_male_66,False,o,ʋ
fn001366_sentence-46.wav,1.529,1.559,0.03,w,A+,v,N00710_male_66,False,o,ʋ
fn001366_sentence-46.wav,1.043,1.083,0.04,I,m,s,N00710_male_66,False,o,ɪ
fn001366_sentence-8.wav,2.293,2.323,0.03,j,t,@,N00710_male_66,False,o,j
fn001367_sentence-0.wav,1.084,1.124,0.04,I,z,x,N00710_male_66,False,o,ɪ
fn001367_sentence-10.wav,3.954,3.984,0.03,w,A+,v,N00710_male_66,False,o,ʋ
fn001367_sentence-10.wav,5.302,5.342,0.04,w,A+,I,N00710_male_66,False,o,ʋ
fn001367_sentence-10.wav,0.141,0.182,0.041,w,@,I,N00710_male_66,False,o,ʋ
fn001367_sentence-16.wav,0.183,0.224,0.041,f,l,s,N00710_male_66,False,o,f
fn001367_sentence-20.wav,1.924,1.964,0.04,y,t,m,N00710_male_66,False,o,yː
fn001367_sentence-30.wav,0.263,0.304,0.041,G,@,@,N00710_male_66,False,o,ɣ
fn001367_sentence-34.wav,2.003,2.044,0.041,Y,h,n,N00710_male_66,False,o,ʉ
fn001367_sentence-39.wav,0.763,0.804,0.041,Y,h,n,N00710_male_66,False,o,ʉ
fn001367_sentence-51.wav,0.281,0.321,0.04,G,o,@,N00710_male_66,False,o,ɣ
fn001367_sentence-62.wav,4.852,4.882,0.03,G,I,b,N00710_male_66,False,o,ɣ
fn001550_sentence-0.wav,0.944,0.984,0.04,d,n,@,N00818_male_74,False,o,d
fn001550_sentence-1.wav,0.081,0.121,0.04,@,z,w,N00818_male_74,False,o,ə
fn001550_sentence-1.wav,0.121,0.162,0.041,w,@,A,N00818_male_74,False,o,ʋ
fn001550_sentence-1.wav,0.505,0.536,0.031,l,O,k,N00818_male_74,False,o,l
fn001550_sentence-10.wav,0.088,0.118,0.03,t,A,m,N00818_male_74,False,o,t
fn001550_sentence-13.wav,0.27,0.301,0.031,n,@,r,N00818_male_74,False,o,n
fn001550_sentence-13.wav,0.301,0.342,0.041,r,n,E+,N00818_male_74,False,o,r
fn001550_sentence-20.wav,1.269,1.299,0.03,E+,w,l,N00818_male_74,False,o,ɛi
fn001550_sentence-25.wav,0.062,0.093,0.031,a,w,r,N00818_male_74,False,o,aː
fn001550_sentence-29.wav,2.07,2.101,0.031,w,o,A,N00818_male_74,False,o,ʋ
fn001550_sentence-3.wav,0.294,0.324,0.03,w,A+,n,N00818_male_74,False,o,ʋ
fn001550_sentence-30.wav,2.734,2.764,0.03,Y,j,l,N00818_male_74,False,o,ʉ
fn001550_sentence-31.wav,0.091,0.122,0.031,f,O,w,N00818_male_74,False,o,f
fn001550_sentence-32.wav,0.869,0.899,0.03,r,@,d,N00818_male_74,False,o,r
fn001550_sentence-32.wav,0.523,0.564,0.041,j,t,@,N00818_male_74,False,o,j
fn001550_sentence-35.wav,0.687,0.717,0.03,r,@,z,N00818_male_74,False,o,r
fn001550_sentence-41.wav,0.765,0.795,0.03,r,@,n,N00818_male_74,False,o,r
fn001550_sentence-44.wav,0.707,0.737,0.03,j,t,@,N00818_male_74,False,o,j
fn001550_sentence-47.wav,0.322,0.353,0.031,r,E,t,N00818_male_74,False,o,r
fn001550_sentence-49.wav,0.906,0.937,0.031,x,O,w,N00818_male_74,False,o,x
fn001550_sentence-49.wav,0.764,0.794,0.03,r,E,n,N00818_male_74,False,o,r
fn001550_sentence-53.wav,1.522,1.553,0.031,r,@,n,N00818_male_74,False,o,r
fn001550_sentence-55.wav,0.625,0.656,0.031,y,n,n,N00818_male_74,False,o,yː
fn001550_sentence-57.wav,1.785,1.816,0.031,h,@,y,N00818_male_74,False,o,h
fn001550_sentence-62.wav,0.27,0.3,0.03,r,@,s,N00818_male_74,False,o,r
fn001550_sentence-62.wav,1.162,1.193,0.031,r,e,I,N00818_male_74,False,o,r
fn001550_sentence-64.wav,1.983,2.023,0.04,r,@,v,N00818_male_74,False,o,r
fn001550_sentence-66.wav,1.228,1.259,0.031,r,@,t,N00818_male_74,False,o,r
fn001550_sentence-68.wav,0.584,0.614,0.03,r,E,t,N00818_male_74,False,o,r
fn001550_sentence-74.wav,0.792,0.822,0.03,h,t,E,N00818_male_74,False,o,h
fn001550_sentence-80.wav,3.567,3.597,0.03,r,e,d,N00818_male_74,False,o,r
fn001551_sentence-0.wav,0.708,0.739,0.031,h,n,y,N00818_male_74,False,o,h
fn001551_sentence-0.wav,0.111,0.142,0.031,r,a,m,N00818_male_74,False,o,r
fn001551_sentence-104.wav,3.381,3.411,0.03,h,E+,e,N00818_male_74,False,o,h
fn001551_sentence-116.wav,1.423,1.453,0.03,r,a,n,N00818_male_74,False,o,r
fn001551_sentence-121.wav,2.302,2.332,0.03,N,I,k,N00818_male_74,False,o,ŋ
fn001551_sentence-126.wav,1.062,1.103,0.041,y,x,I,N00818_male_74,False,o,yː
fn001551_sentence-132.wav,0.162,0.192,0.03,h,k,E,N00818_male_74,False,o,h
fn001551_sentence-27.wav,0.304,0.335,0.031,h,y,i,N00818_male_74,False,o,h
fn001551_sentence-39.wav,0.164,0.195,0.031,h,w,E+,N00818_male_74,False,o,h
fn001551_sentence-51.wav,2.382,2.413,0.031,N,I,k,N00818_male_74,False,o,ŋ
fn001078_sentence-1.wav,0.89,0.92,0.03,r,a,d,N00535_female_60,False,o,r
fn001078_sentence-10.wav,2.587,2.617,0.03,@,j,I,N00535_female_60,False,o,ə
fn001078_sentence-11.wav,4.942,4.984,0.042,n,I,x,N00535_female_60,False,o,n
fn001078_sentence-11.wav,2.402,2.443,0.041,n,E,v,N00535_female_60,False,o,n
fn001078_sentence-11.wav,5.809,5.84,0.031,k,r,l,N00535_female_60,False,o,k
fn001078_sentence-12.wav,2.023,2.063,0.04,I,n,N,N00535_female_60,False,o,ɪ
fn001078_sentence-13.wav,4.761,4.801,0.04,@,d,d,N00535_female_60,False,o,ə
fn001078_sentence-13.wav,3.141,3.182,0.041,@,l,p,N00535_female_60,False,o,ə
fn001078_sentence-13.wav,0.63,0.661,0.031,@,d,r,N00535_female_60,False,o,ə
fn001078_sentence-15.wav,0.553,0.584,0.031,d,r,@,N00535_female_60,False,o,d
fn001078_sentence-15.wav,0.584,0.614,0.03,@,d,a,N00535_female_60,False,o,ə
fn001078_sentence-15.wav,9.746,9.776,0.03,E,t,l,N00535_female_60,False,o,ɛ
fn001078_sentence-15.wav,1.913,1.944,0.031,r,a,t,N00535_female_60,False,o,r
fn001078_sentence-16.wav,3.424,3.454,0.03,@,d,e,N00535_female_60,False,o,ə
fn001078_sentence-16.wav,1.927,1.957,0.03,d,Y+,@,N00535_female_60,False,o,d
fn001078_sentence-16.wav,3.393,3.424,0.031,d,r,@,N00535_female_60,False,o,d
fn001078_sentence-16.wav,3.363,3.393,0.03,r,@,d,N00535_female_60,False,o,r
fn001078_sentence-17.wav,1.401,1.442,0.041,r,a,O,N00535_female_60,False,o,r
fn001078_sentence-18.wav,11.701,11.741,0.04,d,n,r,N00535_female_60,False,o,d
fn001078_sentence-18.wav,2.041,2.082,0.041,r,E,j,N00535_female_60,False,o,r
fn001078_sentence-18.wav,2.425,2.456,0.031,r,a,x,N00535_female_60,False,o,r
fn001078_sentence-18.wav,8.943,8.984,0.041,v,x,A,N00535_female_60,False,o,v
fn001078_sentence-18.wav,1.031,1.061,0.03,r,@,w,N00535_female_60,False,o,r
fn001078_sentence-18.wav,6.162,6.202,0.04,d,a,@,N00535_female_60,False,o,d
fn001078_sentence-18.wav,1.162,1.193,0.031,w,r,I,N00535_female_60,False,o,ʋ
fn001078_sentence-19.wav,4.447,4.478,0.031,l,@,t,N00535_female_60,False,o,l
fn001078_sentence-19.wav,2.391,2.421,0.03,r,@,d,N00535_female_60,False,o,r
fn001078_sentence-2.wav,2.002,2.032,0.03,r,@,G,N00535_female_60,False,o,r
fn001078_sentence-21.wav,1.529,1.56,0.031,w,A+,z,N00535_female_60,False,o,ʋ
fn001078_sentence-22.wav,1.524,1.564,0.04,m,n,I,N00535_female_60,False,o,m
fn001078_sentence-22.wav,1.685,1.715,0.03,l,@,b,N00535_female_60,False,o,l
fn001078_sentence-22.wav,5.341,5.371,0.03,d,n,@,N00535_female_60,False,o,d
fn001078_sentence-22.wav,1.564,1.604,0.04,I,m,d,N00535_female_60,False,o,ɪ
fn001078_sentence-22.wav,6.424,6.464,0.04,A,t,t,N00535_female_60,False,o,ɑ
fn001078_sentence-22.wav,0.283,0.323,0.04,d,s,i,N00535_female_60,False,o,d
fn001078_sentence-23.wav,5.571,5.601,0.03,r,@,t,N00535_female_60,False,o,r
fn001078_sentence-24.wav,2.229,2.26,0.031,r,a,n,N00535_female_60,False,o,r
fn001078_sentence-25.wav,1.521,1.562,0.041,l,A,t,N00535_female_60,False,o,l
fn001078_sentence-25.wav,14.982,15.023,0.041,l,v,i,N00535_female_60,False,o,l
fn001078_sentence-25.wav,8.507,8.537,0.03,r,E,p,N00535_female_60,False,o,r
fn001078_sentence-25.wav,9.626,9.656,0.03,r,@,t,N00535_female_60,False,o,r
fn001078_sentence-27.wav,1.862,1.902,0.04,m,n,@,N00535_female_60,False,o,m
fn001078_sentence-28.wav,1.461,1.492,0.031,l,E,t,N00535_female_60,False,o,l
fn001078_sentence-29.wav,1.471,1.502,0.031,d,n,@,N00535_female_60,False,o,d
fn001078_sentence-29.wav,8.569,8.6,0.031,r,e,d,N00535_female_60,False,o,r
fn001078_sentence-29.wav,4.486,4.516,0.03,r,E,w,N00535_female_60,False,o,r
fn001078_sentence-29.wav,8.043,8.083,0.04,h,n,A,N00535_female_60,False,o,h
fn001078_sentence-31.wav,5.865,5.896,0.031,h,s,E,N00535_female_60,False,o,h
fn001078_sentence-32.wav,4.59,4.62,0.03,r,E,p,N00535_female_60,False,o,r
fn001078_sentence-32.wav,6.523,6.553,0.03,r,@,w,N00535_female_60,False,o,r
fn001078_sentence-32.wav,6.967,6.997,0.03,r,@,l,N00535_female_60,False,o,r
fn001078_sentence-33.wav,5.689,5.72,0.031,w,r,E+,N00535_female_60,False,o,ʋ
fn001078_sentence-33.wav,0.122,0.162,0.04,b,E+,l,N00535_female_60,False,o,b
fn001078_sentence-33.wav,0.871,0.902,0.031,j,t,@,N00535_female_60,False,o,j
fn001078_sentence-4.wav,1.363,1.404,0.041,l,Y,t,N00535_female_60,False,o,l
fn001078_sentence-4.wav,0.887,0.918,0.031,l,a,b,N00535_female_60,False,o,l
fn001078_sentence-4.wav,2.123,2.164,0.041,r,a,h,N00535_female_60,False,o,r
fn001078_sentence-5.wav,4.823,4.864,0.041,r,k,Y,N00535_female_60,False,o,r
fn001078_sentence-5.wav,5.394,5.424,0.03,r,E,v,N00535_female_60,False,o,r
fn001079_sentence-19.wav,0.333,0.363,0.03,w,A+,z,N00535_female_60,False,o,ʋ
fn001079_sentence-29.wav,0.101,0.142,0.041,b,t,@,N00535_female_60,False,o,b
fn001079_sentence-6.wav,0.143,0.183,0.04,b,r,E+,N00535_female_60,False,o,b
fn001079_sentence-69.wav,3.102,3.143,0.041,w,@,A,N00535_female_60,False,o,ʋ
fn001079_sentence-88.wav,0.101,0.142,0.041,w,t,A,N00535_female_60,False,o,ʋ
fn001061_sentence-1.wav,14.129,14.16,0.031,r,a,p,N00561_female_43,False,o,r
fn001061_sentence-1.wav,11.163,11.204,0.041,@,n,G,N00561_female_43,False,o,ə
fn001061_sentence-1.wav,0.182,0.223,0.041,@,d,m,N00561_female_43,False,o,ə
fn001061_sentence-1.wav,4.404,4.444,0.04,n,i,d,N00561_female_43,False,o,n
fn001061_sentence-1.wav,2.847,2.878,0.031,r,@,p,N00561_female_43,False,o,r
fn001061_sentence-10.wav,2.847,2.877,0.03,d,n,@,N00561_female_43,False,o,d
fn001061_sentence-11.wav,1.521,1.552,0.031,N,I,k,N00561_female_43,False,o,ŋ
fn001061_sentence-11.wav,7.801,7.841,0.04,@,m,r,N00561_female_43,False,o,ə
fn001061_sentence-11.wav,1.592,1.622,0.03,l,k,@,N00561_female_43,False,o,l
fn001061_sentence-11.wav,0.524,0.564,0.04,l,O,d,N00561_female_43,False,o,l
fn001061_sentence-11.wav,4.346,4.376,0.03,n,E,m,N00561_female_43,False,o,n
fn001061_sentence-11.wav,4.923,4.964,0.041,@,b,d,N00561_female_43,False,o,ə
fn001061_sentence-11.wav,7.841,7.872,0.031,r,@,s,N00561_female_43,False,o,r
fn001061_sentence-11.wav,1.491,1.521,0.03,I,n,N,N00561_female_43,False,o,ɪ
fn001061_sentence-11.wav,9.001,9.031,0.03,@,m,I,N00561_female_43,False,o,ə
fn001061_sentence-13.wav,3.042,3.082,0.04,@,t,r,N00561_female_43,False,o,ə
fn001061_sentence-13.wav,1.643,1.684,0.041,r,a,p,N00561_female_43,False,o,r
fn001061_sentence-13.wav,3.082,3.112,0.03,r,@,d,N00561_female_43,False,o,r
fn001061_sentence-14.wav,3.043,3.084,0.041,b,t,I,N00561_female_43,False,o,b
fn001061_sentence-14.wav,0.363,0.403,0.04,k,N,s,N00561_female_43,False,o,k
fn001061_sentence-14.wav,0.323,0.363,0.04,N,O,k,N00561_female_43,False,o,ŋ
fn001061_sentence-15.wav,2.441,2.482,0.041,r,a,b,N00561_female_43,False,o,r
fn001061_sentence-15.wav,1.168,1.198,0.03,d,n,@,N00561_female_43,False,o,d
fn001061_sentence-15.wav,0.501,0.532,0.031,n,@,d,N00561_female_43,False,o,n
fn001061_sentence-16.wav,10.145,10.175,0.03,h,m,a,N00561_female_43,False,o,h
fn001061_sentence-16.wav,3.983,4.014,0.031,r,a,m,N00561_female_43,False,o,r
fn001061_sentence-17.wav,1.727,1.757,0.03,r,a,d,N00561_female_43,False,o,r
fn001061_sentence-18.wav,9.007,9.037,0.03,r,E,m,N00561_female_43,False,o,r
fn001061_sentence-18.wav,7.169,7.2,0.031,r,@,n,N00561_female_43,False,o,r
fn001061_sentence-19.wav,3.333,3.363,0.03,r,a,O,N00561_female_43,False,o,r
fn001061_sentence-2.wav,0.102,0.143,0.041,r,E,w,N00561_female_43,False,o,r
fn001061_sentence-20.wav,3.048,3.078,0.03,r,a,d,N00561_female_43,False,o,r
fn001061_sentence-20.wav,3.189,3.22,0.031,r,o,s,N00561_female_43,False,o,r
fn001061_sentence-21.wav,5.566,5.597,0.031,r,@,d,N00561_female_43,False,o,r
fn001061_sentence-29.wav,3.633,3.663,0.03,w,A+,d,N00561_female_43,False,o,ʋ
fn001061_sentence-4.wav,3.023,3.063,0.04,Y,h,n,N00561_female_43,False,o,ʉ
fn001061_sentence-40.wav,2.363,2.393,0.03,w,A+,r,N00561_female_43,False,o,ʋ
fn001061_sentence-47.wav,1.341,1.371,0.03,w,A+,@,N00561_female_43,False,o,ʋ
fn001061_sentence-5.wav,5.703,5.733,0.03,Y,h,n,N00561_female_43,False,o,ʉ
fn001061_sentence-56.wav,0.485,0.515,0.03,w,k,A,N00561_female_43,False,o,ʋ
fn001061_sentence-6.wav,9.169,9.2,0.031,w,A+,E,N00561_female_43,False,o,ʋ
fn001061_sentence-62.wav,4.906,4.936,0.03,w,o,A,N00561_female_43,False,o,ʋ
fn001061_sentence-69.wav,9.408,9.438,0.03,Y,h,n,N00561_female_43,False,o,ʉ
fn001061_sentence-8.wav,12.25,12.28,0.03,Y,h,n,N00561_female_43,False,o,ʉ
fn001061_sentence-84.wav,3.544,3.574,0.03,Y,j,m,N00561_female_43,False,o,ʉ
fn001386_sentence-0.wav,0.201,0.243,0.042,t,f,s,N00720_male_59,False,o,t
fn001386_sentence-10.wav,0.609,0.639,0.03,n,E,m,N00720_male_59,False,o,n
fn001386_sentence-11.wav,2.644,2.684,0.04,h,r,a,N00720_male_59,False,o,h
fn001386_sentence-11.wav,6.581,6.612,0.031,w,o,A,N00720_male_59,False,o,ʋ
fn001386_sentence-11.wav,6.612,6.642,0.03,A,w,l,N00720_male_59,False,o,ɑ
fn001386_sentence-11.wav,6.642,6.672,0.03,l,A,s,N00720_male_59,False,o,l
fn001386_sentence-11.wav,6.551,6.581,0.03,o,z,w,N00720_male_59,False,o,oː
fn001386_sentence-11.wav,0.223,0.253,0.03,d,A+,@,N00720_male_59,False,o,d
fn001386_sentence-11.wav,2.543,2.583,0.04,a,m,r,N00720_male_59,False,o,aː
fn001386_sentence-11.wav,0.03,0.061,0.031,r,E,z,N00720_male_59,False,o,r
fn001386_sentence-12.wav,4.548,4.578,0.03,r,o,d,N00720_male_59,False,o,r
fn001386_sentence-12.wav,1.087,1.117,0.03,@,d,r,N00720_male_59,False,o,ə
fn001386_sentence-12.wav,1.521,1.551,0.03,A,v,n,N00720_male_59,False,o,ɑ
fn001386_sentence-12.wav,4.772,4.802,0.03,a,v,k,N00720_male_59,False,o,aː
fn001386_sentence-12.wav,1.612,1.642,0.03,d,n,@,N00720_male_59,False,o,d
fn001386_sentence-12.wav,1.45,1.481,0.031,r,@,v,N00720_male_59,False,o,r
fn001386_sentence-12.wav,1.481,1.521,0.04,v,r,A,N00720_male_59,False,o,v
fn001386_sentence-12.wav,2.75,2.78,0.03,n,E,h,N00720_male_59,False,o,n
fn001386_sentence-14.wav,6.667,6.697,0.03,A,h,t,N00720_male_59,False,o,ɑ
fn001386_sentence-14.wav,5.068,5.099,0.031,A,d,n,N00720_male_59,False,o,ɑ
fn001386_sentence-14.wav,6.81,6.841,0.031,a,h,r,N00720_male_59,False,o,aː
fn001386_sentence-14.wav,6.841,6.872,0.031,r,a,m,N00720_male_59,False,o,r
fn001386_sentence-15.wav,5.43,5.46,0.03,h,t,A,N00720_male_59,False,o,h
fn001386_sentence-15.wav,5.267,5.298,0.031,n,E,d,N00720_male_59,False,o,n
fn001386_sentence-16.wav,0.463,0.494,0.031,r,@,v,N00720_male_59,False,o,r
fn001386_sentence-16.wav,6.724,6.755,0.031,r,@,@,N00720_male_59,False,o,r
fn001386_sentence-16.wav,0.666,0.696,0.03,n,@,x,N00720_male_59,False,o,n
fn001386_sentence-16.wav,1.822,1.863,0.041,A,w,s,N00720_male_59,False,o,ɑ
fn001386_sentence-16.wav,6.048,6.079,0.031,G,r,@,N00720_male_59,False,o,ɣ
fn001386_sentence-16.wav,1.991,2.022,0.031,l,p,O,N00720_male_59,False,o,l
fn001386_sentence-16.wav,2.226,2.257,0.031,l,@,I,N00720_male_59,False,o,l
fn001386_sentence-16.wav,0.382,0.412,0.03,d,r,@,N00720_male_59,False,o,d
fn001386_sentence-16.wav,0.991,1.021,0.03,l,e,t,N00720_male_59,False,o,l
fn001386_sentence-16.wav,0.351,0.382,0.031,r,y,d,N00720_male_59,False,o,r
fn001386_sentence-16.wav,1.782,1.822,0.04,w,s,A,N00720_male_59,False,o,ʋ
fn001386_sentence-17.wav,0.531,0.562,0.031,@,@,t,N00720_male_59,False,o,ə
fn001386_sentence-17.wav,1.704,1.735,0.031,r,@,t,N00720_male_59,False,o,r
fn001386_sentence-18.wav,0.613,0.644,0.031,@,m,r,N00720_male_59,False,o,ə
fn001386_sentence-18.wav,0.785,0.815,0.03,h,s,y,N00720_male_59,False,o,h
fn001386_sentence-18.wav,0.644,0.684,0.04,r,@,s,N00720_male_59,False,o,r
fn001386_sentence-20.wav,0.343,0.374,0.031,n,E+,w,N00720_male_59,False,o,n
fn001386_sentence-20.wav,1.444,1.475,0.031,n,E,x,N00720_male_59,False,o,n
fn001386_sentence-20.wav,0.788,0.818,0.03,w,A+,@,N00720_male_59,False,o,ʋ
fn001386_sentence-20.wav,0.061,0.101,0.04,E+,h,h,N00720_male_59,False,o,ɛi
fn001386_sentence-20.wav,0.101,0.131,0.03,h,E+,A,N00720_male_59,False,o,h
fn001386_sentence-21.wav,1.725,1.756,0.031,@,d,G,N00720_male_59,False,o,ə
fn001386_sentence-21.wav,2.231,2.262,0.031,r,@,s,N00720_male_59,False,o,r
fn001386_sentence-22.wav,0.127,0.158,0.031,w,@,o,N00720_male_59,False,o,ʋ
fn001386_sentence-22.wav,1.841,1.871,0.03,w,A+,s,N00720_male_59,False,o,ʋ
fn001386_sentence-22.wav,0.924,0.954,0.03,n,I,d,N00720_male_59,False,o,n
fn001386_sentence-23.wav,3.822,3.863,0.041,E,h,m,N00720_male_59,False,o,ɛ
fn001386_sentence-23.wav,4.006,4.036,0.03,E,h,r,N00720_male_59,False,o,ɛ
fn001386_sentence-23.wav,0.731,0.762,0.031,r,@,k,N00720_male_59,False,o,r
fn001386_sentence-24.wav,1.443,1.473,0.03,r,A,m,N00720_male_59,False,o,r
fn001386_sentence-24.wav,3.183,3.214,0.031,d,u,@,N00720_male_59,False,o,d
fn001386_sentence-25.wav,2.602,2.643,0.041,r,o,G,N00720_male_59,False,o,r
fn001386_sentence-26.wav,0.421,0.462,0.041,d,n,@,N00720_male_59,False,o,d
fn001386_sentence-27.wav,0.107,0.138,0.031,h,@,A,N00720_male_59,False,o,h
fn001386_sentence-27.wav,2.827,2.857,0.03,r,a,x,N00720_male_59,False,o,r
fn001386_sentence-28.wav,1.463,1.504,0.041,w,t,A,N00720_male_59,False,o,ʋ
fn001386_sentence-28.wav,0.466,0.497,0.031,r,e,b,N00720_male_59,False,o,r
fn001386_sentence-28.wav,2.081,2.112,0.031,w,A+,s,N00720_male_59,False,o,ʋ
fn001386_sentence-29.wav,0.087,0.117,0.03,w,@,A,N00720_male_59,False,o,ʋ
fn001386_sentence-3.wav,1.861,1.902,0.041,w,r,E+,N00720_male_59,False,o,ʋ
fn001386_sentence-3.wav,1.902,1.932,0.03,E+,w,l,N00720_male_59,False,o,ɛi
fn001386_sentence-3.wav,1.801,1.831,0.03,E,t,r,N00720_male_59,False,o,ɛ
fn001386_sentence-3.wav,1.831,1.861,0.03,r,E,w,N00720_male_59,False,o,r
fn001386_sentence-31.wav,3.521,3.551,0.03,r,a,@,N00720_male_59,False,o,r
fn001386_sentence-31.wav,0.108,0.138,0.03,h,@,A,N00720_male_59,False,o,h
fn001386_sentence-31.wav,0.522,0.563,0.041,l,@,s,N00720_male_59,False,o,l
fn001386_sentence-31.wav,0.462,0.492,0.03,w,k,@,N00720_male_59,False,o,ʋ
fn001386_sentence-31.wav,2.784,2.824,0.04,r,o,z,N00720_male_59,False,o,r
fn001386_sentence-32.wav,3.634,3.664,0.03,r,@,k,N00720_male_59,False,o,r
fn001386_sentence-32.wav,3.523,3.563,0.04,f,t,@,N00720_male_59,False,o,f
fn001386_sentence-32.wav,2.344,2.384,0.04,w,s,I,N00720_male_59,False,o,ʋ
fn001386_sentence-33.wav,1.251,1.281,0.03,r,@,z,N00720_male_59,False,o,r
fn001386_sentence-34.wav,1.922,1.962,0.04,E,n,n,N00720_male_59,False,o,ɛ
fn001386_sentence-34.wav,1.993,2.023,0.03,h,n,A,N00720_male_59,False,o,h
fn001386_sentence-34.wav,0.108,0.138,0.03,h,@,A,N00720_male_59,False,o,h
fn001386_sentence-35.wav,0.767,0.797,0.03,r,@,z,N00720_male_59,False,o,r
fn001386_sentence-36.wav,4.564,4.604,0.04,d,r,o,N00720_male_59,False,o,d
fn001386_sentence-36.wav,4.645,4.675,0.03,r,o,z,N00720_male_59,False,o,r
fn001386_sentence-36.wav,4.533,4.564,0.031,r,a,d,N00720_male_59,False,o,r
fn001386_sentence-38.wav,0.101,0.131,0.03,w,@,E,N00720_male_59,False,o,ʋ
fn001386_sentence-38.wav,0.161,0.202,0.041,r,E,t,N00720_male_59,False,o,r
fn001386_sentence-38.wav,5.428,5.459,0.031,r,E,w,N00720_male_59,False,o,r
fn001386_sentence-38.wav,1.252,1.282,0.03,r,@,p,N00720_male_59,False,o,r
fn001386_sentence-38.wav,3.842,3.883,0.041,d,n,@,N00720_male_59,False,o,d
fn001386_sentence-38.wav,0.131,0.161,0.03,E,w,r,N00720_male_59,False,o,ɛ
fn001386_sentence-39.wav,1.404,1.434,0.03,d,r,@,N00720_male_59,False,o,d
fn001386_sentence-39.wav,0.047,0.077,0.03,I,m,s,N00720_male_59,False,o,ɪ
fn001386_sentence-39.wav,1.374,1.404,0.03,r,o,d,N00720_male_59,False,o,r
fn001386_sentence-4.wav,0.071,0.102,0.031,r,E,v,N00720_male_59,False,o,r
fn001386_sentence-40.wav,2.441,2.472,0.031,d,n,@,N00720_male_59,False,o,d
fn001386_sentence-40.wav,2.267,2.298,0.031,r,2,v,N00720_male_59,False,o,r
fn001386_sentence-41.wav,3.222,3.252,0.03,E,n,r,N00720_male_59,False,o,ɛ
fn001386_sentence-42.wav,2.502,2.532,0.03,w,A+,d,N00720_male_59,False,o,ʋ
fn001386_sentence-43.wav,2.529,2.559,0.03,r,@,s,N00720_male_59,False,o,r
fn001386_sentence-46.wav,2.901,2.932,0.031,r,@,x,N00720_male_59,False,o,r
fn001386_sentence-47.wav,0.649,0.68,0.031,r,E,n,N00720_male_59,False,o,r
fn001386_sentence-47.wav,0.233,0.264,0.031,d,a,@,N00720_male_59,False,o,d
fn001386_sentence-47.wav,2.45,2.481,0.031,r,o,w,N00720_male_59,False,o,r
fn001386_sentence-47.wav,1.701,1.741,0.04,I,E+,s,N00720_male_59,False,o,ɪ
fn001386_sentence-8.wav,3.313,3.343,0.03,r,e,t,N00720_male_59,False,o,r
fn001386_sentence-9.wav,3.521,3.552,0.031,r,@,s,N00720_male_59,False,o,r
fn001387_sentence-102.wav,1.211,1.242,0.031,r,y,l,N00720_male_59,False,o,r
fn001387_sentence-102.wav,2.346,2.377,0.031,r,E,k,N00720_male_59,False,o,r
fn001387_sentence-103.wav,0.182,0.222,0.04,r,d,O,N00720_male_59,False,o,r
fn001387_sentence-103.wav,3.166,3.196,0.03,r,A,t,N00720_male_59,False,o,r
fn001387_sentence-105.wav,0.061,0.091,0.03,r,E,w,N00720_male_59,False,o,r
fn001387_sentence-107.wav,1.433,1.463,0.03,r,@,A,N00720_male_59,False,o,r
fn001387_sentence-108.wav,0.061,0.102,0.041,u,t,n,N00720_male_59,False,o,uː
fn001387_sentence-108.wav,1.665,1.695,0.03,r,a,d,N00720_male_59,False,o,r
fn001387_sentence-11.wav,1.174,1.204,0.03,y,m,n,N00720_male_59,False,o,yː
fn001387_sentence-110.wav,0.506,0.536,0.03,r,y,l,N00720_male_59,False,o,r
fn001387_sentence-12.wav,0.162,0.192,0.03,u,A,j,N00720_male_59,False,o,uː
fn001462_sentence-1.wav,3.788,3.819,0.031,h,o,Y,N00774_male_43,False,o,h
fn001462_sentence-1.wav,0.652,0.682,0.03,r,@,d,N00774_male_43,False,o,r
fn001462_sentence-10.wav,1.966,1.996,0.03,r,o,d,N00774_male_43,False,o,r
fn001462_sentence-11.wav,0.581,0.622,0.041,r,2,d,N00774_male_43,False,o,r
fn001462_sentence-11.wav,0.622,0.653,0.031,d,r,@,N00774_male_43,False,o,d
fn001462_sentence-11.wav,1.789,1.819,0.03,r,E,w,N00774_male_43,False,o,r
fn001462_sentence-12.wav,4.867,4.897,0.03,r,@,t,N00774_male_43,False,o,r
fn001462_sentence-12.wav,1.87,1.9,0.03,d,r,@,N00774_male_43,False,o,d
fn001462_sentence-13.wav,7.227,7.258,0.031,r,@,d,N00774_male_43,False,o,r
fn001462_sentence-14.wav,6.802,6.843,0.041,@,z,m,N00774_male_43,False,o,ə
fn001462_sentence-14.wav,6.711,6.742,0.031,@,z,z,N00774_male_43,False,o,ə
fn001462_sentence-14.wav,6.903,6.944,0.041,E,m,t,N00774_male_43,False,o,ɛ
fn001462_sentence-14.wav,6.681,6.711,0.03,z,l,@,N00774_male_43,False,o,z
fn001462_sentence-14.wav,6.651,6.681,0.03,l,E+,z,N00774_male_43,False,o,l
fn001462_sentence-14.wav,5.241,5.281,0.04,r,A,t,N00774_male_43,False,o,r
fn001462_sentence-14.wav,4.864,4.904,0.04,A,v,n,N00774_male_43,False,o,ɑ
fn001462_sentence-15.wav,0.062,0.092,0.03,r,p,@,N00774_male_43,False,o,r
fn001462_sentence-16.wav,0.205,0.236,0.031,E+,w,l,N00774_male_43,False,o,ɛi
fn001462_sentence-16.wav,2.832,2.863,0.031,n,l,O,N00774_male_43,False,o,n
fn001462_sentence-16.wav,4.951,4.981,0.03,n,@,b,N00774_male_43,False,o,n
fn001462_sentence-16.wav,0.062,0.103,0.041,E,t,r,N00774_male_43,False,o,ɛ
fn001462_sentence-18.wav,0.481,0.521,0.04,r,a,h,N00774_male_43,False,o,r
fn001462_sentence-19.wav,4.987,5.017,0.03,r,p,o,N00774_male_43,False,o,r
fn001462_sentence-19.wav,11.325,11.355,0.03,E,z,r,N00774_male_43,False,o,ɛ
fn001462_sentence-20.wav,3.804,3.844,0.04,@,t,v,N00774_male_43,False,o,ə
fn001462_sentence-20.wav,4.841,4.882,0.041,r,e,l,N00774_male_43,False,o,r
fn001462_sentence-20.wav,3.071,3.102,0.031,n,@,x,N00774_male_43,False,o,n
fn001462_sentence-20.wav,4.882,4.912,0.03,l,r,@,N00774_male_43,False,o,l
fn001462_sentence-20.wav,6.232,6.262,0.03,d,a,@,N00774_male_43,False,o,d
fn001462_sentence-21.wav,17.974,18.004,0.03,r,O,m,N00774_male_43,False,o,r
fn001462_sentence-21.wav,4.762,4.792,0.03,w,k,a,N00774_male_43,False,o,ʋ
fn001462_sentence-21.wav,2.409,2.439,0.03,l,A,s,N00774_male_43,False,o,l
fn001462_sentence-21.wav,3.046,3.077,0.031,r,A,t,N00774_male_43,False,o,r
fn001462_sentence-21.wav,2.581,2.611,0.03,f,O,E,N00774_male_43,False,o,f
fn001462_sentence-21.wav,13.069,13.1,0.031,r,E,k,N00774_male_43,False,o,r
fn001462_sentence-21.wav,6.426,6.456,0.03,Y,h,n,N00774_male_43,False,o,ʉ
fn001462_sentence-23.wav,1.564,1.594,0.03,E,t,r,N00774_male_43,False,o,ɛ
fn001462_sentence-23.wav,0.482,0.523,0.041,Y+,m,E,N00774_male_43,False,o,œy
fn001462_sentence-24.wav,5.923,5.963,0.04,r,A,m,N00774_male_43,False,o,r
fn001462_sentence-25.wav,3.853,3.884,0.031,r,E,w,N00774_male_43,False,o,r
fn001462_sentence-25.wav,3.884,3.914,0.03,w,r,E+,N00774_male_43,False,o,ʋ
fn001462_sentence-25.wav,0.141,0.171,0.03,r,@,z,N00774_male_43,False,o,r
fn001462_sentence-25.wav,1.191,1.221,0.03,r,O,s,N00774_male_43,False,o,r
fn001462_sentence-25.wav,8.843,8.883,0.04,E,m,t,N00774_male_43,False,o,ɛ
fn001462_sentence-25.wav,8.228,8.258,0.03,r,@,s,N00774_male_43,False,o,r
fn001462_sentence-25.wav,3.822,3.853,0.031,E,t,r,N00774_male_43,False,o,ɛ
fn001462_sentence-28.wav,3.202,3.242,0.04,r,a,w,N00774_male_43,False,o,r
fn001462_sentence-29.wav,0.112,0.142,0.03,r,a,v,N00774_male_43,False,o,r
fn001462_sentence-29.wav,0.203,0.233,0.03,r,@,O,N00774_male_43,False,o,r
fn001462_sentence-29.wav,5.488,5.519,0.031,d,I,@,N00774_male_43,False,o,d
fn001462_sentence-29.wav,3.963,4.004,0.041,r,o,t,N00774_male_43,False,o,r
fn001462_sentence-3.wav,6.782,6.812,0.03,r,@,k,N00774_male_43,False,o,r
fn001462_sentence-3.wav,7.206,7.237,0.031,d,n,@,N00774_male_43,False,o,d
fn001462_sentence-3.wav,7.884,7.914,0.03,d,r,@,N00774_male_43,False,o,d
fn001462_sentence-3.wav,0.403,0.444,0.041,l,b,O,N00774_male_43,False,o,l
fn001462_sentence-3.wav,4.789,4.82,0.031,r,E,w,N00774_male_43,False,o,r
fn001462_sentence-3.wav,3.005,3.035,0.03,h,n,a,N00774_male_43,False,o,h
fn001462_sentence-32.wav,4.594,4.624,0.03,r,a,O,N00774_male_43,False,o,r
fn001462_sentence-33.wav,0.111,0.142,0.031,w,t,A,N00774_male_43,False,o,ʋ
fn001462_sentence-34.wav,1.408,1.438,0.03,r,A,m,N00774_male_43,False,o,r
fn001462_sentence-37.wav,1.061,1.091,0.03,r,@,m,N00774_male_43,False,o,r
fn001462_sentence-37.wav,3.701,3.732,0.031,r,k,e,N00774_male_43,False,o,r
fn001462_sentence-37.wav,0.209,0.24,0.031,Y,h,n,N00774_male_43,False,o,ʉ
fn001462_sentence-4.wav,0.365,0.395,0.03,w,s,A,N00774_male_43,False,o,ʋ
fn001462_sentence-4.wav,3.861,3.892,0.031,h,n,a,N00774_male_43,False,o,h
fn001462_sentence-4.wav,5.523,5.564,0.041,p,p,E,N00774_male_43,False,o,p
fn001462_sentence-41.wav,3.922,3.952,0.03,w,k,A,N00774_male_43,False,o,ʋ
fn001462_sentence-43.wav,2.188,2.219,0.031,w,r,E+,N00774_male_43,False,o,ʋ
fn001462_sentence-44.wav,2.502,2.542,0.04,E,p,n,N00774_male_43,False,o,ɛ
fn001462_sentence-50.wav,0.304,0.344,0.04,h,r,E,N00774_male_43,False,o,h
fn001462_sentence-54.wav,2.01,2.041,0.031,E,t,r,N00774_male_43,False,o,ɛ
fn001462_sentence-59.wav,3.688,3.718,0.03,E,p,l,N00774_male_43,False,o,ɛ
fn001462_sentence-6.wav,4.104,4.144,0.04,N,a,G,N00774_male_43,False,o,ŋ
fn001462_sentence-7.wav,1.032,1.062,0.03,w,o,A,N00774_male_43,False,o,ʋ
fn001462_sentence-71.wav,1.883,1.914,0.031,w,A+,j,N00774_male_43,False,o,ʋ
fn001462_sentence-8.wav,2.15,2.181,0.031,w,o,A,N00774_male_43,False,o,ʋ
fn001462_sentence-87.wav,0.082,0.112,0.03,w,t,A,N00774_male_43,False,o,ʋ
fn001462_sentence-91.wav,0.442,0.472,0.03,w,A+,h,N00774_male_43,False,o,ʋ
fn001462_sentence-92.wav,2.206,2.237,0.031,w,y,n,N00774_male_43,False,o,ʋ
fn001463_sentence-24.wav,0.111,0.142,0.031,w,t,A,N00774_male_43,False,o,ʋ
fn001180_sentence-0.wav,5.229,5.259,0.03,@,d,r,N00587_female_52,False,o,ə
fn001180_sentence-0.wav,4.068,4.098,0.03,O,w,r,N00587_female_52,False,o,ɔ
fn001180_sentence-0.wav,4.825,4.856,0.031,n,@,b,N00587_female_52,False,o,n
fn001180_sentence-1.wav,1.661,1.701,0.04,l,A,v,N00587_female_52,False,o,l
fn001180_sentence-10.wav,2.788,2.818,0.03,r,a,d,N00587_female_52,False,o,r
fn001180_sentence-10.wav,5.369,5.399,0.03,@,p,l,N00587_female_52,False,o,ə
fn001180_sentence-10.wav,3.907,3.937,0.03,h,t,a,N00587_female_52,False,o,h
fn001180_sentence-11.wav,0.491,0.522,0.031,@,k,n,N00587_female_52,False,o,ə
fn001180_sentence-11.wav,2.27,2.3,0.03,d,A+,@,N00587_female_52,False,o,d
fn001180_sentence-11.wav,1.633,1.663,0.03,t,@,n,N00587_female_52,False,o,t
fn001180_sentence-11.wav,0.522,0.552,0.03,n,@,d,N00587_female_52,False,o,n
fn001180_sentence-12.wav,2.206,2.237,0.031,l,A,s,N00587_female_52,False,o,l
fn001180_sentence-12.wav,2.125,2.156,0.031,w,o,A,N00587_female_52,False,o,ʋ
fn001180_sentence-12.wav,0.721,0.752,0.031,n,I,h,N00587_female_52,False,o,n
fn001180_sentence-12.wav,3.363,3.394,0.031,r,a,h,N00587_female_52,False,o,r
fn001180_sentence-12.wav,5.425,5.455,0.03,@,d,Y+,N00587_female_52,False,o,ə
fn001180_sentence-12.wav,5.668,5.698,0.03,r,a,k,N00587_female_52,False,o,r
fn001180_sentence-12.wav,0.088,0.119,0.031,r,a,z,N00587_female_52,False,o,r
fn001180_sentence-12.wav,6.001,6.042,0.041,@,d,r,N00587_female_52,False,o,ə
fn001180_sentence-12.wav,0.844,0.884,0.04,r,a,s,N00587_female_52,False,o,r
fn001180_sentence-12.wav,5.182,5.222,0.04,O,v,n,N00587_female_52,False,o,ɔ
fn001180_sentence-12.wav,6.042,6.072,0.03,r,@,t,N00587_female_52,False,o,r
fn001180_sentence-12.wav,0.568,0.599,0.031,t,l,E+,N00587_female_52,False,o,t
fn001180_sentence-13.wav,2.449,2.479,0.03,w,A+,@,N00587_female_52,False,o,ʋ
fn001180_sentence-13.wav,0.269,0.3,0.031,r,e,d,N00587_female_52,False,o,r
fn001180_sentence-13.wav,1.524,1.554,0.03,@,k,l,N00587_female_52,False,o,ə
fn001180_sentence-13.wav,1.453,1.483,0.03,r,E,k,N00587_female_52,False,o,r
fn001180_sentence-13.wav,1.483,1.524,0.041,k,r,@,N00587_female_52,False,o,k
fn001180_sentence-13.wav,1.554,1.584,0.03,l,@,@,N00587_female_52,False,o,l
fn001180_sentence-14.wav,10.624,10.655,0.031,d,A+,@,N00587_female_52,False,o,d
fn001180_sentence-14.wav,13.012,13.042,0.03,t,s,s,N00587_female_52,False,o,t
fn001180_sentence-14.wav,3.029,3.06,0.031,l,A,v,N00587_female_52,False,o,l
fn001180_sentence-14.wav,6.865,6.896,0.031,@,G,l,N00587_female_52,False,o,ə
fn001180_sentence-14.wav,2.062,2.103,0.041,@,r,n,N00587_female_52,False,o,ə
fn001180_sentence-14.wav,2.032,2.062,0.03,r,@,@,N00587_female_52,False,o,r
fn001180_sentence-14.wav,11.882,11.922,0.04,t,@,r,N00587_female_52,False,o,t
fn001180_sentence-14.wav,6.542,6.572,0.03,t,s,m,N00587_female_52,False,o,t
fn001180_sentence-15.wav,0.524,0.554,0.03,w,A+,d,N00587_female_52,False,o,ʋ
fn001180_sentence-15.wav,2.109,2.139,0.03,w,o,A,N00587_female_52,False,o,ʋ
fn001180_sentence-15.wav,2.17,2.2,0.03,l,A,s,N00587_female_52,False,o,l
fn001180_sentence-15.wav,0.229,0.26,0.031,r,@,t,N00587_female_52,False,o,r
fn001180_sentence-16.wav,0.121,0.161,0.04,h,n,A,N00587_female_52,False,o,h
fn001180_sentence-16.wav,0.262,0.302,0.04,h,t,a,N00587_female_52,False,o,h
fn001180_sentence-18.wav,0.23,0.261,0.031,b,e,i,N00587_female_52,False,o,b
fn001180_sentence-19.wav,2.847,2.878,0.031,r,e,d,N00587_female_52,False,o,r
fn001180_sentence-19.wav,3.484,3.514,0.03,O,@,p,N00587_female_52,False,o,ɔ
fn001180_sentence-20.wav,8.928,8.959,0.031,r,@,d,N00587_female_52,False,o,r
fn001180_sentence-20.wav,5.614,5.644,0.03,d,n,@,N00587_female_52,False,o,d
fn001180_sentence-21.wav,1.093,1.123,0.03,r,@,@,N00587_female_52,False,o,r
fn001180_sentence-21.wav,2.174,2.204,0.03,r,a,A,N00587_female_52,False,o,r
fn001180_sentence-21.wav,1.021,1.052,0.031,d,n,@,N00587_female_52,False,o,d
fn001180_sentence-21.wav,2.032,2.062,0.03,r,@,h,N00587_female_52,False,o,r
fn001180_sentence-22.wav,3.142,3.173,0.031,r,@,d,N00587_female_52,False,o,r
fn001180_sentence-22.wav,2.847,2.877,0.03,r,@,z,N00587_female_52,False,o,r
fn001180_sentence-22.wav,0.082,0.112,0.03,h,@,E,N00587_female_52,False,o,h
fn001180_sentence-23.wav,2.265,2.296,0.031,w,A+,O,N00587_female_52,False,o,ʋ
fn001180_sentence-23.wav,5.468,5.498,0.03,d,n,@,N00587_female_52,False,o,d
fn001180_sentence-23.wav,4.841,4.871,0.03,r,o,d,N00587_female_52,False,o,r
fn001180_sentence-26.wav,5.364,5.404,0.04,l,@,@,N00587_female_52,False,o,l
fn001180_sentence-26.wav,7.145,7.176,0.031,d,n,@,N00587_female_52,False,o,d
fn001180_sentence-26.wav,2.042,2.082,0.04,d,n,@,N00587_female_52,False,o,d
fn001180_sentence-27.wav,0.867,0.898,0.031,l,@,s,N00587_female_52,False,o,l
fn001180_sentence-3.wav,1.292,1.322,0.03,r,a,b,N00587_female_52,False,o,r
fn001180_sentence-3.wav,0.414,0.444,0.03,r,e,s,N00587_female_52,False,o,r
fn001180_sentence-30.wav,2.146,2.176,0.03,r,@,h,N00587_female_52,False,o,r
fn001180_sentence-30.wav,1.389,1.419,0.03,r,a,b,N00587_female_52,False,o,r
fn001180_sentence-31.wav,1.964,2.004,0.04,d,n,A,N00587_female_52,False,o,d
fn001180_sentence-32.wav,1.407,1.437,0.03,d,n,@,N00587_female_52,False,o,d
fn001180_sentence-32.wav,1.569,1.599,0.03,h,@,E+,N00587_female_52,False,o,h
fn001180_sentence-33.wav,14.244,14.284,0.04,r,E,w,N00587_female_52,False,o,r
fn001180_sentence-33.wav,1.004,1.034,0.03,d,n,@,N00587_female_52,False,o,d
fn001180_sentence-33.wav,16.547,16.577,0.03,r,@,w,N00587_female_52,False,o,r
fn001180_sentence-33.wav,6.813,6.843,0.03,r,a,b,N00587_female_52,False,o,r
fn001180_sentence-33.wav,2.904,2.934,0.03,d,r,@,N00587_female_52,False,o,d
fn001180_sentence-33.wav,8.225,8.255,0.03,d,n,@,N00587_female_52,False,o,d
fn001180_sentence-34.wav,0.642,0.682,0.04,w,r,A,N00587_female_52,False,o,ʋ
fn001180_sentence-34.wav,1.681,1.721,0.04,b,t,E+,N00587_female_52,False,o,b
fn001180_sentence-36.wav,0.494,0.524,0.03,w,@,A,N00587_female_52,False,o,ʋ
fn001180_sentence-4.wav,4.707,4.738,0.031,l,r,@,N00587_female_52,False,o,l
fn001180_sentence-7.wav,0.574,0.604,0.03,l,A,s,N00587_female_52,False,o,l
fn001180_sentence-8.wav,4.047,4.077,0.03,d,s,A,N00587_female_52,False,o,d
fn001180_sentence-8.wav,7.084,7.124,0.04,h,r,A,N00587_female_52,False,o,h
fn001180_sentence-8.wav,3.906,3.936,0.03,w,k,@,N00587_female_52,False,o,ʋ
fn001180_sentence-8.wav,5.892,5.923,0.031,d,n,A,N00587_female_52,False,o,d
fn001181_sentence-1.wav,1.664,1.704,0.04,l,i,i,N00587_female_52,False,o,l
fn001181_sentence-10.wav,2.841,2.872,0.031,l,e,@,N00587_female_52,False,o,l
fn001181_sentence-10.wav,0.203,0.243,0.04,d,A,@,N00587_female_52,False,o,d
fn001181_sentence-10.wav,0.101,0.142,0.041,h,@,A,N00587_female_52,False,o,h
fn001181_sentence-11.wav,1.563,1.594,0.031,l,A,s,N00587_female_52,False,o,l
fn001181_sentence-11.wav,0.071,0.102,0.031,w,@,A,N00587_female_52,False,o,ʋ
fn001181_sentence-12.wav,0.263,0.293,0.03,w,o,A,N00587_female_52,False,o,ʋ
fn001181_sentence-15.wav,4.874,4.904,0.03,l,A,s,N00587_female_52,False,o,l
fn001181_sentence-16.wav,0.492,0.523,0.031,w,A+,v,N00587_female_52,False,o,ʋ
fn001181_sentence-17.wav,1.144,1.174,0.03,l,A,A,N00587_female_52,False,o,l
fn001181_sentence-17.wav,5.483,5.524,0.041,d,n,@,N00587_female_52,False,o,d
fn001181_sentence-17.wav,2.126,2.157,0.031,d,s,A,N00587_female_52,False,o,d
fn001181_sentence-18.wav,1.885,1.916,0.031,l,A,s,N00587_female_52,False,o,l
fn001181_sentence-18.wav,1.452,1.482,0.03,Y,t,m,N00587_female_52,False,o,ʉ
fn001181_sentence-2.wav,5.981,6.022,0.041,l,@,s,N00587_female_52,False,o,l
fn001181_sentence-2.wav,9.684,9.724,0.04,l,@,@,N00587_female_52,False,o,l
fn001181_sentence-2.wav,0.669,0.7,0.031,w,k,a,N00587_female_52,False,o,ʋ
fn001181_sentence-2.wav,2.708,2.739,0.031,l,@,d,N00587_female_52,False,o,l
fn001181_sentence-20.wav,7.787,7.818,0.031,w,r,A,N00587_female_52,False,o,ʋ
fn001181_sentence-26.wav,3.389,3.42,0.031,l,i,i,N00587_female_52,False,o,l
fn001181_sentence-28.wav,1.866,1.897,0.031,l,A,z,N00587_female_52,False,o,l
fn001181_sentence-30.wav,1.443,1.484,0.041,l,A,t,N00587_female_52,False,o,l
fn001181_sentence-40.wav,14.032,14.062,0.03,w,A+,v,N00587_female_52,False,o,ʋ
fn001512_sentence-1.wav,6.712,6.743,0.031,n,@,x,N00798_male_48,False,o,n
fn001512_sentence-10.wav,8.366,8.397,0.031,r,o,@,N00798_male_48,False,o,r
fn001512_sentence-10.wav,9.781,9.822,0.041,@,b,s,N00798_male_48,False,o,ə
fn001512_sentence-10.wav,15.124,15.155,0.031,r,@,h,N00798_male_48,False,o,r
fn001512_sentence-10.wav,5.922,5.952,0.03,r,o,z,N00798_male_48,False,o,r
fn001512_sentence-10.wav,18.531,18.562,0.031,e,t,G,N00798_male_48,False,o,eː
fn001512_sentence-10.wav,22.192,22.223,0.031,r,@,s,N00798_male_48,False,o,r
fn001512_sentence-10.wav,9.508,9.539,0.031,r,@,@,N00798_male_48,False,o,r
fn001512_sentence-10.wav,18.562,18.593,0.031,G,e,@,N00798_male_48,False,o,ɣ
fn001512_sentence-10.wav,22.548,22.578,0.03,r,@,d,N00798_male_48,False,o,r
fn001512_sentence-10.wav,5.993,6.023,0.03,E+,z,n,N00798_male_48,False,o,ɛi
fn001512_sentence-10.wav,0.902,0.933,0.031,x,o,O,N00798_male_48,False,o,x
fn001512_sentence-10.wav,12.141,12.182,0.041,l,e,b,N00798_male_48,False,o,l
fn001512_sentence-10.wav,20.821,20.862,0.041,r,@,t,N00798_male_48,False,o,r
fn001512_sentence-10.wav,1.881,1.922,0.041,A,h,t,N00798_male_48,False,o,ɑ
fn001512_sentence-10.wav,22.161,22.192,0.031,@,d,r,N00798_male_48,False,o,ə
fn001512_sentence-11.wav,0.804,0.835,0.031,r,i,d,N00798_male_48,False,o,r
fn001512_sentence-11.wav,3.543,3.574,0.031,@,d,x,N00798_male_48,False,o,ə
fn001512_sentence-13.wav,2.747,2.777,0.03,r,@,z,N00798_male_48,False,o,r
fn001512_sentence-13.wav,4.263,4.303,0.04,@,w,v,N00798_male_48,False,o,ə
fn001512_sentence-13.wav,4.485,4.515,0.03,r,o,d,N00798_male_48,False,o,r
fn001512_sentence-13.wav,4.222,4.263,0.041,w,A+,@,N00798_male_48,False,o,ʋ
fn001512_sentence-14.wav,0.264,0.304,0.04,l,E,k,N00798_male_48,False,o,l
fn001512_sentence-15.wav,3.031,3.061,0.03,Y,h,n,N00798_male_48,False,o,ʉ
fn001512_sentence-15.wav,5.465,5.496,0.031,r,@,d,N00798_male_48,False,o,r
fn001512_sentence-16.wav,7.122,7.152,0.03,O,w,n,N00798_male_48,False,o,ɔ
fn001512_sentence-16.wav,7.091,7.122,0.031,w,A+,O,N00798_male_48,False,o,ʋ
fn001512_sentence-16.wav,12.561,12.602,0.041,r,@,t,N00798_male_48,False,o,r
fn001512_sentence-16.wav,10.065,10.095,0.03,A,f,n,N00798_male_48,False,o,ɑ
fn001512_sentence-16.wav,13.128,13.158,0.03,d,n,@,N00798_male_48,False,o,d
fn001512_sentence-16.wav,13.724,13.754,0.03,r,o,@,N00798_male_48,False,o,r
fn001512_sentence-17.wav,0.121,0.152,0.031,r,E,Z,N00798_male_48,False,o,r
fn001512_sentence-17.wav,4.403,4.433,0.03,r,@,x,N00798_male_48,False,o,r
fn001512_sentence-17.wav,0.861,0.891,0.03,x,o,O,N00798_male_48,False,o,x
fn001512_sentence-17.wav,11.204,11.235,0.031,h,r,E,N00798_male_48,False,o,h
fn001512_sentence-17.wav,8.344,8.384,0.04,d,i,i,N00798_male_48,False,o,d
fn001512_sentence-17.wav,8.082,8.122,0.04,r,p,e,N00798_male_48,False,o,r
fn001512_sentence-18.wav,6.742,6.772,0.03,h,s,A,N00798_male_48,False,o,h
fn001512_sentence-19.wav,18.873,18.904,0.031,Y,j,m,N00798_male_48,False,o,ʉ
fn001512_sentence-19.wav,23.372,23.402,0.03,x,@,@,N00798_male_48,False,o,x
fn001512_sentence-19.wav,8.027,8.057,0.03,h,t,Y,N00798_male_48,False,o,h
fn001512_sentence-19.wav,6.265,6.296,0.031,I,d,N,N00798_male_48,False,o,ɪ
fn001512_sentence-19.wav,25.773,25.803,0.03,r,@,b,N00798_male_48,False,o,r
fn001512_sentence-19.wav,3.133,3.163,0.03,r,@,v,N00798_male_48,False,o,r
fn001512_sentence-19.wav,7.422,7.462,0.04,I,s,s,N00798_male_48,False,o,ɪ
fn001512_sentence-19.wav,6.806,6.837,0.031,r,@,z,N00798_male_48,False,o,r
fn001512_sentence-19.wav,16.141,16.182,0.041,h,a,A,N00798_male_48,False,o,h
fn001512_sentence-19.wav,9.722,9.763,0.041,r,o,v,N00798_male_48,False,o,r
fn001512_sentence-2.wav,3.145,3.176,0.031,w,r,E+,N00798_male_48,False,o,ʋ
fn001512_sentence-2.wav,4.844,4.874,0.03,r,u,v,N00798_male_48,False,o,r
fn001512_sentence-20.wav,1.55,1.581,0.031,I,@,n,N00798_male_48,False,o,ɪ
fn001512_sentence-20.wav,5.546,5.576,0.03,r,e,@,N00798_male_48,False,o,r
fn001512_sentence-21.wav,16.683,16.713,0.03,r,E:,k,N00798_male_48,False,o,r
fn001512_sentence-21.wav,20.227,20.257,0.03,r,@,t,N00798_male_48,False,o,r
fn001512_sentence-21.wav,1.583,1.614,0.031,r,@,z,N00798_male_48,False,o,r
fn001512_sentence-21.wav,17.026,17.056,0.03,r,p,a,N00798_male_48,False,o,r
fn001512_sentence-21.wav,18.443,18.473,0.03,r,@,v,N00798_male_48,False,o,r
fn001512_sentence-21.wav,18.967,18.997,0.03,r,o,d,N00798_male_48,False,o,r
fn001512_sentence-21.wav,18.13,18.16,0.03,h,t,E+,N00798_male_48,False,o,h
fn001512_sentence-22.wav,0.726,0.756,0.03,h,r,A,N00798_male_48,False,o,h
fn001512_sentence-24.wav,0.386,0.417,0.031,w,u,e,N00798_male_48,False,o,ʋ
fn001512_sentence-26.wav,6.765,6.795,0.03,w,k,A,N00798_male_48,False,o,ʋ
fn001512_sentence-3.wav,5.102,5.133,0.031,h,n,E+,N00798_male_48,False,o,h
fn001512_sentence-48.wav,1.804,1.834,0.03,h,r,E,N00798_male_48,False,o,h
fn001513_sentence-1.wav,1.421,1.461,0.04,y,j,w,N00798_male_48,False,o,yː
fn001428_sentence-11.wav,0.141,0.181,0.04,r,a,O,N00741_male_38,False,o,r
fn001428_sentence-12.wav,1.263,1.303,0.04,d,@,i,N00741_male_38,False,o,d
fn001428_sentence-12.wav,1.233,1.263,0.03,@,j,d,N00741_male_38,False,o,ə
fn001428_sentence-13.wav,0.132,0.162,0.03,h,@,E,N00741_male_38,False,o,h
fn001428_sentence-13.wav,0.162,0.203,0.041,E,h,b,N00741_male_38,False,o,ɛ
fn001428_sentence-14.wav,3.325,3.356,0.031,r,@,m,N00741_male_38,False,o,r
fn001428_sentence-15.wav,0.932,0.962,0.03,r,x,I,N00741_male_38,False,o,r
fn001428_sentence-15.wav,0.962,0.993,0.031,I,r,f,N00741_male_38,False,o,ɪ
fn001428_sentence-15.wav,0.162,0.202,0.04,A,w,s,N00741_male_38,False,o,ɑ
fn001428_sentence-16.wav,1.145,1.176,0.031,A,v,N,N00741_male_38,False,o,ɑ
fn001428_sentence-17.wav,0.122,0.153,0.031,@,l,m,N00741_male_38,False,o,ə
fn001428_sentence-18.wav,3.382,3.413,0.031,@,N,n,N00741_male_38,False,o,ə
fn001428_sentence-18.wav,3.049,3.079,0.03,@,d,x,N00741_male_38,False,o,ə
fn001428_sentence-18.wav,3.463,3.503,0.04,I,n,s,N00741_male_38,False,o,ɪ
fn001428_sentence-19.wav,0.587,0.618,0.031,E,w,l,N00741_male_38,False,o,ɛ
fn001428_sentence-2.wav,5.189,5.22,0.031,f,I,t,N00741_male_38,False,o,f
fn001428_sentence-2.wav,1.774,1.804,0.03,d,n,@,N00741_male_38,False,o,d
fn001428_sentence-2.wav,4.704,4.744,0.04,Y,l,s,N00741_male_38,False,o,ʉ
fn001428_sentence-2.wav,5.503,5.533,0.03,r,e,d,N00741_male_38,False,o,r
fn001428_sentence-20.wav,0.041,0.081,0.04,E,m,t,N00741_male_38,False,o,ɛ
fn001428_sentence-20.wav,0.132,0.163,0.031,@,t,n,N00741_male_38,False,o,ə
fn001428_sentence-20.wav,0.163,0.193,0.03,n,@,p,N00741_male_38,False,o,n
fn001428_sentence-22.wav,0.626,0.656,0.03,@,l,k,N00741_male_38,False,o,ə
fn001428_sentence-22.wav,1.151,1.181,0.03,r,a,l,N00741_male_38,False,o,r
fn001428_sentence-22.wav,1.282,1.322,0.04,k,@,f,N00741_male_38,False,o,k
fn001428_sentence-22.wav,0.242,0.282,0.04,r,O,t,N00741_male_38,False,o,r
fn001428_sentence-23.wav,1.53,1.56,0.03,h,E+,E,N00741_male_38,False,o,h
fn001428_sentence-23.wav,0.421,0.462,0.041,@,l,k,N00741_male_38,False,o,ə
fn001428_sentence-23.wav,2.747,2.778,0.031,o,z,w,N00741_male_38,False,o,oː
fn001428_sentence-23.wav,2.808,2.839,0.031,A,w,l,N00741_male_38,False,o,ɑ
fn001428_sentence-23.wav,5.024,5.054,0.03,r,@,E,N00741_male_38,False,o,r
fn001428_sentence-29.wav,1.585,1.615,0.03,d,n,@,N00741_male_38,False,o,d
fn001428_sentence-29.wav,1.272,1.302,0.03,d,r,@,N00741_male_38,False,o,d
fn001428_sentence-30.wav,0.569,0.6,0.031,r,@,n,N00741_male_38,False,o,r
fn001428_sentence-32.wav,1.282,1.323,0.041,l,O,m,N00741_male_38,False,o,l
fn001428_sentence-33.wav,0.193,0.223,0.03,r,x,I,N00741_male_38,False,o,r
fn001428_sentence-33.wav,0.223,0.264,0.041,I,r,f,N00741_male_38,False,o,ɪ
fn001428_sentence-33.wav,0.589,0.619,0.03,r,e,d,N00741_male_38,False,o,r
fn001428_sentence-33.wav,0.264,0.295,0.031,f,I,t,N00741_male_38,False,o,f
fn001428_sentence-35.wav,0.163,0.203,0.04,r,a,v,N00741_male_38,False,o,r
fn001428_sentence-36.wav,0.562,0.593,0.031,r,a,m,N00741_male_38,False,o,r
fn001428_sentence-39.wav,1.166,1.197,0.031,r,@,b,N00741_male_38,False,o,r
fn001428_sentence-39.wav,1.786,1.816,0.03,I,l,G,N00741_male_38,False,o,ɪ
fn001428_sentence-41.wav,1.963,2.004,0.041,r,a,b,N00741_male_38,False,o,r
fn001428_sentence-41.wav,0.823,0.863,0.04,A,d,t,N00741_male_38,False,o,ɑ
fn001428_sentence-43.wav,1.943,1.973,0.03,r,@,v,N00741_male_38,False,o,r
fn001428_sentence-49.wav,0.091,0.122,0.031,r,@,v,N00741_male_38,False,o,r
fn001428_sentence-5.wav,0.101,0.131,0.03,h,E+,e,N00741_male_38,False,o,h
fn001428_sentence-5.wav,4.314,4.344,0.03,r,x,I,N00741_male_38,False,o,r
fn001428_sentence-57.wav,3.363,3.404,0.041,Y,l,s,N00741_male_38,False,o,ʉ
fn001428_sentence-57.wav,0.101,0.132,0.031,b,@,@,N00741_male_38,False,o,b
fn001428_sentence-57.wav,5.125,5.156,0.031,r,@,d,N00741_male_38,False,o,r
fn001428_sentence-59.wav,0.323,0.353,0.03,h,@,i,N00741_male_38,False,o,h
fn001428_sentence-59.wav,0.444,0.484,0.04,r,i,w,N00741_male_38,False,o,r
fn001428_sentence-6.wav,0.702,0.743,0.041,r,o,G,N00741_male_38,False,o,r
fn001428_sentence-63.wav,0.562,0.602,0.04,r,e,z,N00741_male_38,False,o,r
fn001428_sentence-65.wav,1.781,1.822,0.041,w,@,I,N00741_male_38,False,o,ʋ
fn001428_sentence-65.wav,0.182,0.213,0.031,h,n,A,N00741_male_38,False,o,h
fn001428_sentence-68.wav,1.347,1.378,0.031,r,@,v,N00741_male_38,False,o,r
fn001428_sentence-69.wav,0.642,0.672,0.03,r,@,v,N00741_male_38,False,o,r
fn001428_sentence-69.wav,2.781,2.811,0.03,r,e,d,N00741_male_38,False,o,r
fn001428_sentence-69.wav,2.102,2.132,0.03,r,@,d,N00741_male_38,False,o,r
fn001428_sentence-69.wav,2.325,2.355,0.03,r,x,I,N00741_male_38,False,o,r
fn001428_sentence-70.wav,2.088,2.118,0.03,r,@,A,N00741_male_38,False,o,r
fn001428_sentence-70.wav,0.102,0.143,0.041,h,E+,e,N00741_male_38,False,o,h
fn001428_sentence-70.wav,2.341,2.371,0.03,r,@,t,N00741_male_38,False,o,r
fn001428_sentence-71.wav,4.003,4.043,0.04,w,o,r,N00741_male_38,False,o,ʋ
fn001428_sentence-74.wav,2.081,2.121,0.04,w,A+,z,N00741_male_38,False,o,ʋ
fn001428_sentence-8.wav,1.767,1.798,0.031,r,x,I,N00741_male_38,False,o,r
fn001428_sentence-9.wav,0.243,0.273,0.03,r,@,l,N00741_male_38,False,o,r
fn001429_sentence-0.wav,1.292,1.322,0.03,r,@,G,N00741_male_38,False,o,r
fn001429_sentence-101.wav,0.202,0.242,0.04,r,a,n,N00741_male_38,False,o,r
fn001429_sentence-101.wav,3.922,3.953,0.031,r,@,l,N00741_male_38,False,o,r
fn001429_sentence-102.wav,0.102,0.133,0.031,r,a,z,N00741_male_38,False,o,r
fn001429_sentence-103.wav,3.143,3.183,0.04,Y,z,s,N00741_male_38,False,o,ʉ
fn001429_sentence-104.wav,0.961,1.002,0.041,Y,l,s,N00741_male_38,False,o,ʉ
fn001429_sentence-108.wav,0.443,0.483,0.04,Y,z,s,N00741_male_38,False,o,ʉ
fn001429_sentence-112.wav,0.229,0.259,0.03,w,@,@,N00741_male_38,False,o,ʋ
fn001429_sentence-135.wav,1.15,1.18,0.03,Y,h,n,N00741_male_38,False,o,ʉ
fn001429_sentence-14.wav,0.302,0.343,0.041,Y,z,s,N00741_male_38,False,o,ʉ
fn001429_sentence-29.wav,2.802,2.843,0.041,Y,l,s,N00741_male_38,False,o,ʉ
fn001429_sentence-34.wav,2.364,2.404,0.04,Y,k,n,N00741_male_38,False,o,ʉ
fn001429_sentence-44.wav,2.422,2.463,0.041,Y,j,l,N00741_male_38,False,o,ʉ
fn001429_sentence-45.wav,8.168,8.198,0.03,Y,z,s,N00741_male_38,False,o,ʉ
fn001429_sentence-56.wav,1.102,1.132,0.03,Y,l,s,N00741_male_38,False,o,ʉ
fn001429_sentence-61.wav,1.043,1.083,0.04,Y,l,s,N00741_male_38,False,o,ʉ
fn001429_sentence-66.wav,0.421,0.462,0.041,Y,l,s,N00741_male_38,False,o,ʉ
fn001085_sentence-10.wav,2.092,2.122,0.03,@,k,l,N00541_female_60,False,o,ə
fn001085_sentence-10.wav,0.189,0.219,0.03,G,l,@,N00541_female_60,False,o,ɣ
fn001085_sentence-10.wav,0.321,0.361,0.04,s,n,2,N00541_female_60,False,o,s
fn001085_sentence-12.wav,2.343,2.373,0.03,@,d,m,N00541_female_60,False,o,ə
fn001085_sentence-12.wav,4.545,4.575,0.03,n,E,@,N00541_female_60,False,o,n
fn001085_sentence-12.wav,2.424,2.464,0.04,u,m,t,N00541_female_60,False,o,uː
fn001085_sentence-13.wav,0.087,0.117,0.03,r,a,b,N00541_female_60,False,o,r
fn001085_sentence-13.wav,1.227,1.257,0.03,@,k,l,N00541_female_60,False,o,ə
fn001085_sentence-13.wav,2.105,2.135,0.03,d,n,@,N00541_female_60,False,o,d
fn001085_sentence-14.wav,9.07,9.1,0.03,r,@,m,N00541_female_60,False,o,r
fn001085_sentence-15.wav,1.154,1.184,0.03,t,n,i,N00541_female_60,False,o,t
fn001085_sentence-15.wav,1.093,1.124,0.031,@,G,n,N00541_female_60,False,o,ə
fn001085_sentence-16.wav,2.287,2.317,0.03,l,@,t,N00541_female_60,False,o,l
fn001085_sentence-16.wav,10.842,10.882,0.04,l,E,f,N00541_female_60,False,o,l
fn001085_sentence-18.wav,1.252,1.282,0.03,@,G,n,N00541_female_60,False,o,ə
fn001085_sentence-18.wav,7.074,7.104,0.03,@,d,e,N00541_female_60,False,o,ə
fn001085_sentence-19.wav,0.803,0.843,0.04,r,@,m,N00541_female_60,False,o,r
fn001085_sentence-19.wav,3.283,3.324,0.041,l,E,t,N00541_female_60,False,o,l
fn001085_sentence-19.wav,2.371,2.401,0.03,l,A,k,N00541_female_60,False,o,l
fn001085_sentence-2.wav,0.047,0.077,0.03,l,p,Y,N00541_female_60,False,o,l
fn001085_sentence-24.wav,0.782,0.823,0.041,r,@,j,N00541_female_60,False,o,r
fn001085_sentence-25.wav,1.244,1.284,0.04,A,x,t,N00541_female_60,False,o,ɑ
fn001085_sentence-25.wav,1.992,2.022,0.03,l,Y,t,N00541_female_60,False,o,l
fn001085_sentence-29.wav,2.822,2.852,0.03,l,A,s,N00541_female_60,False,o,l
fn001085_sentence-30.wav,6.121,6.151,0.03,l,A,s,N00541_female_60,False,o,l
fn001085_sentence-30.wav,6.182,6.212,0.03,d,s,@,N00541_female_60,False,o,d
fn001085_sentence-31.wav,5.992,6.022,0.03,r,@,s,N00541_female_60,False,o,r
fn001085_sentence-32.wav,2.281,2.322,0.041,d,E+,I,N00541_female_60,False,o,d
fn001085_sentence-37.wav,0.248,0.279,0.031,r,@,E,N00541_female_60,False,o,r
fn001085_sentence-39.wav,3.083,3.123,0.04,r,o,z,N00541_female_60,False,o,r
fn001085_sentence-4.wav,0.584,0.624,0.04,r,e,t,N00541_female_60,False,o,r
fn001085_sentence-7.wav,4.529,4.56,0.031,r,@,O,N00541_female_60,False,o,r
fn001085_sentence-7.wav,0.501,0.541,0.04,r,p,A,N00541_female_60,False,o,r
fn001085_sentence-9.wav,11.184,11.215,0.031,b,r,E+,N00541_female_60,False,o,b
fn001085_sentence-9.wav,6.691,6.722,0.031,r,e,d,N00541_female_60,False,o,r
fn001085_sentence-9.wav,3.607,3.637,0.03,r,x,i,N00541_female_60,False,o,r
fn001085_sentence-9.wav,11.154,11.184,0.03,r,a,b,N00541_female_60,False,o,r
fn001085_sentence-9.wav,0.202,0.242,0.04,r,e,s,N00541_female_60,False,o,r
fn001087_sentence-0.wav,2.661,2.692,0.031,r,a,d,N00541_female_60,False,o,r
fn001087_sentence-0.wav,3.148,3.179,0.031,w,r,e,N00541_female_60,False,o,ʋ
fn001087_sentence-10.wav,0.141,0.182,0.041,w,r,A,N00541_female_60,False,o,ʋ
fn001087_sentence-11.wav,0.383,0.424,0.041,y,n,e,N00541_female_60,False,o,yː
fn001087_sentence-12.wav,2.293,2.324,0.031,w,@,a,N00541_female_60,False,o,ʋ
fn001087_sentence-12.wav,1.345,1.376,0.031,w,t,A,N00541_female_60,False,o,ʋ
fn001087_sentence-16.wav,2.322,2.353,0.031,w,o,A,N00541_female_60,False,o,ʋ
fn001087_sentence-16.wav,0.281,0.312,0.031,w,A+,j,N00541_female_60,False,o,ʋ
fn001087_sentence-3.wav,0.111,0.141,0.03,w,n,E,N00541_female_60,False,o,ʋ
fn001087_sentence-30.wav,3.234,3.264,0.03,h,@,E,N00541_female_60,False,o,h
fn001087_sentence-38.wav,1.582,1.622,0.04,w,f,E,N00541_female_60,False,o,ʋ
fn001087_sentence-50.wav,0.726,0.756,0.03,w,r,@,N00541_female_60,False,o,ʋ
fn001087_sentence-52.wav,3.966,3.996,0.03,w,A+,j,N00541_female_60,False,o,ʋ
fn001087_sentence-54.wav,0.161,0.202,0.041,w,k,a,N00541_female_60,False,o,ʋ
fn001087_sentence-54.wav,3.031,3.061,0.03,w,o,A,N00541_female_60,False,o,ʋ
fn001087_sentence-55.wav,11.183,11.224,0.041,Y,h,n,N00541_female_60,False,o,ʉ
fn001087_sentence-65.wav,3.704,3.734,0.03,w,t,I,N00541_female_60,False,o,ʋ
fn001087_sentence-79.wav,4.583,4.624,0.041,w,t,O,N00541_female_60,False,o,ʋ
fn001087_sentence-9.wav,2.854,2.884,0.03,Y,h,n,N00541_female_60,False,o,ʉ
fn001472_sentence-1.wav,5.561,5.601,0.04,l,@,s,N00779_male_63,False,o,l
fn001472_sentence-1.wav,0.652,0.682,0.03,r,o,d,N00779_male_63,False,o,r
fn001472_sentence-100.wav,0.482,0.523,0.041,I,w,l,N00779_male_63,False,o,ɪ
fn001472_sentence-100.wav,0.452,0.482,0.03,w,t,I,N00779_male_63,False,o,ʋ
fn001472_sentence-100.wav,1.606,1.637,0.031,@,j,n,N00779_male_63,False,o,ə
fn001472_sentence-11.wav,0.061,0.102,0.041,E,t,r,N00779_male_63,False,o,ɛ
fn001472_sentence-14.wav,0.081,0.122,0.041,k,I,s,N00779_male_63,False,o,k
fn001472_sentence-15.wav,0.721,0.762,0.041,A,k,p,N00779_male_63,False,o,ɑ
fn001472_sentence-18.wav,2.881,2.912,0.031,E,t,n,N00779_male_63,False,o,ɛ
fn001472_sentence-18.wav,1.348,1.379,0.031,r,E,O,N00779_male_63,False,o,r
fn001472_sentence-19.wav,1.683,1.724,0.041,A,h,t,N00779_male_63,False,o,ɑ
fn001472_sentence-2.wav,0.052,0.082,0.03,E,w,l,N00779_male_63,False,o,ɛ
fn001472_sentence-20.wav,11.008,11.039,0.031,@,r,b,N00779_male_63,False,o,ə
fn001472_sentence-20.wav,7.787,7.818,0.031,d,b,r,N00779_male_63,False,o,d
fn001472_sentence-20.wav,1.572,1.602,0.03,d,s,@,N00779_male_63,False,o,d
fn001472_sentence-21.wav,1.842,1.883,0.041,E,m,t,N00779_male_63,False,o,ɛ
fn001472_sentence-21.wav,0.142,0.183,0.041,w,t,A,N00779_male_63,False,o,ʋ
fn001472_sentence-22.wav,0.846,0.877,0.031,O,k,n,N00779_male_63,False,o,ɔ
fn001472_sentence-23.wav,8.15,8.181,0.031,r,O,G,N00779_male_63,False,o,r
fn001472_sentence-23.wav,0.061,0.102,0.041,@,d,l,N00779_male_63,False,o,ə
fn001472_sentence-23.wav,5.549,5.579,0.03,w,o,A,N00779_male_63,False,o,ʋ
fn001472_sentence-26.wav,0.741,0.782,0.041,A,v,n,N00779_male_63,False,o,ɑ
fn001472_sentence-26.wav,6.365,6.396,0.031,@,v,n,N00779_male_63,False,o,ə
fn001472_sentence-26.wav,4.033,4.064,0.031,@,G,l,N00779_male_63,False,o,ə
fn001472_sentence-27.wav,0.192,0.222,0.03,@,x,l,N00779_male_63,False,o,ə
fn001472_sentence-28.wav,1.293,1.324,0.031,w,@,@,N00779_male_63,False,o,ʋ
fn001472_sentence-29.wav,0.907,0.938,0.031,d,r,@,N00779_male_63,False,o,d
fn001472_sentence-29.wav,0.523,0.563,0.04,r,@,d,N00779_male_63,False,o,r
fn001472_sentence-31.wav,0.626,0.656,0.03,E,w,l,N00779_male_63,False,o,ɛ
fn001472_sentence-32.wav,5.913,5.944,0.031,E,w,l,N00779_male_63,False,o,ɛ
fn001472_sentence-32.wav,0.268,0.299,0.031,r,@,d,N00779_male_63,False,o,r
fn001472_sentence-35.wav,0.25,0.28,0.03,h,t,E+,N00779_male_63,False,o,h
fn001472_sentence-36.wav,0.041,0.082,0.041,r,v,u,N00779_male_63,False,o,r
fn001472_sentence-42.wav,5.528,5.559,0.031,I,m,N,N00779_male_63,False,o,ɪ
fn001472_sentence-43.wav,0.202,0.242,0.04,w,t,A,N00779_male_63,False,o,ʋ
fn001472_sentence-48.wav,0.19,0.221,0.031,I,w,l,N00779_male_63,False,o,ɪ
fn001472_sentence-50.wav,1.146,1.176,0.03,r,y,l,N00779_male_63,False,o,r
fn001472_sentence-50.wav,0.832,0.862,0.03,E,h,m,N00779_male_63,False,o,ɛ
fn001472_sentence-50.wav,0.801,0.832,0.031,h,x,E,N00779_male_63,False,o,h
fn001472_sentence-51.wav,3.624,3.655,0.031,G,r,d,N00779_male_63,False,o,ɣ
fn001472_sentence-51.wav,3.583,3.624,0.041,r,O,G,N00779_male_63,False,o,r
fn001472_sentence-51.wav,3.889,3.919,0.03,r,o,z,N00779_male_63,False,o,r
fn001472_sentence-53.wav,0.265,0.296,0.031,r,v,u,N00779_male_63,False,o,r
fn001472_sentence-53.wav,0.112,0.143,0.031,h,n,E+,N00779_male_63,False,o,h
fn001472_sentence-55.wav,1.343,1.383,0.04,r,a,z,N00779_male_63,False,o,r
fn001472_sentence-56.wav,0.381,0.422,0.041,h,n,E+,N00779_male_63,False,o,h
fn001472_sentence-61.wav,3.361,3.391,0.03,h,p,a,N00779_male_63,False,o,h
fn001472_sentence-63.wav,4.984,5.014,0.03,h,n,Y,N00779_male_63,False,o,h
fn001472_sentence-95.wav,0.742,0.783,0.041,f,s,@,N00779_male_63,False,o,f
fn001473_sentence-16.wav,3.505,3.535,0.03,Y,h,n,N00779_male_63,False,o,ʉ
fn001147_sentence-0.wav,0.421,0.461,0.04,@,@,t,N00647_male_72,False,o,ə
fn001147_sentence-0.wav,0.562,0.592,0.03,n,I,j,N00647_male_72,False,o,n
fn001147_sentence-100.wav,0.981,1.021,0.04,@,b,s,N00647_male_72,False,o,ə
fn001147_sentence-102.wav,1.625,1.656,0.031,t,n,s,N00647_male_72,False,o,t
fn001147_sentence-103.wav,0.924,0.964,0.04,n,E+,d,N00647_male_72,False,o,n
fn001147_sentence-103.wav,1.408,1.438,0.03,r,@,z,N00647_male_72,False,o,r
fn001147_sentence-103.wav,0.964,0.994,0.03,d,n,@,N00647_male_72,False,o,d
fn001147_sentence-104.wav,2.065,2.096,0.031,r,t,E,N00647_male_72,False,o,r
fn001147_sentence-104.wav,2.522,2.552,0.03,n,A,h,N00647_male_72,False,o,n
fn001147_sentence-104.wav,2.623,2.654,0.031,r,a,m,N00647_male_72,False,o,r
fn001147_sentence-104.wav,2.552,2.583,0.031,h,n,a,N00647_male_72,False,o,h
fn001147_sentence-104.wav,7.047,7.077,0.03,r,@,O,N00647_male_72,False,o,r
fn001147_sentence-104.wav,2.887,2.918,0.031,r,@,h,N00647_male_72,False,o,r
fn001147_sentence-105.wav,5.612,5.643,0.031,d,n,@,N00647_male_72,False,o,d
fn001147_sentence-105.wav,5.643,5.673,0.03,@,d,f,N00647_male_72,False,o,ə
fn001147_sentence-105.wav,8.791,8.822,0.031,@,s,s,N00647_male_72,False,o,ə
fn001147_sentence-105.wav,1.985,2.015,0.03,l,A,s,N00647_male_72,False,o,l
fn001147_sentence-105.wav,5.582,5.612,0.03,n,@,d,N00647_male_72,False,o,n
fn001147_sentence-105.wav,5.541,5.582,0.041,@,v,n,N00647_male_72,False,o,ə
fn001147_sentence-105.wav,4.691,4.721,0.03,r,a,d,N00647_male_72,False,o,r
fn001147_sentence-106.wav,4.885,4.915,0.03,d,r,@,N00647_male_72,False,o,d
fn001147_sentence-106.wav,2.307,2.337,0.03,r,@,d,N00647_male_72,False,o,r
fn001147_sentence-106.wav,4.448,4.479,0.031,r,@,A,N00647_male_72,False,o,r
fn001147_sentence-106.wav,5.006,5.037,0.031,@,l,k,N00647_male_72,False,o,ə
fn001147_sentence-107.wav,2.181,2.222,0.041,@,t,l,N00647_male_72,False,o,ə
fn001147_sentence-107.wav,0.171,0.202,0.031,w,A+,j,N00647_male_72,False,o,ʋ
fn001147_sentence-107.wav,0.848,0.878,0.03,n,@,p,N00647_male_72,False,o,n
fn001147_sentence-107.wav,1.383,1.414,0.031,r,a,t,N00647_male_72,False,o,r
fn001147_sentence-107.wav,0.252,0.282,0.03,@,j,n,N00647_male_72,False,o,ə
fn001147_sentence-108.wav,0.062,0.093,0.031,A,d,n,N00647_male_72,False,o,ɑ
fn001147_sentence-109.wav,6.69,6.721,0.031,f,s,@,N00647_male_72,False,o,f
fn001147_sentence-109.wav,3.973,4.004,0.031,l,@,d,N00647_male_72,False,o,l
fn001147_sentence-11.wav,4.928,4.958,0.03,r,@,s,N00647_male_72,False,o,r
fn001147_sentence-11.wav,4.573,4.603,0.03,w,s,A,N00647_male_72,False,o,ʋ
fn001147_sentence-11.wav,1.209,1.239,0.03,l,o,k,N00647_male_72,False,o,l
fn001147_sentence-11.wav,0.441,0.471,0.03,f,s,A,N00647_male_72,False,o,f
fn001147_sentence-11.wav,0.522,0.562,0.04,n,A,m,N00647_male_72,False,o,n
fn001147_sentence-110.wav,1.884,1.914,0.03,d,n,@,N00647_male_72,False,o,d
fn001147_sentence-110.wav,3.907,3.937,0.03,w,z,I,N00647_male_72,False,o,ʋ
fn001147_sentence-110.wav,0.463,0.503,0.04,l,A,s,N00647_male_72,False,o,l
fn001147_sentence-110.wav,3.362,3.402,0.04,r,a,j,N00647_male_72,False,o,r
fn001147_sentence-110.wav,4.169,4.199,0.03,r,@,l,N00647_male_72,False,o,r
fn001147_sentence-110.wav,1.501,1.531,0.03,n,@,b,N00647_male_72,False,o,n
fn001147_sentence-111.wav,6.422,6.452,0.03,w,A+,m,N00647_male_72,False,o,ʋ
fn001147_sentence-111.wav,0.881,0.912,0.031,w,z,I,N00647_male_72,False,o,ʋ
fn001147_sentence-111.wav,3.105,3.135,0.03,I,l,n,N00647_male_72,False,o,ɪ
fn001147_sentence-111.wav,7.263,7.303,0.04,l,u,v,N00647_male_72,False,o,l
fn001147_sentence-111.wav,3.883,3.914,0.031,l,O,w,N00647_male_72,False,o,l
fn001147_sentence-112.wav,0.081,0.111,0.03,r,a,t,N00647_male_72,False,o,r
fn001147_sentence-115.wav,1.23,1.261,0.031,l,@,s,N00647_male_72,False,o,l
fn001147_sentence-117.wav,1.567,1.597,0.03,n,@,d,N00647_male_72,False,o,n
fn001147_sentence-117.wav,1.264,1.294,0.03,r,@,s,N00647_male_72,False,o,r
fn001147_sentence-117.wav,1.982,2.012,0.03,r,@,G,N00647_male_72,False,o,r
fn001147_sentence-119.wav,0.912,0.943,0.031,r,@,s,N00647_male_72,False,o,r
fn001147_sentence-12.wav,1.246,1.277,0.031,r,@,t,N00647_male_72,False,o,r
fn001147_sentence-120.wav,0.326,0.357,0.031,r,e,s,N00647_male_72,False,o,r
fn001147_sentence-121.wav,1.389,1.419,0.03,n,A,d,N00647_male_72,False,o,n
fn001147_sentence-121.wav,2.786,2.816,0.03,l,o,m,N00647_male_72,False,o,l
fn001147_sentence-121.wav,1.226,1.257,0.031,r,@,l,N00647_male_72,False,o,r
fn001147_sentence-121.wav,2.523,2.553,0.03,n,o,s,N00647_male_72,False,o,n
fn001147_sentence-121.wav,2.31,2.341,0.031,n,I,t,N00647_male_72,False,o,n
fn001147_sentence-124.wav,0.641,0.682,0.041,r,a,v,N00647_male_72,False,o,r
fn001147_sentence-124.wav,0.447,0.477,0.03,n,@,b,N00647_male_72,False,o,n
fn001147_sentence-125.wav,1.522,1.552,0.03,r,@,l,N00647_male_72,False,o,r
fn001147_sentence-125.wav,2.026,2.057,0.031,r,@,x,N00647_male_72,False,o,r
fn001147_sentence-126.wav,1.893,1.923,0.03,r,o,b,N00647_male_72,False,o,r
fn001147_sentence-126.wav,7.546,7.577,0.031,h,n,a,N00647_male_72,False,o,h
fn001147_sentence-129.wav,2.588,2.618,0.03,r,E,z,N00647_male_72,False,o,r
fn001147_sentence-129.wav,2.974,3.004,0.03,r,@,v,N00647_male_72,False,o,r
fn001147_sentence-13.wav,1.065,1.096,0.031,r,@,@,N00647_male_72,False,o,r
fn001147_sentence-131.wav,1.124,1.154,0.03,r,@,b,N00647_male_72,False,o,r
fn001147_sentence-131.wav,1.388,1.418,0.03,w,A+,d,N00647_male_72,False,o,ʋ
fn001147_sentence-139.wav,5.241,5.271,0.03,h,n,a,N00647_male_72,False,o,h
fn001147_sentence-14.wav,0.486,0.516,0.03,h,@,A,N00647_male_72,False,o,h
fn001147_sentence-143.wav,0.643,0.674,0.031,w,z,I,N00647_male_72,False,o,ʋ
fn001147_sentence-2.wav,1.204,1.244,0.04,h,n,a,N00647_male_72,False,o,h
fn001147_sentence-23.wav,1.502,1.533,0.031,h,@,E,N00647_male_72,False,o,h
fn001147_sentence-23.wav,1.442,1.472,0.03,w,t,@,N00647_male_72,False,o,ʋ
fn001147_sentence-23.wav,1.27,1.3,0.03,w,t,A,N00647_male_72,False,o,ʋ
fn001147_sentence-34.wav,0.061,0.091,0.03,h,@,E,N00647_male_72,False,o,h
fn001147_sentence-38.wav,5.961,6.002,0.041,h,r,E,N00647_male_72,False,o,h
fn001147_sentence-39.wav,0.092,0.122,0.03,h,@,A,N00647_male_72,False,o,h
fn001147_sentence-4.wav,1.589,1.619,0.03,h,t,a,N00647_male_72,False,o,h
fn001147_sentence-41.wav,1.241,1.282,0.041,Y,j,l,N00647_male_72,False,o,ʉ
fn001147_sentence-54.wav,3.463,3.494,0.031,h,@,A,N00647_male_72,False,o,h
fn001147_sentence-56.wav,0.143,0.184,0.041,h,r,A,N00647_male_72,False,o,h
fn001147_sentence-68.wav,2.786,2.816,0.03,h,p,a,N00647_male_72,False,o,h
fn001147_sentence-70.wav,4.364,4.395,0.031,h,t,a,N00647_male_72,False,o,h
fn001147_sentence-75.wav,0.189,0.219,0.03,h,n,a,N00647_male_72,False,o,h
fn001147_sentence-76.wav,3.801,3.831,0.03,h,s,a,N00647_male_72,False,o,h
fn001147_sentence-80.wav,2.729,2.759,0.03,h,t,E,N00647_male_72,False,o,h
fn001147_sentence-85.wav,2.603,2.644,0.041,h,n,Y,N00647_male_72,False,o,h
fn001147_sentence-91.wav,0.233,0.263,0.03,w,A+,t,N00647_male_72,False,o,ʋ
fn001193_sentence-1.wav,1.028,1.058,0.03,n,@,b,N00693_male_64,False,o,n
fn001193_sentence-10.wav,0.081,0.122,0.041,s,t,E+,N00693_male_64,False,o,s
fn001193_sentence-10.wav,5.424,5.454,0.03,r,@,t,N00693_male_64,False,o,r
fn001193_sentence-10.wav,0.182,0.213,0.031,n,E+,d,N00693_male_64,False,o,n
fn001193_sentence-10.wav,1.566,1.597,0.031,a,w,r,N00693_male_64,False,o,aː
fn001193_sentence-100.wav,0.202,0.243,0.041,r,f,A,N00693_male_64,False,o,r
fn001193_sentence-100.wav,0.748,0.779,0.031,r,@,m,N00693_male_64,False,o,r
fn001193_sentence-101.wav,2.126,2.156,0.03,h,m,E,N00693_male_64,False,o,h
fn001193_sentence-101.wav,5.301,5.331,0.03,r,@,z,N00693_male_64,False,o,r
fn001193_sentence-105.wav,3.526,3.557,0.031,h,l,e,N00693_male_64,False,o,h
fn001193_sentence-105.wav,0.101,0.142,0.041,h,k,A,N00693_male_64,False,o,h
fn001193_sentence-105.wav,2.423,2.453,0.03,n,E,r,N00693_male_64,False,o,n
fn001193_sentence-106.wav,0.112,0.143,0.031,k,r,w,N00693_male_64,False,o,k
fn001193_sentence-107.wav,1.663,1.693,0.03,r,@,z,N00693_male_64,False,o,r
fn001193_sentence-107.wav,0.202,0.242,0.04,a,m,n,N00693_male_64,False,o,aː
fn001193_sentence-107.wav,2.207,2.238,0.031,r,@,s,N00693_male_64,False,o,r
fn001193_sentence-107.wav,6.241,6.271,0.03,r,@,s,N00693_male_64,False,o,r
fn001193_sentence-108.wav,1.026,1.057,0.031,r,a,n,N00693_male_64,False,o,r
fn001193_sentence-108.wav,0.122,0.152,0.03,r,a,m,N00693_male_64,False,o,r
fn001193_sentence-110.wav,0.374,0.404,0.03,r,@,s,N00693_male_64,False,o,r
fn001193_sentence-110.wav,1.746,1.776,0.03,r,@,d,N00693_male_64,False,o,r
fn001193_sentence-110.wav,0.293,0.323,0.03,N,N,@,N00693_male_64,False,o,ŋ
fn001193_sentence-111.wav,1.79,1.821,0.031,r,a,n,N00693_male_64,False,o,r
fn001193_sentence-111.wav,0.911,0.941,0.03,r,a,m,N00693_male_64,False,o,r
fn001193_sentence-113.wav,1.043,1.074,0.031,r,@,m,N00693_male_64,False,o,r
fn001193_sentence-116.wav,0.102,0.133,0.031,r,@,a,N00693_male_64,False,o,r
fn001193_sentence-117.wav,0.242,0.273,0.031,r,y,d,N00693_male_64,False,o,r
fn001193_sentence-118.wav,5.823,5.863,0.04,r,@,v,N00693_male_64,False,o,r
fn001193_sentence-125.wav,4.566,4.596,0.03,r,@,v,N00693_male_64,False,o,r
fn001193_sentence-125.wav,5.101,5.131,0.03,j,i,o,N00693_male_64,False,o,j
fn001193_sentence-125.wav,4.344,4.384,0.04,d,@,Z,N00693_male_64,False,o,d
fn001193_sentence-129.wav,2.965,2.996,0.031,r,e,d,N00693_male_64,False,o,r
fn001193_sentence-129.wav,11.461,11.501,0.04,d,n,A,N00693_male_64,False,o,d
fn001193_sentence-134.wav,2.526,2.556,0.03,d,s,i,N00693_male_64,False,o,d
fn001193_sentence-135.wav,1.162,1.202,0.04,d,n,@,N00693_male_64,False,o,d
fn001193_sentence-137.wav,4.788,4.819,0.031,N,N,@,N00693_male_64,False,o,ŋ
fn001193_sentence-14.wav,0.65,0.681,0.031,N,N,@,N00693_male_64,False,o,ŋ
fn001193_sentence-18.wav,2.003,2.034,0.031,w,A+,x,N00693_male_64,False,o,ʋ
fn001193_sentence-2.wav,1.594,1.624,0.03,d,n,A,N00693_male_64,False,o,d
fn001193_sentence-22.wav,7.933,7.963,0.03,N,@,k,N00693_male_64,False,o,ŋ
fn001193_sentence-25.wav,3.362,3.402,0.04,h,@,E,N00693_male_64,False,o,h
fn001193_sentence-27.wav,0.162,0.192,0.03,h,k,E,N00693_male_64,False,o,h
fn001193_sentence-36.wav,0.143,0.174,0.031,h,k,A,N00693_male_64,False,o,h
fn001193_sentence-5.wav,0.061,0.092,0.031,h,@,E,N00693_male_64,False,o,h
fn001193_sentence-70.wav,2.464,2.504,0.04,Y,d,s,N00693_male_64,False,o,ʉ
fn001193_sentence-79.wav,0.061,0.092,0.031,Y,h,n,N00693_male_64,False,o,ʉ
fn001193_sentence-83.wav,1.502,1.543,0.041,Y,d,r,N00693_male_64,False,o,ʉ
fn001275_sentence-1.wav,0.724,0.754,0.03,e,m,n,N00632_female_66,False,o,eː
fn001275_sentence-12.wav,4.99,5.021,0.031,j,i,@,N00632_female_66,False,o,j
fn001275_sentence-13.wav,0.892,0.922,0.03,l,E,f,N00632_female_66,False,o,l
fn001275_sentence-16.wav,1.464,1.494,0.03,@,S,s,N00632_female_66,False,o,ə
fn001275_sentence-19.wav,2.904,2.944,0.04,w,r,E+,N00632_female_66,False,o,ʋ
fn001275_sentence-19.wav,2.873,2.904,0.031,r,E,w,N00632_female_66,False,o,r
fn001275_sentence-20.wav,0.727,0.758,0.031,h,t,E,N00632_female_66,False,o,h
fn001275_sentence-20.wav,1.225,1.255,0.03,@,j,t,N00632_female_66,False,o,ə
fn001275_sentence-21.wav,2.284,2.315,0.031,k,N,t,N00632_female_66,False,o,k
fn001275_sentence-21.wav,5.102,5.143,0.041,@,j,h,N00632_female_66,False,o,ə
fn001275_sentence-21.wav,1.125,1.155,0.03,d,n,@,N00632_female_66,False,o,d
fn001275_sentence-22.wav,0.131,0.161,0.03,l,A,s,N00632_female_66,False,o,l
fn001275_sentence-22.wav,4.332,4.362,0.03,j,i,@,N00632_female_66,False,o,j
fn001275_sentence-22.wav,3.494,3.524,0.03,l,O,x,N00632_female_66,False,o,l
fn001275_sentence-22.wav,5.743,5.773,0.03,l,A,s,N00632_female_66,False,o,l
fn001275_sentence-24.wav,2.01,2.04,0.03,d,a,@,N00632_female_66,False,o,d
fn001275_sentence-24.wav,2.091,2.121,0.03,r,@,E,N00632_female_66,False,o,r
fn001275_sentence-24.wav,0.304,0.334,0.03,r,a,m,N00632_female_66,False,o,r
fn001275_sentence-26.wav,0.35,0.38,0.03,d,a,@,N00632_female_66,False,o,d
fn001275_sentence-26.wav,1.573,1.603,0.03,r,@,l,N00632_female_66,False,o,r
fn001275_sentence-27.wav,8.632,8.663,0.031,r,@,l,N00632_female_66,False,o,r
fn001275_sentence-32.wav,0.323,0.364,0.041,Y,j,l,N00632_female_66,False,o,ʉ
fn001275_sentence-37.wav,0.302,0.333,0.031,r,a,w,N00632_female_66,False,o,r
fn001275_sentence-38.wav,3.807,3.837,0.03,r,a,o,N00632_female_66,False,o,r
fn001275_sentence-5.wav,2.791,2.822,0.031,b,n,E,N00632_female_66,False,o,b
fn001276_sentence-16.wav,1.473,1.503,0.03,w,A+,@,N00632_female_66,False,o,ʋ
fn001056_sentence-1.wav,0.441,0.482,0.041,n,@,d,N00556_female_51,False,o,n
fn001056_sentence-1.wav,3.069,3.1,0.031,o,t,r,N00556_female_51,False,o,oː
fn001056_sentence-1.wav,2.766,2.796,0.03,o,d,r,N00556_female_51,False,o,oː
fn001056_sentence-10.wav,5.067,5.097,0.03,O,t,p,N00556_female_51,False,o,ɔ
fn001056_sentence-10.wav,1.51,1.54,0.03,w,r,A,N00556_female_51,False,o,ʋ
fn001056_sentence-10.wav,4.681,4.701,0.02,@,@,t,N00556_female_51,False,o,ə
fn001056_sentence-103.wav,5.953,5.984,0.031,E+,m,n,N00556_female_51,False,o,ɛi
fn001056_sentence-103.wav,0.906,0.937,0.031,r,@,d,N00556_female_51,False,o,r
fn001056_sentence-103.wav,1.793,1.823,0.03,r,a,m,N00556_female_51,False,o,r
fn001056_sentence-103.wav,2.168,2.198,0.03,w,k,A,N00556_female_51,False,o,ʋ
fn001056_sentence-11.wav,0.386,0.417,0.031,w,r,A,N00556_female_51,False,o,ʋ
fn001056_sentence-12.wav,9.053,9.083,0.03,@,d,r,N00556_female_51,False,o,ə
fn001056_sentence-12.wav,10.329,10.359,0.03,@,v,r,N00556_female_51,False,o,ə
fn001056_sentence-12.wav,14.483,14.524,0.041,r,@,b,N00556_female_51,False,o,r
fn001056_sentence-12.wav,11.564,11.595,0.031,r,a,b,N00556_female_51,False,o,r
fn001056_sentence-12.wav,17.262,17.302,0.04,@,d,r,N00556_female_51,False,o,ə
fn001056_sentence-12.wav,2.442,2.483,0.041,E,m,r,N00556_female_51,False,o,ɛ
fn001056_sentence-12.wav,14.004,14.044,0.04,l,A,v,N00556_female_51,False,o,l
fn001056_sentence-12.wav,9.083,9.123,0.04,r,@,l,N00556_female_51,False,o,r
fn001056_sentence-12.wav,15.444,15.484,0.04,Y,t,s,N00556_female_51,False,o,ʉ
fn001056_sentence-12.wav,14.453,14.483,0.03,@,t,r,N00556_female_51,False,o,ə
fn001056_sentence-13.wav,3.61,3.641,0.031,@,d,x,N00556_female_51,False,o,ə
fn001056_sentence-13.wav,0.262,0.303,0.041,x,I,s,N00556_female_51,False,o,x
fn001056_sentence-13.wav,8.862,8.892,0.03,n,a,t,N00556_female_51,False,o,n
fn001056_sentence-13.wav,0.129,0.159,0.03,r,a,z,N00556_female_51,False,o,r
fn001056_sentence-14.wav,5.284,5.324,0.04,l,A,G,N00556_female_51,False,o,l
fn001056_sentence-14.wav,0.691,0.722,0.031,h,t,a,N00556_female_51,False,o,h
fn001056_sentence-14.wav,0.142,0.183,0.041,r,a,l,N00556_female_51,False,o,r
fn001056_sentence-15.wav,0.152,0.183,0.031,r,a,w,N00556_female_51,False,o,r
fn001056_sentence-15.wav,0.183,0.215,0.032,w,r,A,N00556_female_51,False,o,ʋ
fn001056_sentence-19.wav,6.826,6.856,0.03,r,E,d,N00556_female_51,False,o,r
fn001056_sentence-19.wav,5.664,5.694,0.03,l,A,s,N00556_female_51,False,o,l
fn001056_sentence-19.wav,2.013,2.044,0.031,r,@,w,N00556_female_51,False,o,r
fn001056_sentence-2.wav,1.293,1.324,0.031,I,@,n,N00556_female_51,False,o,ɪ
fn001056_sentence-2.wav,1.625,1.655,0.03,l,O,G,N00556_female_51,False,o,l
fn001056_sentence-24.wav,0.189,0.22,0.031,d,r,@,N00556_female_51,False,o,d
fn001056_sentence-27.wav,2.403,2.443,0.04,b,n,r,N00556_female_51,False,o,b
fn001056_sentence-3.wav,8.821,8.861,0.04,Y,t,s,N00556_female_51,False,o,ʉ
fn001056_sentence-3.wav,5.81,5.841,0.031,w,A+,d,N00556_female_51,False,o,ʋ
fn001056_sentence-39.wav,0.566,0.596,0.03,w,n,A,N00556_female_51,False,o,ʋ
fn001056_sentence-4.wav,18.603,18.643,0.04,w,A+,@,N00556_female_51,False,o,ʋ
fn001056_sentence-4.wav,8.462,8.492,0.03,w,t,A,N00556_female_51,False,o,ʋ
fn001056_sentence-41.wav,1.743,1.774,0.031,h,t,a,N00556_female_51,False,o,h
fn001056_sentence-44.wav,4.171,4.201,0.03,y,m,n,N00556_female_51,False,o,yː
fn001056_sentence-65.wav,8.884,8.924,0.04,w,A+,@,N00556_female_51,False,o,ʋ
fn001056_sentence-68.wav,3.402,3.443,0.041,w,r,@,N00556_female_51,False,o,ʋ
fn001056_sentence-79.wav,5.027,5.057,0.03,w,y,d,N00556_female_51,False,o,ʋ
fn001056_sentence-8.wav,1.569,1.599,0.03,j,i,Y,N00556_female_51,False,o,j
fn001056_sentence-80.wav,0.901,0.941,0.04,w,r,E+,N00556_female_51,False,o,ʋ
fn001056_sentence-84.wav,0.843,0.884,0.041,w,r,E+,N00556_female_51,False,o,ʋ
fn001056_sentence-90.wav,0.741,0.782,0.041,j,t,@,N00556_female_51,False,o,j
fn001110_sentence-27.wav,5.101,5.142,0.041,Y,r,G,N00556_female_51,False,o,ʉ
fn001306_sentence-1.wav,2.626,2.657,0.031,d,n,@,N00681_male_27,False,o,d
fn001306_sentence-10.wav,5.666,5.696,0.03,E,t,l,N00681_male_27,False,o,ɛ
fn001306_sentence-10.wav,5.909,5.939,0.03,r,a,t,N00681_male_27,False,o,r
fn001306_sentence-10.wav,5.149,5.179,0.03,@,t,r,N00681_male_27,False,o,ə
fn001306_sentence-10.wav,2.749,2.78,0.031,r,E,d,N00681_male_27,False,o,r
fn001306_sentence-10.wav,5.261,5.301,0.04,n,I,s,N00681_male_27,False,o,n
fn001306_sentence-10.wav,3.601,3.642,0.041,@,n,n,N00681_male_27,False,o,ə
fn001306_sentence-10.wav,0.285,0.316,0.031,d,r,@,N00681_male_27,False,o,d
fn001306_sentence-11.wav,0.061,0.092,0.031,@,j,b,N00681_male_27,False,o,ə
fn001306_sentence-12.wav,0.468,0.499,0.031,E+,z,n,N00681_male_27,False,o,ɛi
fn001306_sentence-13.wav,0.088,0.118,0.03,r,@,k,N00681_male_27,False,o,r
fn001306_sentence-18.wav,0.071,0.101,0.03,E+,z,n,N00681_male_27,False,o,ɛi
fn001306_sentence-18.wav,1.065,1.095,0.03,r,a,I,N00681_male_27,False,o,r
fn001306_sentence-19.wav,4.572,4.603,0.031,@,l,k,N00681_male_27,False,o,ə
fn001306_sentence-19.wav,4.724,4.754,0.03,r,@,v,N00681_male_27,False,o,r
fn001306_sentence-19.wav,2.669,2.7,0.031,@,j,b,N00681_male_27,False,o,ə
fn001306_sentence-19.wav,4.502,4.532,0.03,@,k,l,N00681_male_27,False,o,ə
fn001306_sentence-19.wav,0.223,0.264,0.041,m,r,@,N00681_male_27,False,o,m
fn001306_sentence-19.wav,0.193,0.223,0.03,r,A,m,N00681_male_27,False,o,r
fn001306_sentence-19.wav,4.886,4.916,0.03,h,r,E,N00681_male_27,False,o,h
fn001306_sentence-2.wav,1.869,1.899,0.03,r,@,E,N00681_male_27,False,o,r
fn001306_sentence-2.wav,1.322,1.363,0.041,@,m,r,N00681_male_27,False,o,ə
fn001306_sentence-2.wav,1.929,1.96,0.031,l,E,k,N00681_male_27,False,o,l
fn001306_sentence-21.wav,1.905,1.936,0.031,h,@,A,N00681_male_27,False,o,h
fn001306_sentence-21.wav,1.048,1.078,0.03,d,r,@,N00681_male_27,False,o,d
fn001306_sentence-23.wav,0.09,0.121,0.031,@,z,s,N00681_male_27,False,o,ə
fn001306_sentence-23.wav,0.827,0.857,0.03,@,v,r,N00681_male_27,False,o,ə
fn001306_sentence-23.wav,1.463,1.503,0.04,@,m,t,N00681_male_27,False,o,ə
fn001306_sentence-23.wav,1.321,1.352,0.031,@,k,O,N00681_male_27,False,o,ə
fn001306_sentence-24.wav,0.223,0.253,0.03,n,E,t,N00681_male_27,False,o,n
fn001306_sentence-24.wav,0.071,0.101,0.03,@,j,b,N00681_male_27,False,o,ə
fn001306_sentence-24.wav,0.101,0.142,0.041,b,@,E,N00681_male_27,False,o,b
fn001306_sentence-28.wav,0.624,0.654,0.03,@,d,x,N00681_male_27,False,o,ə
fn001306_sentence-28.wav,1.67,1.701,0.031,o,d,r,N00681_male_27,False,o,oː
fn001306_sentence-28.wav,3.788,3.818,0.03,d,r,@,N00681_male_27,False,o,d
fn001306_sentence-28.wav,2.362,2.402,0.04,w,n,e,N00681_male_27,False,o,ʋ
fn001306_sentence-28.wav,0.593,0.624,0.031,d,r,@,N00681_male_27,False,o,d
fn001306_sentence-28.wav,2.321,2.362,0.041,n,E,w,N00681_male_27,False,o,n
fn001306_sentence-29.wav,2.983,3.024,0.041,w,k,A,N00681_male_27,False,o,ʋ
fn001306_sentence-29.wav,2.769,2.799,0.03,r,a,d,N00681_male_27,False,o,r
fn001306_sentence-29.wav,5.145,5.175,0.03,@,t,r,N00681_male_27,False,o,ə
fn001306_sentence-29.wav,0.446,0.477,0.031,E,@,r,N00681_male_27,False,o,ɛ
fn001306_sentence-3.wav,3.55,3.581,0.031,d,n,@,N00681_male_27,False,o,d
fn001306_sentence-3.wav,3.914,3.944,0.03,@,l,s,N00681_male_27,False,o,ə
fn001306_sentence-30.wav,2.051,2.082,0.031,n,E+,@,N00681_male_27,False,o,n
fn001306_sentence-30.wav,1.483,1.513,0.03,r,@,z,N00681_male_27,False,o,r
fn001306_sentence-33.wav,5.664,5.695,0.031,r,@,O,N00681_male_27,False,o,r
fn001306_sentence-33.wav,5.633,5.664,0.031,@,v,r,N00681_male_27,False,o,ə
fn001306_sentence-33.wav,1.507,1.538,0.031,@,j,b,N00681_male_27,False,o,ə
fn001306_sentence-34.wav,0.964,1.004,0.04,@,t,k,N00681_male_27,False,o,ə
fn001306_sentence-34.wav,2.204,2.244,0.04,r,a,h,N00681_male_27,False,o,r
fn001306_sentence-34.wav,1.67,1.7,0.03,n,E,v,N00681_male_27,False,o,n
fn001306_sentence-34.wav,1.811,1.841,0.03,r,@,w,N00681_male_27,False,o,r
fn001306_sentence-35.wav,0.503,0.543,0.04,r,a,v,N00681_male_27,False,o,r
fn001306_sentence-35.wav,0.361,0.391,0.03,@,d,h,N00681_male_27,False,o,ə
fn001306_sentence-36.wav,0.093,0.124,0.031,w,t,A,N00681_male_27,False,o,ʋ
fn001306_sentence-37.wav,3.285,3.316,0.031,@,d,h,N00681_male_27,False,o,ə
fn001306_sentence-37.wav,0.563,0.604,0.041,l,k,O,N00681_male_27,False,o,l
fn001306_sentence-37.wav,1.363,1.393,0.03,@,n,n,N00681_male_27,False,o,ə
fn001306_sentence-37.wav,0.745,0.776,0.031,@,k,t,N00681_male_27,False,o,ə
fn001306_sentence-38.wav,1.409,1.439,0.03,@,r,v,N00681_male_27,False,o,ə
fn001306_sentence-38.wav,1.591,1.622,0.031,@,d,b,N00681_male_27,False,o,ə
fn001306_sentence-39.wav,2.33,2.361,0.031,@,v,r,N00681_male_27,False,o,ə
fn001306_sentence-39.wav,2.392,2.422,0.03,h,r,E,N00681_male_27,False,o,h
fn001306_sentence-39.wav,2.361,2.392,0.031,r,@,h,N00681_male_27,False,o,r
fn001306_sentence-42.wav,0.541,0.582,0.041,m,n,E,N00681_male_27,False,o,m
fn001306_sentence-46.wav,0.287,0.317,0.03,d,r,@,N00681_male_27,False,o,d
fn001306_sentence-46.wav,0.368,0.399,0.031,h,@,E,N00681_male_27,False,o,h
fn001306_sentence-47.wav,0.563,0.594,0.031,@,j,d,N00681_male_27,False,o,ə
fn001306_sentence-47.wav,0.522,0.563,0.041,j,x,@,N00681_male_27,False,o,j
fn001306_sentence-50.wav,1.072,1.102,0.03,@,d,d,N00681_male_27,False,o,ə
fn001306_sentence-50.wav,1.102,1.133,0.031,d,@,A,N00681_male_27,False,o,d
fn001306_sentence-51.wav,1.007,1.037,0.03,r,E,t,N00681_male_27,False,o,r
fn001306_sentence-52.wav,2.172,2.202,0.03,r,@,l,N00681_male_27,False,o,r
fn001306_sentence-52.wav,2.969,3.0,0.031,@,l,k,N00681_male_27,False,o,ə
fn001306_sentence-55.wav,2.234,2.264,0.03,l,A,s,N00681_male_27,False,o,l
fn001306_sentence-57.wav,3.224,3.255,0.031,d,n,2,N00681_male_27,False,o,d
fn001306_sentence-58.wav,0.088,0.119,0.031,b,@,E,N00681_male_27,False,o,b
fn001306_sentence-60.wav,0.123,0.154,0.031,l,A,I,N00681_male_27,False,o,l
fn001306_sentence-61.wav,0.433,0.464,0.031,l,@,G,N00681_male_27,False,o,l
fn001306_sentence-63.wav,0.463,0.494,0.031,w,A+,z,N00681_male_27,False,o,ʋ
fn001306_sentence-63.wav,1.205,1.235,0.03,d,r,@,N00681_male_27,False,o,d
fn001306_sentence-9.wav,6.741,6.771,0.03,h,n,y,N00681_male_27,False,o,h
fn001306_sentence-9.wav,6.67,6.7,0.03,Y,h,n,N00681_male_27,False,o,ʉ
fn001307_sentence-1.wav,2.123,2.164,0.041,b,o,E:,N00681_male_27,False,o,b
fn001307_sentence-10.wav,0.365,0.395,0.03,h,t,a,N00681_male_27,False,o,h
fn001307_sentence-10.wav,2.863,2.893,0.03,h,r,a,N00681_male_27,False,o,h
fn001307_sentence-10.wav,0.527,0.558,0.031,h,r,A,N00681_male_27,False,o,h
fn001307_sentence-104.wav,0.233,0.263,0.03,h,s,e,N00681_male_27,False,o,h
fn001307_sentence-116.wav,4.188,4.218,0.03,w,A+,d,N00681_male_27,False,o,ʋ
fn001307_sentence-117.wav,0.77,0.801,0.031,b,E,@,N00681_male_27,False,o,b
fn001307_sentence-118.wav,2.442,2.483,0.041,w,k,E,N00681_male_27,False,o,ʋ
fn001307_sentence-120.wav,1.346,1.377,0.031,h,@,A,N00681_male_27,False,o,h
fn001307_sentence-120.wav,0.061,0.091,0.03,h,@,E,N00681_male_27,False,o,h
fn001307_sentence-122.wav,0.182,0.213,0.031,w,@,@,N00681_male_27,False,o,ʋ
fn001307_sentence-129.wav,0.112,0.142,0.03,h,t,E,N00681_male_27,False,o,h
fn001307_sentence-15.wav,0.143,0.174,0.031,w,@,I,N00681_male_27,False,o,ʋ
fn001307_sentence-20.wav,0.349,0.38,0.031,w,@,A,N00681_male_27,False,o,ʋ
fn001307_sentence-26.wav,0.243,0.273,0.03,w,A+,j,N00681_male_27,False,o,ʋ
fn001307_sentence-29.wav,2.933,2.964,0.031,w,n,@,N00681_male_27,False,o,ʋ
fn001307_sentence-3.wav,0.57,0.6,0.03,w,t,E,N00681_male_27,False,o,ʋ
fn001307_sentence-31.wav,2.783,2.813,0.03,w,s,E,N00681_male_27,False,o,ʋ
fn001307_sentence-4.wav,3.209,3.24,0.031,w,A+,v,N00681_male_27,False,o,ʋ
fn001307_sentence-4.wav,0.112,0.142,0.03,w,t,A,N00681_male_27,False,o,ʋ
fn001307_sentence-4.wav,0.843,0.884,0.041,w,@,E,N00681_male_27,False,o,ʋ
fn001307_sentence-50.wav,1.323,1.353,0.03,w,t,A,N00681_male_27,False,o,ʋ
fn001307_sentence-52.wav,0.77,0.801,0.031,w,@,I,N00681_male_27,False,o,ʋ
fn001307_sentence-52.wav,0.507,0.537,0.03,w,l,A,N00681_male_27,False,o,ʋ
fn001307_sentence-63.wav,0.132,0.163,0.031,w,A+,j,N00681_male_27,False,o,ʋ
fn001307_sentence-69.wav,0.71,0.74,0.03,w,t,E,N00681_male_27,False,o,ʋ
fn001344_sentence-1.wav,1.001,1.041,0.04,w,k,A,N00731_female_44,False,o,ʋ
fn001344_sentence-1.wav,1.486,1.516,0.03,@,n,n,N00731_female_44,False,o,ə
fn001344_sentence-11.wav,0.748,0.779,0.031,@,d,l,N00731_female_44,False,o,ə
fn001344_sentence-12.wav,2.583,2.623,0.04,l,E+,i,N00731_female_44,False,o,l
fn001344_sentence-12.wav,7.384,7.415,0.031,@,v,r,N00731_female_44,False,o,ə
fn001344_sentence-12.wav,2.421,2.461,0.04,w,r,E+,N00731_female_44,False,o,ʋ
fn001344_sentence-13.wav,2.162,2.202,0.04,l,Y,d,N00731_female_44,False,o,l
fn001344_sentence-21.wav,0.047,0.077,0.03,@,d,x,N00731_female_44,False,o,ə
fn001344_sentence-23.wav,0.905,0.935,0.03,l,A,s,N00731_female_44,False,o,l
fn001344_sentence-24.wav,0.843,0.874,0.031,@,d,I,N00731_female_44,False,o,ə
fn001344_sentence-24.wav,0.701,0.732,0.031,@,m,l,N00731_female_44,False,o,ə
fn001344_sentence-25.wav,0.329,0.36,0.031,@,d,r,N00731_female_44,False,o,ə
fn001344_sentence-28.wav,0.442,0.483,0.041,h,w,I,N00731_female_44,False,o,h
fn001344_sentence-31.wav,1.174,1.204,0.03,r,o,m,N00731_female_44,False,o,r
fn001344_sentence-34.wav,0.721,0.762,0.041,d,n,@,N00731_female_44,False,o,d
fn001344_sentence-35.wav,2.006,2.036,0.03,j,t,@,N00731_female_44,False,o,j
fn001344_sentence-37.wav,0.061,0.102,0.041,O,n,x,N00731_female_44,False,o,ɔ
fn001344_sentence-4.wav,3.19,3.221,0.031,r,@,b,N00731_female_44,False,o,r
fn001344_sentence-41.wav,0.061,0.102,0.041,O,w,r,N00731_female_44,False,o,ɔ
fn001344_sentence-42.wav,2.422,2.463,0.041,r,a,O,N00731_female_44,False,o,r
fn001344_sentence-45.wav,0.309,0.34,0.031,r,@,v,N00731_female_44,False,o,r
fn001344_sentence-45.wav,0.423,0.464,0.041,r,@,l,N00731_female_44,False,o,r
fn001344_sentence-46.wav,2.202,2.232,0.03,r,@,v,N00731_female_44,False,o,r
fn001344_sentence-46.wav,2.324,2.354,0.03,r,@,l,N00731_female_44,False,o,r
fn001344_sentence-47.wav,0.327,0.357,0.03,w,k,A,N00731_female_44,False,o,ʋ
fn001344_sentence-48.wav,1.772,1.802,0.03,r,o,d,N00731_female_44,False,o,r
fn001344_sentence-49.wav,2.613,2.643,0.03,r,n,O,N00731_female_44,False,o,r
fn001344_sentence-52.wav,4.004,4.034,0.03,r,o,m,N00731_female_44,False,o,r
fn001344_sentence-52.wav,0.968,0.998,0.03,r,a,t,N00731_female_44,False,o,r
fn001344_sentence-52.wav,2.828,2.858,0.03,w,n,@,N00731_female_44,False,o,ʋ
fn001344_sentence-52.wav,1.282,1.322,0.04,r,a,b,N00731_female_44,False,o,r
fn001344_sentence-55.wav,0.526,0.556,0.03,d,n,@,N00731_female_44,False,o,d
fn001344_sentence-58.wav,0.545,0.575,0.03,r,@,z,N00731_female_44,False,o,r
fn001344_sentence-59.wav,3.243,3.273,0.03,d,e,i,N00731_female_44,False,o,d
fn001344_sentence-6.wav,0.606,0.637,0.031,w,A+,h,N00731_female_44,False,o,ʋ
fn001344_sentence-6.wav,6.014,6.044,0.03,w,A+,d,N00731_female_44,False,o,ʋ
fn001344_sentence-60.wav,2.067,2.097,0.03,l,@,@,N00731_female_44,False,o,l
fn001344_sentence-66.wav,1.721,1.751,0.03,d,r,@,N00731_female_44,False,o,d
fn001344_sentence-67.wav,0.547,0.577,0.03,w,r,I,N00731_female_44,False,o,ʋ
fn001344_sentence-67.wav,1.184,1.214,0.03,d,r,@,N00731_female_44,False,o,d
fn001344_sentence-74.wav,0.347,0.377,0.03,w,A+,l,N00731_female_44,False,o,ʋ
fn001344_sentence-77.wav,0.622,0.662,0.04,d,n,@,N00731_female_44,False,o,d
fn001345_sentence-104.wav,5.242,5.283,0.041,d,n,@,N00731_female_44,False,o,d
fn001345_sentence-42.wav,0.152,0.182,0.03,w,A+,v,N00731_female_44,False,o,ʋ
fn001345_sentence-46.wav,0.631,0.662,0.031,w,k,E,N00731_female_44,False,o,ʋ
fn001345_sentence-5.wav,4.607,4.637,0.03,w,A+,@,N00731_female_44,False,o,ʋ
fn001345_sentence-56.wav,3.928,3.958,0.03,w,@,I,N00731_female_44,False,o,ʋ
fn001212_sentence-10.wav,3.81,3.841,0.031,d,n,@,N00596_male_31,False,o,d
fn001212_sentence-12.wav,2.601,2.642,0.041,b,n,A,N00596_male_31,False,o,b
fn001212_sentence-13.wav,4.766,4.796,0.03,d,n,@,N00596_male_31,False,o,d
fn001212_sentence-14.wav,1.223,1.254,0.031,A+,z,w,N00596_male_31,False,o,ɑu
fn001212_sentence-19.wav,5.31,5.341,0.031,w,k,A,N00596_male_31,False,o,ʋ
fn001212_sentence-22.wav,0.901,0.931,0.03,h,@,u,N00596_male_31,False,o,h
fn001212_sentence-25.wav,2.491,2.521,0.03,w,y,v,N00596_male_31,False,o,ʋ
fn001212_sentence-5.wav,7.623,7.663,0.04,h,l,i,N00596_male_31,False,o,h
fn001212_sentence-6.wav,4.723,4.764,0.041,N,I,k,N00596_male_31,False,o,ŋ
fn001212_sentence-62.wav,0.162,0.202,0.04,w,r,E,N00596_male_31,False,o,ʋ
fn001212_sentence-62.wav,5.601,5.642,0.041,N,I,h,N00596_male_31,False,o,ŋ
fn001212_sentence-7.wav,0.123,0.154,0.031,w,t,A,N00596_male_31,False,o,ʋ
fn001213_sentence-100.wav,1.105,1.135,0.03,N,I,n,N00596_male_31,False,o,ŋ
fn001213_sentence-100.wav,0.821,0.862,0.041,w,r,o,N00596_male_31,False,o,ʋ
fn001213_sentence-103.wav,0.991,1.021,0.03,w,r,E,N00596_male_31,False,o,ʋ
fn001213_sentence-109.wav,1.61,1.64,0.03,w,f,@,N00596_male_31,False,o,ʋ
fn001213_sentence-111.wav,4.303,4.334,0.031,w,A+,t,N00596_male_31,False,o,ʋ
fn001213_sentence-114.wav,2.684,2.714,0.03,N,I,n,N00596_male_31,False,o,ŋ
fn001213_sentence-27.wav,0.123,0.154,0.031,w,t,A,N00596_male_31,False,o,ʋ
fn001213_sentence-42.wav,0.561,0.601,0.04,w,t,A,N00596_male_31,False,o,ʋ
fn001213_sentence-55.wav,0.223,0.254,0.031,w,@,@,N00596_male_31,False,o,ʋ
fn001213_sentence-62.wav,0.608,0.639,0.031,w,k,a,N00596_male_31,False,o,ʋ
fn001213_sentence-63.wav,0.884,0.924,0.04,w,k,E,N00596_male_31,False,o,ʋ
fn001213_sentence-70.wav,4.941,4.971,0.03,N,I,O,N00596_male_31,False,o,ŋ
fn001213_sentence-71.wav,4.973,5.003,0.03,w,A+,h,N00596_male_31,False,o,ʋ
fn001213_sentence-93.wav,0.841,0.871,0.03,w,r,a,N00596_male_31,False,o,ʋ
fn001213_sentence-94.wav,1.202,1.233,0.031,Y,h,n,N00596_male_31,False,o,ʉ
fn001213_sentence-96.wav,5.31,5.34,0.03,Y,j,m,N00596_male_31,False,o,ʉ
fn001145_sentence-113.wav,0.384,0.424,0.04,w,t,E,N00645_male_70,False,o,ʋ
fn001145_sentence-66.wav,1.781,1.811,0.03,Y,j,m,N00645_male_70,False,o,ʉ
fn001540_sentence-11.wav,0.141,0.182,0.041,j,s,@,N00813_female_70,False,o,j
fn001540_sentence-24.wav,0.361,0.402,0.041,Y,h,n,N00813_female_70,False,o,ʉ
fn001540_sentence-29.wav,1.001,1.042,0.041,w,f,A,N00813_female_70,False,o,ʋ
fn001540_sentence-41.wav,1.914,1.944,0.03,Y,j,m,N00813_female_70,False,o,ʉ
fn001540_sentence-48.wav,0.121,0.151,0.03,w,t,O,N00813_female_70,False,o,ʋ
fn001541_sentence-105.wav,0.412,0.443,0.031,w,o,A,N00813_female_70,False,o,ʋ
fn001541_sentence-12.wav,1.763,1.793,0.03,w,A+,d,N00813_female_70,False,o,ʋ
fn001541_sentence-14.wav,1.33,1.36,0.03,w,A+,z,N00813_female_70,False,o,ʋ
fn001541_sentence-8.wav,4.081,4.112,0.031,w,n,i,N00813_female_70,False,o,ʋ
fn001541_sentence-8.wav,1.102,1.143,0.041,w,r,E,N00813_female_70,False,o,ʋ
fn001541_sentence-80.wav,0.121,0.152,0.031,w,o,A,N00813_female_70,False,o,ʋ
fn001541_sentence-91.wav,1.862,1.903,0.041,w,A+,v,N00813_female_70,False,o,ʋ
fn001350_sentence-10.wav,0.254,0.284,0.03,w,A+,j,N00734_male_55,False,o,ʋ
fn001350_sentence-56.wav,0.289,0.32,0.031,w,r,a,N00734_male_55,False,o,ʋ
fn001350_sentence-61.wav,1.07,1.1,0.03,w,A+,z,N00734_male_55,False,o,ʋ
fn001350_sentence-64.wav,2.162,2.203,0.041,Y,p,n,N00734_male_55,False,o,ʉ
fn001351_sentence-24.wav,4.342,4.373,0.031,w,A+,j,N00734_male_55,False,o,ʋ
fn001015_sentence-33.wav,0.101,0.131,0.03,w,o,A,N00511_female_61,False,o,ʋ
fn001015_sentence-34.wav,1.104,1.135,0.031,w,A+,b,N00511_female_61,False,o,ʋ
fn001015_sentence-36.wav,0.304,0.334,0.03,Y,z,l,N00511_female_61,False,o,ʉ
fn001016_sentence-11.wav,0.161,0.202,0.041,w,t,I,N00511_female_61,False,o,ʋ
fn001016_sentence-113.wav,3.361,3.402,0.041,w,d,I,N00511_female_61,False,o,ʋ
fn001016_sentence-158.wav,1.386,1.416,0.03,w,z,A,N00511_female_61,False,o,ʋ
fn001016_sentence-21.wav,0.122,0.163,0.041,w,t,O,N00511_female_61,False,o,ʋ
fn001016_sentence-225.wav,1.703,1.733,0.03,w,t,A,N00511_female_61,False,o,ʋ
fn001016_sentence-237.wav,3.303,3.344,0.041,w,d,I,N00511_female_61,False,o,ʋ
fn001360_sentence-17.wav,0.289,0.319,0.03,w,A+,l,N00735_male_42,False,o,ʋ
fn001360_sentence-18.wav,4.624,4.654,0.03,Y,h,n,N00735_male_42,False,o,ʉ
fn001360_sentence-43.wav,0.121,0.152,0.031,w,y,I,N00735_male_42,False,o,ʋ
fn001360_sentence-44.wav,2.33,2.361,0.031,w,A+,d,N00735_male_42,False,o,ʋ
fn001360_sentence-51.wav,0.061,0.101,0.04,Y,j,l,N00735_male_42,False,o,ʉ
fn001360_sentence-54.wav,1.146,1.176,0.03,w,A+,d,N00735_male_42,False,o,ʋ
fn001361_sentence-36.wav,4.021,4.051,0.03,Y,j,m,N00735_male_42,False,o,ʉ
fn001070_sentence-0.wav,0.102,0.143,0.041,w,@,e,N00531_male_45,False,o,ʋ
fn001070_sentence-1.wav,8.008,8.039,0.031,w,A+,v,N00531_male_45,False,o,ʋ
fn001070_sentence-13.wav,9.305,9.336,0.031,w,A+,d,N00531_male_45,False,o,ʋ
fn001070_sentence-3.wav,6.15,6.18,0.03,w,t,I,N00531_male_45,False,o,ʋ
fn001071_sentence-19.wav,4.53,4.561,0.031,w,A+,G,N00531_male_45,False,o,ʋ
fn001071_sentence-26.wav,1.024,1.064,0.04,Y,h,n,N00531_male_45,False,o,ʉ
fn001071_sentence-29.wav,1.613,1.643,0.03,w,A+,t,N00531_male_45,False,o,ʋ
fn001071_sentence-31.wav,5.924,5.955,0.031,Y,j,m,N00531_male_45,False,o,ʉ
fn001101_sentence-1.wav,2.59,2.62,0.03,w,r,e,N00558_female_35,False,o,ʋ
fn001101_sentence-10.wav,2.768,2.799,0.031,w,@,r,N00558_female_35,False,o,ʋ
fn001101_sentence-4.wav,5.409,5.439,0.03,w,u,E,N00558_female_35,False,o,ʋ
fn001102_sentence-1.wav,2.882,2.922,0.04,Y,h,n,N00558_female_35,False,o,ʉ
fn001102_sentence-1.wav,4.186,4.218,0.032,Y,h,n,N00558_female_35,False,o,ʉ
fn001132_sentence-102.wav,1.811,1.841,0.03,Y,h,n,N00577_female_30,False,o,ʉ
fn001132_sentence-102.wav,0.264,0.304,0.04,Y,m,t,N00577_female_30,False,o,ʉ
fn001132_sentence-118.wav,0.428,0.459,0.031,Y,j,l,N00577_female_30,False,o,ʉ
fn001132_sentence-134.wav,0.366,0.397,0.031,Y,j,l,N00577_female_30,False,o,ʉ
fn001355_sentence-0.wav,6.083,6.114,0.031,Y,h,n,N00704_male_69,False,o,ʉ
fn001355_sentence-38.wav,0.444,0.484,0.04,Y,t,k,N00704_male_69,False,o,ʉ
fn001544_sentence-17.wav,3.462,3.492,0.03,Y,z,l,N00815_male_60,False,o,ʉ
fn001279_sentence-7.wav,5.882,5.923,0.041,Y,z,l,N00636_female_55,False,o,ʉ
fn001280_sentence-32.wav,1.533,1.563,0.03,Y,k,l,N00636_female_55,False,o,ʉ
fn001436_sentence-25.wav,0.081,0.121,0.04,Y,t,s,N00745_male_65,False,o,ʉ
fn001436_sentence-4.wav,0.046,0.077,0.031,Y,t,s,N00745_male_65,False,o,ʉ
fn001436_sentence-6.wav,0.061,0.102,0.041,Y,t,s,N00745_male_65,False,o,ʉ
fn001437_sentence-14.wav,0.071,0.101,0.03,Y,t,s,N00745_male_65,False,o,ʉ
fn001437_sentence-15.wav,3.922,3.952,0.03,Y,z,l,N00745_male_65,False,o,ʉ
fn001437_sentence-15.wav,4.465,4.495,0.03,Y,h,n,N00745_male_65,False,o,ʉ
fn001437_sentence-6.wav,11.761,11.802,0.041,Y,t,s,N00745_male_65,False,o,ʉ
fn001437_sentence-72.wav,6.841,6.882,0.041,Y,t,s,N00745_male_65,False,o,ʉ
fn001086_sentence-100.wav,3.924,3.964,0.04,Y,r,x,N00586_male_55,False,o,ʉ
fn001134_sentence-20.wav,3.904,3.944,0.04,Y,t,s,N00634_female_33,False,o,ʉ
fn001134_sentence-33.wav,10.763,10.804,0.041,Y,h,n,N00634_female_33,False,o,ʉ
fn001125_sentence-107.wav,2.273,2.303,0.03,Y,j,m,N00572_female_57,False,o,ʉ
fn001139_sentence-44.wav,6.213,6.244,0.031,Y,h,n,N00639_female_34,False,o,ʉ
