audio_filename,start_time,end_time,duration,phoneme,previous_phoneme,next_phoneme,speaker_id,overlap,comp,ipa_phoneme
fn001155_sentence-1.wav,0.661,0.814,0.153,l,e,@,N00583_female_60,False,o,l
fn001155_sentence-1.wav,5.257,5.379,0.122,m,O,EOS,N00583_female_60,False,o,m
fn001155_sentence-1.wav,3.894,3.995,0.101,@,v,r,N00583_female_60,False,o,ə
fn001155_sentence-10.wav,13.757,13.858,0.101,@,n,d,N00583_female_60,False,o,ə
fn001155_sentence-10.wav,13.635,13.757,0.122,n,I,@,N00583_female_60,False,o,n
fn001155_sentence-10.wav,0.345,0.467,0.122,p,o,@,N00583_female_60,False,o,p
fn001155_sentence-10.wav,1.685,1.847,0.162,x,@,x,N00583_female_60,False,o,x
fn001155_sentence-10.wav,5.203,5.314,0.111,r,O,m,N00583_female_60,False,o,r
fn001155_sentence-10.wav,1.188,1.299,0.111,d,l,r,N00583_female_60,False,o,d
fn001155_sentence-10.wav,0.528,0.761,0.233,x,@,d,N00583_female_60,False,o,x
fn001155_sentence-11.wav,0.0,0.101,0.101,r,SOS,e,N00583_female_60,False,o,r
fn001155_sentence-11.wav,1.851,2.023,0.172,t,E+,O,N00583_female_60,False,o,t
fn001155_sentence-13.wav,0.94,1.122,0.182,v,e,Y+,N00583_female_60,False,o,v
fn001155_sentence-13.wav,0.445,0.566,0.121,m,E,m,N00583_female_60,False,o,m
fn001155_sentence-13.wav,0.445,0.566,0.121,m,m,E,N00583_female_60,False,o,m
fn001155_sentence-13.wav,2.355,2.537,0.182,t,s,EOS,N00583_female_60,False,o,t
fn001155_sentence-14.wav,0.122,0.305,0.183,i,r,v,N00583_female_60,False,o,iː
fn001155_sentence-14.wav,0.723,0.957,0.234,i,v,r,N00583_female_60,False,o,iː
fn001155_sentence-15.wav,1.472,1.603,0.131,p,r,@,N00583_female_60,False,o,p
fn001155_sentence-15.wav,3.426,3.538,0.112,@,n,r,N00583_female_60,False,o,ə
fn001155_sentence-15.wav,1.351,1.472,0.121,r,O,p,N00583_female_60,False,o,r
fn001155_sentence-16.wav,4.287,4.449,0.162,l,o,e,N00583_female_60,False,o,l
fn001155_sentence-16.wav,0.0,0.098,0.098,r,SOS,e,N00583_female_60,False,o,r
fn001155_sentence-16.wav,3.694,3.816,0.122,v,m,A,N00583_female_60,False,o,v
fn001155_sentence-16.wav,2.881,3.033,0.152,N,I,m,N00583_female_60,False,o,ŋ
fn001155_sentence-16.wav,4.651,4.792,0.141,k,e,A,N00583_female_60,False,o,k
fn001155_sentence-19.wav,1.603,1.715,0.112,@,G,r,N00583_female_60,False,o,ə
fn001155_sentence-19.wav,1.897,2.028,0.131,N,A,I,N00583_female_60,False,o,ŋ
fn001155_sentence-19.wav,2.028,2.159,0.131,I,N,n,N00583_female_60,False,o,ɪ
fn001155_sentence-20.wav,3.806,3.958,0.152,v,n,I,N00583_female_60,False,o,v
fn001155_sentence-22.wav,1.56,1.682,0.122,w,@,a,N00583_female_60,False,o,ʋ
fn001155_sentence-24.wav,3.53,3.651,0.121,m,k,a,N00583_female_60,False,o,m
fn001155_sentence-24.wav,7.545,7.687,0.142,m,m,a,N00583_female_60,False,o,m
fn001155_sentence-24.wav,7.545,7.687,0.142,m,E,m,N00583_female_60,False,o,m
fn001155_sentence-28.wav,0.364,0.495,0.131,v,E+,E,N00583_female_60,False,o,v
fn001155_sentence-28.wav,4.024,4.134,0.11,I,r,n,N00583_female_60,False,o,ɪ
fn001155_sentence-29.wav,7.058,7.179,0.121,r,O,m,N00583_female_60,False,o,r
fn001155_sentence-3.wav,0.492,0.654,0.162,d,@,@,N00583_female_60,False,o,d
fn001155_sentence-3.wav,3.898,3.999,0.101,d,n,@,N00583_female_60,False,o,d
fn001155_sentence-41.wav,0.545,0.687,0.142,b,g,Y+,N00583_female_60,False,o,b
fn001158_sentence-108.wav,4.201,4.332,0.131,N,r,@,N00583_female_60,False,o,ŋ
fn001158_sentence-111.wav,1.131,1.259,0.128,w,a,a,N00583_female_60,False,o,ʋ
fn001158_sentence-111.wav,2.92,3.021,0.101,w,@,e,N00583_female_60,False,o,ʋ
fn001158_sentence-13.wav,0.199,0.418,0.219,y,n,w,N00583_female_60,False,o,yː
fn001158_sentence-16.wav,4.963,5.054,0.091,w,E+,I,N00583_female_60,False,o,ʋ
fn001158_sentence-38.wav,0.862,0.995,0.133,N,I,v,N00583_female_60,False,o,ŋ
fn001017_sentence-0.wav,2.391,2.542,0.151,k,r,EOS,N00512_female_41,False,o,k
fn001017_sentence-1.wav,1.14,1.242,0.102,@,t,d,N00512_female_41,False,o,ə
fn001017_sentence-10.wav,3.535,3.636,0.101,r,@,o,N00512_female_41,False,o,r
fn001017_sentence-10.wav,7.935,8.149,0.214,y,t,r,N00512_female_41,False,o,yː
fn001017_sentence-10.wav,5.844,5.966,0.122,I,n,n,N00512_female_41,False,o,ɪ
fn001017_sentence-10.wav,3.829,3.951,0.122,m,o,@,N00512_female_41,False,o,m
fn001017_sentence-10.wav,4.763,4.935,0.172,i,r,s,N00512_female_41,False,o,iː
fn001017_sentence-14.wav,4.365,4.527,0.162,i,r,A+,N00512_female_41,False,o,iː
fn001017_sentence-14.wav,2.347,2.455,0.108,I,t,s,N00512_female_41,False,o,ɪ
fn001017_sentence-15.wav,0.426,0.548,0.122,n,I,v,N00512_female_41,False,o,n
fn001017_sentence-18.wav,2.732,2.883,0.151,x,A,EOS,N00512_female_41,False,o,x
fn001017_sentence-21.wav,2.209,2.32,0.111,@,s,d,N00512_female_41,False,o,ə
fn001017_sentence-22.wav,3.728,3.971,0.243,m,O,2,N00512_female_41,False,o,m
fn001017_sentence-23.wav,5.457,5.618,0.161,x,@,r,N00512_female_41,False,o,x
fn001017_sentence-23.wav,5.102,5.224,0.122,m,O,a,N00512_female_41,False,o,m
fn001017_sentence-26.wav,0.852,0.976,0.124,m,Y,@,N00512_female_41,False,o,m
fn001017_sentence-26.wav,0.616,0.852,0.236,Y,a,m,N00512_female_41,False,o,ʉ
fn001017_sentence-28.wav,2.673,2.795,0.122,p,u,@,N00512_female_41,False,o,p
fn001017_sentence-9.wav,4.525,4.626,0.101,w,e,I,N00512_female_41,False,o,ʋ
fn001017_sentence-9.wav,3.302,3.403,0.101,d,@,O,N00512_female_41,False,o,d
fn001019_sentence-14.wav,0.769,0.953,0.184,f,l,EOS,N00512_female_41,False,o,f
fn001019_sentence-16.wav,2.222,2.444,0.222,f,A,b,N00512_female_41,False,o,f
fn001019_sentence-16.wav,8.036,8.148,0.112,h,n,o,N00512_female_41,False,o,h
fn001019_sentence-35.wav,4.582,4.695,0.113,w,e,n,N00512_female_41,False,o,ʋ
fn001019_sentence-37.wav,7.353,7.454,0.101,w,e,@,N00512_female_41,False,o,ʋ
fn001019_sentence-38.wav,2.565,2.899,0.334,h,n,a,N00512_female_41,False,o,h
fn001019_sentence-40.wav,1.807,1.898,0.091,w,e,z,N00512_female_41,False,o,ʋ
fn001019_sentence-44.wav,0.746,0.848,0.102,w,e,z,N00512_female_41,False,o,ʋ
fn001019_sentence-45.wav,0.795,0.887,0.092,w,e,z,N00512_female_41,False,o,ʋ
fn001019_sentence-45.wav,4.626,4.757,0.131,h,n,a,N00512_female_41,False,o,h
fn001019_sentence-48.wav,10.816,10.947,0.131,h,k,E+,N00512_female_41,False,o,h
fn001721_sentence-0.wav,1.262,1.399,0.137,@,d,E,N02005_female_39,False,k,ə
fn001721_sentence-1.wav,0.172,0.314,0.142,E,m,l,N02005_female_39,False,k,ɛ
fn001721_sentence-2.wav,1.449,1.56,0.111,I,z,x,N02005_female_39,False,k,ɪ
fn001721_sentence-3.wav,0.979,1.15,0.171,u,t,O,N02005_female_39,False,k,uː
fn001721_sentence-5.wav,0.94,1.051,0.111,n,n,i,N02005_female_39,False,k,n
fn001721_sentence-5.wav,0.94,1.051,0.111,n,A,n,N02005_female_39,False,k,n
fn001722_sentence-0.wav,1.915,2.015,0.1,@,t,r,N02005_female_39,False,k,ə
fn001722_sentence-0.wav,1.323,1.44,0.117,I,@,N,N02005_female_39,False,k,ɪ
fn001722_sentence-0.wav,6.373,6.474,0.101,@,G,EOS,N02005_female_39,False,k,ə
fn001722_sentence-0.wav,5.303,5.414,0.111,n,r,h,N02005_female_39,False,k,n
fn001722_sentence-0.wav,2.53,2.641,0.111,I,@,n,N02005_female_39,False,k,ɪ
fn001722_sentence-0.wav,2.369,2.48,0.111,r,@,@,N02005_female_39,False,k,r
fn001722_sentence-0.wav,4.686,4.808,0.122,@,l,a,N02005_female_39,False,k,ə
fn001722_sentence-3.wav,0.747,0.869,0.122,n,A,b,N02005_female_39,False,k,n
fn001723_sentence-0.wav,1.311,1.422,0.111,r,v,E+,N02005_female_39,False,k,r
fn001723_sentence-0.wav,2.302,2.417,0.115,m,t,a,N02005_female_39,False,k,m
fn001723_sentence-1.wav,1.18,1.29,0.11,d,i,o,N02005_female_39,False,k,d
fn001723_sentence-2.wav,0.651,0.773,0.122,I,@,N,N02005_female_39,False,k,ɪ
fn001724_sentence-0.wav,4.118,4.229,0.111,I,r,s,N02005_female_39,False,k,ɪ
fn001725_sentence-0.wav,1.078,1.189,0.111,I,t,s,N02005_female_39,False,k,ɪ
fn001725_sentence-0.wav,1.621,1.722,0.101,@,s,l,N02005_female_39,False,k,ə
fn001726_sentence-0.wav,0.456,0.627,0.171,@,d,E,N02005_female_39,False,k,ə
fn001727_sentence-0.wav,1.723,1.839,0.116,@,t,r,N02005_female_39,False,k,ə
fn001727_sentence-0.wav,1.154,1.259,0.105,I,@,N,N02005_female_39,False,k,ɪ
fn001727_sentence-0.wav,2.841,2.943,0.102,w,y,@,N02005_female_39,False,k,ʋ
fn001728_sentence-0.wav,3.604,3.726,0.122,p,l,E,N02005_female_39,False,k,p
fn001729_sentence-1.wav,1.412,1.533,0.121,p,r,a,N02005_female_39,False,k,p
fn001730_sentence-2.wav,1.461,1.552,0.091,w,n,E,N02005_female_39,False,k,ʋ
fn001730_sentence-2.wav,0.344,0.476,0.132,N,I,E+,N02005_female_39,False,k,ŋ
fn001741_sentence-0.wav,1.319,1.41,0.091,w,y,a,N02005_female_39,False,k,ʋ
fn001748_sentence-3.wav,0.143,0.236,0.093,w,v,i,N02005_female_39,False,k,ʋ
fn001829_sentence-2.wav,1.814,1.915,0.101,w,y,a,N02005_female_39,False,k,ʋ
fn001494_sentence-0.wav,0.262,0.409,0.147,n,e,EOS,N00789_female_54,False,o,n
fn001494_sentence-0.wav,0.0,0.262,0.262,e,SOS,n,N00789_female_54,False,o,eː
fn001494_sentence-1.wav,0.779,0.921,0.142,r,e,k,N00789_female_54,False,o,r
fn001494_sentence-1.wav,1.902,2.074,0.172,@,j,EOS,N00789_female_54,False,o,ə
fn001494_sentence-10.wav,5.097,5.309,0.212,s,@,EOS,N00789_female_54,False,o,s
fn001494_sentence-10.wav,3.176,3.318,0.142,t,r,m,N00789_female_54,False,o,t
fn001494_sentence-10.wav,4.125,4.226,0.101,d,r,A,N00789_female_54,False,o,d
fn001494_sentence-10.wav,4.813,4.945,0.132,A,k,l,N00789_female_54,False,o,ɑ
fn001494_sentence-11.wav,3.116,3.309,0.193,f,A,EOS,N00789_female_54,False,o,f
fn001494_sentence-11.wav,0.279,0.425,0.146,E,@,r,N00789_female_54,False,o,ɛ
fn001494_sentence-11.wav,2.949,3.116,0.167,A,l,f,N00789_female_54,False,o,ɑ
fn001494_sentence-11.wav,0.587,0.78,0.193,@,v,v,N00789_female_54,False,o,ə
fn001494_sentence-11.wav,0.425,0.527,0.102,r,E,v,N00789_female_54,False,o,r
fn001494_sentence-12.wav,1.177,1.3,0.123,d,t,A,N00789_female_54,False,o,d
fn001494_sentence-12.wav,0.78,0.904,0.124,t,x,d,N00789_female_54,False,o,t
fn001494_sentence-13.wav,2.177,2.339,0.162,k,r,o,N00789_female_54,False,o,k
fn001494_sentence-13.wav,1.341,1.473,0.132,n,A,w,N00789_female_54,False,o,n
fn001494_sentence-13.wav,3.241,3.382,0.141,x,@,EOS,N00789_female_54,False,o,x
fn001494_sentence-14.wav,4.522,4.633,0.111,n,E+,v,N00789_female_54,False,o,n
fn001494_sentence-14.wav,1.211,1.403,0.192,i,b,r,N00789_female_54,False,o,iː
fn001494_sentence-14.wav,5.42,5.541,0.121,n,@,i,N00789_female_54,False,o,n
fn001494_sentence-15.wav,4.435,4.616,0.181,i,p,r,N00789_female_54,False,o,iː
fn001494_sentence-15.wav,0.208,0.37,0.162,E,m,l,N00789_female_54,False,o,ɛ
fn001494_sentence-15.wav,1.966,2.138,0.172,@,n,E,N00789_female_54,False,o,ə
fn001494_sentence-16.wav,2.414,2.555,0.141,t,o,a,N00789_female_54,False,o,t
fn001494_sentence-16.wav,1.129,1.302,0.173,E,r,l,N00789_female_54,False,o,ɛ
fn001494_sentence-16.wav,0.631,0.773,0.142,@,t,v,N00789_female_54,False,o,ə
fn001494_sentence-17.wav,0.0,0.122,0.122,n,SOS,i,N00789_female_54,False,o,n
fn001494_sentence-17.wav,1.3,1.473,0.173,n,i,E,N00789_female_54,False,o,n
fn001494_sentence-17.wav,5.366,5.529,0.163,@,G,EOS,N00789_female_54,False,o,ə
fn001494_sentence-17.wav,4.197,4.359,0.162,N,I,O,N00789_female_54,False,o,ŋ
fn001494_sentence-18.wav,2.762,2.964,0.202,t,i,e,N00789_female_54,False,o,t
fn001494_sentence-18.wav,1.243,1.375,0.132,l,@,E,N00789_female_54,False,o,l
fn001494_sentence-19.wav,3.859,3.97,0.111,h,@,a,N00789_female_54,False,o,h
fn001494_sentence-19.wav,5.493,5.635,0.142,n,A,O,N00789_female_54,False,o,n
fn001494_sentence-2.wav,7.083,7.305,0.222,s,@,s,N00789_female_54,False,o,s
fn001494_sentence-2.wav,4.333,4.444,0.111,I,p,N,N00789_female_54,False,o,ɪ
fn001494_sentence-2.wav,4.444,4.575,0.131,N,I,v,N00789_female_54,False,o,ŋ
fn001494_sentence-2.wav,7.083,7.305,0.222,s,s,l,N00789_female_54,False,o,s
fn001494_sentence-2.wav,13.207,13.309,0.102,d,r,e,N00789_female_54,False,o,d
fn001494_sentence-2.wav,3.949,4.1,0.151,k,r,o,N00789_female_54,False,o,k
fn001494_sentence-20.wav,1.991,2.092,0.101,r,t,E+,N00789_female_54,False,o,r
fn001494_sentence-20.wav,0.0,0.151,0.151,n,SOS,i,N00789_female_54,False,o,n
fn001494_sentence-21.wav,3.959,4.122,0.163,k,r,@,N00789_female_54,False,o,k
fn001494_sentence-21.wav,1.806,1.948,0.142,k,r,o,N00789_female_54,False,o,k
fn001494_sentence-21.wav,0.939,1.07,0.131,r,s,a,N00789_female_54,False,o,r
fn001494_sentence-21.wav,5.748,5.87,0.122,n,A,n,N00789_female_54,False,o,n
fn001494_sentence-21.wav,2.573,2.714,0.141,f,A,E,N00789_female_54,False,o,f
fn001494_sentence-23.wav,1.001,1.124,0.123,l,@,z,N00789_female_54,False,o,l
fn001494_sentence-24.wav,0.897,1.019,0.122,l,e,m,N00789_female_54,False,o,l
fn001494_sentence-25.wav,0.0,0.121,0.121,I,SOS,N,N00789_female_54,False,o,ɪ
fn001494_sentence-26.wav,0.0,0.113,0.113,w,SOS,i,N00789_female_54,False,o,ʋ
fn001494_sentence-27.wav,2.81,2.933,0.123,N,I,EOS,N00789_female_54,False,o,ŋ
fn001494_sentence-32.wav,0.0,0.093,0.093,w,SOS,i,N00789_female_54,False,o,ʋ
fn001494_sentence-33.wav,2.898,3.021,0.123,N,I,EOS,N00789_female_54,False,o,ŋ
fn001494_sentence-4.wav,3.182,3.475,0.293,A+,t,d,N00789_female_54,False,o,ɑu
fn001494_sentence-40.wav,0.936,1.058,0.122,I,t,l,N00789_female_54,False,o,ɪ
fn001494_sentence-43.wav,3.235,3.378,0.143,N,I,EOS,N00789_female_54,False,o,ŋ
fn001494_sentence-49.wav,0.663,0.806,0.143,N,I,k,N00789_female_54,False,o,ŋ
fn001494_sentence-49.wav,0.551,0.663,0.112,I,l,N,N00789_female_54,False,o,ɪ
fn001494_sentence-5.wav,0.905,1.057,0.152,j,t,@,N00789_female_54,False,o,j
fn001494_sentence-50.wav,0.832,0.954,0.122,Y,x,l,N00789_female_54,False,o,ʉ
fn001494_sentence-54.wav,0.0,0.101,0.101,w,SOS,i,N00789_female_54,False,o,ʋ
fn001494_sentence-55.wav,1.392,1.504,0.112,I,z,x,N00789_female_54,False,o,ɪ
fn001494_sentence-67.wav,1.58,1.681,0.101,w,t,E,N00789_female_54,False,o,ʋ
fn001494_sentence-68.wav,5.693,5.807,0.114,h,E+,E+,N00789_female_54,False,o,h
fn001494_sentence-69.wav,0.603,0.777,0.174,u,b,r,N00789_female_54,False,o,uː
fn001494_sentence-70.wav,5.219,5.33,0.111,w,m,E,N00789_female_54,False,o,ʋ
fn001494_sentence-71.wav,3.418,3.632,0.214,u,b,r,N00789_female_54,False,o,uː
fn001038_sentence-0.wav,0.174,0.378,0.204,n,e,EOS,N00538_male_76,False,o,n
fn001038_sentence-1.wav,0.457,0.659,0.202,n,A,m,N00538_male_76,False,o,n
fn001038_sentence-1.wav,1.186,1.349,0.163,i,r,EOS,N00538_male_76,False,o,iː
fn001038_sentence-1.wav,0.74,0.882,0.142,m,n,a,N00538_male_76,False,o,m
fn001038_sentence-1.wav,1.085,1.186,0.101,r,O,i,N00538_male_76,False,o,r
fn001038_sentence-10.wav,0.665,0.826,0.161,f,f,@,N00538_male_76,False,o,f
fn001038_sentence-10.wav,0.665,0.826,0.161,f,l,f,N00538_male_76,False,o,f
fn001038_sentence-10.wav,6.998,7.089,0.091,w,y,@,N00538_male_76,False,o,ʋ
fn001038_sentence-11.wav,0.689,0.801,0.112,n,a,I,N00538_male_76,False,o,n
fn001038_sentence-11.wav,1.206,1.348,0.142,I,n,n,N00538_male_76,False,o,ɪ
fn001038_sentence-11.wav,3.103,3.224,0.121,@,s,s,N00538_male_76,False,o,ə
fn001038_sentence-11.wav,6.437,6.558,0.121,p,O,I,N00538_male_76,False,o,p
fn001038_sentence-11.wav,6.982,7.103,0.121,l,2,d,N00538_male_76,False,o,l
fn001038_sentence-11.wav,9.281,9.402,0.121,I,m,n,N00538_male_76,False,o,ɪ
fn001038_sentence-11.wav,3.748,3.9,0.152,k,m,e,N00538_male_76,False,o,k
fn001038_sentence-12.wav,17.413,17.514,0.101,@,d,O,N00538_male_76,False,o,ə
fn001038_sentence-12.wav,9.244,9.356,0.112,h,l,E+,N00538_male_76,False,o,h
fn001038_sentence-12.wav,2.878,3.1,0.222,O,t,m,N00538_male_76,False,o,ɔ
fn001038_sentence-13.wav,2.47,2.785,0.315,i,G,x,N00538_male_76,False,o,iː
fn001038_sentence-13.wav,2.287,2.409,0.122,l,n,Y+,N00538_male_76,False,o,l
fn001038_sentence-13.wav,1.836,1.968,0.132,n,A,l,N00538_male_76,False,o,n
fn001038_sentence-14.wav,12.241,12.382,0.141,d,s,i,N00538_male_76,False,o,d
fn001038_sentence-14.wav,7.572,7.693,0.121,v,E+,o,N00538_male_76,False,o,v
fn001038_sentence-14.wav,0.863,1.148,0.285,i,G,d,N00538_male_76,False,o,iː
fn001038_sentence-14.wav,11.868,11.989,0.121,n,O,s,N00538_male_76,False,o,n
fn001038_sentence-14.wav,1.803,1.924,0.121,r,O,m,N00538_male_76,False,o,r
fn001038_sentence-16.wav,9.453,9.575,0.122,l,p,O,N00538_male_76,False,o,l
fn001038_sentence-16.wav,5.628,5.749,0.121,l,i,t,N00538_male_76,False,o,l
fn001038_sentence-16.wav,4.964,5.102,0.138,I,k,n,N00538_male_76,False,o,ɪ
fn001038_sentence-17.wav,7.393,7.544,0.151,w,e,E,N00538_male_76,False,o,ʋ
fn001038_sentence-17.wav,7.2,7.362,0.162,l,i,e,N00538_male_76,False,o,l
fn001038_sentence-18.wav,2.366,2.487,0.121,l,I,d,N00538_male_76,False,o,l
fn001038_sentence-2.wav,0.74,0.871,0.131,l,I,l,N00538_male_76,False,o,l
fn001038_sentence-2.wav,0.74,0.871,0.131,l,l,a,N00538_male_76,False,o,l
fn001038_sentence-22.wav,2.039,2.201,0.162,w,e,E,N00538_male_76,False,o,ʋ
fn001038_sentence-23.wav,3.021,3.213,0.192,f,l,d,N00538_male_76,False,o,f
fn001038_sentence-23.wav,0.0,0.091,0.091,w,SOS,a,N00538_male_76,False,o,ʋ
fn001038_sentence-24.wav,2.057,2.158,0.101,r,v,A+,N00538_male_76,False,o,r
fn001038_sentence-24.wav,4.532,4.633,0.101,r,a,@,N00538_male_76,False,o,r
fn001038_sentence-24.wav,0.0,0.091,0.091,w,SOS,A,N00538_male_76,False,o,ʋ
fn001038_sentence-26.wav,11.809,11.91,0.101,r,m,E,N00538_male_76,False,o,r
fn001038_sentence-29.wav,6.015,6.288,0.273,f,l,EOS,N00538_male_76,False,o,f
fn001038_sentence-3.wav,0.0,0.143,0.143,r,SOS,Y,N00538_male_76,False,o,r
fn001038_sentence-31.wav,0.914,1.087,0.173,f,A,O,N00538_male_76,False,o,f
fn001038_sentence-32.wav,9.025,9.116,0.091,w,t,a,N00538_male_76,False,o,ʋ
fn001038_sentence-32.wav,9.237,9.338,0.101,r,a,@,N00538_male_76,False,o,r
fn001038_sentence-33.wav,1.857,1.948,0.091,w,A+,@,N00538_male_76,False,o,ʋ
fn001038_sentence-33.wav,10.589,10.741,0.152,G,m,e,N00538_male_76,False,o,ɣ
fn001038_sentence-38.wav,5.601,5.743,0.142,I,@,n,N00538_male_76,False,o,ɪ
fn001038_sentence-43.wav,0.772,0.988,0.216,w,t,e,N00538_male_76,False,o,ʋ
fn001038_sentence-50.wav,4.651,4.752,0.101,w,@,a,N00538_male_76,False,o,ʋ
fn001038_sentence-50.wav,5.591,5.804,0.213,y,d,r,N00538_male_76,False,o,yː
fn001616_sentence-0.wav,3.849,3.955,0.106,d,i,A,N02001_male_38,False,k,d
fn001616_sentence-3.wav,2.663,2.797,0.134,n,O,v,N02001_male_38,False,k,n
fn001617_sentence-0.wav,2.581,2.782,0.201,s,E,EOS,N02001_male_38,False,k,s
fn001619_sentence-0.wav,0.0,0.107,0.107,d,SOS,@,N02001_male_38,False,k,d
fn001619_sentence-0.wav,4.003,4.125,0.122,b,@,O,N02001_male_38,False,k,b
fn001619_sentence-0.wav,3.541,3.642,0.101,@,d,t,N02001_male_38,False,k,ə
fn001619_sentence-3.wav,0.131,0.253,0.122,b,n,O,N02001_male_38,False,k,b
fn001620_sentence-0.wav,4.656,4.797,0.141,p,r,EOS,N02001_male_38,False,k,p
fn001620_sentence-3.wav,3.137,3.26,0.123,m,i,o,N02001_male_38,False,k,m
fn001621_sentence-0.wav,3.52,3.641,0.121,b,@,O,N02001_male_38,False,k,b
fn001621_sentence-2.wav,3.241,3.372,0.131,l,E,E,N02001_male_38,False,k,l
fn001621_sentence-3.wav,0.564,0.715,0.151,m,r,e,N02001_male_38,False,k,m
fn001622_sentence-0.wav,0.777,0.888,0.111,I,r,s,N02001_male_38,False,k,ɪ
fn001622_sentence-1.wav,3.379,3.5,0.121,h,n,@,N02001_male_38,False,k,h
fn001622_sentence-1.wav,3.106,3.237,0.131,n,O,E,N02001_male_38,False,k,n
fn001623_sentence-0.wav,2.433,2.558,0.125,r,@,h,N02001_male_38,False,k,r
fn001623_sentence-1.wav,1.792,1.913,0.121,l,i,o,N02001_male_38,False,k,l
fn001624_sentence-0.wav,0.0,0.117,0.117,I,SOS,n,N02001_male_38,False,k,ɪ
fn001624_sentence-1.wav,3.639,3.76,0.121,r,@,s,N02001_male_38,False,k,r
fn001624_sentence-2.wav,3.642,3.793,0.151,u,f,r,N02001_male_38,False,k,uː
fn001624_sentence-2.wav,1.342,1.433,0.091,w,i,r,N02001_male_38,False,k,ʋ
fn001627_sentence-0.wav,4.929,5.05,0.121,b,i,O,N02001_male_38,False,k,b
fn001632_sentence-0.wav,0.27,0.371,0.101,w,i,h,N02001_male_38,False,k,ʋ
fn001633_sentence-0.wav,3.11,3.221,0.111,I,t,n,N02001_male_38,False,k,ɪ
fn001633_sentence-2.wav,0.936,1.027,0.091,w,i,r,N02001_male_38,False,k,ʋ
fn001637_sentence-2.wav,1.667,1.768,0.101,w,k,i,N02001_male_38,False,k,ʋ
fn001638_sentence-4.wav,4.687,4.778,0.091,w,x,O,N02001_male_38,False,k,ʋ
fn001640_sentence-2.wav,3.235,3.326,0.091,w,x,e,N02001_male_38,False,k,ʋ
fn001645_sentence-4.wav,2.288,2.379,0.091,w,n,E,N02001_male_38,False,k,ʋ
fn002338_sentence-3.wav,2.168,2.42,0.252,y,e,EOS,N02001_male_38,False,k,yː
fn001382_sentence-0.wav,1.561,1.713,0.152,f,e,t,N00718_male_63,False,o,f
fn001382_sentence-0.wav,0.0,0.169,0.169,z,SOS,E+,N00718_male_63,False,o,z
fn001382_sentence-0.wav,0.88,1.002,0.122,b,i,A,N00718_male_63,False,o,b
fn001382_sentence-0.wav,1.713,1.865,0.152,t,f,EOS,N00718_male_63,False,o,t
fn001382_sentence-0.wav,0.169,0.454,0.285,E+,z,d,N00718_male_63,False,o,ɛi
fn001382_sentence-1.wav,4.127,4.248,0.121,n,E+,d,N00718_male_63,False,o,n
fn001382_sentence-1.wav,2.745,2.896,0.151,z,t,A+,N00718_male_63,False,o,z
fn001382_sentence-1.wav,0.278,0.419,0.141,m,n,A,N00718_male_63,False,o,m
fn001382_sentence-1.wav,0.49,0.651,0.161,n,A,d,N00718_male_63,False,o,n
fn001382_sentence-11.wav,0.071,0.192,0.121,v,E+,E,N00718_male_63,False,o,v
fn001382_sentence-11.wav,0.75,0.933,0.183,t,w,O,N00718_male_63,False,o,t
fn001382_sentence-11.wav,0.933,1.085,0.152,O,t,n,N00718_male_63,False,o,ɔ
fn001382_sentence-12.wav,5.968,6.059,0.091,w,N,E,N00718_male_63,False,o,ʋ
fn001382_sentence-12.wav,6.363,6.464,0.101,@,t,I,N00718_male_63,False,o,ə
fn001382_sentence-12.wav,7.343,7.475,0.132,t,o,o,N00718_male_63,False,o,t
fn001382_sentence-12.wav,7.05,7.232,0.182,z,e,o,N00718_male_63,False,o,z
fn001382_sentence-13.wav,6.193,6.294,0.101,r,a,E+,N00718_male_63,False,o,r
fn001382_sentence-13.wav,6.446,6.648,0.202,s,E+,n,N00718_male_63,False,o,s
fn001382_sentence-13.wav,4.174,4.296,0.122,@,d,r,N00718_male_63,False,o,ə
fn001382_sentence-13.wav,5.456,5.557,0.101,@,s,m,N00718_male_63,False,o,ə
fn001382_sentence-13.wav,4.941,5.103,0.162,G,N,e,N00718_male_63,False,o,ɣ
fn001382_sentence-13.wav,1.083,1.194,0.111,w,y,@,N00718_male_63,False,o,ʋ
fn001382_sentence-14.wav,5.028,5.149,0.121,n,A,n,N00718_male_63,False,o,n
fn001382_sentence-14.wav,0.649,0.763,0.114,m,E,x,N00718_male_63,False,o,m
fn001382_sentence-14.wav,13.079,13.221,0.142,f,@,r,N00718_male_63,False,o,f
fn001382_sentence-14.wav,4.127,4.321,0.194,s,r,w,N00718_male_63,False,o,s
fn001382_sentence-14.wav,1.525,1.668,0.143,x,m,e,N00718_male_63,False,o,x
fn001382_sentence-15.wav,6.803,6.924,0.121,@,z,I,N00718_male_63,False,o,ə
fn001382_sentence-15.wav,4.198,4.321,0.123,m,O,O,N00718_male_63,False,o,m
fn001382_sentence-15.wav,7.3,7.442,0.142,@,w,l,N00718_male_63,False,o,ə
fn001382_sentence-15.wav,1.682,1.884,0.202,l,a,E,N00718_male_63,False,o,l
fn001382_sentence-16.wav,1.629,1.751,0.122,@,r,I,N00718_male_63,False,o,ə
fn001382_sentence-16.wav,0.645,0.818,0.173,u,r,r,N00718_male_63,False,o,uː
fn001382_sentence-17.wav,1.793,1.915,0.122,l,s,I,N00718_male_63,False,o,l
fn001382_sentence-18.wav,0.0,0.131,0.131,v,SOS,E+,N00718_male_63,False,o,v
fn001382_sentence-18.wav,4.463,4.594,0.131,w,e,d,N00718_male_63,False,o,ʋ
fn001382_sentence-18.wav,1.647,1.789,0.142,p,o,e,N00718_male_63,False,o,p
fn001382_sentence-19.wav,3.724,3.866,0.142,x,O,@,N00718_male_63,False,o,x
fn001382_sentence-19.wav,2.976,3.067,0.091,w,@,e,N00718_male_63,False,o,ʋ
fn001382_sentence-2.wav,5.346,5.467,0.121,v,E+,E,N00718_male_63,False,o,v
fn001382_sentence-2.wav,0.233,0.364,0.131,v,o,A,N00718_male_63,False,o,v
fn001382_sentence-2.wav,7.411,7.532,0.121,v,@,i,N00718_male_63,False,o,v
fn001382_sentence-21.wav,0.785,0.957,0.172,l,@,O,N00718_male_63,False,o,l
fn001382_sentence-22.wav,4.823,4.995,0.172,f,l,r,N00718_male_63,False,o,f
fn001382_sentence-25.wav,5.695,5.847,0.152,G,a,b,N00718_male_63,False,o,ɣ
fn001382_sentence-27.wav,0.834,0.965,0.131,b,r,a,N00718_male_63,False,o,b
fn001382_sentence-28.wav,1.459,1.601,0.142,p,A,t,N00718_male_63,False,o,p
fn001382_sentence-3.wav,0.343,0.454,0.111,h,@,e,N00718_male_63,False,o,h
fn001382_sentence-32.wav,8.27,8.371,0.101,r,f,E+,N00718_male_63,False,o,r
fn001382_sentence-4.wav,2.636,2.768,0.132,b,@,A+,N00718_male_63,False,o,b
fn001382_sentence-5.wav,0.138,0.229,0.091,w,E+,A,N00718_male_63,False,o,ʋ
fn001382_sentence-5.wav,1.128,1.229,0.101,d,@,o,N00718_male_63,False,o,d
fn001382_sentence-9.wav,1.623,1.775,0.152,p,l,r,N00718_male_63,False,o,p
fn001383_sentence-10.wav,0.93,1.052,0.122,w,Y+,a,N00718_male_63,False,o,ʋ
fn001383_sentence-11.wav,7.09,7.222,0.132,w,Y+,a,N00718_male_63,False,o,ʋ
fn001383_sentence-11.wav,5.508,5.649,0.141,p,o,@,N00718_male_63,False,o,p
fn001383_sentence-16.wav,1.476,1.719,0.243,y,e,r,N00718_male_63,False,o,yː
fn001383_sentence-16.wav,1.214,1.315,0.101,w,t,e,N00718_male_63,False,o,ʋ
fn001383_sentence-17.wav,4.073,4.204,0.131,p,Y+,@,N00718_male_63,False,o,p
fn001383_sentence-2.wav,3.285,3.406,0.121,p,n,i,N00718_male_63,False,o,p
fn001383_sentence-22.wav,3.437,3.55,0.113,w,y,@,N00718_male_63,False,o,ʋ
fn001383_sentence-23.wav,2.399,2.532,0.133,w,Y+,a,N00718_male_63,False,o,ʋ
fn001383_sentence-26.wav,4.731,4.824,0.093,w,u,@,N00718_male_63,False,o,ʋ
fn001383_sentence-31.wav,3.904,4.046,0.142,p,O,@,N00718_male_63,False,o,p
fn001383_sentence-37.wav,1.923,2.024,0.101,w,n,o,N00718_male_63,False,o,ʋ
fn001383_sentence-38.wav,14.68,14.772,0.092,w,e,b,N00718_male_63,False,o,ʋ
fn001383_sentence-38.wav,4.502,4.593,0.091,w,n,o,N00718_male_63,False,o,ʋ
fn001628_sentence-2.wav,1.108,1.323,0.215,e,v,l,N02002_male_41,False,k,eː
fn001628_sentence-3.wav,2.603,2.724,0.121,n,u,z,N02002_male_41,False,k,n
fn001629_sentence-0.wav,1.866,1.997,0.131,v,@,r,N02002_male_41,False,k,v
fn001629_sentence-0.wav,0.506,0.608,0.102,d,r,A,N02002_male_41,False,k,d
fn001629_sentence-0.wav,1.725,1.866,0.141,@,k,v,N02002_male_41,False,k,ə
fn001629_sentence-0.wav,1.997,2.109,0.112,r,v,E+,N02002_male_41,False,k,r
fn001629_sentence-1.wav,2.628,2.8,0.172,x,n,a,N02002_male_41,False,k,x
fn001629_sentence-5.wav,1.457,1.599,0.142,E,s,r,N02002_male_41,False,k,ɛ
fn001630_sentence-0.wav,0.0,0.117,0.117,I,SOS,n,N02002_male_41,False,k,ɪ
fn001630_sentence-0.wav,1.269,1.42,0.151,j,o,Y+,N02002_male_41,False,k,j
fn001630_sentence-1.wav,1.006,1.138,0.132,n,O,b,N02002_male_41,False,k,n
fn001630_sentence-3.wav,1.98,2.102,0.122,n,N,i,N02002_male_41,False,k,n
fn001630_sentence-4.wav,0.926,1.047,0.121,d,r,A,N02002_male_41,False,k,d
fn001630_sentence-4.wav,0.674,0.795,0.121,@,k,r,N02002_male_41,False,k,ə
fn001697_sentence-1.wav,2.517,2.66,0.143,m,t,O,N02002_male_41,False,k,m
fn001697_sentence-1.wav,0.283,0.425,0.142,x,x,e,N02002_male_41,False,k,x
fn001697_sentence-1.wav,0.283,0.425,0.142,x,O,x,N02002_male_41,False,k,x
fn001697_sentence-2.wav,2.235,2.387,0.152,f,A,m,N02002_male_41,False,k,f
fn001697_sentence-3.wav,2.325,2.446,0.121,n,E+,EOS,N02002_male_41,False,k,n
fn001698_sentence-0.wav,0.939,1.06,0.121,b,@,l,N02002_male_41,False,k,b
fn001698_sentence-0.wav,5.204,5.346,0.142,N,I,EOS,N02002_male_41,False,k,ŋ
fn001698_sentence-0.wav,3.471,3.694,0.223,p,l,i,N02002_male_41,False,k,p
fn001698_sentence-2.wav,5.435,5.596,0.161,I,@,n,N02002_male_41,False,k,ɪ
fn001698_sentence-2.wav,2.911,3.032,0.121,r,a,i,N02002_male_41,False,k,r
fn001698_sentence-2.wav,1.074,1.277,0.203,O,l,m,N02002_male_41,False,k,ɔ
fn001699_sentence-0.wav,1.11,1.261,0.151,b,r,r,N02002_male_41,False,k,b
fn001699_sentence-2.wav,3.816,3.947,0.131,N,I,O,N02002_male_41,False,k,ŋ
fn001699_sentence-2.wav,3.131,3.262,0.131,b,n,Y,N02002_male_41,False,k,b
fn001700_sentence-1.wav,3.137,3.309,0.172,u,b,r,N02002_male_41,False,k,uː
fn001700_sentence-1.wav,2.874,3.056,0.182,N,I,b,N02002_male_41,False,k,ŋ
fn001700_sentence-2.wav,0.422,0.554,0.132,N,I,v,N02002_male_41,False,k,ŋ
fn002017_sentence-0.wav,1.059,1.181,0.122,I,r,s,N02002_male_41,False,k,ɪ
fn002017_sentence-0.wav,1.86,1.997,0.137,I,t,s,N02002_male_41,False,k,ɪ
fn002018_sentence-6.wav,2.294,2.426,0.132,p,l,A,N02002_male_41,False,k,p
fn002021_sentence-4.wav,2.554,2.706,0.152,p,r,e,N02002_male_41,False,k,p
fn002022_sentence-7.wav,3.648,3.952,0.304,h,u,y,N02002_male_41,False,k,h
fn002028_sentence-0.wav,2.175,2.296,0.121,h,t,O,N02002_male_41,False,k,h
fn002030_sentence-4.wav,3.266,3.398,0.132,w,t,e,N02002_male_41,False,k,ʋ
fn002033_sentence-0.wav,1.704,1.795,0.091,w,n,E+,N02002_male_41,False,k,ʋ
fn001679_sentence-3.wav,1.379,1.531,0.152,u,v,r,N02004_male_23,False,k,uː
fn001679_sentence-3.wav,2.984,3.106,0.122,p,l,o,N02004_male_23,False,k,p
fn001679_sentence-3.wav,1.613,1.72,0.107,I,@,n,N02004_male_23,False,k,ɪ
fn001679_sentence-4.wav,0.701,0.813,0.112,@,d,a,N02004_male_23,False,k,ə
fn001679_sentence-4.wav,2.421,2.523,0.102,@,@,w,N02004_male_23,False,k,ə
fn001679_sentence-4.wav,1.966,2.259,0.293,G,E,@,N02004_male_23,False,k,ɣ
fn001679_sentence-4.wav,2.259,2.421,0.162,@,G,@,N02004_male_23,False,k,ə
fn001679_sentence-4.wav,1.605,1.747,0.142,@,d,w,N02004_male_23,False,k,ə
fn001679_sentence-4.wav,1.747,1.885,0.138,w,@,E,N02004_male_23,False,k,ʋ
fn001680_sentence-0.wav,0.323,0.434,0.111,@,d,E,N02004_male_23,False,k,ə
fn001680_sentence-0.wav,0.0,0.131,0.131,b,SOS,O,N02004_male_23,False,k,b
fn001680_sentence-2.wav,6.092,6.203,0.111,d,t,I,N02004_male_23,False,k,d
fn001680_sentence-2.wav,2.472,2.614,0.142,E,b,r,N02004_male_23,False,k,ɛ
fn001681_sentence-2.wav,0.172,0.284,0.112,I,E+,s,N02004_male_23,False,k,ɪ
fn001681_sentence-2.wav,2.655,2.756,0.101,d,@,E,N02004_male_23,False,k,d
fn001682_sentence-3.wav,2.328,2.48,0.152,G,E,EOS,N02004_male_23,False,k,ɣ
fn001683_sentence-0.wav,4.573,4.68,0.107,n,a,A,N02004_male_23,False,k,n
fn001683_sentence-1.wav,2.011,2.173,0.162,i,s,@,N02004_male_23,False,k,iː
fn001683_sentence-1.wav,2.934,3.046,0.112,@,v,E,N02004_male_23,False,k,ə
fn001683_sentence-2.wav,3.892,4.054,0.162,u,t,r,N02004_male_23,False,k,uː
fn001683_sentence-2.wav,0.363,0.475,0.112,@,b,a,N02004_male_23,False,k,ə
fn001684_sentence-0.wav,3.055,3.177,0.122,p,l,i,N02004_male_23,False,k,p
fn001684_sentence-2.wav,3.513,3.674,0.161,A,r,l,N02004_male_23,False,k,ɑ
fn001685_sentence-2.wav,3.104,3.256,0.152,n,A,I,N02004_male_23,False,k,n
fn001688_sentence-1.wav,0.436,0.538,0.102,@,b,a,N02004_male_23,False,k,ə
fn001690_sentence-0.wav,2.671,2.782,0.111,w,i,h,N02004_male_23,False,k,ʋ
fn001690_sentence-1.wav,1.866,1.997,0.131,l,E,e,N02004_male_23,False,k,l
fn001690_sentence-2.wav,2.655,2.751,0.096,w,@,E+,N02004_male_23,False,k,ʋ
fn001691_sentence-0.wav,0.333,0.434,0.101,d,@,Y+,N02004_male_23,False,k,d
fn001691_sentence-0.wav,3.352,3.443,0.091,w,i,@,N02004_male_23,False,k,ʋ
fn001692_sentence-0.wav,4.159,4.29,0.131,h,i,A,N02004_male_23,False,k,h
fn001695_sentence-0.wav,3.28,3.401,0.121,w,i,@,N02004_male_23,False,k,ʋ
fn001704_sentence-0.wav,4.365,4.456,0.091,w,E+,e,N02004_male_23,False,k,ʋ
fn001708_sentence-1.wav,2.381,2.483,0.102,w,@,O,N02004_male_23,False,k,ʋ
fn001332_sentence-1.wav,1.378,1.48,0.102,d,n,@,N00725_male_57,False,o,d
fn001332_sentence-1.wav,1.891,1.993,0.102,@,v,r,N00725_male_57,False,o,ə
fn001332_sentence-1.wav,2.175,2.418,0.243,s,Y,r,N00725_male_57,False,o,s
fn001332_sentence-1.wav,1.48,1.622,0.142,@,d,v,N00725_male_57,False,o,ə
fn001332_sentence-11.wav,1.131,1.344,0.213,n,A,p,N00725_male_57,False,o,n
fn001332_sentence-13.wav,1.374,1.517,0.143,k,o,EOS,N00725_male_57,False,o,k
fn001332_sentence-14.wav,1.471,1.654,0.183,@,d,A,N00725_male_57,False,o,ə
fn001332_sentence-14.wav,0.572,0.686,0.114,n,I,z,N00725_male_57,False,o,n
fn001332_sentence-14.wav,0.468,0.572,0.104,I,@,n,N00725_male_57,False,o,ɪ
fn001332_sentence-15.wav,0.58,0.703,0.123,@,l,E,N00725_male_57,False,o,ə
fn001332_sentence-16.wav,0.0,0.094,0.094,@,SOS,t,N00725_male_57,False,o,ə
fn001332_sentence-18.wav,4.442,4.593,0.151,m,O,t,N00725_male_57,False,o,m
fn001332_sentence-19.wav,1.614,1.756,0.142,f,A,w,N00725_male_57,False,o,f
fn001332_sentence-19.wav,1.005,1.106,0.101,@,l,t,N00725_male_57,False,o,ə
fn001332_sentence-20.wav,1.445,1.542,0.097,d,t,@,N00725_male_57,False,o,d
fn001332_sentence-22.wav,3.721,3.842,0.121,n,E,@,N00725_male_57,False,o,n
fn001332_sentence-23.wav,6.371,6.492,0.121,@,l,I,N00725_male_57,False,o,ə
fn001332_sentence-23.wav,2.602,2.714,0.112,n,E,z,N00725_male_57,False,o,n
fn001332_sentence-23.wav,1.879,2.077,0.198,f,O,E,N00725_male_57,False,o,f
fn001332_sentence-23.wav,1.463,1.588,0.125,I,f,s,N00725_male_57,False,o,ɪ
fn001332_sentence-23.wav,2.464,2.602,0.138,E,f,n,N00725_male_57,False,o,ɛ
fn001332_sentence-23.wav,0.967,1.151,0.184,f,O,I,N00725_male_57,False,o,f
fn001332_sentence-23.wav,5.411,5.542,0.131,@,t,A,N00725_male_57,False,o,ə
fn001332_sentence-23.wav,8.591,8.724,0.133,n,e,v,N00725_male_57,False,o,n
fn001332_sentence-23.wav,0.527,0.62,0.093,w,s,A,N00725_male_57,False,o,ʋ
fn001332_sentence-23.wav,3.941,4.052,0.111,@,v,E,N00725_male_57,False,o,ə
fn001332_sentence-23.wav,6.543,6.664,0.121,I,@,n,N00725_male_57,False,o,ɪ
fn001332_sentence-26.wav,0.081,0.303,0.222,@,d,l,N00725_male_57,False,o,ə
fn001332_sentence-26.wav,2.305,2.466,0.161,I,t,s,N00725_male_57,False,o,ɪ
fn001332_sentence-26.wav,4.04,4.167,0.127,I,s,N,N00725_male_57,False,o,ɪ
fn001332_sentence-27.wav,9.843,10.046,0.203,@,b,d,N00725_male_57,False,o,ə
fn001332_sentence-27.wav,10.531,10.673,0.142,I,t,n,N00725_male_57,False,o,ɪ
fn001332_sentence-28.wav,4.602,4.723,0.121,h,@,Y+,N00725_male_57,False,o,h
fn001332_sentence-3.wav,0.0,0.105,0.105,I,SOS,n,N00725_male_57,False,o,ɪ
fn001332_sentence-4.wav,0.273,0.405,0.132,l,E,b,N00725_male_57,False,o,l
fn001332_sentence-4.wav,0.405,0.577,0.172,b,l,I,N00725_male_57,False,o,b
fn001332_sentence-6.wav,5.432,5.544,0.112,r,o,n,N00725_male_57,False,o,r
fn001332_sentence-9.wav,3.55,3.703,0.153,j,x,Y+,N00725_male_57,False,o,j
fn001333_sentence-17.wav,13.538,13.713,0.175,j,@,Y+,N00725_male_57,False,o,j
fn001333_sentence-33.wav,2.522,2.643,0.121,h,n,I,N00725_male_57,False,o,h
fn001333_sentence-33.wav,5.53,5.652,0.122,h,t,I,N00725_male_57,False,o,h
fn001646_sentence-0.wav,2.135,2.256,0.121,v,n,E+,N02003_male_38,False,k,v
fn001646_sentence-0.wav,2.529,2.67,0.141,x,I,EOS,N02003_male_38,False,k,x
fn001646_sentence-0.wav,0.137,0.248,0.111,d,@,Y,N02003_male_38,False,k,d
fn001646_sentence-1.wav,3.342,3.453,0.111,d,e,o,N02003_male_38,False,k,d
fn001647_sentence-0.wav,7.193,7.335,0.142,A,p,f,N02003_male_38,False,k,ɑ
fn001648_sentence-2.wav,3.04,3.182,0.142,@,d,e,N02003_male_38,False,k,ə
fn001648_sentence-3.wav,2.151,2.257,0.106,@,d,n,N02003_male_38,False,k,ə
fn001648_sentence-3.wav,2.257,2.364,0.107,n,@,i,N02003_male_38,False,k,n
fn001650_sentence-1.wav,1.616,1.799,0.183,f,A,EOS,N02003_male_38,False,k,f
fn001651_sentence-0.wav,1.768,1.889,0.121,r,n,Y+,N02003_male_38,False,k,r
fn001652_sentence-3.wav,2.263,2.364,0.101,r,2,@,N02003_male_38,False,k,r
fn001653_sentence-1.wav,5.804,5.895,0.091,w,r,a,N02003_male_38,False,k,ʋ
fn001654_sentence-1.wav,0.552,0.684,0.132,l,A,e,N02003_male_38,False,k,l
fn001654_sentence-2.wav,1.723,1.834,0.111,I,@,n,N02003_male_38,False,k,ɪ
fn001656_sentence-0.wav,4.014,4.135,0.121,l,@,e,N02003_male_38,False,k,l
fn001659_sentence-0.wav,0.93,1.031,0.101,r,2,I,N02003_male_38,False,k,r
fn001659_sentence-1.wav,1.025,1.136,0.111,r,@,Y+,N02003_male_38,False,k,r
fn001660_sentence-0.wav,3.242,3.335,0.093,r,t,o,N02003_male_38,False,k,r
fn001660_sentence-3.wav,2.122,2.222,0.1,w,i,b,N02003_male_38,False,k,ʋ
fn001661_sentence-3.wav,3.7,3.796,0.096,r,@,a,N02003_male_38,False,k,r
fn001663_sentence-3.wav,1.128,1.259,0.131,h,t,u,N02003_male_38,False,k,h
fn001668_sentence-0.wav,0.173,0.284,0.111,h,n,e,N02003_male_38,False,k,h
fn001675_sentence-0.wav,2.707,2.818,0.111,w,r,r,N02003_male_38,False,k,ʋ
fn001675_sentence-3.wav,2.169,2.33,0.161,N,O,EOS,N02003_male_38,False,k,ŋ
fn001676_sentence-1.wav,5.4,5.491,0.091,w,z,a,N02003_male_38,False,k,ʋ
fn001474_sentence-1.wav,1.073,1.336,0.263,u,@,r,N00780_female_41,False,o,uː
fn001474_sentence-1.wav,0.688,0.83,0.142,x,a,d,N00780_female_41,False,o,x
fn001474_sentence-10.wav,2.878,3.0,0.122,p,O,a,N00780_female_41,False,o,p
fn001474_sentence-10.wav,3.71,3.852,0.142,@,m,h,N00780_female_41,False,o,ə
fn001474_sentence-10.wav,5.225,5.376,0.151,x,@,2,N00780_female_41,False,o,x
fn001474_sentence-10.wav,6.182,6.283,0.101,d,@,A,N00780_female_41,False,o,d
fn001474_sentence-10.wav,9.232,9.353,0.121,m,r,@,N00780_female_41,False,o,m
fn001474_sentence-10.wav,9.05,9.191,0.141,A,@,r,N00780_female_41,False,o,ɑ
fn001474_sentence-10.wav,7.039,7.19,0.151,N,I,d,N00780_female_41,False,o,ŋ
fn001474_sentence-10.wav,9.837,10.008,0.171,@,d,r,N00780_female_41,False,o,ə
fn001474_sentence-10.wav,12.222,12.364,0.142,@,d,O,N00780_female_41,False,o,ə
fn001474_sentence-10.wav,14.14,14.271,0.131,@,d,t,N00780_female_41,False,o,ə
fn001474_sentence-10.wav,10.331,10.462,0.131,@,n,d,N00780_female_41,False,o,ə
fn001474_sentence-11.wav,2.827,2.984,0.157,z,@,A+,N00780_female_41,False,o,z
fn001474_sentence-11.wav,0.419,0.531,0.112,h,@,e,N00780_female_41,False,o,h
fn001474_sentence-12.wav,0.568,0.689,0.121,r,m,O:,N00780_female_41,False,o,r
fn001474_sentence-12.wav,0.436,0.568,0.132,m,r,r,N00780_female_41,False,o,m
fn001474_sentence-13.wav,1.996,2.147,0.151,O,t,n,N00780_female_41,False,o,ɔ
fn001474_sentence-13.wav,5.744,5.865,0.121,@,k,v,N00780_female_41,False,o,ə
fn001474_sentence-13.wav,1.552,1.703,0.151,x,I,O,N00780_female_41,False,o,x
fn001474_sentence-14.wav,3.342,3.443,0.101,@,n,E,N00780_female_41,False,o,ə
fn001474_sentence-14.wav,2.121,2.212,0.091,w,@,a,N00780_female_41,False,o,ʋ
fn001474_sentence-14.wav,5.957,6.068,0.111,I,t,l,N00780_female_41,False,o,ɪ
fn001474_sentence-14.wav,0.062,0.206,0.144,n,@,b,N00780_female_41,False,o,n
fn001474_sentence-14.wav,0.971,1.092,0.121,n,O,s,N00780_female_41,False,o,n
fn001474_sentence-14.wav,6.28,6.381,0.101,@,t,EOS,N00780_female_41,False,o,ə
fn001474_sentence-15.wav,1.235,1.407,0.172,z,r,A+,N00780_female_41,False,o,z
fn001474_sentence-15.wav,0.121,0.243,0.122,l,@,Y,N00780_female_41,False,o,l
fn001474_sentence-16.wav,0.734,0.848,0.114,@,d,EOS,N00780_female_41,False,o,ə
fn001474_sentence-17.wav,0.809,0.971,0.162,N,I,w,N00780_female_41,False,o,ŋ
fn001474_sentence-17.wav,0.971,1.063,0.092,w,N,A,N00780_female_41,False,o,ʋ
fn001474_sentence-18.wav,0.0,0.107,0.107,d,SOS,@,N00780_female_41,False,o,d
fn001474_sentence-20.wav,1.158,1.452,0.294,f,O,u,N00780_female_41,False,o,f
fn001474_sentence-20.wav,1.755,1.971,0.216,u,f,r,N00780_female_41,False,o,uː
fn001474_sentence-20.wav,3.668,3.832,0.164,j,u,EOS,N00780_female_41,False,o,j
fn001474_sentence-20.wav,2.022,2.197,0.175,G,r,2,N00780_female_41,False,o,ɣ
fn001474_sentence-21.wav,4.253,4.467,0.214,u,r,r,N00780_female_41,False,o,uː
fn001474_sentence-21.wav,3.278,3.43,0.152,f,t,E+,N00780_female_41,False,o,f
fn001474_sentence-21.wav,5.408,5.53,0.122,m,@,a,N00780_female_41,False,o,m
fn001474_sentence-21.wav,1.573,1.755,0.182,i,t,r,N00780_female_41,False,o,iː
fn001474_sentence-21.wav,1.139,1.261,0.122,d,r,i,N00780_female_41,False,o,d
fn001474_sentence-21.wav,4.987,5.125,0.138,w,r,I,N00780_female_41,False,o,ʋ
fn001474_sentence-21.wav,4.055,4.192,0.137,b,v,r,N00780_female_41,False,o,b
fn001474_sentence-21.wav,1.755,1.906,0.151,r,i,@,N00780_female_41,False,o,r
fn001474_sentence-21.wav,2.501,2.642,0.141,I,z,x,N00780_female_41,False,o,ɪ
fn001474_sentence-23.wav,0.145,0.249,0.104,r,n,Y+,N00780_female_41,False,o,r
fn001474_sentence-24.wav,2.399,2.55,0.151,j,A,@,N00780_female_41,False,o,j
fn001474_sentence-25.wav,1.563,1.726,0.163,d,t,r,N00780_female_41,False,o,d
fn001474_sentence-25.wav,2.46,2.725,0.265,E+,t,z,N00780_female_41,False,o,ɛi
fn001474_sentence-26.wav,0.113,0.206,0.093,d,@,r,N00780_female_41,False,o,d
fn001474_sentence-29.wav,0.628,0.729,0.101,d,f,e,N00780_female_41,False,o,d
fn001474_sentence-3.wav,1.889,1.98,0.091,w,t,a,N00780_female_41,False,o,ʋ
fn001474_sentence-3.wav,0.366,0.499,0.133,p,m,O,N00780_female_41,False,o,p
fn001474_sentence-3.wav,0.0,0.142,0.142,b,SOS,l,N00780_female_41,False,o,b
fn001474_sentence-30.wav,3.39,3.492,0.102,d,r,@,N00780_female_41,False,o,d
fn001474_sentence-31.wav,51.392,51.604,0.212,y,n,w,N00780_female_41,False,o,yː
fn001474_sentence-31.wav,15.723,15.866,0.143,b,r,a,N00780_female_41,False,o,b
fn001474_sentence-31.wav,1.977,2.19,0.213,y,@,d,N00780_female_41,False,o,yː
fn001474_sentence-31.wav,57.93,58.062,0.132,w,y,O,N00780_female_41,False,o,ʋ
fn001474_sentence-31.wav,11.434,11.657,0.223,y,n,w,N00780_female_41,False,o,yː
fn001474_sentence-31.wav,28.34,28.522,0.182,f,O,f,N00780_female_41,False,o,f
fn001474_sentence-31.wav,32.544,32.667,0.123,d,s,I,N00780_female_41,False,o,d
fn001474_sentence-31.wav,43.49,43.581,0.091,w,y,d,N00780_female_41,False,o,ʋ
fn001474_sentence-31.wav,6.592,6.724,0.132,N,A,y,N00780_female_41,False,o,ŋ
fn001474_sentence-31.wav,26.733,26.846,0.113,d,r,@,N00780_female_41,False,o,d
fn001474_sentence-31.wav,36.973,37.075,0.102,d,@,i,N00780_female_41,False,o,d
fn001474_sentence-32.wav,3.02,3.137,0.117,w,s,I,N00780_female_41,False,o,ʋ
fn001474_sentence-32.wav,0.269,0.527,0.258,y,r,m,N00780_female_41,False,o,yː
fn001474_sentence-33.wav,3.025,3.157,0.132,p,O,e,N00780_female_41,False,o,p
fn001474_sentence-35.wav,1.504,1.595,0.091,w,t,E,N00780_female_41,False,o,ʋ
fn001474_sentence-39.wav,6.119,6.341,0.222,y,d,r,N00780_female_41,False,o,yː
fn001474_sentence-39.wav,3.701,3.872,0.171,w,t,E+,N00780_female_41,False,o,ʋ
fn001474_sentence-41.wav,0.678,0.769,0.091,w,e,A,N00780_female_41,False,o,ʋ
fn001474_sentence-5.wav,6.869,6.961,0.092,w,t,a,N00780_female_41,False,o,ʋ
fn001474_sentence-55.wav,0.898,1.202,0.304,Y,p,s,N00780_female_41,False,o,ʉ
fn001474_sentence-58.wav,10.786,10.877,0.091,w,s,A,N00780_female_41,False,o,ʋ
fn001475_sentence-15.wav,3.085,3.176,0.091,w,z,a,N00780_female_41,False,o,ʋ
fn001475_sentence-18.wav,1.23,1.328,0.098,w,r,a,N00780_female_41,False,o,ʋ
fn001475_sentence-19.wav,7.1,7.201,0.101,w,@,a,N00780_female_41,False,o,ʋ
fn001475_sentence-21.wav,0.0,0.134,0.134,w,SOS,A,N00780_female_41,False,o,ʋ
fn001475_sentence-25.wav,3.994,4.095,0.101,w,i,l,N00780_female_41,False,o,ʋ
fn001475_sentence-26.wav,1.082,1.173,0.091,w,@,a,N00780_female_41,False,o,ʋ
fn001475_sentence-3.wav,1.558,1.649,0.091,w,t,a,N00780_female_41,False,o,ʋ
fn001475_sentence-8.wav,1.616,1.707,0.091,w,e,s,N00780_female_41,False,o,ʋ
fn001496_sentence-0.wav,8.301,8.484,0.183,i,s,x,N00790_female_48,False,o,iː
fn001496_sentence-0.wav,0.82,0.917,0.097,d,l,@,N00790_female_48,False,o,d
fn001496_sentence-0.wav,7.253,7.395,0.142,@,p,n,N00790_female_48,False,o,ə
fn001496_sentence-0.wav,1.833,1.934,0.101,d,r,i,N00790_female_48,False,o,d
fn001496_sentence-0.wav,0.917,1.083,0.166,@,d,b,N00790_female_48,False,o,ə
fn001496_sentence-0.wav,6.455,6.637,0.182,i,t,O,N00790_female_48,False,o,iː
fn001496_sentence-0.wav,2.014,2.125,0.111,n,i,t,N00790_female_48,False,o,n
fn001496_sentence-1.wav,0.91,1.012,0.102,@,d,EOS,N00790_female_48,False,o,ə
fn001496_sentence-10.wav,0.395,0.556,0.161,@,d,s,N00790_female_48,False,o,ə
fn001496_sentence-10.wav,2.244,2.355,0.111,@,l,r,N00790_female_48,False,o,ə
fn001496_sentence-10.wav,1.243,1.365,0.122,n,E,v,N00790_female_48,False,o,n
fn001496_sentence-10.wav,1.739,1.86,0.121,@,d,v,N00790_female_48,False,o,ə
fn001496_sentence-14.wav,2.405,2.506,0.101,w,A+,I,N00790_female_48,False,o,ʋ
fn001496_sentence-14.wav,14.604,14.726,0.122,@,d,E,N00790_female_48,False,o,ə
fn001496_sentence-14.wav,4.456,4.599,0.143,E,n,l,N00790_female_48,False,o,ɛ
fn001496_sentence-14.wav,11.854,12.091,0.237,i,f,E,N00790_female_48,False,o,iː
fn001496_sentence-14.wav,10.979,11.101,0.122,@,G,h,N00790_female_48,False,o,ə
fn001496_sentence-14.wav,4.701,4.926,0.225,f,l,A,N00790_female_48,False,o,f
fn001496_sentence-14.wav,15.904,16.025,0.121,d,n,a,N00790_female_48,False,o,d
fn001496_sentence-15.wav,2.449,2.64,0.191,x,a,d,N00790_female_48,False,o,x
fn001496_sentence-15.wav,4.33,4.585,0.255,Y+,l,EOS,N00790_female_48,False,o,œy
fn001496_sentence-17.wav,0.437,0.541,0.104,@,l,k,N00790_female_48,False,o,ə
fn001496_sentence-17.wav,1.343,1.505,0.162,l,@,I,N00790_female_48,False,o,l
fn001496_sentence-18.wav,0.0,0.102,0.102,d,SOS,Y+,N00790_female_48,False,o,d
fn001496_sentence-19.wav,2.184,2.285,0.101,d,p,i,N00790_female_48,False,o,d
fn001496_sentence-19.wav,0.324,0.455,0.131,I,r,s,N00790_female_48,False,o,ɪ
fn001496_sentence-19.wav,8.433,8.554,0.121,h,t,e,N00790_female_48,False,o,h
fn001496_sentence-19.wav,1.679,1.82,0.141,p,u,d,N00790_female_48,False,o,p
fn001496_sentence-2.wav,1.18,1.373,0.193,G,E,E,N00790_female_48,False,o,ɣ
fn001496_sentence-2.wav,0.743,0.865,0.122,m,A,I,N00790_female_48,False,o,m
fn001496_sentence-20.wav,0.971,1.092,0.121,m,O,d,N00790_female_48,False,o,m
fn001496_sentence-22.wav,6.435,6.627,0.192,x,a,s,N00790_female_48,False,o,x
fn001496_sentence-22.wav,7.195,7.337,0.142,m,u,@,N00790_female_48,False,o,m
fn001496_sentence-22.wav,3.323,3.474,0.151,f,l,s,N00790_female_48,False,o,f
fn001496_sentence-23.wav,11.087,11.259,0.172,j,A,e,N00790_female_48,False,o,j
fn001496_sentence-25.wav,3.208,3.35,0.142,Y,b,r,N00790_female_48,False,o,ʉ
fn001496_sentence-25.wav,0.82,0.942,0.122,h,n,Y+,N00790_female_48,False,o,h
fn001496_sentence-25.wav,2.655,2.823,0.168,j,i,Y+,N00790_female_48,False,o,j
fn001496_sentence-26.wav,1.645,1.858,0.213,x,@,EOS,N00790_female_48,False,o,x
fn001496_sentence-27.wav,0.415,0.567,0.152,h,E+,o,N00790_female_48,False,o,h
fn001496_sentence-28.wav,7.004,7.116,0.112,I,n,n,N00790_female_48,False,o,ɪ
fn001496_sentence-29.wav,1.243,1.38,0.137,p,i,I,N00790_female_48,False,o,p
fn001496_sentence-29.wav,2.274,2.416,0.142,w,e,@,N00790_female_48,False,o,ʋ
fn001496_sentence-29.wav,12.242,12.404,0.162,Y,b,r,N00790_female_48,False,o,ʉ
fn001496_sentence-3.wav,2.55,2.701,0.151,N,I,m,N00790_female_48,False,o,ŋ
fn001496_sentence-35.wav,6.057,6.198,0.141,p,Y,@,N00790_female_48,False,o,p
fn001496_sentence-36.wav,0.0,0.153,0.153,j,SOS,a,N00790_female_48,False,o,j
fn001496_sentence-37.wav,5.347,5.459,0.112,w,e,EOS,N00790_female_48,False,o,ʋ
fn001496_sentence-41.wav,2.525,2.616,0.091,w,n,A,N00790_female_48,False,o,ʋ
fn001496_sentence-42.wav,0.06,0.182,0.122,Y,b,r,N00790_female_48,False,o,ʉ
fn001496_sentence-43.wav,4.721,4.852,0.131,N,I,k,N00790_female_48,False,o,ŋ
fn001496_sentence-43.wav,6.268,6.389,0.121,h,t,A+,N00790_female_48,False,o,h
fn001496_sentence-46.wav,0.618,0.74,0.122,h,r,A,N00790_female_48,False,o,h
fn001496_sentence-49.wav,0.682,0.845,0.163,Y,b,h,N00790_female_48,False,o,ʉ
fn001496_sentence-6.wav,13.722,13.874,0.152,w,e,EOS,N00790_female_48,False,o,ʋ
fn001194_sentence-0.wav,1.435,1.546,0.111,d,G,Y+,N00694_female_63,False,o,d
fn001194_sentence-0.wav,0.778,0.93,0.152,z,n,e,N00694_female_63,False,o,z
fn001194_sentence-1.wav,0.0,0.102,0.102,d,SOS,@,N00694_female_63,False,o,d
fn001194_sentence-1.wav,2.548,2.676,0.128,E,l,r,N00694_female_63,False,o,ɛ
fn001194_sentence-10.wav,2.834,2.955,0.121,@,k,EOS,N00694_female_63,False,o,ə
fn001194_sentence-10.wav,2.334,2.48,0.146,A,n,v,N00694_female_63,False,o,ɑ
fn001194_sentence-100.wav,0.481,0.676,0.195,s,A,EOS,N00694_female_63,False,o,s
fn001194_sentence-101.wav,2.087,2.188,0.101,@,n,EOS,N00694_female_63,False,o,ə
fn001194_sentence-102.wav,0.0,0.163,0.163,z,SOS,E,N00694_female_63,False,o,z
fn001194_sentence-104.wav,0.77,0.973,0.203,f,i,j,N00694_female_63,False,o,f
fn001194_sentence-106.wav,0.514,0.658,0.144,@,d,r,N00694_female_63,False,o,ə
fn001194_sentence-11.wav,5.164,5.265,0.101,@,k,EOS,N00694_female_63,False,o,ə
fn001194_sentence-11.wav,2.82,2.921,0.101,@,b,m,N00694_female_63,False,o,ə
fn001194_sentence-11.wav,2.361,2.498,0.137,A,@,f,N00694_female_63,False,o,ɑ
fn001194_sentence-11.wav,0.783,0.904,0.121,n,E+,t,N00694_female_63,False,o,n
fn001194_sentence-110.wav,0.715,0.866,0.151,r,E,v,N00694_female_63,False,o,r
fn001194_sentence-110.wav,0.584,0.715,0.131,E,@,r,N00694_female_63,False,o,ɛ
fn001194_sentence-110.wav,0.0,0.121,0.121,I,SOS,k,N00694_female_63,False,o,ɪ
fn001194_sentence-113.wav,1.075,1.197,0.122,h,n,E+,N00694_female_63,False,o,h
fn001194_sentence-114.wav,0.214,0.439,0.225,x,E,t,N00694_female_63,False,o,x
fn001194_sentence-114.wav,0.0,0.214,0.214,E,SOS,x,N00694_female_63,False,o,ɛ
fn001194_sentence-115.wav,0.5,0.622,0.122,@,z,EOS,N00694_female_63,False,o,ə
fn001194_sentence-118.wav,1.449,1.601,0.152,x,r,h,N00694_female_63,False,o,x
fn001194_sentence-119.wav,2.293,2.434,0.141,h,@,a,N00694_female_63,False,o,h
fn001194_sentence-127.wav,0.192,0.304,0.112,h,n,e,N00694_female_63,False,o,h
fn001194_sentence-131.wav,0.262,0.393,0.131,E,t,l,N00694_female_63,False,o,ɛ
fn001194_sentence-131.wav,1.956,2.087,0.131,I,r,s,N00694_female_63,False,o,ɪ
fn001194_sentence-131.wav,0.645,0.827,0.182,v,@,o,N00694_female_63,False,o,v
fn001194_sentence-134.wav,0.401,0.544,0.143,f,O,@,N00694_female_63,False,o,f
fn001194_sentence-135.wav,0.647,0.778,0.131,A,i,l,N00694_female_63,False,o,ɑ
fn001194_sentence-138.wav,0.0,0.112,0.112,d,SOS,a,N00694_female_63,False,o,d
fn001194_sentence-147.wav,5.432,5.555,0.123,I,b,l,N00694_female_63,False,o,ɪ
fn001194_sentence-147.wav,1.346,1.467,0.121,v,l,o,N00694_female_63,False,o,v
fn001194_sentence-153.wav,0.061,0.195,0.134,E,w,l,N00694_female_63,False,o,ɛ
fn001194_sentence-155.wav,0.506,0.702,0.196,E,w,l,N00694_female_63,False,o,ɛ
fn001194_sentence-162.wav,1.334,1.435,0.101,w,n,E,N00694_female_63,False,o,ʋ
fn001194_sentence-197.wav,1.063,1.195,0.132,N,A,k,N00694_female_63,False,o,ŋ
fn001194_sentence-209.wav,0.494,0.627,0.133,w,y,I,N00694_female_63,False,o,ʋ
fn001194_sentence-209.wav,0.689,0.812,0.123,N,I,l,N00694_female_63,False,o,ŋ
fn001194_sentence-276.wav,0.567,0.669,0.102,w,y,@,N00694_female_63,False,o,ʋ
fn001194_sentence-40.wav,0.411,0.502,0.091,w,i,t,N00694_female_63,False,o,ʋ
fn001194_sentence-56.wav,0.0,0.093,0.093,w,SOS,A,N00694_female_63,False,o,ʋ
fn001194_sentence-78.wav,1.109,1.261,0.152,w,y,z,N00694_female_63,False,o,ʋ
fn001194_sentence-95.wav,0.0,0.091,0.091,w,SOS,a,N00694_female_63,False,o,ʋ
fn001006_sentence-0.wav,3.087,3.193,0.106,n,i,t,N00506_female_54,False,o,n
fn001006_sentence-0.wav,0.248,0.475,0.227,o,b,l,N00506_female_54,False,o,oː
fn001006_sentence-0.wav,3.995,4.247,0.252,x,@,EOS,N00506_female_54,False,o,x
fn001006_sentence-0.wav,2.32,2.441,0.121,n,A,i,N00506_female_54,False,o,n
fn001006_sentence-0.wav,0.475,0.589,0.114,l,o,n,N00506_female_54,False,o,l
fn001006_sentence-1.wav,1.778,1.879,0.101,@,G,EOS,N00506_female_54,False,o,ə
fn001006_sentence-100.wav,1.765,1.926,0.161,k,@,E+,N00506_female_54,False,o,k
fn001006_sentence-101.wav,2.344,2.557,0.213,e,l,v,N00506_female_54,False,o,eː
fn001006_sentence-101.wav,1.744,1.856,0.112,w,t,@,N00506_female_54,False,o,ʋ
fn001006_sentence-104.wav,5.045,5.156,0.111,n,E+,w,N00506_female_54,False,o,n
fn001006_sentence-106.wav,4.81,4.976,0.166,i,j,h,N00506_female_54,False,o,iː
fn001006_sentence-106.wav,15.077,15.238,0.161,n,a,p,N00506_female_54,False,o,n
fn001006_sentence-106.wav,5.557,5.69,0.133,l,o,Y,N00506_female_54,False,o,l
fn001006_sentence-106.wav,0.0,0.111,0.111,d,SOS,A,N00506_female_54,False,o,d
fn001006_sentence-106.wav,9.308,9.419,0.111,d,G,@,N00506_female_54,False,o,d
fn001006_sentence-106.wav,9.731,9.842,0.111,r,e,@,N00506_female_54,False,o,r
fn001006_sentence-106.wav,3.026,3.219,0.193,E,v,r,N00506_female_54,False,o,ɛ
fn001006_sentence-106.wav,8.729,8.955,0.226,G,E,d,N00506_female_54,False,o,ɣ
fn001006_sentence-106.wav,8.256,8.4,0.144,E,v,r,N00506_female_54,False,o,ɛ
fn001006_sentence-107.wav,2.127,2.359,0.232,o,b,l,N00506_female_54,False,o,oː
fn001006_sentence-107.wav,1.573,1.784,0.211,x,Y,I,N00506_female_54,False,o,x
fn001006_sentence-107.wav,0.837,0.928,0.091,w,i,k,N00506_female_54,False,o,ʋ
fn001006_sentence-108.wav,3.609,3.741,0.132,m,I,t,N00506_female_54,False,o,m
fn001006_sentence-108.wav,2.273,2.415,0.142,f,E,t,N00506_female_54,False,o,f
fn001006_sentence-108.wav,4.046,4.3,0.254,x,Y,O,N00506_female_54,False,o,x
fn001006_sentence-109.wav,0.804,0.926,0.122,@,p,EOS,N00506_female_54,False,o,ə
fn001006_sentence-11.wav,0.0,0.132,0.132,d,SOS,A,N00506_female_54,False,o,d
fn001006_sentence-11.wav,1.943,2.125,0.182,x,l,d,N00506_female_54,False,o,x
fn001006_sentence-110.wav,0.319,0.422,0.103,r,d,o,N00506_female_54,False,o,r
fn001006_sentence-110.wav,0.206,0.319,0.113,d,l,r,N00506_female_54,False,o,d
fn001006_sentence-110.wav,0.576,0.71,0.134,m,o,@,N00506_female_54,False,o,m
fn001006_sentence-111.wav,2.2,2.291,0.091,w,s,I,N00506_female_54,False,o,ʋ
fn001006_sentence-112.wav,0.76,0.923,0.163,j,u,E+,N00506_female_54,False,o,j
fn001006_sentence-112.wav,3.138,3.28,0.142,k,A,r,N00506_female_54,False,o,k
fn001006_sentence-112.wav,1.368,1.52,0.152,k,n,e,N00506_female_54,False,o,k
fn001006_sentence-114.wav,0.937,1.121,0.184,f,i,EOS,N00506_female_54,False,o,f
fn001006_sentence-115.wav,4.176,4.287,0.111,d,@,O,N00506_female_54,False,o,d
fn001006_sentence-115.wav,2.324,2.425,0.101,@,t,b,N00506_female_54,False,o,ə
fn001006_sentence-116.wav,1.566,1.687,0.121,p,O,n,N00506_female_54,False,o,p
fn001006_sentence-117.wav,7.451,7.552,0.101,@,G,z,N00506_female_54,False,o,ə
fn001006_sentence-118.wav,6.363,6.495,0.132,m,r,@,N00506_female_54,False,o,m
fn001006_sentence-118.wav,7.695,7.806,0.111,h,n,o,N00506_female_54,False,o,h
fn001006_sentence-118.wav,6.626,6.773,0.147,m,O,E,N00506_female_54,False,o,m
fn001006_sentence-120.wav,3.226,3.368,0.142,G,o,A,N00506_female_54,False,o,ɣ
fn001006_sentence-121.wav,2.378,2.509,0.131,b,g,E+,N00506_female_54,False,o,b
fn001006_sentence-125.wav,0.765,0.887,0.122,m,r,u,N00506_female_54,False,o,m
fn001006_sentence-126.wav,0.151,0.312,0.161,j,o,a,N00506_female_54,False,o,j
fn001006_sentence-128.wav,1.756,1.938,0.182,f,i,EOS,N00506_female_54,False,o,f
fn001006_sentence-129.wav,0.833,0.955,0.122,d,r,@,N00506_female_54,False,o,d
fn001006_sentence-13.wav,1.704,1.804,0.1,w,r,u,N00506_female_54,False,o,ʋ
fn001006_sentence-13.wav,0.0,0.121,0.121,d,SOS,a,N00506_female_54,False,o,d
fn001006_sentence-130.wav,0.346,0.489,0.143,h,i,Y+,N00506_female_54,False,o,h
fn001006_sentence-132.wav,3.552,3.694,0.142,G,e,@,N00506_female_54,False,o,ɣ
fn001006_sentence-134.wav,0.335,0.497,0.162,G,@,a,N00506_female_54,False,o,ɣ
fn001006_sentence-138.wav,5.724,5.977,0.253,u,v,r,N00506_female_54,False,o,uː
fn001006_sentence-140.wav,2.776,2.888,0.112,I,k,n,N00506_female_54,False,o,ɪ
fn001006_sentence-140.wav,3.387,3.493,0.106,I,t,k,N00506_female_54,False,o,ɪ
fn001006_sentence-141.wav,0.339,0.511,0.172,f,o,E+,N00506_female_54,False,o,f
fn001006_sentence-142.wav,5.691,5.823,0.132,N,A,EOS,N00506_female_54,False,o,ŋ
fn001006_sentence-2.wav,1.776,1.898,0.122,Y,b,l,N00506_female_54,False,o,ʉ
fn001006_sentence-25.wav,3.301,3.453,0.152,u,b,O,N00506_female_54,False,o,uː
fn001006_sentence-3.wav,0.423,0.514,0.091,w,l,a,N00506_female_54,False,o,ʋ
fn001006_sentence-37.wav,4.997,5.189,0.192,w,@,A,N00506_female_54,False,o,ʋ
fn001006_sentence-60.wav,0.416,0.527,0.111,w,r,E+,N00506_female_54,False,o,ʋ
fn001034_sentence-0.wav,3.464,3.635,0.171,m,A,l,N00534_male_65,False,o,m
fn001034_sentence-0.wav,0.618,0.763,0.145,n,e,r,N00534_male_65,False,o,n
fn001034_sentence-0.wav,4.695,4.917,0.222,s,A,EOS,N00534_male_65,False,o,s
fn001034_sentence-1.wav,3.541,3.642,0.101,r,a,EOS,N00534_male_65,False,o,r
fn001034_sentence-1.wav,1.554,1.66,0.106,n,E,t,N00534_male_65,False,o,n
fn001034_sentence-1.wav,1.421,1.554,0.133,E,@,n,N00534_male_65,False,o,ɛ
fn001034_sentence-10.wav,3.302,3.443,0.141,E,t,l,N00534_male_65,False,o,ɛ
fn001034_sentence-10.wav,1.134,1.316,0.182,i,d,r,N00534_male_65,False,o,iː
fn001034_sentence-10.wav,6.88,7.082,0.202,s,i,EOS,N00534_male_65,False,o,s
fn001034_sentence-101.wav,0.081,0.203,0.122,@,d,m,N00534_male_65,False,o,ə
fn001034_sentence-102.wav,1.82,1.921,0.101,@,G,j,N00534_male_65,False,o,ə
fn001034_sentence-103.wav,1.133,1.285,0.152,m,O,I,N00534_male_65,False,o,m
fn001034_sentence-103.wav,0.831,0.947,0.116,n,A,t,N00534_male_65,False,o,n
fn001034_sentence-11.wav,0.404,0.505,0.101,d,@,a,N00534_male_65,False,o,d
fn001034_sentence-11.wav,0.868,1.029,0.161,z,Y,b,N00534_male_65,False,o,z
fn001034_sentence-11.wav,4.972,5.103,0.131,b,@,E+,N00534_male_65,False,o,b
fn001034_sentence-11.wav,2.585,2.758,0.173,i,k,E,N00534_male_65,False,o,iː
fn001034_sentence-111.wav,1.975,2.076,0.101,r,b,i,N00534_male_65,False,o,r
fn001034_sentence-112.wav,1.15,1.342,0.192,x,i,e,N00534_male_65,False,o,x
fn001034_sentence-117.wav,0.31,0.431,0.121,@,t,EOS,N00534_male_65,False,o,ə
fn001034_sentence-119.wav,0.605,0.701,0.096,@,t,E,N00534_male_65,False,o,ə
fn001034_sentence-12.wav,0.868,1.031,0.163,k,2,o,N00534_male_65,False,o,k
fn001034_sentence-123.wav,3.879,4.041,0.162,b,z,l,N00534_male_65,False,o,b
fn001034_sentence-123.wav,1.345,1.472,0.127,b,t,o,N00534_male_65,False,o,b
fn001034_sentence-127.wav,0.0,0.098,0.098,d,SOS,a,N00534_male_65,False,o,d
fn001034_sentence-132.wav,1.32,1.411,0.091,w,t,@,N00534_male_65,False,o,ʋ
fn001034_sentence-135.wav,0.477,0.609,0.132,N,E,h,N00534_male_65,False,o,ŋ
fn001034_sentence-135.wav,0.0,0.122,0.122,d,SOS,o,N00534_male_65,False,o,d
fn001034_sentence-135.wav,0.264,0.386,0.122,d,o,E,N00534_male_65,False,o,d
fn001034_sentence-144.wav,0.716,0.807,0.091,w,a,E,N00534_male_65,False,o,ʋ
fn001034_sentence-150.wav,1.731,1.893,0.162,G,E,EOS,N00534_male_65,False,o,ɣ
fn001034_sentence-16.wav,0.131,0.323,0.192,j,O,r,N00534_male_65,False,o,j
fn001034_sentence-167.wav,0.0,0.121,0.121,v,SOS,r,N00534_male_65,False,o,v
fn001034_sentence-2.wav,3.474,3.605,0.131,N,I,E,N00534_male_65,False,o,ŋ
fn001034_sentence-26.wav,1.561,1.673,0.112,h,r,A,N00534_male_65,False,o,h
fn001034_sentence-34.wav,10.288,10.399,0.111,h,E+,a,N00534_male_65,False,o,h
fn001034_sentence-35.wav,5.852,5.973,0.121,h,@,a,N00534_male_65,False,o,h
fn001183_sentence-0.wav,4.627,4.781,0.154,b,t,l,N00683_female_56,False,o,b
fn001183_sentence-0.wav,1.558,1.679,0.121,l,A,A+,N00683_female_56,False,o,l
fn001183_sentence-0.wav,1.416,1.558,0.142,A,t,l,N00683_female_56,False,o,ɑ
fn001183_sentence-1.wav,1.31,1.472,0.162,f,l,EOS,N00683_female_56,False,o,f
fn001183_sentence-100.wav,0.526,0.65,0.124,t,i,EOS,N00683_female_56,False,o,t
fn001183_sentence-102.wav,4.693,4.814,0.121,w,r,a,N00683_female_56,False,o,ʋ
fn001183_sentence-102.wav,1.222,1.394,0.172,x,@,E,N00683_female_56,False,o,x
fn001183_sentence-102.wav,0.687,0.848,0.161,f,o,a,N00683_female_56,False,o,f
fn001183_sentence-104.wav,3.637,3.75,0.113,n,a,EOS,N00683_female_56,False,o,n
fn001183_sentence-105.wav,0.0,0.218,0.218,y,SOS,b,N00683_female_56,False,o,yː
fn001183_sentence-105.wav,2.607,2.758,0.151,n,A,A,N00683_female_56,False,o,n
fn001183_sentence-105.wav,1.721,1.913,0.192,x,a,v,N00683_female_56,False,o,x
fn001183_sentence-105.wav,3.042,3.153,0.111,w,w,o,N00683_female_56,False,o,ʋ
fn001183_sentence-105.wav,1.298,1.489,0.191,f,o,a,N00683_female_56,False,o,f
fn001183_sentence-105.wav,3.042,3.153,0.111,w,y,w,N00683_female_56,False,o,ʋ
fn001183_sentence-105.wav,7.229,7.38,0.151,h,t,Y+,N00683_female_56,False,o,h
fn001183_sentence-106.wav,0.84,0.951,0.111,h,t,o,N00683_female_56,False,o,h
fn001183_sentence-111.wav,1.224,1.427,0.203,I,t,n,N00683_female_56,False,o,ɪ
fn001183_sentence-111.wav,1.427,1.569,0.142,n,I,EOS,N00683_female_56,False,o,n
fn001183_sentence-111.wav,0.0,0.108,0.108,d,SOS,a,N00683_female_56,False,o,d
fn001183_sentence-115.wav,0.769,0.911,0.142,f,o,a,N00683_female_56,False,o,f
fn001183_sentence-116.wav,0.06,0.242,0.182,n,@,m,N00683_female_56,False,o,n
fn001183_sentence-118.wav,0.922,1.155,0.233,z,n,o,N00683_female_56,False,o,z
fn001183_sentence-120.wav,1.975,2.087,0.112,h,n,E+,N00683_female_56,False,o,h
fn001183_sentence-123.wav,0.0,0.097,0.097,d,SOS,@,N00683_female_56,False,o,d
fn001183_sentence-123.wav,7.175,7.381,0.206,@,t,EOS,N00683_female_56,False,o,ə
fn001183_sentence-123.wav,3.26,3.371,0.111,n,a,x,N00683_female_56,False,o,n
fn001183_sentence-124.wav,0.0,0.146,0.146,E,SOS,n,N00683_female_56,False,o,ɛ
fn001183_sentence-127.wav,5.257,5.419,0.162,E,t,r,N00683_female_56,False,o,ɛ
fn001183_sentence-13.wav,0.0,0.101,0.101,w,SOS,e,N00683_female_56,False,o,ʋ
fn001183_sentence-135.wav,1.786,1.887,0.101,w,s,A,N00683_female_56,False,o,ʋ
fn001183_sentence-14.wav,1.543,1.776,0.233,G,E,EOS,N00683_female_56,False,o,ɣ
fn001183_sentence-142.wav,1.766,1.878,0.112,h,@,o,N00683_female_56,False,o,h
fn001183_sentence-163.wav,0.0,0.142,0.142,w,SOS,A,N00683_female_56,False,o,ʋ
fn001183_sentence-175.wav,3.051,3.142,0.091,w,r,E,N00683_female_56,False,o,ʋ
fn001183_sentence-189.wav,4.239,4.341,0.102,w,@,E+,N00683_female_56,False,o,ʋ
fn001183_sentence-25.wav,0.565,0.717,0.152,j,r,a,N00683_female_56,False,o,j
fn001790_sentence-0.wav,4.466,4.678,0.212,e,s,EOS,N02006_male_46,False,k,eː
fn001790_sentence-1.wav,2.88,2.981,0.101,r,t,E+,N02006_male_46,False,k,r
fn001790_sentence-1.wav,2.305,2.426,0.121,n,E,n,N02006_male_46,False,k,n
fn001790_sentence-1.wav,2.305,2.426,0.121,n,n,o,N02006_male_46,False,k,n
fn001790_sentence-2.wav,1.552,1.664,0.112,n,E+,EOS,N02006_male_46,False,k,n
fn001790_sentence-5.wav,1.463,1.615,0.152,O,e,n,N02006_male_46,False,k,ɔ
fn001791_sentence-0.wav,1.368,1.509,0.141,f,O,f,N02006_male_46,False,k,f
fn001791_sentence-0.wav,1.368,1.509,0.141,f,f,i,N02006_male_46,False,k,f
fn001791_sentence-0.wav,2.898,3.019,0.121,@,r,I,N02006_male_46,False,k,ə
fn001791_sentence-2.wav,0.829,0.941,0.112,n,@,n,N02006_male_46,False,k,n
fn001791_sentence-2.wav,0.209,0.341,0.132,A,n,j,N02006_male_46,False,k,ɑ
fn001791_sentence-2.wav,0.829,0.941,0.112,n,n,i,N02006_male_46,False,k,n
fn001792_sentence-0.wav,3.406,3.585,0.179,v,n,E+,N02006_male_46,False,k,v
fn001792_sentence-0.wav,0.559,0.772,0.213,Y,b,r,N02006_male_46,False,k,ʉ
fn001793_sentence-0.wav,6.062,6.194,0.132,m,a,I,N02006_male_46,False,k,m
fn001793_sentence-0.wav,5.859,5.971,0.112,w,g,a,N02006_male_46,False,k,ʋ
fn001793_sentence-1.wav,1.278,1.385,0.107,n,t,a,N02006_male_46,False,k,n
fn001795_sentence-2.wav,0.673,0.784,0.111,r,s,E+,N02006_male_46,False,k,r
fn001795_sentence-4.wav,3.253,3.385,0.132,w,s,E,N02006_male_46,False,k,ʋ
fn001795_sentence-4.wav,3.719,3.82,0.101,w,@,o,N02006_male_46,False,k,ʋ
fn001798_sentence-0.wav,1.765,1.916,0.151,j,t,u,N02006_male_46,False,k,j
fn001798_sentence-2.wav,1.356,1.478,0.122,w,i,w,N02006_male_46,False,k,ʋ
fn001798_sentence-2.wav,1.356,1.478,0.122,w,w,A,N02006_male_46,False,k,ʋ
fn001801_sentence-1.wav,0.269,0.451,0.182,j,A,Y,N02006_male_46,False,k,j
fn001802_sentence-0.wav,0.551,0.682,0.131,Y,b,r,N02006_male_46,False,k,ʉ
fn001803_sentence-3.wav,0.319,0.471,0.152,j,A+,y,N02006_male_46,False,k,j
fn001810_sentence-0.wav,1.736,1.848,0.112,h,a,o,N02006_male_46,False,k,h
fn001815_sentence-0.wav,0.741,0.833,0.092,w,r,e,N02006_male_46,False,k,ʋ
fn001819_sentence-0.wav,2.18,2.271,0.091,w,r,e,N02006_male_46,False,k,ʋ
fn002819_sentence-1.wav,6.358,6.465,0.107,w,n,a,N02006_male_46,False,k,ʋ
fn002823_sentence-2.wav,0.34,0.432,0.092,w,@,o,N02006_male_46,False,k,ʋ
fn002824_sentence-0.wav,1.006,1.128,0.122,w,r,A,N02006_male_46,False,k,ʋ
fn002829_sentence-3.wav,2.559,2.67,0.111,w,@,Y,N02006_male_46,False,k,ʋ
fn001949_sentence-0.wav,0.538,0.69,0.152,f,t,i,N02008_male_39,False,k,f
fn001949_sentence-1.wav,3.792,3.893,0.101,@,J,d,N02008_male_39,False,k,ə
fn001949_sentence-3.wav,3.571,3.682,0.111,I,d,t,N02008_male_39,False,k,ɪ
fn001949_sentence-3.wav,3.46,3.571,0.111,d,r,I,N02008_male_39,False,k,d
fn001949_sentence-3.wav,0.879,1.01,0.131,n,t,a,N02008_male_39,False,k,n
fn001949_sentence-4.wav,2.614,2.756,0.142,@,p,l,N02008_male_39,False,k,ə
fn001949_sentence-6.wav,3.06,3.162,0.102,@,n,EOS,N02008_male_39,False,k,ə
fn001949_sentence-7.wav,2.027,2.124,0.097,d,t,@,N02008_male_39,False,k,d
fn001949_sentence-8.wav,0.707,0.808,0.101,w,x,a,N02008_male_39,False,k,ʋ
fn001949_sentence-8.wav,5.318,5.469,0.151,x,A,EOS,N02008_male_39,False,k,x
fn001949_sentence-8.wav,2.132,2.23,0.098,d,x,Y+,N02008_male_39,False,k,d
fn001950_sentence-1.wav,4.479,4.751,0.272,E+,t,w,N02008_male_39,False,k,ɛi
fn001950_sentence-1.wav,0.766,0.998,0.232,i,e,d,N02008_male_39,False,k,iː
fn001950_sentence-1.wav,0.998,1.099,0.101,d,i,@,N02008_male_39,False,k,d
fn001951_sentence-0.wav,2.964,3.097,0.133,p,l,a,N02008_male_39,False,k,p
fn001960_sentence-0.wav,3.298,3.551,0.253,u,b,r,N02008_male_39,False,k,uː
fn001960_sentence-1.wav,5.621,5.822,0.201,u,b,r,N02008_male_39,False,k,uː
fn001960_sentence-1.wav,4.471,4.602,0.131,N,I,x,N02008_male_39,False,k,ŋ
fn001960_sentence-5.wav,3.424,3.627,0.203,u,b,r,N02008_male_39,False,k,uː
fn001961_sentence-0.wav,0.081,0.232,0.151,u,b,r,N02008_male_39,False,k,uː
fn001962_sentence-1.wav,4.299,4.543,0.244,r,E,a,N02008_male_39,False,k,r
fn001962_sentence-2.wav,1.81,1.921,0.111,r,@,Y+,N02008_male_39,False,k,r
fn001962_sentence-3.wav,0.387,0.56,0.173,r,s,o,N02008_male_39,False,k,r
fn001963_sentence-0.wav,0.147,0.248,0.101,d,n,@,N02008_male_39,False,k,d
fn001964_sentence-1.wav,2.672,2.781,0.109,d,n,e,N02008_male_39,False,k,d
fn001965_sentence-1.wav,1.385,1.578,0.193,w,t,e,N02008_male_39,False,k,ʋ
fn001966_sentence-0.wav,0.426,0.528,0.102,r,l,E,N02008_male_39,False,k,r
fn001971_sentence-3.wav,1.692,1.783,0.091,w,i,o,N02008_male_39,False,k,ʋ
fn001992_sentence-7.wav,3.688,3.779,0.091,w,E+,o,N02008_male_39,False,k,ʋ
fn001490_sentence-0.wav,1.936,2.08,0.144,G,@,O,N00787_male_54,False,o,ɣ
fn001490_sentence-0.wav,0.815,0.998,0.183,n,e,h,N00787_male_54,False,o,n
fn001490_sentence-10.wav,0.384,0.515,0.131,@,t,p,N00787_male_54,False,o,ə
fn001490_sentence-10.wav,1.464,1.646,0.182,i,d,r,N00787_male_54,False,o,iː
fn001490_sentence-10.wav,2.686,2.858,0.172,@,t,EOS,N00787_male_54,False,o,ə
fn001490_sentence-11.wav,1.998,2.109,0.111,n,I,k,N00787_male_54,False,o,n
fn001490_sentence-11.wav,4.119,4.22,0.101,@,G,h,N00787_male_54,False,o,ə
fn001490_sentence-11.wav,6.161,6.336,0.175,t,i,O,N00787_male_54,False,o,t
fn001490_sentence-11.wav,8.521,8.675,0.154,k,I,I,N00787_male_54,False,o,k
fn001490_sentence-11.wav,8.798,8.942,0.144,p,Y,s,N00787_male_54,False,o,p
fn001490_sentence-11.wav,8.942,9.198,0.256,s,p,EOS,N00787_male_54,False,o,s
fn001490_sentence-13.wav,0.685,0.816,0.131,@,d,k,N00787_male_54,False,o,ə
fn001490_sentence-13.wav,1.179,1.301,0.122,n,A,S,N00787_male_54,False,o,n
fn001490_sentence-13.wav,1.452,1.684,0.232,I,S,n,N00787_male_54,False,o,ɪ
fn001490_sentence-13.wav,2.198,2.42,0.222,s,a,EOS,N00787_male_54,False,o,s
fn001490_sentence-14.wav,2.13,2.242,0.112,@,n,d,N00787_male_54,False,o,ə
fn001490_sentence-14.wav,0.909,1.151,0.242,o,t,O,N00787_male_54,False,o,oː
fn001490_sentence-15.wav,4.226,4.328,0.102,@,z,r,N00787_male_54,False,o,ə
fn001490_sentence-15.wav,3.47,3.634,0.164,n,E,d,N00787_male_54,False,o,n
fn001490_sentence-15.wav,5.315,5.446,0.131,@,p,d,N00787_male_54,False,o,ə
fn001490_sentence-15.wav,3.332,3.47,0.138,E,a,n,N00787_male_54,False,o,ɛ
fn001490_sentence-15.wav,3.909,4.073,0.164,r,f,a,N00787_male_54,False,o,r
fn001490_sentence-16.wav,2.222,2.424,0.202,@,s,w,N00787_male_54,False,o,ə
fn001490_sentence-16.wav,6.551,6.725,0.174,m,l,EOS,N00787_male_54,False,o,m
fn001490_sentence-16.wav,1.422,1.574,0.152,n,@,E,N00787_male_54,False,o,n
fn001490_sentence-17.wav,2.312,2.405,0.093,d,@,E,N00787_male_54,False,o,d
fn001490_sentence-19.wav,4.483,4.595,0.112,n,A,v,N00787_male_54,False,o,n
fn001490_sentence-19.wav,2.893,3.024,0.131,E,m,S,N00787_male_54,False,o,ɛ
fn001490_sentence-20.wav,1.875,1.996,0.121,l,@,@,N00787_male_54,False,o,l
fn001490_sentence-20.wav,5.579,5.764,0.185,j,o,a,N00787_male_54,False,o,j
fn001490_sentence-21.wav,2.98,3.08,0.1,d,r,w,N00787_male_54,False,o,d
fn001490_sentence-21.wav,4.881,5.022,0.141,I,N,t,N00787_male_54,False,o,ɪ
fn001490_sentence-21.wav,4.155,4.276,0.121,d,@,@,N00787_male_54,False,o,d
fn001490_sentence-25.wav,0.0,0.111,0.111,d,SOS,@,N00787_male_54,False,o,d
fn001490_sentence-26.wav,1.851,1.983,0.132,d,a,O,N00787_male_54,False,o,d
fn001490_sentence-26.wav,2.114,2.246,0.132,b,O,@,N00787_male_54,False,o,b
fn001490_sentence-27.wav,0.0,0.144,0.144,E,SOS,r,N00787_male_54,False,o,ɛ
fn001490_sentence-27.wav,6.403,6.505,0.102,r,o,d,N00787_male_54,False,o,r
fn001490_sentence-28.wav,3.989,4.09,0.101,d,n,@,N00787_male_54,False,o,d
fn001490_sentence-29.wav,1.683,1.814,0.131,l,E+,h,N00787_male_54,False,o,l
fn001490_sentence-30.wav,4.948,5.069,0.121,I,i,n,N00787_male_54,False,o,ɪ
fn001490_sentence-30.wav,2.049,2.191,0.142,f,o,I,N00787_male_54,False,o,f
fn001490_sentence-30.wav,3.776,3.878,0.102,w,@,e,N00787_male_54,False,o,ʋ
fn001490_sentence-32.wav,3.875,3.987,0.112,h,@,E+,N00787_male_54,False,o,h
fn001490_sentence-37.wav,2.725,2.827,0.102,r,o,A+,N00787_male_54,False,o,r
fn001490_sentence-38.wav,2.164,2.285,0.121,d,n,@,N00787_male_54,False,o,d
fn001490_sentence-38.wav,1.324,1.456,0.132,d,n,b,N00787_male_54,False,o,d
fn001490_sentence-38.wav,2.953,3.096,0.143,N,I,i,N00787_male_54,False,o,ŋ
fn001490_sentence-39.wav,3.196,3.317,0.121,d,G,Y+,N00787_male_54,False,o,d
fn001490_sentence-45.wav,7.576,7.707,0.131,A,@,r,N00787_male_54,False,o,ɑ
fn001490_sentence-47.wav,2.116,2.238,0.122,d,r,w,N00787_male_54,False,o,d
fn001490_sentence-57.wav,0.879,1.011,0.132,N,O,k,N00787_male_54,False,o,ŋ
fn001490_sentence-60.wav,5.661,5.782,0.121,w,@,E+,N00787_male_54,False,o,ʋ
fn001490_sentence-64.wav,2.777,2.868,0.091,w,r,@,N00787_male_54,False,o,ʋ
fn001490_sentence-65.wav,1.515,1.606,0.091,w,e,w,N00787_male_54,False,o,ʋ
fn001490_sentence-65.wav,1.515,1.606,0.091,w,w,a,N00787_male_54,False,o,ʋ
fn001490_sentence-8.wav,3.22,3.331,0.111,w,@,u,N00787_male_54,False,o,ʋ
fn001491_sentence-33.wav,1.759,1.88,0.121,w,w,a,N00787_male_54,False,o,ʋ
fn001491_sentence-33.wav,1.759,1.88,0.121,w,e,w,N00787_male_54,False,o,ʋ
fn001491_sentence-6.wav,2.413,2.504,0.091,w,y,a,N00787_male_54,False,o,ʋ
fn001491_sentence-7.wav,0.182,0.283,0.101,w,p,e,N00787_male_54,False,o,ʋ
fn001023_sentence-0.wav,0.19,0.306,0.116,n,e,EOS,N00514_male_66,False,o,n
fn001023_sentence-1.wav,0.193,0.324,0.131,n,@,d,N00514_male_66,False,o,n
fn001023_sentence-1.wav,0.881,0.993,0.112,r,d,o,N00514_male_66,False,o,r
fn001023_sentence-1.wav,0.497,0.679,0.182,x,A,d,N00514_male_66,False,o,x
fn001023_sentence-1.wav,1.145,1.256,0.111,d,m,@,N00514_male_66,False,o,d
fn001023_sentence-1.wav,3.447,3.671,0.224,s,A,EOS,N00514_male_66,False,o,s
fn001023_sentence-1.wav,1.742,1.914,0.172,N,a,z,N00514_male_66,False,o,ŋ
fn001023_sentence-1.wav,1.256,1.398,0.142,@,d,z,N00514_male_66,False,o,ə
fn001023_sentence-10.wav,12.216,12.34,0.124,t,E+,d,N00514_male_66,False,o,t
fn001023_sentence-10.wav,0.521,0.715,0.194,i,n,E,N00514_male_66,False,o,iː
fn001023_sentence-10.wav,5.531,5.652,0.121,d,r,@,N00514_male_66,False,o,d
fn001023_sentence-10.wav,11.907,12.061,0.154,t,@,E+,N00514_male_66,False,o,t
fn001023_sentence-10.wav,10.118,10.239,0.121,v,@,u,N00514_male_66,False,o,v
fn001023_sentence-10.wav,16.081,16.182,0.101,@,t,EOS,N00514_male_66,False,o,ə
fn001023_sentence-10.wav,5.065,5.177,0.112,d,l,@,N00514_male_66,False,o,d
fn001023_sentence-10.wav,4.944,5.065,0.121,l,i,d,N00514_male_66,False,o,l
fn001023_sentence-10.wav,0.858,1.011,0.153,v,n,r,N00514_male_66,False,o,v
fn001023_sentence-11.wav,0.112,0.337,0.225,j,a,a,N00514_male_66,False,o,j
fn001023_sentence-11.wav,0.337,0.857,0.52,a,j,EOS,N00514_male_66,False,o,aː
fn001023_sentence-12.wav,0.439,0.635,0.196,n,A,t,N00514_male_66,False,o,n
fn001023_sentence-12.wav,0.089,0.243,0.154,h,t,l,N00514_male_66,False,o,h
fn001023_sentence-13.wav,0.516,0.681,0.165,l,p,A,N00514_male_66,False,o,l
fn001023_sentence-13.wav,4.075,4.187,0.112,n,E,k,N00514_male_66,False,o,n
fn001023_sentence-13.wav,0.894,1.126,0.232,l,s,E+,N00514_male_66,False,o,l
fn001023_sentence-13.wav,1.935,2.036,0.101,d,r,o,N00514_male_66,False,o,d
fn001023_sentence-13.wav,1.379,1.531,0.152,n,A,d,N00514_male_66,False,o,n
fn001023_sentence-15.wav,0.989,1.204,0.215,s,A,EOS,N00514_male_66,False,o,s
fn001023_sentence-16.wav,3.973,4.084,0.111,@,z,w,N00514_male_66,False,o,ə
fn001023_sentence-16.wav,1.074,1.194,0.12,@,G,E,N00514_male_66,False,o,ə
fn001023_sentence-16.wav,6.325,6.466,0.141,t,A,EOS,N00514_male_66,False,o,t
fn001023_sentence-16.wav,0.741,0.973,0.232,o,@,G,N00514_male_66,False,o,oː
fn001023_sentence-17.wav,0.494,0.636,0.142,x,@,2,N00514_male_66,False,o,x
fn001023_sentence-17.wav,7.07,7.192,0.122,@,r,d,N00514_male_66,False,o,ə
fn001023_sentence-18.wav,4.148,4.249,0.101,@,r,EOS,N00514_male_66,False,o,ə
fn001023_sentence-18.wav,1.907,2.068,0.161,f,n,A,N00514_male_66,False,o,f
fn001023_sentence-19.wav,0.714,0.836,0.122,h,n,a,N00514_male_66,False,o,h
fn001023_sentence-2.wav,1.302,1.403,0.101,r,d,o,N00514_male_66,False,o,r
fn001023_sentence-2.wav,0.363,0.474,0.111,@,s,@,N00514_male_66,False,o,ə
fn001023_sentence-2.wav,1.615,1.715,0.1,@,d,z,N00514_male_66,False,o,ə
fn001023_sentence-2.wav,1.029,1.14,0.111,d,r,i,N00514_male_66,False,o,d
fn001023_sentence-23.wav,8.302,8.433,0.131,v,r,u,N00514_male_66,False,o,v
fn001023_sentence-24.wav,1.692,1.864,0.172,G,@,EOS,N00514_male_66,False,o,ɣ
fn001023_sentence-24.wav,0.354,0.486,0.132,N,I,n,N00514_male_66,False,o,ŋ
fn001023_sentence-26.wav,0.579,0.693,0.114,r,a,v,N00514_male_66,False,o,r
fn001023_sentence-26.wav,1.833,1.941,0.108,h,@,e,N00514_male_66,False,o,h
fn001023_sentence-28.wav,1.362,1.504,0.142,I,a,n,N00514_male_66,False,o,ɪ
fn001023_sentence-29.wav,0.541,0.673,0.132,r,@,O:,N00514_male_66,False,o,r
fn001023_sentence-30.wav,0.455,0.556,0.101,r,b,i,N00514_male_66,False,o,r
fn001023_sentence-32.wav,2.626,2.768,0.142,f,r,Y,N00514_male_66,False,o,f
fn001023_sentence-32.wav,5.406,5.517,0.111,r,r,2,N00514_male_66,False,o,r
fn001023_sentence-32.wav,3.72,3.821,0.101,w,u,a,N00514_male_66,False,o,ʋ
fn001023_sentence-34.wav,0.194,0.326,0.132,w,i,a,N00514_male_66,False,o,ʋ
fn001023_sentence-36.wav,0.41,0.533,0.123,h,n,a,N00514_male_66,False,o,h
fn001023_sentence-42.wav,7.78,7.922,0.142,f,x,u,N00514_male_66,False,o,f
fn001023_sentence-43.wav,0.976,1.127,0.151,b,G,Y+,N00514_male_66,False,o,b
fn001023_sentence-43.wav,0.672,0.794,0.122,I,s,G,N00514_male_66,False,o,ɪ
fn001024_sentence-0.wav,3.341,3.452,0.111,I,t,m,N00514_male_66,False,o,ɪ
fn001024_sentence-1.wav,3.472,3.573,0.101,w,@,o,N00514_male_66,False,o,ʋ
fn001024_sentence-101.wav,2.87,2.971,0.101,w,n,a,N00514_male_66,False,o,ʋ
fn001024_sentence-17.wav,0.334,0.436,0.102,w,E+,A,N00514_male_66,False,o,ʋ
fn001024_sentence-2.wav,0.567,0.658,0.091,w,t,E,N00514_male_66,False,o,ʋ
fn001024_sentence-23.wav,0.602,0.73,0.128,h,a,e,N00514_male_66,False,o,h
fn001024_sentence-24.wav,4.412,4.524,0.112,w,@,A,N00514_male_66,False,o,ʋ
fn001024_sentence-24.wav,0.264,0.386,0.122,w,e,e,N00514_male_66,False,o,ʋ
fn001024_sentence-24.wav,0.082,0.183,0.101,w,t,e,N00514_male_66,False,o,ʋ
fn001024_sentence-26.wav,0.837,1.049,0.212,N,I,v,N00514_male_66,False,o,ŋ
fn001024_sentence-27.wav,2.814,2.906,0.092,w,x,a,N00514_male_66,False,o,ʋ
fn001024_sentence-32.wav,1.394,1.587,0.193,N,I,z,N00514_male_66,False,o,ŋ
fn001133_sentence-1.wav,1.069,1.21,0.141,x,A,d,N00578_female_44,False,o,x
fn001133_sentence-10.wav,1.786,1.907,0.121,v,@,O,N00578_female_44,False,o,v
fn001133_sentence-10.wav,1.302,1.443,0.141,x,l,r,N00578_female_44,False,o,x
fn001133_sentence-10.wav,5.375,5.566,0.191,s,A,EOS,N00578_female_44,False,o,s
fn001133_sentence-10.wav,1.029,1.15,0.121,v,@,O,N00578_female_44,False,o,v
fn001133_sentence-11.wav,2.476,2.577,0.101,@,t,EOS,N00578_female_44,False,o,ə
fn001133_sentence-12.wav,2.109,2.26,0.151,G,e,@,N00578_female_44,False,o,ɣ
fn001133_sentence-12.wav,1.077,1.189,0.112,n,s,2,N00578_female_44,False,o,n
fn001133_sentence-13.wav,4.807,4.948,0.141,I,Y+,n,N00578_female_44,False,o,ɪ
fn001133_sentence-13.wav,6.571,6.712,0.141,p,o,@,N00578_female_44,False,o,p
fn001133_sentence-16.wav,1.126,1.237,0.111,@,d,EOS,N00578_female_44,False,o,ə
fn001133_sentence-17.wav,1.057,1.2,0.143,t,l,EOS,N00578_female_44,False,o,t
fn001133_sentence-18.wav,0.565,0.727,0.162,h,t,o,N00578_female_44,False,o,h
fn001133_sentence-18.wav,1.03,1.242,0.212,x,o,A,N00578_female_44,False,o,x
fn001133_sentence-18.wav,0.0,0.121,0.121,@,SOS,t,N00578_female_44,False,o,ə
fn001133_sentence-19.wav,3.41,3.544,0.134,l,E,EOS,N00578_female_44,False,o,l
fn001133_sentence-2.wav,1.686,1.858,0.172,x,e,O,N00578_female_44,False,o,x
fn001133_sentence-2.wav,0.474,0.585,0.111,I,m,l,N00578_female_44,False,o,ɪ
fn001133_sentence-2.wav,9.771,9.964,0.193,j,e,@,N00578_female_44,False,o,j
fn001133_sentence-20.wav,2.095,2.216,0.121,m,E,EOS,N00578_female_44,False,o,m
fn001133_sentence-21.wav,5.974,6.116,0.142,t,s,EOS,N00578_female_44,False,o,t
fn001133_sentence-21.wav,5.61,5.742,0.132,v,r,A,N00578_female_44,False,o,v
fn001133_sentence-22.wav,4.195,4.297,0.102,d,m,I,N00578_female_44,False,o,d
fn001133_sentence-25.wav,1.393,1.524,0.131,v,n,A,N00578_female_44,False,o,v
fn001133_sentence-26.wav,1.719,1.831,0.112,@,t,m,N00578_female_44,False,o,ə
fn001133_sentence-27.wav,1.326,1.438,0.112,I,w,l,N00578_female_44,False,o,ɪ
fn001133_sentence-28.wav,3.944,4.045,0.101,@,d,k,N00578_female_44,False,o,ə
fn001133_sentence-28.wav,0.774,0.895,0.121,@,A,r,N00578_female_44,False,o,ə
fn001133_sentence-32.wav,0.736,0.877,0.141,f,A,w,N00578_female_44,False,o,f
fn001133_sentence-34.wav,0.693,0.855,0.162,f,A,O,N00578_female_44,False,o,f
fn001133_sentence-4.wav,2.961,3.174,0.213,y,m,r,N00578_female_44,False,o,yː
fn001133_sentence-45.wav,4.692,4.843,0.151,b,m,r,N00578_female_44,False,o,b
fn001133_sentence-46.wav,7.301,7.524,0.223,j,r,@,N00578_female_44,False,o,j
fn001133_sentence-9.wav,1.396,1.558,0.162,N,I,h,N00578_female_44,False,o,ŋ
fn001136_sentence-19.wav,1.905,2.006,0.101,w,e,@,N00578_female_44,False,o,ʋ
fn001136_sentence-33.wav,1.546,1.708,0.162,j,k,Y+,N00578_female_44,False,o,j
fn001113_sentence-0.wav,0.706,0.819,0.113,n,e,EOS,N00568_female_44,False,o,n
fn001113_sentence-0.wav,0.481,0.706,0.225,e,k,n,N00568_female_44,False,o,eː
fn001113_sentence-1.wav,0.411,0.513,0.102,@,N,d,N00568_female_44,False,o,ə
fn001113_sentence-1.wav,1.364,1.475,0.111,@,v,EOS,N00568_female_44,False,o,ə
fn001113_sentence-1.wav,0.979,1.1,0.121,l,f,e,N00568_female_44,False,o,l
fn001113_sentence-10.wav,9.168,9.341,0.173,z,r,Y,N00568_female_44,False,o,z
fn001113_sentence-10.wav,11.533,11.795,0.262,o,z,O,N00568_female_44,False,o,oː
fn001113_sentence-10.wav,11.361,11.533,0.172,z,n,o,N00568_female_44,False,o,z
fn001113_sentence-10.wav,4.553,4.684,0.131,n,i,m,N00568_female_44,False,o,n
fn001113_sentence-10.wav,3.582,3.754,0.172,j,l,a,N00568_female_44,False,o,j
fn001113_sentence-10.wav,13.265,13.386,0.121,@,r,A,N00568_female_44,False,o,ə
fn001113_sentence-10.wav,11.795,11.976,0.181,O,o,n,N00568_female_44,False,o,ɔ
fn001113_sentence-10.wav,11.976,12.107,0.131,n,O,d,N00568_female_44,False,o,n
fn001113_sentence-10.wav,8.108,8.219,0.111,h,i,A,N00568_female_44,False,o,h
fn001113_sentence-10.wav,11.153,11.274,0.121,n,A,z,N00568_female_44,False,o,n
fn001113_sentence-10.wav,10.118,10.24,0.122,n,r,i,N00568_female_44,False,o,n
fn001113_sentence-11.wav,4.911,5.032,0.121,@,l,v,N00568_female_44,False,o,ə
fn001113_sentence-12.wav,4.392,4.524,0.132,n,i,EOS,N00568_female_44,False,o,n
fn001113_sentence-12.wav,2.461,2.573,0.112,@,d,m,N00568_female_44,False,o,ə
fn001113_sentence-14.wav,4.817,4.928,0.111,I,G,n,N00568_female_44,False,o,ɪ
fn001113_sentence-14.wav,2.858,3.029,0.171,x,@,r,N00568_female_44,False,o,x
fn001113_sentence-16.wav,3.613,3.724,0.111,r,t,a,N00568_female_44,False,o,r
fn001113_sentence-16.wav,2.26,2.401,0.141,x,@,e,N00568_female_44,False,o,x
fn001113_sentence-2.wav,1.538,1.781,0.243,i,v,r,N00568_female_44,False,o,iː
fn001113_sentence-21.wav,4.355,4.486,0.131,m,O,E,N00568_female_44,False,o,m
fn001113_sentence-21.wav,3.921,4.032,0.111,r,n,Y,N00568_female_44,False,o,r
fn001113_sentence-27.wav,1.094,1.195,0.101,r,t,a,N00568_female_44,False,o,r
fn001113_sentence-30.wav,0.736,0.838,0.102,w,n,E,N00568_female_44,False,o,ʋ
fn001113_sentence-6.wav,2.254,2.407,0.153,G,a,@,N00568_female_44,False,o,ɣ
fn001114_sentence-0.wav,1.574,1.806,0.232,y,t,r,N00568_female_44,False,o,yː
fn001114_sentence-1.wav,1.113,1.205,0.092,w,@,O,N00568_female_44,False,o,ʋ
fn001114_sentence-1.wav,5.289,5.451,0.162,j,o,O,N00568_female_44,False,o,j
fn001114_sentence-1.wav,3.451,3.603,0.152,u,w,d,N00568_female_44,False,o,uː
fn001114_sentence-1.wav,3.349,3.451,0.102,w,n,u,N00568_female_44,False,o,ʋ
fn001114_sentence-101.wav,0.0,0.23,0.23,Y+,SOS,l,N00568_female_44,False,o,œy
fn001114_sentence-117.wav,1.273,1.364,0.091,w,i,s,N00568_female_44,False,o,ʋ
fn001114_sentence-131.wav,0.425,0.536,0.111,w,l,E,N00568_female_44,False,o,ʋ
fn001114_sentence-16.wav,0.156,0.26,0.104,w,@,e,N00568_female_44,False,o,ʋ
fn001114_sentence-29.wav,1.376,1.477,0.101,w,i,p,N00568_female_44,False,o,ʋ
fn001114_sentence-65.wav,0.0,0.21,0.21,w,SOS,A,N00568_female_44,False,o,ʋ
fn001114_sentence-81.wav,0.858,1.03,0.172,w,w,o,N00568_female_44,False,o,ʋ
fn001114_sentence-81.wav,0.858,1.03,0.172,w,i,w,N00568_female_44,False,o,ʋ
fn001938_sentence-0.wav,5.518,5.68,0.162,p,e,o,N02007_male_32,False,k,p
fn001938_sentence-0.wav,2.841,2.953,0.112,r,p,Y+,N02007_male_32,False,k,r
fn001938_sentence-0.wav,6.522,6.715,0.193,s,A,EOS,N02007_male_32,False,k,s
fn001938_sentence-0.wav,4.792,4.914,0.122,@,v,Y+,N02007_male_32,False,k,ə
fn001938_sentence-1.wav,4.713,4.824,0.111,I,z,t,N02007_male_32,False,k,ɪ
fn001938_sentence-3.wav,3.249,3.371,0.122,@,t,x,N02007_male_32,False,k,ə
fn001938_sentence-3.wav,1.231,1.373,0.142,m,t,O,N02007_male_32,False,k,m
fn001939_sentence-2.wav,8.155,8.288,0.133,t,o,EOS,N02007_male_32,False,k,t
fn001939_sentence-2.wav,6.64,6.842,0.202,v,n,r,N02007_male_32,False,k,v
fn001940_sentence-1.wav,1.238,1.381,0.143,p,@,E+,N02007_male_32,False,k,p
fn001940_sentence-1.wav,1.482,1.645,0.163,l,E+,EOS,N02007_male_32,False,k,l
fn001940_sentence-2.wav,2.588,2.71,0.122,@,s,O,N02007_male_32,False,k,ə
fn001940_sentence-3.wav,0.532,0.764,0.232,i,k,d,N02007_male_32,False,k,iː
fn001940_sentence-3.wav,1.199,1.38,0.181,r,i,Y,N02007_male_32,False,k,r
fn001940_sentence-3.wav,0.764,0.946,0.182,d,i,r,N02007_male_32,False,k,d
fn001941_sentence-0.wav,0.965,1.096,0.131,b,@,I,N02007_male_32,False,k,b
fn001941_sentence-0.wav,0.0,0.127,0.127,I,SOS,n,N02007_male_32,False,k,ɪ
fn001941_sentence-0.wav,1.55,1.671,0.121,n,t,e,N02007_male_32,False,k,n
fn001941_sentence-0.wav,2.961,3.074,0.113,@,G,A,N02007_male_32,False,k,ə
fn001941_sentence-1.wav,1.669,1.831,0.162,i,r,l,N02007_male_32,False,k,iː
fn001941_sentence-1.wav,3.582,3.703,0.121,b,r,I,N02007_male_32,False,k,b
fn001942_sentence-1.wav,0.0,0.107,0.107,I,SOS,n,N02007_male_32,False,k,ɪ
fn001942_sentence-1.wav,2.385,2.476,0.091,w,e,x,N02007_male_32,False,k,ʋ
fn001942_sentence-2.wav,1.543,1.675,0.132,@,z,E,N02007_male_32,False,k,ə
fn001942_sentence-3.wav,2.374,2.485,0.111,I,a,N,N02007_male_32,False,k,ɪ
fn001942_sentence-4.wav,4.294,4.469,0.175,f,l,EOS,N02007_male_32,False,k,f
fn001943_sentence-0.wav,4.864,4.966,0.102,w,e,n,N02007_male_32,False,k,ʋ
fn001943_sentence-0.wav,4.611,4.733,0.122,@,G,e,N02007_male_32,False,k,ə
fn001943_sentence-2.wav,1.102,1.244,0.142,d,Y,2,N02007_male_32,False,k,d
fn001943_sentence-4.wav,3.353,3.455,0.102,d,r,e,N02007_male_32,False,k,d
fn001944_sentence-0.wav,2.937,3.13,0.193,u,t,A,N02007_male_32,False,k,uː
fn001944_sentence-2.wav,1.02,1.122,0.102,r,x,a,N02007_male_32,False,k,r
fn001944_sentence-3.wav,5.058,5.149,0.091,w,y,@,N02007_male_32,False,k,ʋ
fn001945_sentence-0.wav,0.714,0.898,0.184,u,b,r,N02007_male_32,False,k,uː
fn001945_sentence-1.wav,1.606,1.747,0.141,d,a,E,N02007_male_32,False,k,d
fn001946_sentence-0.wav,4.603,4.704,0.101,d,r,@,N02007_male_32,False,k,d
fn001946_sentence-2.wav,4.163,4.295,0.132,d,s,r,N02007_male_32,False,k,d
fn001946_sentence-2.wav,4.295,4.408,0.113,r,d,o,N02007_male_32,False,k,r
fn001946_sentence-2.wav,1.764,1.872,0.108,d,t,@,N02007_male_32,False,k,d
fn001952_sentence-3.wav,6.722,6.844,0.122,h,@,e,N02007_male_32,False,k,h
fn001952_sentence-3.wav,6.311,6.448,0.137,r,n,o,N02007_male_32,False,k,r
fn001959_sentence-3.wav,1.532,1.649,0.117,r,n,o,N02007_male_32,False,k,r
fn002070_sentence-1.wav,1.666,1.774,0.108,h,n,E,N02007_male_32,False,k,h
fn002074_sentence-4.wav,2.434,2.595,0.161,w,y,EOS,N02007_male_32,False,k,ʋ
fn002619_sentence-0.wav,1.798,1.889,0.091,w,r,e,N02007_male_32,False,k,ʋ
fn002622_sentence-1.wav,2.164,2.255,0.091,w,y,I,N02007_male_32,False,k,ʋ
fn002636_sentence-2.wav,0.883,0.975,0.092,w,x,E,N02007_male_32,False,k,ʋ
fn003172_sentence-3.wav,0.891,1.073,0.182,w,t,u,N02007_male_32,False,k,ʋ
fn001318_sentence-0.wav,0.0,0.173,0.173,d,SOS,@,N00686_female_50,False,o,d
fn001318_sentence-0.wav,0.448,0.621,0.173,x,a,t,N00686_female_50,False,o,x
fn001318_sentence-10.wav,4.786,4.948,0.162,n,i,v,N00686_female_50,False,o,n
fn001318_sentence-10.wav,7.396,7.53,0.134,m,@,a,N00686_female_50,False,o,m
fn001318_sentence-10.wav,0.243,0.36,0.117,n,@,e,N00686_female_50,False,o,n
fn001318_sentence-10.wav,7.037,7.17,0.133,d,n,A,N00686_female_50,False,o,d
fn001318_sentence-10.wav,6.723,6.908,0.185,n,Y,d,N00686_female_50,False,o,n
fn001318_sentence-10.wav,2.727,2.961,0.234,s,O,w,N00686_female_50,False,o,s
fn001318_sentence-10.wav,3.354,3.475,0.121,d,@,O,N00686_female_50,False,o,d
fn001318_sentence-11.wav,0.522,0.643,0.121,I,s,s,N00686_female_50,False,o,ɪ
fn001318_sentence-11.wav,0.947,1.089,0.142,h,t,E+,N00686_female_50,False,o,h
fn001318_sentence-11.wav,2.919,3.101,0.182,@,s,E,N00686_female_50,False,o,ə
fn001318_sentence-11.wav,3.831,3.943,0.112,r,@,E+,N00686_female_50,False,o,r
fn001318_sentence-11.wav,2.031,2.152,0.121,@,d,d,N00686_female_50,False,o,ə
fn001318_sentence-12.wav,0.595,0.728,0.133,t,E,EOS,N00686_female_50,False,o,t
fn001318_sentence-14.wav,0.763,0.905,0.142,@,s,y,N00686_female_50,False,o,ə
fn001318_sentence-14.wav,1.291,1.433,0.142,x,n,O,N00686_female_50,False,o,x
fn001318_sentence-15.wav,1.208,1.319,0.111,@,d,z,N00686_female_50,False,o,ə
fn001318_sentence-15.wav,0.713,0.858,0.145,@,N,d,N00686_female_50,False,o,ə
fn001318_sentence-15.wav,1.511,1.673,0.162,O,x,m,N00686_female_50,False,o,ɔ
fn001318_sentence-16.wav,2.083,2.184,0.101,r,A,m,N00686_female_50,False,o,r
fn001318_sentence-16.wav,1.103,1.234,0.131,A,f,s,N00686_female_50,False,o,ɑ
fn001318_sentence-17.wav,0.363,0.475,0.112,h,n,E+,N00686_female_50,False,o,h
fn001318_sentence-18.wav,1.207,1.318,0.111,I,t,s,N00686_female_50,False,o,ɪ
fn001318_sentence-18.wav,0.051,0.162,0.111,@,d,e,N00686_female_50,False,o,ə
fn001318_sentence-19.wav,1.501,1.653,0.152,E,t,l,N00686_female_50,False,o,ɛ
fn001318_sentence-19.wav,0.0,0.152,0.152,z,SOS,E+,N00686_female_50,False,o,z
fn001318_sentence-19.wav,6.074,6.288,0.214,y,n,@,N00686_female_50,False,o,yː
fn001318_sentence-19.wav,9.387,9.498,0.111,n,@,d,N00686_female_50,False,o,n
fn001318_sentence-19.wav,6.513,6.615,0.102,r,n,y,N00686_female_50,False,o,r
fn001318_sentence-19.wav,2.416,2.577,0.161,E,b,l,N00686_female_50,False,o,ɛ
fn001318_sentence-19.wav,7.424,7.545,0.121,b,r,e,N00686_female_50,False,o,b
fn001318_sentence-2.wav,5.647,5.748,0.101,r,a,E+,N00686_female_50,False,o,r
fn001318_sentence-2.wav,2.367,2.498,0.131,n,@,b,N00686_female_50,False,o,n
fn001318_sentence-2.wav,7.348,7.509,0.161,z,I,b,N00686_female_50,False,o,z
fn001318_sentence-2.wav,4.949,5.05,0.101,r,E,f,N00686_female_50,False,o,r
fn001318_sentence-2.wav,0.0,0.097,0.097,d,SOS,i,N00686_female_50,False,o,d
fn001318_sentence-2.wav,7.236,7.348,0.112,I,n,z,N00686_female_50,False,o,ɪ
fn001318_sentence-2.wav,0.754,0.855,0.101,r,b,A,N00686_female_50,False,o,r
fn001318_sentence-22.wav,0.313,0.464,0.151,E,b,l,N00686_female_50,False,o,ɛ
fn001318_sentence-23.wav,5.697,5.798,0.101,@,r,l,N00686_female_50,False,o,ə
fn001318_sentence-23.wav,2.223,2.435,0.212,i,r,I,N00686_female_50,False,o,iː
fn001318_sentence-23.wav,2.435,2.566,0.131,I,i,n,N00686_female_50,False,o,ɪ
fn001318_sentence-24.wav,1.163,1.286,0.123,r,O,p,N00686_female_50,False,o,r
fn001318_sentence-25.wav,3.326,3.448,0.122,r,b,y,N00686_female_50,False,o,r
fn001318_sentence-25.wav,4.293,4.465,0.172,i,x,r,N00686_female_50,False,o,iː
fn001318_sentence-25.wav,5.584,5.747,0.163,I,r,s,N00686_female_50,False,o,ɪ
fn001318_sentence-31.wav,2.615,2.757,0.142,l,e,e,N00686_female_50,False,o,l
fn001318_sentence-5.wav,2.807,2.898,0.091,w,k,O,N00686_female_50,False,o,ʋ
fn001318_sentence-9.wav,3.096,3.187,0.091,w,@,a,N00686_female_50,False,o,ʋ
fn001319_sentence-10.wav,5.355,5.466,0.111,w,A+,@,N00686_female_50,False,o,ʋ
fn001319_sentence-10.wav,7.148,7.279,0.131,N,I,@,N00686_female_50,False,o,ŋ
fn001319_sentence-28.wav,0.424,0.596,0.172,j,t,@,N00686_female_50,False,o,j
fn001319_sentence-33.wav,2.954,3.065,0.111,w,@,a,N00686_female_50,False,o,ʋ
fn001319_sentence-36.wav,0.818,0.909,0.091,w,m,E,N00686_female_50,False,o,ʋ
fn001319_sentence-38.wav,0.275,0.488,0.213,y,t,r,N00686_female_50,False,o,yː
fn001319_sentence-41.wav,7.155,7.286,0.131,w,@,a,N00686_female_50,False,o,ʋ
fn001319_sentence-5.wav,4.068,4.19,0.122,w,e,h,N00686_female_50,False,o,ʋ
fn001319_sentence-7.wav,0.132,0.233,0.101,w,@,A,N00686_female_50,False,o,ʋ
fn001446_sentence-0.wav,1.022,1.123,0.101,d,a,r,N00750_male_66,False,o,d
fn001446_sentence-0.wav,0.283,0.475,0.192,s,I,k,N00750_male_66,False,o,s
fn001446_sentence-0.wav,0.172,0.283,0.111,I,s,s,N00750_male_66,False,o,ɪ
fn001446_sentence-0.wav,0.577,0.941,0.364,a,k,d,N00750_male_66,False,o,aː
fn001446_sentence-0.wav,1.437,1.599,0.162,h,l,y,N00750_male_66,False,o,h
fn001446_sentence-1.wav,0.0,0.112,0.112,I,SOS,g,N00750_male_66,False,o,ɪ
fn001446_sentence-11.wav,5.175,5.3,0.125,I,r,n,N00750_male_66,False,o,ɪ
fn001446_sentence-11.wav,0.874,1.016,0.142,k,r,@,N00750_male_66,False,o,k
fn001446_sentence-12.wav,1.321,1.533,0.212,s,I,m,N00750_male_66,False,o,s
fn001446_sentence-12.wav,4.182,4.323,0.141,I,n,n,N00750_male_66,False,o,ɪ
fn001446_sentence-12.wav,4.323,4.434,0.111,n,I,e,N00750_male_66,False,o,n
fn001446_sentence-13.wav,0.558,0.669,0.111,@,G,w,N00750_male_66,False,o,ə
fn001446_sentence-14.wav,3.269,3.39,0.121,h,k,e,N00750_male_66,False,o,h
fn001446_sentence-14.wav,1.636,1.797,0.161,O,k,n,N00750_male_66,False,o,ɔ
fn001446_sentence-14.wav,1.272,1.403,0.131,p,O,E,N00750_male_66,False,o,p
fn001446_sentence-16.wav,4.41,4.511,0.101,r,e,@,N00750_male_66,False,o,r
fn001446_sentence-16.wav,1.041,1.173,0.132,t,l,E,N00750_male_66,False,o,t
fn001446_sentence-16.wav,0.243,0.475,0.232,A,p,l,N00750_male_66,False,o,ɑ
fn001446_sentence-17.wav,1.46,1.602,0.142,@,v,l,N00750_male_66,False,o,ə
fn001446_sentence-17.wav,0.456,0.588,0.132,E,t,r,N00750_male_66,False,o,ɛ
fn001446_sentence-17.wav,2.945,3.047,0.102,@,v,j,N00750_male_66,False,o,ə
fn001446_sentence-18.wav,3.944,4.196,0.252,Y+,t,t,N00750_male_66,False,o,œy
fn001446_sentence-20.wav,0.758,0.859,0.101,@,d,w,N00750_male_66,False,o,ə
fn001446_sentence-20.wav,5.112,5.265,0.153,E,@,n,N00750_male_66,False,o,ɛ
fn001446_sentence-20.wav,4.152,4.306,0.154,f,e,o,N00750_male_66,False,o,f
fn001446_sentence-20.wav,4.829,4.952,0.123,@,t,E,N00750_male_66,False,o,ə
fn001446_sentence-20.wav,0.0,0.121,0.121,d,SOS,a,N00750_male_66,False,o,d
fn001446_sentence-20.wav,2.95,3.072,0.122,v,N,o,N00750_male_66,False,o,v
fn001446_sentence-20.wav,5.265,5.398,0.133,n,E,v,N00750_male_66,False,o,n
fn001446_sentence-20.wav,3.936,4.059,0.123,l,n,e,N00750_male_66,False,o,l
fn001446_sentence-21.wav,5.403,5.505,0.102,@,j,v,N00750_male_66,False,o,ə
fn001446_sentence-21.wav,0.755,0.886,0.131,r,f,E+,N00750_male_66,False,o,r
fn001446_sentence-21.wav,7.618,7.742,0.124,Y,p,m,N00750_male_66,False,o,ʉ
fn001446_sentence-21.wav,9.886,10.0,0.114,n,E,x,N00750_male_66,False,o,n
fn001446_sentence-21.wav,11.936,12.089,0.153,A,@,l,N00750_male_66,False,o,ɑ
fn001446_sentence-21.wav,9.689,9.886,0.197,E,@,n,N00750_male_66,False,o,ɛ
fn001446_sentence-21.wav,2.851,2.959,0.108,I,m,n,N00750_male_66,False,o,ɪ
fn001446_sentence-22.wav,14.263,14.356,0.093,r,E,g,N00750_male_66,False,o,r
fn001446_sentence-23.wav,3.403,3.514,0.111,I,t,s,N00750_male_66,False,o,ɪ
fn001446_sentence-28.wav,6.506,6.607,0.101,d,r,@,N00750_male_66,False,o,d
fn001446_sentence-29.wav,3.988,4.099,0.111,r,k,Y+,N00750_male_66,False,o,r
fn001446_sentence-32.wav,3.679,3.781,0.102,w,t,i,N00750_male_66,False,o,ʋ
fn001446_sentence-32.wav,12.412,12.598,0.186,d,x,A,N00750_male_66,False,o,d
fn001446_sentence-32.wav,7.48,7.593,0.113,w,@,o,N00750_male_66,False,o,ʋ
fn001446_sentence-33.wav,1.947,2.058,0.111,d,s,I,N00750_male_66,False,o,d
fn001446_sentence-35.wav,0.202,0.398,0.196,u,d,l,N00750_male_66,False,o,uː
fn001446_sentence-42.wav,2.685,2.898,0.213,y,t,m,N00750_male_66,False,o,yː
fn001446_sentence-43.wav,2.199,2.311,0.112,h,@,E,N00750_male_66,False,o,h
fn001446_sentence-45.wav,2.557,2.659,0.102,w,t,O,N00750_male_66,False,o,ʋ
fn001447_sentence-15.wav,8.16,8.284,0.124,w,y,x,N00750_male_66,False,o,ʋ
fn001447_sentence-25.wav,7.648,7.739,0.091,w,@,E+,N00750_male_66,False,o,ʋ
fn001447_sentence-25.wav,2.312,2.444,0.132,h,s,E+,N00750_male_66,False,o,h
fn001447_sentence-32.wav,1.388,1.522,0.134,h,m,E,N00750_male_66,False,o,h
fn001060_sentence-0.wav,0.0,0.103,0.103,I,SOS,n,N00560_female_53,False,o,ɪ
fn001060_sentence-1.wav,2.514,2.697,0.183,n,E+,E,N00560_female_53,False,o,n
fn001060_sentence-10.wav,3.693,3.895,0.202,j,r,a,N00560_female_53,False,o,j
fn001060_sentence-10.wav,9.934,10.077,0.143,x,I,a,N00560_female_53,False,o,x
fn001060_sentence-10.wav,2.078,2.229,0.151,p,a,i,N00560_female_53,False,o,p
fn001060_sentence-10.wav,4.088,4.189,0.101,@,r,a,N00560_female_53,False,o,ə
fn001060_sentence-11.wav,9.456,9.568,0.112,@,v,a,N00560_female_53,False,o,ə
fn001060_sentence-11.wav,4.26,4.381,0.121,v,u,u,N00560_female_53,False,o,v
fn001060_sentence-11.wav,0.0,0.098,0.098,d,SOS,I,N00560_female_53,False,o,d
fn001060_sentence-11.wav,4.028,4.169,0.141,t,@,u,N00560_female_53,False,o,t
fn001060_sentence-12.wav,1.755,1.907,0.152,x,a,d,N00560_female_53,False,o,x
fn001060_sentence-12.wav,2.285,2.423,0.138,d,x,w,N00560_female_53,False,o,d
fn001060_sentence-12.wav,5.323,5.462,0.139,h,i,e,N00560_female_53,False,o,h
fn001060_sentence-12.wav,0.299,0.42,0.121,@,z,x,N00560_female_53,False,o,ə
fn001060_sentence-12.wav,0.673,0.774,0.101,@,x,w,N00560_female_53,False,o,ə
fn001060_sentence-13.wav,1.537,1.669,0.132,@,N,h,N00560_female_53,False,o,ə
fn001060_sentence-14.wav,1.437,1.559,0.122,v,E+,o,N00560_female_53,False,o,v
fn001060_sentence-15.wav,0.33,0.451,0.121,p,@,a,N00560_female_53,False,o,p
fn001060_sentence-16.wav,2.812,2.924,0.112,@,z,v,N00560_female_53,False,o,ə
fn001060_sentence-16.wav,5.228,5.399,0.171,n,E+,v,N00560_female_53,False,o,n
fn001060_sentence-16.wav,0.0,0.111,0.111,r,SOS,2,N00560_female_53,False,o,r
fn001060_sentence-16.wav,1.734,1.836,0.102,@,z,A,N00560_female_53,False,o,ə
fn001060_sentence-17.wav,4.232,4.325,0.093,d,l,o,N00560_female_53,False,o,d
fn001060_sentence-17.wav,4.418,4.512,0.094,r,o,@,N00560_female_53,False,o,r
fn001060_sentence-18.wav,2.634,2.766,0.132,n,n,e,N00560_female_53,False,o,n
fn001060_sentence-18.wav,0.179,0.337,0.158,n,e,d,N00560_female_53,False,o,n
fn001060_sentence-18.wav,2.634,2.766,0.132,n,A,n,N00560_female_53,False,o,n
fn001060_sentence-18.wav,5.088,5.231,0.143,n,A,s,N00560_female_53,False,o,n
fn001060_sentence-19.wav,4.523,4.635,0.112,n,E+,EOS,N00560_female_53,False,o,n
fn001060_sentence-19.wav,0.602,0.754,0.152,j,@,a,N00560_female_53,False,o,j
fn001060_sentence-19.wav,1.815,2.077,0.262,Y+,l,t,N00560_female_53,False,o,œy
fn001060_sentence-2.wav,8.866,8.967,0.101,r,e,@,N00560_female_53,False,o,r
fn001060_sentence-21.wav,0.804,0.927,0.123,p,A,O,N00560_female_53,False,o,p
fn001060_sentence-24.wav,4.144,4.246,0.102,r,t,o,N00560_female_53,False,o,r
fn001060_sentence-28.wav,3.658,3.789,0.131,p,m,E+,N00560_female_53,False,o,p
fn001060_sentence-29.wav,0.35,0.491,0.141,h,t,e,N00560_female_53,False,o,h
fn001060_sentence-31.wav,1.555,1.684,0.129,I,n,N,N00560_female_53,False,o,ɪ
fn001060_sentence-31.wav,6.763,6.875,0.112,r,e,@,N00560_female_53,False,o,r
fn001060_sentence-32.wav,6.425,6.536,0.111,r,o,@,N00560_female_53,False,o,r
fn001060_sentence-36.wav,7.697,7.851,0.154,I,t,n,N00560_female_53,False,o,ɪ
fn001060_sentence-37.wav,2.797,2.949,0.152,b,s,l,N00560_female_53,False,o,b
fn001060_sentence-54.wav,3.695,3.847,0.152,b,@,a,N00560_female_53,False,o,b
fn001060_sentence-57.wav,3.019,3.116,0.097,w,N,O,N00560_female_53,False,o,ʋ
fn001060_sentence-67.wav,0.546,0.688,0.142,w,s,a,N00560_female_53,False,o,ʋ
fn001060_sentence-7.wav,4.017,4.146,0.129,w,i,E,N00560_female_53,False,o,ʋ
fn001060_sentence-70.wav,9.977,10.078,0.101,w,s,E,N00560_female_53,False,o,ʋ
fn001060_sentence-8.wav,0.177,0.268,0.091,w,i,@,N00560_female_53,False,o,ʋ
fn001440_sentence-0.wav,0.823,0.975,0.152,n,@,i,N00747_male_54,False,o,n
fn001440_sentence-0.wav,1.026,1.158,0.132,t,i,a,N00747_male_54,False,o,t
fn001440_sentence-1.wav,1.249,1.37,0.121,m,E,d,N00747_male_54,False,o,m
fn001440_sentence-1.wav,5.239,5.412,0.173,t,a,EOS,N00747_male_54,False,o,t
fn001440_sentence-10.wav,1.702,1.844,0.142,m,O,e,N00747_male_54,False,o,m
fn001440_sentence-10.wav,0.223,0.416,0.193,i,k,w,N00747_male_54,False,o,iː
fn001440_sentence-10.wav,4.678,4.82,0.142,@,r,z,N00747_male_54,False,o,ə
fn001440_sentence-10.wav,4.577,4.678,0.101,r,@,@,N00747_male_54,False,o,r
fn001440_sentence-11.wav,0.372,0.493,0.121,l,a,o,N00747_male_54,False,o,l
fn001440_sentence-11.wav,2.458,2.619,0.161,t,f,EOS,N00747_male_54,False,o,t
fn001440_sentence-12.wav,1.613,1.735,0.122,n,p,O,N00747_male_54,False,o,n
fn001440_sentence-13.wav,4.079,4.174,0.095,@,v,r,N00747_male_54,False,o,ə
fn001440_sentence-13.wav,5.912,6.064,0.152,t,l,Y+,N00747_male_54,False,o,t
fn001440_sentence-13.wav,0.817,0.94,0.123,d,n,I,N00747_male_54,False,o,d
fn001440_sentence-13.wav,10.197,10.328,0.131,b,i,u,N00747_male_54,False,o,b
fn001440_sentence-13.wav,4.909,5.071,0.162,O,n,r,N00747_male_54,False,o,ɔ
fn001440_sentence-13.wav,18.724,18.845,0.121,h,i,Y+,N00747_male_54,False,o,h
fn001440_sentence-13.wav,15.605,15.758,0.153,b,v,r,N00747_male_54,False,o,b
fn001440_sentence-13.wav,20.045,20.146,0.101,w,r,E,N00747_male_54,False,o,ʋ
fn001440_sentence-13.wav,1.362,1.473,0.111,n,r,a,N00747_male_54,False,o,n
fn001440_sentence-13.wav,19.259,19.35,0.091,w,k,e,N00747_male_54,False,o,ʋ
fn001440_sentence-13.wav,5.253,5.375,0.122,r,r,o,N00747_male_54,False,o,r
fn001440_sentence-13.wav,18.216,18.36,0.144,d,@,r,N00747_male_54,False,o,d
fn001440_sentence-14.wav,0.0,0.119,0.119,m,SOS,a,N00747_male_54,False,o,m
fn001440_sentence-15.wav,1.051,1.203,0.152,E,@,r,N00747_male_54,False,o,ɛ
fn001440_sentence-18.wav,0.735,0.923,0.188,l,@,e,N00747_male_54,False,o,l
fn001440_sentence-18.wav,0.304,0.416,0.112,d,o,A,N00747_male_54,False,o,d
fn001440_sentence-19.wav,0.0,0.138,0.138,l,SOS,e,N00747_male_54,False,o,l
fn001440_sentence-19.wav,0.745,0.907,0.162,d,@,e,N00747_male_54,False,o,d
fn001440_sentence-20.wav,2.186,2.299,0.113,w,@,a,N00747_male_54,False,o,ʋ
fn001440_sentence-23.wav,0.401,0.524,0.123,b,v,r,N00747_male_54,False,o,b
fn001440_sentence-23.wav,7.191,7.324,0.133,w,r,e,N00747_male_54,False,o,ʋ
fn001440_sentence-25.wav,6.378,6.489,0.111,d,i,w,N00747_male_54,False,o,d
fn001440_sentence-25.wav,5.645,5.762,0.117,d,s,A,N00747_male_54,False,o,d
fn001440_sentence-25.wav,17.653,17.775,0.122,v,r,o,N00747_male_54,False,o,v
fn001440_sentence-25.wav,11.41,11.662,0.252,p,a,A,N00747_male_54,False,o,p
fn001440_sentence-25.wav,15.474,15.586,0.112,r,e,@,N00747_male_54,False,o,r
fn001440_sentence-3.wav,6.368,6.479,0.111,h,n,A+,N00747_male_54,False,o,h
fn001440_sentence-31.wav,4.218,4.34,0.122,b,t,@,N00747_male_54,False,o,b
fn001440_sentence-36.wav,0.0,0.101,0.101,w,SOS,E,N00747_male_54,False,o,ʋ
fn001440_sentence-36.wav,2.197,2.318,0.121,r,t,a,N00747_male_54,False,o,r
fn001440_sentence-8.wav,4.614,4.726,0.112,w,k,a,N00747_male_54,False,o,ʋ
fn001441_sentence-1.wav,5.072,5.184,0.112,h,i,a,N00747_male_54,False,o,h
fn001441_sentence-10.wav,1.715,1.816,0.101,w,y,@,N00747_male_54,False,o,ʋ
fn001441_sentence-10.wav,1.25,1.361,0.111,w,E+,a,N00747_male_54,False,o,ʋ
fn001441_sentence-17.wav,0.36,0.503,0.143,w,t,E,N00747_male_54,False,o,ʋ
fn001441_sentence-18.wav,0.971,1.072,0.101,w,o,a,N00747_male_54,False,o,ʋ
fn001441_sentence-33.wav,3.141,3.232,0.091,w,t,e,N00747_male_54,False,o,ʋ
fn001088_sentence-0.wav,0.485,0.739,0.254,e,k,n,N00549_female_61,False,o,eː
fn001088_sentence-1.wav,0.849,0.971,0.122,p,A,j,N00549_female_61,False,o,p
fn001088_sentence-10.wav,1.86,2.032,0.172,A,p,f,N00549_female_61,False,o,ɑ
fn001088_sentence-10.wav,1.527,1.658,0.131,E,@,r,N00549_female_61,False,o,ɛ
fn001088_sentence-10.wav,2.221,2.333,0.112,n,E,v,N00549_female_61,False,o,n
fn001088_sentence-11.wav,4.037,4.148,0.111,w,e,EOS,N00549_female_61,False,o,ʋ
fn001088_sentence-12.wav,0.837,0.989,0.152,@,k,d,N00549_female_61,False,o,ə
fn001088_sentence-13.wav,1.781,1.963,0.182,k,I,w,N00549_female_61,False,o,k
fn001088_sentence-13.wav,2.675,2.829,0.154,O,I,n,N00549_female_61,False,o,ɔ
fn001088_sentence-14.wav,0.608,0.841,0.233,@,z,r,N00549_female_61,False,o,ə
fn001088_sentence-14.wav,7.383,7.505,0.122,n,E,p,N00549_female_61,False,o,n
fn001088_sentence-14.wav,5.875,5.987,0.112,@,t,s,N00549_female_61,False,o,ə
fn001088_sentence-14.wav,2.359,2.501,0.142,w,@,I,N00549_female_61,False,o,ʋ
fn001088_sentence-14.wav,7.241,7.383,0.142,E,@,n,N00549_female_61,False,o,ɛ
fn001088_sentence-14.wav,0.223,0.466,0.243,Y+,h,z,N00549_female_61,False,o,œy
fn001088_sentence-14.wav,2.684,2.847,0.163,O,t,m,N00549_female_61,False,o,ɔ
fn001088_sentence-15.wav,0.077,0.442,0.365,e,h,EOS,N00549_female_61,False,o,eː
fn001088_sentence-17.wav,1.356,1.528,0.172,O,b,l,N00549_female_61,False,o,ɔ
fn001088_sentence-17.wav,1.953,2.105,0.152,O,k,m,N00549_female_61,False,o,ɔ
fn001088_sentence-17.wav,1.224,1.356,0.132,b,@,O,N00549_female_61,False,o,b
fn001088_sentence-18.wav,8.424,8.647,0.223,O,b,l,N00549_female_61,False,o,ɔ
fn001088_sentence-18.wav,9.315,9.456,0.141,k,A,l,N00549_female_61,False,o,k
fn001088_sentence-18.wav,6.411,6.556,0.145,v,r,A,N00549_female_61,False,o,v
fn001088_sentence-2.wav,0.0,0.168,0.168,x,SOS,e,N00549_female_61,False,o,x
fn001088_sentence-21.wav,0.101,0.206,0.105,I,n,k,N00549_female_61,False,o,ɪ
fn001088_sentence-23.wav,0.636,0.748,0.112,I,t,n,N00549_female_61,False,o,ɪ
fn001088_sentence-24.wav,1.042,1.204,0.162,O,v,l,N00549_female_61,False,o,ɔ
fn001088_sentence-25.wav,1.516,1.611,0.095,w,k,A,N00549_female_61,False,o,ʋ
fn001088_sentence-27.wav,3.706,3.858,0.152,O,b,l,N00549_female_61,False,o,ɔ
fn001088_sentence-29.wav,1.716,1.838,0.122,p,A,EOS,N00549_female_61,False,o,p
fn001088_sentence-3.wav,1.924,2.086,0.162,f,A,E,N00549_female_61,False,o,f
fn001088_sentence-33.wav,1.564,1.756,0.192,i,x,EOS,N00549_female_61,False,o,iː
fn001088_sentence-36.wav,0.39,0.643,0.253,o,@,G,N00549_female_61,False,o,oː
fn001088_sentence-36.wav,1.037,1.148,0.111,h,t,E+,N00549_female_61,False,o,h
fn001088_sentence-4.wav,2.086,2.235,0.149,I,r,k,N00549_female_61,False,o,ɪ
fn001088_sentence-40.wav,0.927,1.05,0.123,N,A,d,N00549_female_61,False,o,ŋ
fn001088_sentence-42.wav,2.484,2.625,0.141,d,l,@,N00549_female_61,False,o,d
fn001088_sentence-42.wav,7.101,7.233,0.132,d,t,i,N00549_female_61,False,o,d
fn001088_sentence-45.wav,2.749,2.87,0.121,l,e,m,N00549_female_61,False,o,l
fn001088_sentence-45.wav,3.163,3.254,0.091,w,r,A,N00549_female_61,False,o,ʋ
fn001088_sentence-52.wav,3.841,4.074,0.233,G,r,l,N00549_female_61,False,o,ɣ
fn001088_sentence-53.wav,1.22,1.342,0.122,w,e,z,N00549_female_61,False,o,ʋ
fn001088_sentence-58.wav,0.283,0.425,0.142,l,e,a,N00549_female_61,False,o,l
fn001089_sentence-103.wav,0.545,0.656,0.111,w,e,d,N00549_female_61,False,o,ʋ
fn001123_sentence-0.wav,0.564,0.728,0.164,n,e,EOS,N00623_female_48,False,o,n
fn001123_sentence-1.wav,0.215,0.441,0.226,s,i,@,N00623_female_48,False,o,s
fn001123_sentence-1.wav,2.934,3.037,0.103,d,o,o,N00623_female_48,False,o,d
fn001123_sentence-1.wav,3.86,3.962,0.102,d,i,E,N00623_female_48,False,o,d
fn001123_sentence-1.wav,3.353,3.537,0.184,i,n,d,N00623_female_48,False,o,iː
fn001123_sentence-1.wav,2.628,2.761,0.133,A,k,n,N00623_female_48,False,o,ɑ
fn001123_sentence-100.wav,3.326,3.489,0.163,i,l,r,N00623_female_48,False,o,iː
fn001123_sentence-100.wav,0.364,0.496,0.132,t,I,a,N00623_female_48,False,o,t
fn001123_sentence-102.wav,0.499,0.602,0.103,I,@,n,N00623_female_48,False,o,ɪ
fn001123_sentence-103.wav,0.323,0.445,0.122,l,E,w,N00623_female_48,False,o,l
fn001123_sentence-103.wav,0.578,0.721,0.143,x,A,t,N00623_female_48,False,o,x
fn001123_sentence-103.wav,0.803,0.935,0.132,@,t,t,N00623_female_48,False,o,ə
fn001123_sentence-103.wav,1.424,1.57,0.146,A,t,l,N00623_female_48,False,o,ɑ
fn001123_sentence-104.wav,5.749,5.857,0.108,I,p,n,N00623_female_48,False,o,ɪ
fn001123_sentence-104.wav,0.713,0.826,0.113,I,t,l,N00623_female_48,False,o,ɪ
fn001123_sentence-104.wav,4.708,4.81,0.102,@,p,w,N00623_female_48,False,o,ə
fn001123_sentence-105.wav,0.355,0.477,0.122,I,@,n,N00623_female_48,False,o,ɪ
fn001123_sentence-106.wav,0.43,0.564,0.134,E,s,l,N00623_female_48,False,o,ɛ
fn001123_sentence-107.wav,1.3,1.426,0.126,I,@,n,N00623_female_48,False,o,ɪ
fn001123_sentence-107.wav,0.546,0.708,0.162,@,G,e,N00623_female_48,False,o,ə
fn001123_sentence-11.wav,1.353,1.475,0.122,p,A,EOS,N00623_female_48,False,o,p
fn001123_sentence-111.wav,0.0,0.143,0.143,A,SOS,l,N00623_female_48,False,o,ɑ
fn001123_sentence-111.wav,4.133,4.234,0.101,@,t,m,N00623_female_48,False,o,ə
fn001123_sentence-112.wav,1.099,1.2,0.101,d,@,r,N00623_female_48,False,o,d
fn001123_sentence-113.wav,0.974,1.085,0.111,I,t,l,N00623_female_48,False,o,ɪ
fn001123_sentence-118.wav,0.0,0.121,0.121,I,SOS,k,N00623_female_48,False,o,ɪ
fn001123_sentence-118.wav,2.454,2.565,0.111,@,t,m,N00623_female_48,False,o,ə
fn001123_sentence-120.wav,0.0,0.107,0.107,I,SOS,n,N00623_female_48,False,o,ɪ
fn001123_sentence-121.wav,6.364,6.465,0.101,@,v,O,N00623_female_48,False,o,ə
fn001123_sentence-122.wav,8.767,8.908,0.141,f,A,EOS,N00623_female_48,False,o,f
fn001123_sentence-127.wav,0.644,0.751,0.107,w,k,A,N00623_female_48,False,o,ʋ
fn001123_sentence-15.wav,0.132,0.305,0.173,f,O,h,N00623_female_48,False,o,f
fn001123_sentence-2.wav,4.493,4.635,0.142,f,A,r,N00623_female_48,False,o,f
fn001123_sentence-24.wav,2.859,2.971,0.112,d,r,O,N00623_female_48,False,o,d
fn001123_sentence-31.wav,0.0,0.103,0.103,d,SOS,i,N00623_female_48,False,o,d
fn001123_sentence-33.wav,0.0,0.155,0.155,w,SOS,E,N00623_female_48,False,o,ʋ
fn001123_sentence-33.wav,0.329,0.463,0.134,w,G,e,N00623_female_48,False,o,ʋ
fn001123_sentence-34.wav,0.0,0.102,0.102,d,SOS,I,N00623_female_48,False,o,d
fn001123_sentence-36.wav,3.31,3.411,0.101,d,s,i,N00623_female_48,False,o,d
fn001123_sentence-38.wav,0.0,0.097,0.097,d,SOS,@,N00623_female_48,False,o,d
fn001123_sentence-5.wav,1.571,1.672,0.101,w,@,a,N00623_female_48,False,o,ʋ
fn001123_sentence-9.wav,1.054,1.176,0.122,Y,d,s,N00623_female_48,False,o,ʉ
fn001388_sentence-1.wav,3.189,3.3,0.111,@,t,n,N00753_female_43,False,o,ə
fn001388_sentence-10.wav,3.753,3.945,0.192,s,Y,EOS,N00753_female_43,False,o,s
fn001388_sentence-10.wav,0.366,0.487,0.121,n,i,v,N00753_female_43,False,o,n
fn001388_sentence-11.wav,1.919,2.183,0.264,a,m,r,N00753_female_43,False,o,aː
fn001388_sentence-12.wav,5.382,5.545,0.163,m,E,d,N00753_female_43,False,o,m
fn001388_sentence-12.wav,0.716,0.839,0.123,N,O,w,N00753_female_43,False,o,ŋ
fn001388_sentence-12.wav,6.77,7.003,0.233,s,A,EOS,N00753_female_43,False,o,s
fn001388_sentence-13.wav,2.111,2.207,0.096,@,l,v,N00753_female_43,False,o,ə
fn001388_sentence-13.wav,3.266,3.489,0.223,s,A,EOS,N00753_female_43,False,o,s
fn001388_sentence-13.wav,2.207,2.33,0.123,v,@,o,N00753_female_43,False,o,v
fn001388_sentence-14.wav,7.569,7.69,0.121,m,A,O,N00753_female_43,False,o,m
fn001388_sentence-14.wav,5.866,5.993,0.127,t,r,d,N00753_female_43,False,o,t
fn001388_sentence-16.wav,4.0,4.152,0.152,x,@,e,N00753_female_43,False,o,x
fn001388_sentence-17.wav,7.145,7.326,0.181,x,A,EOS,N00753_female_43,False,o,x
fn001388_sentence-2.wav,5.797,5.908,0.111,@,f,r,N00753_female_43,False,o,ə
fn001388_sentence-2.wav,1.026,1.168,0.142,@,t,@,N00753_female_43,False,o,ə
fn001388_sentence-2.wav,2.746,2.848,0.102,@,r,w,N00753_female_43,False,o,ə
fn001388_sentence-2.wav,5.082,5.183,0.101,@,v,E,N00753_female_43,False,o,ə
fn001388_sentence-20.wav,0.506,0.628,0.122,h,n,Y+,N00753_female_43,False,o,h
fn001388_sentence-22.wav,1.225,1.326,0.101,d,r,2,N00753_female_43,False,o,d
fn001388_sentence-24.wav,3.688,3.882,0.194,f,O,h,N00753_female_43,False,o,f
fn001388_sentence-26.wav,3.577,3.709,0.132,E,w,r,N00753_female_43,False,o,ɛ
fn001388_sentence-3.wav,4.588,4.709,0.121,l,@,A,N00753_female_43,False,o,l
fn001388_sentence-4.wav,1.266,1.397,0.131,r,n,Y,N00753_female_43,False,o,r
fn001389_sentence-14.wav,2.273,2.364,0.091,w,n,I,N00753_female_43,False,o,ʋ
fn001389_sentence-16.wav,7.238,7.329,0.091,w,@,O,N00753_female_43,False,o,ʋ
fn001389_sentence-44.wav,4.885,4.986,0.101,w,p,a,N00753_female_43,False,o,ʋ
fn001532_sentence-0.wav,2.543,2.664,0.121,p,@,a,N00809_male_39,False,o,p
fn001532_sentence-0.wav,4.207,4.307,0.1,@,t,EOS,N00809_male_39,False,o,ə
fn001532_sentence-0.wav,1.083,1.216,0.133,n,o,I,N00809_male_39,False,o,n
fn001532_sentence-1.wav,0.746,0.868,0.122,w,n,E,N00809_male_39,False,o,ʋ
fn001532_sentence-1.wav,0.605,0.746,0.141,n,o,w,N00809_male_39,False,o,n
fn001532_sentence-1.wav,2.637,2.738,0.101,@,s,v,N00809_male_39,False,o,ə
fn001532_sentence-10.wav,3.866,3.978,0.112,@,t,m,N00809_male_39,False,o,ə
fn001532_sentence-10.wav,3.277,3.399,0.122,I,@,n,N00809_male_39,False,o,ɪ
fn001532_sentence-10.wav,5.142,5.243,0.101,@,t,O,N00809_male_39,False,o,ə
fn001532_sentence-10.wav,9.12,9.232,0.112,n,i,t,N00809_male_39,False,o,n
fn001532_sentence-10.wav,0.334,0.446,0.112,@,d,m,N00809_male_39,False,o,ə
fn001532_sentence-11.wav,2.982,3.113,0.131,n,A,s,N00809_male_39,False,o,n
fn001532_sentence-11.wav,3.618,3.719,0.101,w,n,a,N00809_male_39,False,o,ʋ
fn001532_sentence-11.wav,3.497,3.618,0.121,n,O,w,N00809_male_39,False,o,n
fn001532_sentence-11.wav,8.12,8.292,0.172,@,t,x,N00809_male_39,False,o,ə
fn001532_sentence-11.wav,1.702,1.823,0.121,v,@,o,N00809_male_39,False,o,v
fn001532_sentence-11.wav,7.504,7.706,0.202,v,n,e,N00809_male_39,False,o,v
fn001532_sentence-11.wav,8.292,8.524,0.232,x,@,m,N00809_male_39,False,o,x
fn001532_sentence-12.wav,1.373,1.485,0.112,@,s,EOS,N00809_male_39,False,o,ə
fn001532_sentence-12.wav,0.875,0.997,0.122,p,O,r,N00809_male_39,False,o,p
fn001532_sentence-13.wav,4.983,5.095,0.112,n,a,I,N00809_male_39,False,o,n
fn001532_sentence-13.wav,5.909,6.101,0.192,O,r,t,N00809_male_39,False,o,ɔ
fn001532_sentence-13.wav,8.021,8.122,0.101,@,t,d,N00809_male_39,False,o,ə
fn001532_sentence-13.wav,0.0,0.111,0.111,I,SOS,n,N00809_male_39,False,o,ɪ
fn001532_sentence-13.wav,5.758,5.869,0.111,n,A,r,N00809_male_39,False,o,n
fn001532_sentence-13.wav,0.504,0.615,0.111,@,d,A,N00809_male_39,False,o,ə
fn001532_sentence-13.wav,4.638,4.739,0.101,@,t,a,N00809_male_39,False,o,ə
fn001532_sentence-13.wav,5.095,5.212,0.117,I,n,n,N00809_male_39,False,o,ɪ
fn001532_sentence-13.wav,1.866,1.987,0.121,p,s,A,N00809_male_39,False,o,p
fn001532_sentence-14.wav,1.405,1.516,0.111,d,e,Y+,N00809_male_39,False,o,d
fn001532_sentence-14.wav,6.87,7.032,0.162,v,n,E+,N00809_male_39,False,o,v
fn001532_sentence-14.wav,2.345,2.477,0.132,d,A,r,N00809_male_39,False,o,d
fn001532_sentence-14.wav,6.091,6.243,0.152,n,e,n,N00809_male_39,False,o,n
fn001532_sentence-14.wav,4.293,4.415,0.122,v,m,A,N00809_male_39,False,o,v
fn001532_sentence-14.wav,4.962,5.094,0.132,n,E+,I,N00809_male_39,False,o,n
fn001532_sentence-14.wav,6.091,6.243,0.152,n,n,i,N00809_male_39,False,o,n
fn001532_sentence-14.wav,0.544,0.685,0.141,N,I,z,N00809_male_39,False,o,ŋ
fn001532_sentence-15.wav,1.114,1.246,0.132,I,n,n,N00809_male_39,False,o,ɪ
fn001532_sentence-16.wav,1.562,1.683,0.121,@,t,z,N00809_male_39,False,o,ə
fn001532_sentence-16.wav,9.81,9.932,0.122,l,n,a,N00809_male_39,False,o,l
fn001532_sentence-16.wav,10.711,10.853,0.142,f,i,EOS,N00809_male_39,False,o,f
fn001532_sentence-16.wav,4.187,4.309,0.122,I,t,s,N00809_male_39,False,o,ɪ
fn001532_sentence-17.wav,1.249,1.363,0.114,I,t,s,N00809_male_39,False,o,ɪ
fn001532_sentence-17.wav,2.663,2.804,0.141,d,@,e,N00809_male_39,False,o,d
fn001532_sentence-17.wav,7.337,7.458,0.121,v,a,i,N00809_male_39,False,o,v
fn001532_sentence-17.wav,5.375,5.578,0.203,E,p,r,N00809_male_39,False,o,ɛ
fn001532_sentence-17.wav,1.446,1.539,0.093,d,s,@,N00809_male_39,False,o,d
fn001532_sentence-17.wav,0.461,0.584,0.123,v,@,O,N00809_male_39,False,o,v
fn001532_sentence-17.wav,5.729,5.881,0.152,p,A,s,N00809_male_39,False,o,p
fn001532_sentence-18.wav,0.887,1.029,0.142,d,s,@,N00809_male_39,False,o,d
fn001532_sentence-19.wav,4.04,4.162,0.122,p,I,A,N00809_male_39,False,o,p
fn001532_sentence-2.wav,0.694,0.816,0.122,d,@,E,N00809_male_39,False,o,d
fn001532_sentence-2.wav,5.715,5.886,0.171,N,I,v,N00809_male_39,False,o,ŋ
fn001532_sentence-21.wav,3.497,3.659,0.162,u,h,d,N00809_male_39,False,o,uː
fn001532_sentence-23.wav,0.0,0.165,0.165,u,SOS,r,N00809_male_39,False,o,uː
fn001532_sentence-9.wav,5.564,5.827,0.263,A+,r,t,N00809_male_39,False,o,ɑu
fn001533_sentence-10.wav,0.0,0.138,0.138,w,SOS,i,N00809_male_39,False,o,ʋ
fn001533_sentence-12.wav,7.499,7.6,0.101,w,@,O,N00809_male_39,False,o,ʋ
fn001533_sentence-14.wav,6.119,6.281,0.162,u,t,r,N00809_male_39,False,o,uː
fn001533_sentence-18.wav,0.687,0.779,0.092,w,l,O,N00809_male_39,False,o,ʋ
fn001533_sentence-20.wav,5.198,5.289,0.091,w,A+,@,N00809_male_39,False,o,ʋ
fn001533_sentence-21.wav,1.359,1.45,0.091,w,d,E+,N00809_male_39,False,o,ʋ
fn001533_sentence-22.wav,2.578,2.699,0.121,w,t,E+,N00809_male_39,False,o,ʋ
fn001533_sentence-22.wav,4.035,4.239,0.204,u,p,r,N00809_male_39,False,o,uː
fn001533_sentence-32.wav,1.068,1.169,0.101,w,e,@,N00809_male_39,False,o,ʋ
fn001533_sentence-33.wav,1.035,1.146,0.111,w,@,E,N00809_male_39,False,o,ʋ
fn001008_sentence-0.wav,0.451,0.768,0.317,x,o,EOS,N00508_male_46,False,o,x
fn001008_sentence-1.wav,0.0,0.091,0.091,w,SOS,E,N00508_male_46,False,o,ʋ
fn001008_sentence-10.wav,0.326,0.469,0.143,n,a,k,N00508_male_46,False,o,n
fn001008_sentence-11.wav,0.069,0.266,0.197,u,t,n,N00508_male_46,False,o,uː
fn001008_sentence-11.wav,4.291,4.382,0.091,w,y,t,N00508_male_46,False,o,ʋ
fn001008_sentence-11.wav,3.523,3.665,0.142,k,l,a,N00508_male_46,False,o,k
fn001008_sentence-12.wav,1.565,1.676,0.111,n,a,E,N00508_male_46,False,o,n
fn001008_sentence-13.wav,2.138,2.28,0.142,t,n,w,N00508_male_46,False,o,t
fn001008_sentence-13.wav,6.663,6.794,0.131,n,I,z,N00508_male_46,False,o,n
fn001008_sentence-13.wav,6.391,6.501,0.11,n,@,k,N00508_male_46,False,o,n
fn001008_sentence-13.wav,3.261,3.382,0.121,I,z,x,N00508_male_46,False,o,ɪ
fn001008_sentence-13.wav,1.444,1.586,0.142,t,r,b,N00508_male_46,False,o,t
fn001008_sentence-13.wav,7.299,7.4,0.101,r,E,p,N00508_male_46,False,o,r
fn001008_sentence-13.wav,0.804,0.956,0.152,f,k,@,N00508_male_46,False,o,f
fn001008_sentence-13.wav,8.359,8.48,0.121,l,E+,EOS,N00508_male_46,False,o,l
fn001008_sentence-15.wav,2.101,2.293,0.192,n,n,i,N00508_male_46,False,o,n
fn001008_sentence-15.wav,4.251,4.362,0.111,h,s,E+,N00508_male_46,False,o,h
fn001008_sentence-15.wav,2.101,2.293,0.192,n,E,n,N00508_male_46,False,o,n
fn001008_sentence-15.wav,1.335,1.487,0.152,A,g,r,N00508_male_46,False,o,ɑ
fn001008_sentence-16.wav,0.703,0.868,0.165,t,x,r,N00508_male_46,False,o,t
fn001008_sentence-16.wav,8.181,8.292,0.111,r,b,E,N00508_male_46,False,o,r
fn001008_sentence-16.wav,0.925,1.056,0.131,r,t,a,N00508_male_46,False,o,r
fn001008_sentence-16.wav,6.373,6.504,0.131,@,N,d,N00508_male_46,False,o,ə
fn001008_sentence-16.wav,2.798,2.96,0.162,l,e,e,N00508_male_46,False,o,l
fn001008_sentence-17.wav,2.242,2.385,0.143,l,e,l,N00508_male_46,False,o,l
fn001008_sentence-17.wav,2.242,2.385,0.143,l,l,A,N00508_male_46,False,o,l
fn001008_sentence-18.wav,5.668,5.799,0.131,p,O,EOS,N00508_male_46,False,o,p
fn001008_sentence-2.wav,5.012,5.204,0.192,G,a,b,N00508_male_46,False,o,ɣ
fn001008_sentence-2.wav,5.204,5.335,0.131,b,G,o,N00508_male_46,False,o,b
fn001008_sentence-21.wav,3.848,3.969,0.121,r,@,E+,N00508_male_46,False,o,r
fn001008_sentence-23.wav,3.574,3.675,0.101,w,i,e,N00508_male_46,False,o,ʋ
fn001008_sentence-25.wav,4.27,4.432,0.162,p,O,E,N00508_male_46,False,o,p
fn001008_sentence-25.wav,8.269,8.37,0.101,d,E+,r,N00508_male_46,False,o,d
fn001008_sentence-25.wav,5.575,5.686,0.111,I,t,l,N00508_male_46,False,o,ɪ
fn001008_sentence-26.wav,2.055,2.206,0.151,f,@,l,N00508_male_46,False,o,f
fn001008_sentence-27.wav,1.547,1.668,0.121,p,O,E,N00508_male_46,False,o,p
fn001008_sentence-27.wav,2.364,2.526,0.162,u,v,r,N00508_male_46,False,o,uː
fn001008_sentence-28.wav,3.308,3.418,0.11,h,s,Y+,N00508_male_46,False,o,h
fn001008_sentence-32.wav,9.955,10.132,0.177,p,O,O,N00508_male_46,False,o,p
fn001008_sentence-35.wav,0.0,0.143,0.143,I,SOS,n,N00508_male_46,False,o,ɪ
fn001008_sentence-36.wav,2.151,2.323,0.172,j,a,@,N00508_male_46,False,o,j
fn001008_sentence-39.wav,5.615,5.735,0.12,Y,k,s,N00508_male_46,False,o,ʉ
fn001008_sentence-59.wav,3.227,3.328,0.101,w,s,E,N00508_male_46,False,o,ʋ
fn001008_sentence-67.wav,2.602,2.743,0.141,w,p,O,N00508_male_46,False,o,ʋ
fn001008_sentence-76.wav,1.206,1.328,0.122,Y,t,k,N00508_male_46,False,o,ʉ
fn001157_sentence-0.wav,0.451,0.625,0.174,E,w,r,N00657_female_20,False,o,ɛ
fn001157_sentence-101.wav,0.92,1.071,0.151,j,a,Y,N00657_female_20,False,o,j
fn001157_sentence-101.wav,0.172,0.283,0.111,r,k,Y+,N00657_female_20,False,o,r
fn001157_sentence-102.wav,0.843,0.985,0.142,E,w,l,N00657_female_20,False,o,ɛ
fn001157_sentence-102.wav,1.453,1.585,0.132,n,Y+,t,N00657_female_20,False,o,n
fn001157_sentence-103.wav,0.51,0.604,0.094,@,k,EOS,N00657_female_20,False,o,ə
fn001157_sentence-105.wav,1.136,1.238,0.102,r,o,@,N00657_female_20,False,o,r
fn001157_sentence-106.wav,0.285,0.387,0.102,@,t,@,N00657_female_20,False,o,ə
fn001157_sentence-107.wav,0.235,0.327,0.092,w,m,e,N00657_female_20,False,o,ʋ
fn001157_sentence-109.wav,0.886,1.029,0.143,I,t,n,N00657_female_20,False,o,ɪ
fn001157_sentence-109.wav,1.029,1.151,0.122,n,I,d,N00657_female_20,False,o,n
fn001157_sentence-109.wav,0.509,0.662,0.153,n,E+,o,N00657_female_20,False,o,n
fn001157_sentence-11.wav,1.165,1.286,0.121,p,O,m,N00657_female_20,False,o,p
fn001157_sentence-11.wav,1.576,1.708,0.132,h,t,a,N00657_female_20,False,o,h
fn001157_sentence-11.wav,0.431,0.578,0.147,l,a,o,N00657_female_20,False,o,l
fn001157_sentence-110.wav,0.61,0.742,0.132,A,n,l,N00657_female_20,False,o,ɑ
fn001157_sentence-111.wav,1.463,1.595,0.132,n,e,s,N00657_female_20,False,o,n
fn001157_sentence-111.wav,0.0,0.111,0.111,I,SOS,k,N00657_female_20,False,o,ɪ
fn001157_sentence-114.wav,0.422,0.578,0.156,@,G,d,N00657_female_20,False,o,ə
fn001157_sentence-114.wav,1.035,1.157,0.122,h,t,E+,N00657_female_20,False,o,h
fn001157_sentence-114.wav,1.859,1.981,0.122,I,G,s,N00657_female_20,False,o,ɪ
fn001157_sentence-114.wav,3.042,3.196,0.154,I,x,s,N00657_female_20,False,o,ɪ
fn001157_sentence-117.wav,0.795,0.953,0.158,E,t,r,N00657_female_20,False,o,ɛ
fn001157_sentence-117.wav,0.21,0.352,0.142,A,s,l,N00657_female_20,False,o,ɑ
fn001157_sentence-118.wav,1.033,1.135,0.102,@,s,t,N00657_female_20,False,o,ə
fn001157_sentence-12.wav,0.0,0.108,0.108,I,SOS,k,N00657_female_20,False,o,ɪ
fn001157_sentence-12.wav,1.068,1.19,0.122,@,r,EOS,N00657_female_20,False,o,ə
fn001157_sentence-121.wav,2.309,2.412,0.103,I,v,N,N00657_female_20,False,o,ɪ
fn001157_sentence-127.wav,1.281,1.423,0.142,f,a,EOS,N00657_female_20,False,o,f
fn001157_sentence-128.wav,0.0,0.13,0.13,m,SOS,O,N00657_female_20,False,o,m
fn001157_sentence-132.wav,0.0,0.097,0.097,d,SOS,@,N00657_female_20,False,o,d
fn001157_sentence-133.wav,0.653,0.776,0.123,h,y,A,N00657_female_20,False,o,h
fn001157_sentence-136.wav,2.573,2.694,0.121,m,t,O,N00657_female_20,False,o,m
fn001157_sentence-139.wav,1.764,1.876,0.112,I,o,k,N00657_female_20,False,o,ɪ
fn001157_sentence-14.wav,0.0,0.092,0.092,w,SOS,@,N00657_female_20,False,o,ʋ
fn001157_sentence-141.wav,0.876,0.987,0.111,I,E+,s,N00657_female_20,False,o,ɪ
fn001157_sentence-145.wav,0.991,1.113,0.122,I,t,l,N00657_female_20,False,o,ɪ
fn001157_sentence-146.wav,0.557,0.709,0.152,l,E,l,N00657_female_20,False,o,l
fn001157_sentence-146.wav,0.557,0.709,0.152,l,l,a,N00657_female_20,False,o,l
fn001157_sentence-16.wav,0.982,1.104,0.122,l,e,@,N00657_female_20,False,o,l
fn001157_sentence-169.wav,0.791,0.884,0.093,r,e,z,N00657_female_20,False,o,r
fn001157_sentence-192.wav,2.43,2.561,0.131,r,b,Y+,N00657_female_20,False,o,r
fn001157_sentence-21.wav,0.718,0.839,0.121,Y,n,l,N00657_female_20,False,o,ʉ
fn001157_sentence-211.wav,2.015,2.136,0.121,Y,n,l,N00657_female_20,False,o,ʉ
fn001502_sentence-0.wav,0.584,0.748,0.164,E,s,l,N00793_female_37,False,o,ɛ
fn001502_sentence-0.wav,0.83,1.086,0.256,f,l,E,N00793_female_37,False,o,f
fn001502_sentence-0.wav,2.319,2.471,0.152,E,p,l,N00793_female_37,False,o,ɛ
fn001502_sentence-1.wav,0.53,0.623,0.093,@,s,r,N00793_female_37,False,o,ə
fn001502_sentence-10.wav,1.51,1.723,0.213,y,x,r,N00793_female_37,False,o,yː
fn001502_sentence-13.wav,0.933,1.143,0.21,t,u,d,N00793_female_37,False,o,t
fn001502_sentence-13.wav,4.826,4.958,0.132,t,Y+,f,N00793_female_37,False,o,t
fn001502_sentence-13.wav,5.644,5.816,0.172,f,O,EOS,N00793_female_37,False,o,f
fn001502_sentence-14.wav,8.099,8.282,0.183,t,o,s,N00793_female_37,False,o,t
fn001502_sentence-14.wav,2.887,2.989,0.102,@,G,v,N00793_female_37,False,o,ə
fn001502_sentence-14.wav,6.628,6.76,0.132,@,p,z,N00793_female_37,False,o,ə
fn001502_sentence-14.wav,3.754,3.906,0.152,x,A,n,N00793_female_37,False,o,x
fn001502_sentence-14.wav,0.927,1.06,0.133,t,E+,k,N00793_female_37,False,o,t
fn001502_sentence-14.wav,4.928,5.111,0.183,x,Y+,E,N00793_female_37,False,o,x
fn001502_sentence-14.wav,3.086,3.218,0.132,v,@,O,N00793_female_37,False,o,v
fn001502_sentence-15.wav,2.101,2.263,0.162,k,A,E,N00793_female_37,False,o,k
fn001502_sentence-15.wav,0.927,1.071,0.144,@,m,r,N00793_female_37,False,o,ə
fn001502_sentence-16.wav,1.975,2.116,0.141,I,N,n,N00793_female_37,False,o,ɪ
fn001502_sentence-16.wav,1.803,1.975,0.172,N,A,I,N00793_female_37,False,o,ŋ
fn001502_sentence-16.wav,0.165,0.278,0.113,w,@,o,N00793_female_37,False,o,ʋ
fn001502_sentence-17.wav,0.833,0.945,0.112,I,z,x,N00793_female_37,False,o,ɪ
fn001502_sentence-18.wav,4.691,4.935,0.244,x,a,@,N00793_female_37,False,o,x
fn001502_sentence-18.wav,6.272,6.393,0.121,l,I,t,N00793_female_37,False,o,l
fn001502_sentence-18.wav,6.999,7.211,0.212,f,O,E,N00793_female_37,False,o,f
fn001502_sentence-18.wav,2.932,3.166,0.234,u,b,r,N00793_female_37,False,o,uː
fn001502_sentence-18.wav,6.141,6.272,0.131,I,x,l,N00793_female_37,False,o,ɪ
fn001502_sentence-19.wav,1.422,1.563,0.141,x,O,x,N00793_female_37,False,o,x
fn001502_sentence-19.wav,0.645,0.807,0.162,k,Y,d,N00793_female_37,False,o,k
fn001502_sentence-20.wav,0.0,0.117,0.117,I,SOS,k,N00793_female_37,False,o,ɪ
fn001502_sentence-21.wav,8.047,8.209,0.162,u,v,r,N00793_female_37,False,o,uː
fn001502_sentence-22.wav,0.558,0.701,0.143,h,@,E,N00793_female_37,False,o,h
fn001502_sentence-22.wav,1.584,1.736,0.152,@,v,EOS,N00793_female_37,False,o,ə
fn001502_sentence-23.wav,5.124,5.226,0.102,@,n,A,N00793_female_37,False,o,ə
fn001502_sentence-23.wav,3.338,3.431,0.093,@,d,d,N00793_female_37,False,o,ə
fn001502_sentence-25.wav,3.114,3.248,0.134,N,I,b,N00793_female_37,False,o,ŋ
fn001502_sentence-25.wav,7.022,7.135,0.113,d,s,A,N00793_female_37,False,o,d
fn001502_sentence-29.wav,0.0,0.101,0.101,d,SOS,@,N00793_female_37,False,o,d
fn001502_sentence-29.wav,8.634,8.796,0.162,i,n,E,N00793_female_37,False,o,iː
fn001502_sentence-30.wav,1.331,1.493,0.162,u,b,r,N00793_female_37,False,o,uː
fn001502_sentence-31.wav,2.094,2.233,0.139,d,r,e,N00793_female_37,False,o,d
fn001502_sentence-32.wav,4.401,4.569,0.168,d,@,r,N00793_female_37,False,o,d
fn001502_sentence-34.wav,7.563,7.686,0.123,h,t,o,N00793_female_37,False,o,h
fn001502_sentence-34.wav,4.672,4.799,0.127,d,k,r,N00793_female_37,False,o,d
fn001502_sentence-36.wav,0.0,0.149,0.149,w,SOS,I,N00793_female_37,False,o,ʋ
fn001502_sentence-38.wav,0.0,0.108,0.108,w,SOS,I,N00793_female_37,False,o,ʋ
fn001502_sentence-47.wav,0.0,0.162,0.162,d,SOS,A,N00793_female_37,False,o,d
fn001502_sentence-5.wav,3.251,3.373,0.122,w,N,I,N00793_female_37,False,o,ʋ
fn001502_sentence-5.wav,4.745,4.988,0.243,y,t,r,N00793_female_37,False,o,yː
fn001502_sentence-5.wav,4.28,4.391,0.111,d,r,I,N00793_female_37,False,o,d
fn001502_sentence-5.wav,5.422,5.544,0.122,d,r,I,N00793_female_37,False,o,d
fn001502_sentence-50.wav,4.143,4.295,0.152,d,@,r,N00793_female_37,False,o,d
fn001502_sentence-53.wav,4.799,4.952,0.153,u,v,r,N00793_female_37,False,o,uː
fn001502_sentence-54.wav,1.016,1.132,0.116,w,k,a,N00793_female_37,False,o,ʋ
fn001502_sentence-62.wav,2.325,2.416,0.091,w,e,v,N00793_female_37,False,o,ʋ
fn001502_sentence-63.wav,1.363,1.455,0.092,w,x,A,N00793_female_37,False,o,ʋ
fn001503_sentence-1.wav,3.339,3.43,0.091,w,p,I,N00793_female_37,False,o,ʋ
fn001503_sentence-1.wav,1.384,1.485,0.101,w,e,@,N00793_female_37,False,o,ʋ
fn001503_sentence-16.wav,1.122,1.223,0.101,w,s,a,N00793_female_37,False,o,ʋ
fn001503_sentence-23.wav,1.804,1.936,0.132,w,e,E,N00793_female_37,False,o,ʋ
fn001503_sentence-26.wav,1.433,1.524,0.091,w,E+,E,N00793_female_37,False,o,ʋ
fn001503_sentence-27.wav,0.0,0.128,0.128,w,SOS,@,N00793_female_37,False,o,ʋ
fn001340_sentence-1.wav,0.801,0.975,0.174,t,l,EOS,N00729_female_54,False,o,t
fn001340_sentence-10.wav,4.502,4.634,0.132,t,u,EOS,N00729_female_54,False,o,t
fn001340_sentence-11.wav,0.426,0.532,0.106,@,j,EOS,N00729_female_54,False,o,ə
fn001340_sentence-12.wav,0.258,0.351,0.093,d,a,o,N00729_female_54,False,o,d
fn001340_sentence-14.wav,3.115,3.307,0.192,f,A,m,N00729_female_54,False,o,f
fn001340_sentence-14.wav,1.39,1.571,0.181,u,t,l,N00729_female_54,False,o,uː
fn001340_sentence-14.wav,0.323,0.437,0.114,n,A,z,N00729_female_54,False,o,n
fn001340_sentence-15.wav,0.14,0.28,0.14,t,A,EOS,N00729_female_54,False,o,t
fn001340_sentence-16.wav,0.128,0.256,0.128,t,A,EOS,N00729_female_54,False,o,t
fn001340_sentence-2.wav,2.225,2.36,0.135,m,r,E,N00729_female_54,False,o,m
fn001340_sentence-2.wav,1.01,1.141,0.131,n,O,k,N00729_female_54,False,o,n
fn001340_sentence-21.wav,0.569,0.662,0.093,@,s,EOS,N00729_female_54,False,o,ə
fn001340_sentence-22.wav,0.877,0.999,0.122,n,u,b,N00729_female_54,False,o,n
fn001340_sentence-24.wav,2.492,2.605,0.113,@,t,m,N00729_female_54,False,o,ə
fn001340_sentence-24.wav,0.592,0.746,0.154,f,A,A,N00729_female_54,False,o,f
fn001340_sentence-25.wav,2.216,2.328,0.112,w,y,I,N00729_female_54,False,o,ʋ
fn001340_sentence-25.wav,0.196,0.362,0.166,x,a,A,N00729_female_54,False,o,x
fn001340_sentence-3.wav,0.989,1.141,0.152,n,e,i,N00729_female_54,False,o,n
fn001340_sentence-3.wav,1.485,1.708,0.223,s,g,m,N00729_female_54,False,o,s
fn001340_sentence-30.wav,2.807,2.928,0.121,@,n,O,N00729_female_54,False,o,ə
fn001340_sentence-32.wav,0.334,0.526,0.192,l,E,E,N00729_female_54,False,o,l
fn001340_sentence-32.wav,0.182,0.334,0.152,E,w,l,N00729_female_54,False,o,ɛ
fn001340_sentence-39.wav,1.613,1.713,0.1,d,l,o,N00729_female_54,False,o,d
fn001340_sentence-44.wav,0.717,0.901,0.184,f,i,EOS,N00729_female_54,False,o,f
fn001340_sentence-49.wav,0.351,0.514,0.163,u,j,w,N00729_female_54,False,o,uː
fn001340_sentence-50.wav,0.586,0.742,0.156,u,d,n,N00729_female_54,False,o,uː
fn001340_sentence-52.wav,0.932,1.055,0.123,m,r,@,N00729_female_54,False,o,m
fn001340_sentence-58.wav,0.757,0.868,0.111,@,f,n,N00729_female_54,False,o,ə
fn001340_sentence-58.wav,1.08,1.201,0.121,l,n,A,N00729_female_54,False,o,l
fn001340_sentence-63.wav,0.718,0.872,0.154,f,o,t,N00729_female_54,False,o,f
fn001340_sentence-63.wav,0.39,0.493,0.103,@,b,l,N00729_female_54,False,o,ə
fn001340_sentence-64.wav,0.0,0.095,0.095,r,SOS,i,N00729_female_54,False,o,r
fn001340_sentence-67.wav,0.35,0.474,0.124,I,u,k,N00729_female_54,False,o,ɪ
fn001340_sentence-67.wav,1.755,1.906,0.151,j,n,E+,N00729_female_54,False,o,j
fn001340_sentence-67.wav,0.113,0.35,0.237,u,j,I,N00729_female_54,False,o,uː
fn001340_sentence-68.wav,1.3,1.432,0.132,m,O,j,N00729_female_54,False,o,m
fn001340_sentence-68.wav,1.885,2.016,0.131,@,n,t,N00729_female_54,False,o,ə
fn001340_sentence-74.wav,0.192,0.364,0.172,u,j,o,N00729_female_54,False,o,uː
fn001340_sentence-79.wav,1.152,1.296,0.144,w,e,EOS,N00729_female_54,False,o,ʋ
fn001340_sentence-85.wav,0.289,0.486,0.197,r,a,a,N00729_female_54,False,o,r
fn001340_sentence-9.wav,0.281,0.385,0.104,d,a,o,N00729_female_54,False,o,d
fn001340_sentence-92.wav,1.753,1.905,0.152,G,i,A,N00729_female_54,False,o,ɣ
fn001341_sentence-103.wav,5.804,5.945,0.141,w,E,E,N00729_female_54,False,o,ʋ
fn001341_sentence-4.wav,0.575,0.822,0.247,y,i,r,N00729_female_54,False,o,yː
fn001341_sentence-6.wav,3.008,3.119,0.111,h,s,O,N00729_female_54,False,o,h
fn001341_sentence-6.wav,7.125,7.237,0.112,h,m,O,N00729_female_54,False,o,h
fn001222_sentence-0.wav,0.697,0.81,0.113,n,e,EOS,N00601_female_55,False,o,n
fn001222_sentence-1.wav,1.033,1.217,0.184,t,o,EOS,N00601_female_55,False,o,t
fn001222_sentence-10.wav,2.401,2.502,0.101,r,t,E+,N00601_female_55,False,o,r
fn001222_sentence-10.wav,10.893,11.035,0.142,@,d,a,N00601_female_55,False,o,ə
fn001222_sentence-10.wav,10.641,10.792,0.151,O,x,l,N00601_female_55,False,o,ɔ
fn001222_sentence-10.wav,6.855,6.966,0.111,d,@,@,N00601_female_55,False,o,d
fn001222_sentence-10.wav,6.966,7.087,0.121,@,d,v,N00601_female_55,False,o,ə
fn001222_sentence-10.wav,9.508,9.713,0.205,n,y,o,N00601_female_55,False,o,n
fn001222_sentence-10.wav,7.188,7.289,0.101,r,v,E+,N00601_female_55,False,o,r
fn001222_sentence-11.wav,0.183,0.517,0.334,i,v,r,N00601_female_55,False,o,iː
fn001222_sentence-11.wav,1.378,1.561,0.183,u,f,l,N00601_female_55,False,o,uː
fn001222_sentence-12.wav,2.068,2.24,0.172,r,r,Y,N00601_female_55,False,o,r
fn001222_sentence-12.wav,2.068,2.24,0.172,r,a,r,N00601_female_55,False,o,r
fn001222_sentence-13.wav,5.689,5.799,0.11,n,O,t,N00601_female_55,False,o,n
fn001222_sentence-13.wav,3.767,3.91,0.143,x,u,I,N00601_female_55,False,o,x
fn001222_sentence-13.wav,1.057,1.199,0.142,@,w,t,N00601_female_55,False,o,ə
fn001222_sentence-13.wav,5.487,5.588,0.101,r,t,O,N00601_female_55,False,o,r
fn001222_sentence-13.wav,5.941,6.082,0.141,p,t,w,N00601_female_55,False,o,p
fn001222_sentence-15.wav,5.732,5.835,0.103,r,b,E,N00601_female_55,False,o,r
fn001222_sentence-16.wav,2.208,2.369,0.161,k,l,EOS,N00601_female_55,False,o,k
fn001222_sentence-17.wav,0.534,0.656,0.122,@,n,x,N00601_female_55,False,o,ə
fn001222_sentence-18.wav,2.452,2.694,0.242,G,E,EOS,N00601_female_55,False,o,ɣ
fn001222_sentence-19.wav,3.293,3.414,0.121,n,E+,d,N00601_female_55,False,o,n
fn001222_sentence-19.wav,1.322,1.445,0.123,n,A,t,N00601_female_55,False,o,n
fn001222_sentence-2.wav,1.751,1.853,0.102,@,d,EOS,N00601_female_55,False,o,ə
fn001222_sentence-22.wav,6.695,6.796,0.101,w,A+,@,N00601_female_55,False,o,ʋ
fn001222_sentence-28.wav,3.67,3.792,0.122,p,O,EOS,N00601_female_55,False,o,p
fn001222_sentence-29.wav,4.106,4.228,0.122,r,b,Y+,N00601_female_55,False,o,r
fn001222_sentence-29.wav,3.325,3.457,0.132,h,s,a,N00601_female_55,False,o,h
fn001222_sentence-32.wav,1.199,1.34,0.141,r,o,@,N00601_female_55,False,o,r
fn001222_sentence-33.wav,5.197,5.298,0.101,r,a,E+,N00601_female_55,False,o,r
fn001222_sentence-33.wav,4.33,4.481,0.151,j,@,a,N00601_female_55,False,o,j
fn001222_sentence-35.wav,0.132,0.305,0.173,r,O:,E,N00601_female_55,False,o,r
fn001222_sentence-4.wav,3.619,3.72,0.101,w,t,a,N00601_female_55,False,o,ʋ
fn001222_sentence-4.wav,2.499,2.64,0.141,N,O,k,N00601_female_55,False,o,ŋ
fn001222_sentence-6.wav,3.634,3.725,0.091,w,k,E,N00601_female_55,False,o,ʋ
fn001222_sentence-7.wav,3.342,3.454,0.112,r,u,d,N00601_female_55,False,o,r
fn001222_sentence-7.wav,0.966,1.067,0.101,r,O,m,N00601_female_55,False,o,r
fn001223_sentence-12.wav,9.788,9.92,0.132,Y,b,r,N00601_female_55,False,o,ʉ
fn001223_sentence-18.wav,5.151,5.292,0.141,f,i,O,N00601_female_55,False,o,f
fn001223_sentence-20.wav,9.723,9.855,0.132,b,t,r,N00601_female_55,False,o,b
fn001223_sentence-34.wav,1.329,1.422,0.093,w,i,I,N00601_female_55,False,o,ʋ
fn001223_sentence-43.wav,1.16,1.252,0.092,w,@,o,N00601_female_55,False,o,ʋ
fn001223_sentence-61.wav,2.958,3.07,0.112,w,r,e,N00601_female_55,False,o,ʋ
fn001223_sentence-76.wav,9.218,9.312,0.094,w,i,I,N00601_female_55,False,o,ʋ
fn001223_sentence-82.wav,4.252,4.343,0.091,w,n,E,N00601_female_55,False,o,ʋ
fn001223_sentence-86.wav,10.441,10.532,0.091,w,y,@,N00601_female_55,False,o,ʋ
fn001434_sentence-0.wav,0.0,0.128,0.128,w,SOS,A,N00748_male_45,False,o,ʋ
fn001434_sentence-0.wav,4.793,4.956,0.163,v,r,O,N00748_male_45,False,o,v
fn001434_sentence-0.wav,3.518,3.69,0.172,u,l,r,N00748_male_45,False,o,uː
fn001434_sentence-0.wav,4.62,4.722,0.102,@,v,r,N00748_male_45,False,o,ə
fn001434_sentence-1.wav,1.393,1.494,0.101,@,p,d,N00748_male_45,False,o,ə
fn001434_sentence-1.wav,2.388,2.55,0.162,i,k,r,N00748_male_45,False,o,iː
fn001434_sentence-1.wav,1.11,1.231,0.121,r,t,e,N00748_male_45,False,o,r
fn001434_sentence-1.wav,3.197,3.318,0.121,l,E,d,N00748_male_45,False,o,l
fn001434_sentence-1.wav,1.817,1.948,0.131,@,N,d,N00748_male_45,False,o,ə
fn001434_sentence-10.wav,1.392,1.544,0.152,t,n,O,N00748_male_45,False,o,t
fn001434_sentence-10.wav,3.025,3.146,0.121,l,A,I,N00748_male_45,False,o,l
fn001434_sentence-10.wav,2.793,2.955,0.162,x,r,A,N00748_male_45,False,o,x
fn001434_sentence-10.wav,1.279,1.392,0.113,n,O,t,N00748_male_45,False,o,n
fn001434_sentence-11.wav,2.388,2.57,0.182,O,m,n,N00748_male_45,False,o,ɔ
fn001434_sentence-11.wav,5.27,5.422,0.152,t,A,x,N00748_male_45,False,o,t
fn001434_sentence-11.wav,6.431,6.553,0.122,I,@,n,N00748_male_45,False,o,ɪ
fn001434_sentence-11.wav,5.519,5.671,0.152,x,t,e,N00748_male_45,False,o,x
fn001434_sentence-11.wav,4.732,4.874,0.142,x,@,u,N00748_male_45,False,o,x
fn001434_sentence-12.wav,0.5,0.612,0.112,d,@,@,N00748_male_45,False,o,d
fn001434_sentence-12.wav,0.856,0.958,0.102,r,k,o,N00748_male_45,False,o,r
fn001434_sentence-13.wav,6.554,6.721,0.167,n,E,i,N00748_male_45,False,o,n
fn001434_sentence-13.wav,3.58,3.691,0.111,@,n,n,N00748_male_45,False,o,ə
fn001434_sentence-13.wav,3.098,3.2,0.102,d,@,2,N00748_male_45,False,o,d
fn001434_sentence-13.wav,5.427,5.578,0.151,z,@,w,N00748_male_45,False,o,z
fn001434_sentence-13.wav,6.989,7.13,0.141,n,A,@,N00748_male_45,False,o,n
fn001434_sentence-13.wav,5.851,5.952,0.101,d,j,@,N00748_male_45,False,o,d
fn001434_sentence-14.wav,0.883,0.985,0.102,w,o,I,N00748_male_45,False,o,ʋ
fn001434_sentence-14.wav,0.0,0.098,0.098,d,SOS,A,N00748_male_45,False,o,d
fn001434_sentence-15.wav,0.465,0.631,0.166,E,S,t,N00748_male_45,False,o,ɛ
fn001434_sentence-16.wav,0.921,1.043,0.122,I,p,n,N00748_male_45,False,o,ɪ
fn001434_sentence-16.wav,1.124,1.338,0.214,e,n,n,N00748_male_45,False,o,eː
fn001434_sentence-19.wav,5.089,5.21,0.121,p,@,a,N00748_male_45,False,o,p
fn001434_sentence-19.wav,11.667,11.778,0.111,@,v,Y+,N00748_male_45,False,o,ə
fn001434_sentence-19.wav,1.712,1.813,0.101,r,k,e,N00748_male_45,False,o,r
fn001434_sentence-2.wav,0.415,0.679,0.264,o,n,G,N00748_male_45,False,o,oː
fn001434_sentence-21.wav,3.324,3.446,0.122,r,@,a,N00748_male_45,False,o,r
fn001434_sentence-21.wav,1.202,1.364,0.162,O,@,p,N00748_male_45,False,o,ɔ
fn001434_sentence-22.wav,2.055,2.207,0.152,O,@,x,N00748_male_45,False,o,ɔ
fn001434_sentence-26.wav,2.087,2.269,0.182,f,A,EOS,N00748_male_45,False,o,f
fn001434_sentence-28.wav,2.598,2.701,0.103,r,d,a,N00748_male_45,False,o,r
fn001434_sentence-28.wav,4.479,4.58,0.101,r,2,A,N00748_male_45,False,o,r
fn001434_sentence-29.wav,7.266,7.438,0.172,u,l,r,N00748_male_45,False,o,uː
fn001434_sentence-29.wav,0.193,0.344,0.151,f,f,@,N00748_male_45,False,o,f
fn001434_sentence-29.wav,0.193,0.344,0.151,f,l,f,N00748_male_45,False,o,f
fn001434_sentence-4.wav,0.833,0.925,0.092,w,r,A,N00748_male_45,False,o,ʋ
fn001434_sentence-41.wav,1.168,1.259,0.091,w,r,A,N00748_male_45,False,o,ʋ
fn001434_sentence-7.wav,0.553,0.646,0.093,w,o,I,N00748_male_45,False,o,ʋ
fn001442_sentence-36.wav,2.826,2.949,0.123,N,O,o,N00748_male_45,False,o,ŋ
fn001466_sentence-0.wav,0.413,0.558,0.145,n,I,EOS,N00776_female_65,False,o,n
fn001466_sentence-0.wav,0.0,0.103,0.103,@,SOS,t,N00776_female_65,False,o,ə
fn001466_sentence-1.wav,0.574,0.736,0.162,i,v,r,N00776_female_65,False,o,iː
fn001466_sentence-1.wav,0.0,0.107,0.107,I,SOS,k,N00776_female_65,False,o,ɪ
fn001466_sentence-10.wav,3.925,4.178,0.253,Y+,o,t,N00776_female_65,False,o,œy
fn001466_sentence-11.wav,5.051,5.172,0.121,@,d,EOS,N00776_female_65,False,o,ə
fn001466_sentence-11.wav,2.959,3.06,0.101,@,d,v,N00776_female_65,False,o,ə
fn001466_sentence-11.wav,2.012,2.206,0.194,i,r,k,N00776_female_65,False,o,iː
fn001466_sentence-12.wav,4.709,4.851,0.142,A,l,m,N00776_female_65,False,o,ɑ
fn001466_sentence-12.wav,4.111,4.223,0.112,d,@,a,N00776_female_65,False,o,d
fn001466_sentence-12.wav,1.681,1.832,0.151,t,o,a,N00776_female_65,False,o,t
fn001466_sentence-12.wav,2.154,2.275,0.121,I,a,n,N00776_female_65,False,o,ɪ
fn001466_sentence-12.wav,4.314,4.466,0.152,l,a,j,N00776_female_65,False,o,l
fn001466_sentence-13.wav,1.956,2.087,0.131,t,e,@,N00776_female_65,False,o,t
fn001466_sentence-13.wav,5.246,5.357,0.111,n,r,i,N00776_female_65,False,o,n
fn001466_sentence-13.wav,9.354,9.516,0.162,E,b,r,N00776_female_65,False,o,ɛ
fn001466_sentence-13.wav,2.087,2.191,0.104,@,t,Y+,N00776_female_65,False,o,ə
fn001466_sentence-13.wav,4.196,4.308,0.112,@,t,b,N00776_female_65,False,o,ə
fn001466_sentence-13.wav,9.658,9.789,0.131,@,G,t,N00776_female_65,False,o,ə
fn001466_sentence-13.wav,7.507,7.638,0.131,t,A,O,N00776_female_65,False,o,t
fn001466_sentence-13.wav,12.671,12.823,0.152,E,b,r,N00776_female_65,False,o,ɛ
fn001466_sentence-13.wav,12.54,12.671,0.131,b,@,E,N00776_female_65,False,o,b
fn001466_sentence-14.wav,0.0,0.118,0.118,I,SOS,g,N00776_female_65,False,o,ɪ
fn001466_sentence-14.wav,2.794,2.895,0.101,r,o,a,N00776_female_65,False,o,r
fn001466_sentence-15.wav,0.604,0.715,0.111,I,p,N,N00776_female_65,False,o,ɪ
fn001466_sentence-16.wav,4.96,5.071,0.111,I,@,n,N00776_female_65,False,o,ɪ
fn001466_sentence-16.wav,10.997,11.139,0.142,x,n,O,N00776_female_65,False,o,x
fn001466_sentence-16.wav,0.655,0.766,0.111,d,@,i,N00776_female_65,False,o,d
fn001466_sentence-16.wav,0.363,0.534,0.171,@,k,d,N00776_female_65,False,o,ə
fn001466_sentence-16.wav,6.917,7.017,0.1,r,e,e,N00776_female_65,False,o,r
fn001466_sentence-16.wav,2.863,2.964,0.101,@,t,E,N00776_female_65,False,o,ə
fn001466_sentence-16.wav,0.968,1.129,0.161,I,i,n,N00776_female_65,False,o,ɪ
fn001466_sentence-16.wav,0.766,0.968,0.202,i,d,I,N00776_female_65,False,o,iː
fn001466_sentence-18.wav,0.463,0.607,0.144,E,b,r,N00776_female_65,False,o,ɛ
fn001466_sentence-19.wav,1.611,1.732,0.121,I,l,n,N00776_female_65,False,o,ɪ
fn001466_sentence-19.wav,2.733,2.895,0.162,E,b,r,N00776_female_65,False,o,ɛ
fn001466_sentence-2.wav,8.008,8.13,0.122,b,l,E,N00776_female_65,False,o,b
fn001466_sentence-2.wav,0.524,0.655,0.131,I,@,n,N00776_female_65,False,o,ɪ
fn001466_sentence-2.wav,1.264,1.42,0.156,z,@,A,N00776_female_65,False,o,z
fn001466_sentence-20.wav,1.259,1.37,0.111,I,t,l,N00776_female_65,False,o,ɪ
fn001466_sentence-20.wav,2.968,3.12,0.152,d,s,A,N00776_female_65,False,o,d
fn001466_sentence-20.wav,1.894,2.005,0.111,d,Y+,r,N00776_female_65,False,o,d
fn001466_sentence-21.wav,12.73,12.842,0.112,h,@,E,N00776_female_65,False,o,h
fn001466_sentence-21.wav,10.431,10.552,0.121,w,l,a,N00776_female_65,False,o,ʋ
fn001466_sentence-21.wav,7.926,8.017,0.091,w,@,E,N00776_female_65,False,o,ʋ
fn001466_sentence-21.wav,1.778,1.879,0.101,r,@,a,N00776_female_65,False,o,r
fn001466_sentence-21.wav,8.655,8.766,0.111,d,@,a,N00776_female_65,False,o,d
fn001466_sentence-24.wav,0.381,0.513,0.132,m,@,u,N00776_female_65,False,o,m
fn001466_sentence-24.wav,4.704,4.805,0.101,w,e,E,N00776_female_65,False,o,ʋ
fn001466_sentence-26.wav,16.81,16.971,0.161,f,f,A,N00776_female_65,False,o,f
fn001466_sentence-26.wav,4.648,4.759,0.111,d,u,I,N00776_female_65,False,o,d
fn001466_sentence-26.wav,8.809,8.925,0.116,r,n,a,N00776_female_65,False,o,r
fn001466_sentence-26.wav,16.81,16.971,0.161,f,i,f,N00776_female_65,False,o,f
fn001466_sentence-28.wav,5.65,5.802,0.152,w,@,a,N00776_female_65,False,o,ʋ
fn001466_sentence-29.wav,1.973,2.114,0.141,f,o,i,N00776_female_65,False,o,f
fn001466_sentence-31.wav,3.191,3.312,0.121,w,t,A,N00776_female_65,False,o,ʋ
fn001466_sentence-35.wav,4.537,4.658,0.121,b,r,u,N00776_female_65,False,o,b
fn001466_sentence-38.wav,18.061,18.172,0.111,h,i,A,N00776_female_65,False,o,h
fn001466_sentence-38.wav,13.09,13.181,0.091,w,@,a,N00776_female_65,False,o,ʋ
fn001466_sentence-38.wav,22.503,22.594,0.091,w,l,A,N00776_female_65,False,o,ʋ
fn001466_sentence-44.wav,9.155,9.369,0.214,y,p,r,N00776_female_65,False,o,yː
fn001554_sentence-0.wav,1.031,1.172,0.141,h,n,e,N00820_female_42,False,o,h
fn001554_sentence-0.wav,1.374,1.516,0.142,x,l,r,N00820_female_42,False,o,x
fn001554_sentence-0.wav,2.668,2.819,0.151,f,E+,EOS,N00820_female_42,False,o,f
fn001554_sentence-1.wav,0.949,1.092,0.143,I,t,s,N00820_female_42,False,o,ɪ
fn001554_sentence-1.wav,0.439,0.561,0.122,r,n,o,N00820_female_42,False,o,r
fn001554_sentence-1.wav,1.092,1.316,0.224,s,I,EOS,N00820_female_42,False,o,s
fn001554_sentence-10.wav,1.681,1.813,0.132,n,a,k,N00820_female_42,False,o,n
fn001554_sentence-12.wav,2.017,2.148,0.131,t,a,EOS,N00820_female_42,False,o,t
fn001554_sentence-13.wav,0.961,1.103,0.142,b,l,o,N00820_female_42,False,o,b
fn001554_sentence-15.wav,2.01,2.152,0.142,t,A,EOS,N00820_female_42,False,o,t
fn001554_sentence-16.wav,1.232,1.394,0.162,n,E+,x,N00820_female_42,False,o,n
fn001554_sentence-17.wav,1.775,1.896,0.121,m,A,x,N00820_female_42,False,o,m
fn001554_sentence-17.wav,3.027,3.149,0.122,v,o,@,N00820_female_42,False,o,v
fn001554_sentence-18.wav,1.564,1.665,0.101,d,r,2,N00820_female_42,False,o,d
fn001554_sentence-19.wav,2.245,2.387,0.142,N,I,EOS,N00820_female_42,False,o,ŋ
fn001554_sentence-20.wav,0.458,0.56,0.102,@,t,k,N00820_female_42,False,o,ə
fn001554_sentence-21.wav,0.77,0.931,0.161,l,e,l,N00820_female_42,False,o,l
fn001554_sentence-21.wav,0.77,0.931,0.161,l,l,A,N00820_female_42,False,o,l
fn001554_sentence-22.wav,1.665,1.786,0.121,p,s,r,N00820_female_42,False,o,p
fn001554_sentence-22.wav,1.978,2.079,0.101,@,N,h,N00820_female_42,False,o,ə
fn001554_sentence-24.wav,1.16,1.272,0.112,n,a,EOS,N00820_female_42,False,o,n
fn001554_sentence-25.wav,0.929,1.041,0.112,n,@,y,N00820_female_42,False,o,n
fn001554_sentence-27.wav,0.605,0.758,0.153,k,A,E,N00820_female_42,False,o,k
fn001554_sentence-28.wav,0.92,1.082,0.162,i,r,E,N00820_female_42,False,o,iː
fn001554_sentence-31.wav,4.746,4.877,0.131,Y,x,l,N00820_female_42,False,o,ʉ
fn001554_sentence-32.wav,2.779,2.901,0.122,p,O,O,N00820_female_42,False,o,p
fn001554_sentence-33.wav,0.142,0.273,0.131,v,@,l,N00820_female_42,False,o,v
fn001554_sentence-33.wav,5.474,5.575,0.101,r,k,O:,N00820_female_42,False,o,r
fn001554_sentence-42.wav,1.271,1.412,0.141,l,e,r,N00820_female_42,False,o,l
fn001554_sentence-42.wav,1.412,1.553,0.141,r,l,a,N00820_female_42,False,o,r
fn001554_sentence-42.wav,0.262,0.414,0.152,u,f,l,N00820_female_42,False,o,uː
fn001555_sentence-105.wav,0.598,0.702,0.104,I,t,l,N00820_female_42,False,o,ɪ
fn001555_sentence-114.wav,0.439,0.623,0.184,N,A,EOS,N00820_female_42,False,o,ŋ
fn001555_sentence-115.wav,1.769,1.9,0.131,N,E,k,N00820_female_42,False,o,ŋ
fn001555_sentence-13.wav,0.122,0.223,0.101,w,@,o,N00820_female_42,False,o,ʋ
fn001555_sentence-172.wav,0.264,0.397,0.133,w,l,e,N00820_female_42,False,o,ʋ
fn001555_sentence-52.wav,0.207,0.331,0.124,Y,x,l,N00820_female_42,False,o,ʉ
fn001555_sentence-58.wav,1.697,1.838,0.141,w,E+,I,N00820_female_42,False,o,ʋ
fn001140_sentence-1.wav,1.339,1.502,0.163,n,E,EOS,N00640_male_67,False,o,n
fn001140_sentence-1.wav,0.548,0.659,0.111,n,A,z,N00640_male_67,False,o,n
fn001140_sentence-10.wav,0.446,0.639,0.193,@,d,EOS,N00640_male_67,False,o,ə
fn001140_sentence-100.wav,0.603,0.695,0.092,w,y,a,N00640_male_67,False,o,ʋ
fn001140_sentence-101.wav,9.629,9.74,0.111,@,p,G,N00640_male_67,False,o,ə
fn001140_sentence-101.wav,2.143,2.264,0.121,@,d,z,N00640_male_67,False,o,ə
fn001140_sentence-101.wav,12.242,12.373,0.131,@,k,EOS,N00640_male_67,False,o,ə
fn001140_sentence-101.wav,1.601,1.713,0.112,@,d,v,N00640_male_67,False,o,ə
fn001140_sentence-101.wav,7.779,7.93,0.151,@,d,E,N00640_male_67,False,o,ə
fn001140_sentence-101.wav,1.095,1.196,0.101,@,m,z,N00640_male_67,False,o,ə
fn001140_sentence-101.wav,6.951,7.062,0.111,@,v,a,N00640_male_67,False,o,ə
fn001140_sentence-101.wav,2.496,2.597,0.101,@,E+,t,N00640_male_67,False,o,ə
fn001140_sentence-101.wav,9.194,9.366,0.172,@,t,o,N00640_male_67,False,o,ə
fn001140_sentence-101.wav,5.043,5.174,0.131,n,n,e,N00640_male_67,False,o,n
fn001140_sentence-101.wav,5.043,5.174,0.131,n,E,n,N00640_male_67,False,o,n
fn001140_sentence-101.wav,3.141,3.242,0.101,@,k,m,N00640_male_67,False,o,ə
fn001140_sentence-101.wav,5.83,5.941,0.111,@,d,h,N00640_male_67,False,o,ə
fn001140_sentence-102.wav,2.086,2.197,0.111,I,m,r,N00640_male_67,False,o,ɪ
fn001140_sentence-102.wav,0.905,1.016,0.111,n,E,w,N00640_male_67,False,o,n
fn001140_sentence-102.wav,0.354,0.566,0.212,t,A+,E,N00640_male_67,False,o,t
fn001140_sentence-102.wav,0.0,0.142,0.142,x,SOS,A+,N00640_male_67,False,o,x
fn001140_sentence-102.wav,1.066,1.238,0.172,i,w,r,N00640_male_67,False,o,iː
fn001140_sentence-103.wav,0.794,0.915,0.121,v,e,E,N00640_male_67,False,o,v
fn001140_sentence-104.wav,2.303,2.466,0.163,b,r,Y+,N00640_male_67,False,o,b
fn001140_sentence-104.wav,10.98,11.112,0.132,p,l,@,N00640_male_67,False,o,p
fn001140_sentence-104.wav,17.897,18.039,0.142,@,N,I,N00640_male_67,False,o,ə
fn001140_sentence-104.wav,10.054,10.215,0.161,@,G,t,N00640_male_67,False,o,ə
fn001140_sentence-104.wav,14.421,14.553,0.132,d,@,Y+,N00640_male_67,False,o,d
fn001140_sentence-104.wav,2.946,3.119,0.173,u,t,z,N00640_male_67,False,o,uː
fn001140_sentence-104.wav,15.859,15.991,0.132,t,k,E,N00640_male_67,False,o,t
fn001140_sentence-104.wav,9.114,9.276,0.162,t,u,E,N00640_male_67,False,o,t
fn001140_sentence-104.wav,3.953,4.074,0.121,b,@,r,N00640_male_67,False,o,b
fn001140_sentence-104.wav,11.65,11.833,0.183,z,@,E+,N00640_male_67,False,o,z
fn001140_sentence-104.wav,6.149,6.31,0.161,x,E+,r,N00640_male_67,False,o,x
fn001140_sentence-104.wav,5.052,5.163,0.111,I,r,s,N00640_male_67,False,o,ɪ
fn001140_sentence-104.wav,19.439,19.57,0.131,@,d,E,N00640_male_67,False,o,ə
fn001140_sentence-104.wav,10.757,10.879,0.122,h,@,E,N00640_male_67,False,o,h
fn001140_sentence-104.wav,13.097,13.219,0.122,v,o,e,N00640_male_67,False,o,v
fn001140_sentence-104.wav,9.387,9.518,0.131,n,E,v,N00640_male_67,False,o,n
fn001140_sentence-104.wav,7.311,7.452,0.141,n,E+,m,N00640_male_67,False,o,n
fn001140_sentence-104.wav,20.438,20.549,0.111,@,d,EOS,N00640_male_67,False,o,ə
fn001140_sentence-104.wav,13.807,13.949,0.142,@,r,d,N00640_male_67,False,o,ə
fn001140_sentence-104.wav,14.978,15.09,0.112,r,O,e,N00640_male_67,False,o,r
fn001140_sentence-104.wav,13.574,13.746,0.172,i,n,r,N00640_male_67,False,o,iː
fn001140_sentence-104.wav,11.112,11.305,0.193,@,p,z,N00640_male_67,False,o,ə
fn001140_sentence-104.wav,6.603,6.725,0.122,b,G,@,N00640_male_67,False,o,b
fn001140_sentence-104.wav,0.67,0.802,0.132,p,A,E+,N00640_male_67,False,o,p
fn001140_sentence-104.wav,12.36,12.532,0.172,k,E+,d,N00640_male_67,False,o,k
fn001140_sentence-104.wav,3.479,3.631,0.152,z,u,o,N00640_male_67,False,o,z
fn001140_sentence-105.wav,28.391,28.512,0.121,n,l,a,N00640_male_67,False,o,n
fn001140_sentence-105.wav,20.75,20.901,0.151,@,p,E,N00640_male_67,False,o,ə
fn001140_sentence-105.wav,8.023,8.135,0.112,I,t,N,N00640_male_67,False,o,ɪ
fn001140_sentence-105.wav,25.9,26.032,0.132,@,k,j,N00640_male_67,False,o,ə
fn001140_sentence-105.wav,36.65,36.822,0.172,@,t,E,N00640_male_67,False,o,ə
fn001140_sentence-105.wav,1.426,1.568,0.142,A,i,r,N00640_male_67,False,o,ɑ
fn001140_sentence-105.wav,1.619,1.74,0.121,m,r,@,N00640_male_67,False,o,m
fn001140_sentence-105.wav,33.232,33.394,0.162,u,d,n,N00640_male_67,False,o,uː
fn001140_sentence-105.wav,30.791,30.953,0.162,A,n,r,N00640_male_67,False,o,ɑ
fn001140_sentence-105.wav,20.629,20.75,0.121,p,l,@,N00640_male_67,False,o,p
fn001140_sentence-105.wav,29.379,29.5,0.121,@,t,n,N00640_male_67,False,o,ə
fn001140_sentence-105.wav,23.301,23.473,0.172,O,i,f,N00640_male_67,False,o,ɔ
fn001140_sentence-105.wav,23.118,23.301,0.183,i,d,O,N00640_male_67,False,o,iː
fn001140_sentence-105.wav,24.364,24.536,0.172,i,t,t,N00640_male_67,False,o,iː
fn001140_sentence-105.wav,0.354,0.486,0.132,m,O,w,N00640_male_67,False,o,m
fn001140_sentence-105.wav,23.007,23.118,0.111,d,n,i,N00640_male_67,False,o,d
fn001140_sentence-105.wav,38.752,39.86,1.108,@,t,EOS,N00640_male_67,False,o,ə
fn001140_sentence-105.wav,3.817,3.948,0.131,m,@,E,N00640_male_67,False,o,m
fn001140_sentence-105.wav,20.387,20.497,0.11,h,@,E,N00640_male_67,False,o,h
fn001140_sentence-105.wav,8.135,8.277,0.142,N,I,E,N00640_male_67,False,o,ŋ
fn001140_sentence-105.wav,2.05,2.201,0.151,O,@,n,N00640_male_67,False,o,ɔ
fn001140_sentence-105.wav,37.952,38.094,0.142,G,e,I,N00640_male_67,False,o,ɣ
fn001140_sentence-105.wav,27.655,27.857,0.202,A,n,l,N00640_male_67,False,o,ɑ
fn001140_sentence-105.wav,13.105,13.206,0.101,w,r,e,N00640_male_67,False,o,ʋ
fn001140_sentence-105.wav,1.133,1.356,0.223,i,w,A,N00640_male_67,False,o,iː
fn001140_sentence-105.wav,32.49,32.652,0.162,d,k,o,N00640_male_67,False,o,d
fn001140_sentence-11.wav,6.145,6.267,0.122,I,r,s,N00640_male_67,False,o,ɪ
fn001140_sentence-11.wav,0.193,0.355,0.162,p,o,z,N00640_male_67,False,o,p
fn001140_sentence-11.wav,2.045,2.166,0.121,I,r,s,N00640_male_67,False,o,ɪ
fn001140_sentence-12.wav,1.676,1.798,0.122,d,a,@,N00640_male_67,False,o,d
fn001140_sentence-13.wav,2.902,3.073,0.171,G,E,I,N00640_male_67,False,o,ɣ
fn001140_sentence-13.wav,2.73,2.831,0.101,w,r,E,N00640_male_67,False,o,ʋ
fn001140_sentence-13.wav,3.123,3.244,0.121,I,G,s,N00640_male_67,False,o,ɪ
fn001140_sentence-13.wav,3.486,3.728,0.242,G,E,E,N00640_male_67,False,o,ɣ
fn001140_sentence-14.wav,5.061,5.192,0.131,w,s,E,N00640_male_67,False,o,ʋ
fn001140_sentence-14.wav,4.315,4.527,0.212,G,E,I,N00640_male_67,False,o,ɣ
fn001140_sentence-14.wav,5.282,5.514,0.232,G,E,EOS,N00640_male_67,False,o,ɣ
fn001140_sentence-14.wav,4.124,4.224,0.1,w,t,E,N00640_male_67,False,o,ʋ
fn001140_sentence-14.wav,4.779,4.889,0.11,I,G,s,N00640_male_67,False,o,ɪ
fn001140_sentence-15.wav,1.172,1.333,0.161,d,E+,@,N00640_male_67,False,o,d
fn001140_sentence-17.wav,1.451,1.609,0.158,b,t,r,N00640_male_67,False,o,b
fn001140_sentence-17.wav,0.131,0.252,0.121,l,A,v,N00640_male_67,False,o,l
fn001140_sentence-17.wav,3.328,3.439,0.111,I,n,n,N00640_male_67,False,o,ɪ
fn001140_sentence-17.wav,5.435,5.677,0.242,Y+,a,t,N00640_male_67,False,o,œy
fn001140_sentence-18.wav,1.613,1.754,0.141,w,e,w,N00640_male_67,False,o,ʋ
fn001140_sentence-20.wav,2.826,2.987,0.161,Y,t,r,N00640_male_67,False,o,ʉ
fn001140_sentence-22.wav,4.047,4.27,0.223,G,E,E,N00640_male_67,False,o,ɣ
fn001140_sentence-22.wav,3.438,3.621,0.183,G,E,I,N00640_male_67,False,o,ɣ
fn001140_sentence-22.wav,3.854,3.956,0.102,w,s,E,N00640_male_67,False,o,ʋ
fn001140_sentence-22.wav,0.0,0.121,0.121,r,SOS,o,N00640_male_67,False,o,r
fn001140_sentence-23.wav,7.016,7.157,0.141,N,I,z,N00640_male_67,False,o,ŋ
fn001140_sentence-30.wav,0.797,0.949,0.152,I,t,s,N00640_male_67,False,o,ɪ
fn001140_sentence-31.wav,5.944,6.055,0.111,h,n,E+,N00640_male_67,False,o,h
fn001140_sentence-31.wav,3.497,3.618,0.121,h,@,e,N00640_male_67,False,o,h
fn001140_sentence-34.wav,3.055,3.166,0.111,h,n,E+,N00640_male_67,False,o,h
fn001140_sentence-35.wav,1.701,1.822,0.121,p,o,E,N00640_male_67,False,o,p
fn001140_sentence-4.wav,12.086,12.208,0.122,r,E+,a,N00640_male_67,False,o,r
fn001392_sentence-0.wav,0.685,0.818,0.133,n,e,EOS,N00755_male_53,False,o,n
fn001392_sentence-1.wav,0.748,0.922,0.174,i,p,EOS,N00755_male_53,False,o,iː
fn001392_sentence-10.wav,0.0,0.113,0.113,d,SOS,a,N00755_male_53,False,o,d
fn001392_sentence-10.wav,1.503,1.655,0.152,d,a,E,N00755_male_53,False,o,d
fn001392_sentence-11.wav,2.527,2.658,0.131,l,E,t,N00755_male_53,False,o,l
fn001392_sentence-11.wav,5.299,5.399,0.1,@,d,r,N00755_male_53,False,o,ə
fn001392_sentence-12.wav,1.95,2.071,0.121,@,k,I,N00755_male_53,False,o,ə
fn001392_sentence-12.wav,5.087,5.229,0.142,w,l,A,N00755_male_53,False,o,ʋ
fn001392_sentence-14.wav,0.374,0.535,0.161,I,k,n,N00755_male_53,False,o,ɪ
fn001392_sentence-14.wav,2.918,3.082,0.164,j,u,@,N00755_male_53,False,o,j
fn001392_sentence-14.wav,0.0,0.121,0.121,I,SOS,E+,N00755_male_53,False,o,ɪ
fn001392_sentence-15.wav,0.285,0.437,0.152,t,A,s,N00755_male_53,False,o,t
fn001392_sentence-17.wav,2.146,2.327,0.181,I,r,s,N00755_male_53,False,o,ɪ
fn001392_sentence-17.wav,0.0,0.111,0.111,I,SOS,k,N00755_male_53,False,o,ɪ
fn001392_sentence-17.wav,0.282,0.413,0.131,A,p,l,N00755_male_53,False,o,ɑ
fn001392_sentence-18.wav,7.981,8.144,0.163,A,l,l,N00755_male_53,False,o,ɑ
fn001392_sentence-18.wav,0.0,0.132,0.132,@,SOS,n,N00755_male_53,False,o,ə
fn001392_sentence-18.wav,0.284,0.385,0.101,r,y,k,N00755_male_53,False,o,r
fn001392_sentence-18.wav,9.191,9.339,0.148,w,@,E,N00755_male_53,False,o,ʋ
fn001392_sentence-18.wav,2.891,3.002,0.111,@,d,r,N00755_male_53,False,o,ə
fn001392_sentence-18.wav,9.018,9.191,0.173,@,n,w,N00755_male_53,False,o,ə
fn001392_sentence-19.wav,0.245,0.349,0.104,d,r,A,N00755_male_53,False,o,d
fn001392_sentence-19.wav,0.0,0.12,0.12,m,SOS,a,N00755_male_53,False,o,m
fn001392_sentence-2.wav,1.045,1.207,0.162,n,u,EOS,N00755_male_53,False,o,n
fn001392_sentence-20.wav,1.024,1.155,0.131,p,n,E,N00755_male_53,False,o,p
fn001392_sentence-22.wav,0.858,1.02,0.162,i,v,r,N00755_male_53,False,o,iː
fn001392_sentence-22.wav,2.506,2.689,0.183,O,j,n,N00755_male_53,False,o,ɔ
fn001392_sentence-24.wav,1.891,2.009,0.118,@,r,n,N00755_male_53,False,o,ə
fn001392_sentence-24.wav,0.182,0.283,0.101,r,a,v,N00755_male_53,False,o,r
fn001392_sentence-25.wav,1.673,1.825,0.152,I,s,s,N00755_male_53,False,o,ɪ
fn001392_sentence-25.wav,4.775,4.921,0.146,@,@,d,N00755_male_53,False,o,ə
fn001392_sentence-25.wav,4.661,4.775,0.114,@,r,@,N00755_male_53,False,o,ə
fn001392_sentence-25.wav,4.549,4.661,0.112,r,e,@,N00755_male_53,False,o,r
fn001392_sentence-26.wav,1.422,1.559,0.137,d,@,o,N00755_male_53,False,o,d
fn001392_sentence-26.wav,1.255,1.422,0.167,@,t,d,N00755_male_53,False,o,ə
fn001392_sentence-28.wav,6.346,6.448,0.102,r,s,@,N00755_male_53,False,o,r
fn001392_sentence-29.wav,8.176,8.307,0.131,I,n,n,N00755_male_53,False,o,ɪ
fn001392_sentence-29.wav,0.142,0.243,0.101,w,E+,e,N00755_male_53,False,o,ʋ
fn001392_sentence-3.wav,0.091,0.385,0.294,A+,n,n,N00755_male_53,False,o,ɑu
fn001392_sentence-30.wav,2.121,2.636,0.515,I,r,n,N00755_male_53,False,o,ɪ
fn001392_sentence-30.wav,4.118,4.28,0.162,j,@,A+,N00755_male_53,False,o,j
fn001392_sentence-30.wav,1.761,1.898,0.137,w,n,a,N00755_male_53,False,o,ʋ
fn001392_sentence-30.wav,2.757,2.899,0.142,f,n,I,N00755_male_53,False,o,f
fn001392_sentence-31.wav,2.973,3.085,0.112,d,r,@,N00755_male_53,False,o,d
fn001392_sentence-31.wav,8.943,9.07,0.127,d,r,r,N00755_male_53,False,o,d
fn001392_sentence-31.wav,8.842,8.943,0.101,r,a,d,N00755_male_53,False,o,r
fn001392_sentence-32.wav,3.717,3.849,0.132,I,p,k,N00755_male_53,False,o,ɪ
fn001392_sentence-32.wav,3.148,3.371,0.223,y,n,h,N00755_male_53,False,o,yː
fn001392_sentence-34.wav,2.946,3.047,0.101,w,e,@,N00755_male_53,False,o,ʋ
fn001392_sentence-34.wav,1.435,1.583,0.148,d,k,o,N00755_male_53,False,o,d
fn001392_sentence-35.wav,4.793,4.935,0.142,r,a,@,N00755_male_53,False,o,r
fn001392_sentence-35.wav,1.008,1.202,0.194,I,E+,s,N00755_male_53,False,o,ɪ
fn001392_sentence-36.wav,1.089,1.198,0.109,d,t,@,N00755_male_53,False,o,d
fn001392_sentence-36.wav,6.185,6.279,0.094,r,@,E+,N00755_male_53,False,o,r
fn001392_sentence-39.wav,13.634,13.74,0.106,d,@,i,N00755_male_53,False,o,d
fn001392_sentence-39.wav,4.959,5.081,0.122,w,A+,@,N00755_male_53,False,o,ʋ
fn001392_sentence-7.wav,4.381,4.489,0.108,d,k,e,N00755_male_53,False,o,d
fn001393_sentence-100.wav,0.0,0.124,0.124,w,SOS,e,N00755_male_53,False,o,ʋ
fn001393_sentence-12.wav,5.711,5.822,0.111,w,e,m,N00755_male_53,False,o,ʋ
fn001393_sentence-17.wav,3.954,4.087,0.133,Y,p,l,N00755_male_53,False,o,ʉ
fn001393_sentence-17.wav,8.51,8.601,0.091,w,o,A,N00755_male_53,False,o,ʋ
fn001393_sentence-2.wav,2.227,2.365,0.138,d,@,a,N00755_male_53,False,o,d
fn001393_sentence-25.wav,2.873,3.049,0.176,w,n,A,N00755_male_53,False,o,ʋ
fn001393_sentence-25.wav,4.486,4.587,0.101,w,e,s,N00755_male_53,False,o,ʋ
fn001393_sentence-25.wav,1.728,1.871,0.143,w,t,A,N00755_male_53,False,o,ʋ
fn001393_sentence-26.wav,2.297,2.398,0.101,w,@,o,N00755_male_53,False,o,ʋ
fn001393_sentence-26.wav,0.0,0.137,0.137,w,SOS,A,N00755_male_53,False,o,ʋ
fn001393_sentence-27.wav,2.635,2.757,0.122,w,t,A,N00755_male_53,False,o,ʋ
fn001393_sentence-28.wav,1.079,1.202,0.123,w,k,A,N00755_male_53,False,o,ʋ
fn001393_sentence-31.wav,1.99,2.112,0.122,w,n,I,N00755_male_53,False,o,ʋ
fn001393_sentence-33.wav,1.401,1.523,0.122,w,e,k,N00755_male_53,False,o,ʋ
fn001393_sentence-50.wav,5.376,5.497,0.121,Y,p,n,N00755_male_53,False,o,ʉ
fn001393_sentence-77.wav,0.89,1.014,0.124,N,I,EOS,N00755_male_53,False,o,ŋ
fn001393_sentence-82.wav,0.647,0.843,0.196,N,I,t,N00755_male_53,False,o,ŋ
fn001043_sentence-0.wav,0.182,0.334,0.152,n,e,EOS,N00543_female_60,False,o,n
fn001043_sentence-1.wav,0.937,1.07,0.133,b,i,O,N00543_female_60,False,o,b
fn001043_sentence-1.wav,1.446,1.659,0.213,N,I,E,N00543_female_60,False,o,ŋ
fn001043_sentence-1.wav,0.0,0.162,0.162,r,SOS,y,N00543_female_60,False,o,r
fn001043_sentence-1.wav,0.304,0.516,0.212,i,z,b,N00543_female_60,False,o,iː
fn001043_sentence-10.wav,9.887,9.999,0.112,I,p,s,N00543_female_60,False,o,ɪ
fn001043_sentence-10.wav,3.693,3.794,0.101,d,l,e,N00543_female_60,False,o,d
fn001043_sentence-10.wav,13.458,13.66,0.202,s,I,EOS,N00543_female_60,False,o,s
fn001043_sentence-10.wav,13.347,13.458,0.111,I,u,s,N00543_female_60,False,o,ɪ
fn001043_sentence-12.wav,1.648,1.749,0.101,d,x,o,N00543_female_60,False,o,d
fn001043_sentence-12.wav,1.87,1.992,0.122,d,r,r,N00543_female_60,False,o,d
fn001043_sentence-13.wav,7.88,7.982,0.102,d,n,r,N00543_female_60,False,o,d
fn001043_sentence-13.wav,2.578,2.689,0.111,h,l,E,N00543_female_60,False,o,h
fn001043_sentence-13.wav,1.228,1.39,0.162,E,w,l,N00543_female_60,False,o,ɛ
fn001043_sentence-13.wav,4.096,4.217,0.121,v,o,@,N00543_female_60,False,o,v
fn001043_sentence-13.wav,7.571,7.692,0.121,n,u,d,N00543_female_60,False,o,n
fn001043_sentence-13.wav,4.731,4.872,0.141,r,s,@,N00543_female_60,False,o,r
fn001043_sentence-13.wav,0.634,0.735,0.101,r,e,@,N00543_female_60,False,o,r
fn001043_sentence-14.wav,1.437,1.558,0.121,m,o,@,N00543_female_60,False,o,m
fn001043_sentence-14.wav,1.123,1.265,0.142,k,r,o,N00543_female_60,False,o,k
fn001043_sentence-14.wav,5.201,5.343,0.142,p,a,A,N00543_female_60,False,o,p
fn001043_sentence-14.wav,6.092,6.366,0.274,j,n,e,N00543_female_60,False,o,j
fn001043_sentence-15.wav,0.605,0.751,0.146,t,k,I,N00543_female_60,False,o,t
fn001043_sentence-18.wav,2.375,2.496,0.121,n,a,O,N00543_female_60,False,o,n
fn001043_sentence-18.wav,6.725,6.847,0.122,m,i,E,N00543_female_60,False,o,m
fn001043_sentence-18.wav,10.167,10.278,0.111,d,i,w,N00543_female_60,False,o,d
fn001043_sentence-19.wav,4.312,4.424,0.112,r,y,d,N00543_female_60,False,o,r
fn001043_sentence-2.wav,0.0,0.131,0.131,d,SOS,I,N00543_female_60,False,o,d
fn001043_sentence-20.wav,5.472,5.595,0.123,b,@,E+,N00543_female_60,False,o,b
fn001043_sentence-20.wav,12.725,12.847,0.122,I,t,l,N00543_female_60,False,o,ɪ
fn001043_sentence-20.wav,5.881,6.088,0.207,@,d,m,N00543_female_60,False,o,ə
fn001043_sentence-21.wav,0.546,0.657,0.111,@,s,E,N00543_female_60,False,o,ə
fn001043_sentence-23.wav,0.284,0.426,0.142,G,a,e,N00543_female_60,False,o,ɣ
fn001043_sentence-28.wav,5.569,5.671,0.102,r,n,y,N00543_female_60,False,o,r
fn001043_sentence-30.wav,1.698,1.839,0.141,m,@,a,N00543_female_60,False,o,m
fn001043_sentence-31.wav,1.05,1.171,0.121,m,o,E,N00543_female_60,False,o,m
fn001043_sentence-33.wav,11.191,11.313,0.122,h,@,a,N00543_female_60,False,o,h
fn001043_sentence-36.wav,1.954,2.095,0.141,N,I,v,N00543_female_60,False,o,ŋ
fn001043_sentence-37.wav,14.581,14.732,0.151,N,I,v,N00543_female_60,False,o,ŋ
fn001043_sentence-37.wav,7.002,7.134,0.132,N,I,@,N00543_female_60,False,o,ŋ
fn001043_sentence-41.wav,0.0,0.167,0.167,b,SOS,I,N00543_female_60,False,o,b
fn001043_sentence-43.wav,5.002,5.118,0.116,w,n,a,N00543_female_60,False,o,ʋ
fn001043_sentence-51.wav,6.239,6.35,0.111,w,E+,u,N00543_female_60,False,o,ʋ
fn001043_sentence-59.wav,6.507,6.598,0.091,w,p,E,N00543_female_60,False,o,ʋ
fn001043_sentence-63.wav,4.766,4.898,0.132,N,I,j,N00543_female_60,False,o,ŋ
fn001043_sentence-7.wav,5.798,5.929,0.131,N,I,E,N00543_female_60,False,o,ŋ
fn001600_sentence-0.wav,0.836,0.977,0.141,k,u,p,N02000_male_36,False,k,k
fn001600_sentence-0.wav,1.401,1.512,0.111,@,r,p,N02000_male_36,False,k,ə
fn001600_sentence-0.wav,3.053,3.185,0.132,p,u,j,N02000_male_36,False,k,p
fn001600_sentence-3.wav,2.793,2.945,0.152,u,t,EOS,N02000_male_36,False,k,uː
fn001601_sentence-0.wav,0.212,0.333,0.121,@,d,n,N02000_male_36,False,k,ə
fn001602_sentence-0.wav,2.981,3.133,0.152,t,A,EOS,N02000_male_36,False,k,t
fn001602_sentence-4.wav,1.058,1.169,0.111,n,o,m,N02000_male_36,False,k,n
fn001603_sentence-0.wav,0.54,0.662,0.122,m,@,E,N02000_male_36,False,k,m
fn001603_sentence-0.wav,2.207,2.369,0.162,I,@,s,N02000_male_36,False,k,ɪ
fn001603_sentence-1.wav,1.209,1.4,0.191,@,d,m,N02000_male_36,False,k,ə
fn001603_sentence-2.wav,1.815,1.936,0.121,@,d,z,N02000_male_36,False,k,ə
fn001603_sentence-3.wav,0.0,0.118,0.118,I,SOS,n,N02000_male_36,False,k,ɪ
fn001604_sentence-0.wav,1.36,1.471,0.111,d,n,i,N02000_male_36,False,k,d
fn001604_sentence-1.wav,0.643,0.81,0.167,z,@,b,N02000_male_36,False,k,z
fn001604_sentence-4.wav,1.916,2.057,0.141,@,b,v,N02000_male_36,False,k,ə
fn001604_sentence-4.wav,2.267,2.39,0.123,l,e,l,N02000_male_36,False,k,l
fn001604_sentence-4.wav,2.267,2.39,0.123,l,l,A,N02000_male_36,False,k,l
fn001604_sentence-5.wav,4.247,5.147,0.9,@,r,EOS,N02000_male_36,False,k,ə
fn001605_sentence-0.wav,1.55,1.703,0.153,I,@,n,N02000_male_36,False,k,ɪ
fn001607_sentence-4.wav,3.003,3.165,0.162,N,I,h,N02000_male_36,False,k,ŋ
fn001615_sentence-0.wav,1.965,2.106,0.141,h,E+,o,N02000_male_36,False,k,h
fn002406_sentence-1.wav,2.148,2.28,0.132,l,E,E,N02000_male_36,False,k,l
fn002408_sentence-2.wav,1.457,1.689,0.232,j,r,a,N02000_male_36,False,k,j
fn002423_sentence-2.wav,3.57,3.661,0.091,w,x,E,N02000_male_36,False,k,ʋ
fn002426_sentence-2.wav,2.724,2.885,0.161,w,r,EOS,N02000_male_36,False,k,ʋ
fn002427_sentence-2.wav,2.614,2.746,0.132,w,l,O,N02000_male_36,False,k,ʋ
fn002428_sentence-1.wav,3.421,3.522,0.101,w,l,E,N02000_male_36,False,k,ʋ
fn003146_sentence-2.wav,5.545,5.638,0.093,w,r,I,N02000_male_36,False,k,ʋ
fn001267_sentence-0.wav,0.132,0.234,0.102,d,b,r,N00627_female_60,False,o,d
fn001267_sentence-0.wav,0.234,0.336,0.102,r,d,A,N00627_female_60,False,o,r
fn001267_sentence-0.wav,0.397,0.54,0.143,x,A,t,N00627_female_60,False,o,x
fn001267_sentence-1.wav,0.0,0.107,0.107,I,SOS,k,N00627_female_60,False,o,ɪ
fn001267_sentence-1.wav,2.332,2.454,0.122,@,b,EOS,N00627_female_60,False,o,ə
fn001267_sentence-10.wav,2.48,2.618,0.138,E,@,n,N00627_female_60,False,o,ɛ
fn001267_sentence-10.wav,6.359,6.46,0.101,d,l,@,N00627_female_60,False,o,d
fn001267_sentence-10.wav,2.106,2.238,0.132,@,l,E,N00627_female_60,False,o,ə
fn001267_sentence-10.wav,0.0,0.107,0.107,I,SOS,A,N00627_female_60,False,o,ɪ
fn001267_sentence-10.wav,9.873,9.974,0.101,@,r,EOS,N00627_female_60,False,o,ə
fn001267_sentence-10.wav,1.056,1.187,0.131,A,t,l,N00627_female_60,False,o,ɑ
fn001267_sentence-10.wav,8.63,8.771,0.141,@,k,A,N00627_female_60,False,o,ə
fn001267_sentence-10.wav,7.476,7.589,0.113,@,d,O,N00627_female_60,False,o,ə
fn001267_sentence-11.wav,2.178,2.39,0.212,s,n,j,N00627_female_60,False,o,s
fn001267_sentence-11.wav,5.143,5.301,0.158,j,x,E+,N00627_female_60,False,o,j
fn001267_sentence-11.wav,3.283,3.432,0.149,j,s,E+,N00627_female_60,False,o,j
fn001267_sentence-11.wav,6.569,6.66,0.091,w,@,O,N00627_female_60,False,o,ʋ
fn001267_sentence-11.wav,4.282,4.456,0.174,x,O,j,N00627_female_60,False,o,x
fn001267_sentence-11.wav,0.0,0.147,0.147,E,SOS,r,N00627_female_60,False,o,ɛ
fn001267_sentence-13.wav,2.844,3.057,0.213,e,w,EOS,N00627_female_60,False,o,eː
fn001267_sentence-14.wav,1.23,1.423,0.193,f,f,O,N00627_female_60,False,o,f
fn001267_sentence-14.wav,0.846,0.967,0.121,p,O,j,N00627_female_60,False,o,p
fn001267_sentence-14.wav,1.23,1.423,0.193,f,O,f,N00627_female_60,False,o,f
fn001267_sentence-14.wav,2.495,2.607,0.112,d,r,A,N00627_female_60,False,o,d
fn001267_sentence-14.wav,0.28,0.401,0.121,@,b,x,N00627_female_60,False,o,ə
fn001267_sentence-15.wav,0.0,0.102,0.102,d,SOS,@,N00627_female_60,False,o,d
fn001267_sentence-16.wav,0.0,0.101,0.101,@,SOS,n,N00627_female_60,False,o,ə
fn001267_sentence-17.wav,1.401,1.512,0.111,@,r,z,N00627_female_60,False,o,ə
fn001267_sentence-18.wav,2.406,2.557,0.151,x,E,t,N00627_female_60,False,o,x
fn001267_sentence-18.wav,2.557,2.708,0.151,t,x,d,N00627_female_60,False,o,t
fn001267_sentence-18.wav,4.878,5.051,0.173,x,O,EOS,N00627_female_60,False,o,x
fn001267_sentence-21.wav,2.177,2.319,0.142,E,t,l,N00627_female_60,False,o,ɛ
fn001267_sentence-23.wav,0.0,0.127,0.127,d,SOS,A,N00627_female_60,False,o,d
fn001267_sentence-23.wav,2.52,2.641,0.121,@,d,d,N00627_female_60,False,o,ə
fn001267_sentence-23.wav,5.767,5.92,0.153,@,l,n,N00627_female_60,False,o,ə
fn001267_sentence-24.wav,3.552,3.674,0.122,h,t,a,N00627_female_60,False,o,h
fn001267_sentence-25.wav,0.911,1.053,0.142,E,t,l,N00627_female_60,False,o,ɛ
fn001267_sentence-27.wav,1.398,1.54,0.142,I,n,k,N00627_female_60,False,o,ɪ
fn001267_sentence-29.wav,1.133,1.295,0.162,v,o,a,N00627_female_60,False,o,v
fn001267_sentence-30.wav,8.022,8.184,0.162,E,w,r,N00627_female_60,False,o,ɛ
fn001267_sentence-30.wav,6.708,6.822,0.114,l,I,O,N00627_female_60,False,o,l
fn001267_sentence-30.wav,6.574,6.708,0.134,I,p,l,N00627_female_60,False,o,ɪ
fn001267_sentence-30.wav,3.135,3.333,0.198,i,r,E,N00627_female_60,False,o,iː
fn001267_sentence-30.wav,1.44,1.561,0.121,v,l,e,N00627_female_60,False,o,v
fn001267_sentence-32.wav,0.898,1.081,0.183,E,t,r,N00627_female_60,False,o,ɛ
fn001267_sentence-32.wav,0.33,0.523,0.193,u,d,l,N00627_female_60,False,o,uː
fn001267_sentence-32.wav,3.829,3.921,0.092,w,t,O,N00627_female_60,False,o,ʋ
fn001267_sentence-39.wav,5.348,5.469,0.121,r,t,a,N00627_female_60,False,o,r
fn001267_sentence-39.wav,5.751,5.862,0.111,h,@,A+,N00627_female_60,False,o,h
fn001267_sentence-4.wav,0.0,0.106,0.106,I,SOS,A,N00627_female_60,False,o,ɪ
fn001267_sentence-5.wav,0.0,0.269,0.269,I,SOS,n,N00627_female_60,False,o,ɪ
fn001267_sentence-7.wav,4.622,4.714,0.092,w,i,I,N00627_female_60,False,o,ʋ
fn001267_sentence-7.wav,5.555,5.676,0.121,b,r,O,N00627_female_60,False,o,b
fn001267_sentence-7.wav,2.008,2.166,0.158,j,i,A+,N00627_female_60,False,o,j
fn001267_sentence-7.wav,9.291,9.412,0.121,I,t,s,N00627_female_60,False,o,ɪ
fn001267_sentence-8.wav,17.49,17.611,0.121,p,@,r,N00627_female_60,False,o,p
fn001268_sentence-1.wav,0.0,0.122,0.122,I,SOS,k,N00627_female_60,False,o,ɪ
fn001268_sentence-10.wav,6.431,6.534,0.103,I,@,k,N00627_female_60,False,o,ɪ
fn001268_sentence-101.wav,0.0,0.103,0.103,I,SOS,w,N00627_female_60,False,o,ɪ
fn001268_sentence-14.wav,1.353,1.457,0.104,I,r,k,N00627_female_60,False,o,ɪ
fn001268_sentence-15.wav,0.879,0.99,0.111,w,t,e,N00627_female_60,False,o,ʋ
fn001268_sentence-2.wav,0.0,0.148,0.148,I,SOS,k,N00627_female_60,False,o,ɪ
fn001268_sentence-25.wav,3.209,3.321,0.112,w,a,a,N00627_female_60,False,o,ʋ
fn001268_sentence-31.wav,0.0,0.091,0.091,w,SOS,E+,N00627_female_60,False,o,ʋ
fn001268_sentence-33.wav,2.423,2.544,0.121,w,s,A,N00627_female_60,False,o,ʋ
fn001268_sentence-39.wav,2.542,2.645,0.103,w,u,E+,N00627_female_60,False,o,ʋ
fn001268_sentence-4.wav,8.409,8.541,0.132,N,I,E,N00627_female_60,False,o,ŋ
fn001268_sentence-44.wav,1.835,1.997,0.162,N,A,EOS,N00627_female_60,False,o,ŋ
fn001268_sentence-48.wav,1.595,1.686,0.091,w,t,@,N00627_female_60,False,o,ʋ
fn001268_sentence-48.wav,2.558,2.649,0.091,w,@,o,N00627_female_60,False,o,ʋ
fn001268_sentence-55.wav,0.476,0.578,0.102,w,@,a,N00627_female_60,False,o,ʋ
fn001151_sentence-0.wav,1.689,1.901,0.212,x,@,EOS,N00651_female_45,False,o,x
fn001151_sentence-1.wav,4.574,4.705,0.131,E,f,l,N00651_female_45,False,o,ɛ
fn001151_sentence-1.wav,5.545,5.666,0.121,I,@,n,N00651_female_45,False,o,ɪ
fn001151_sentence-1.wav,5.949,6.071,0.122,l,a,E,N00651_female_45,False,o,l
fn001151_sentence-1.wav,2.69,2.823,0.133,t,E+,h,N00651_female_45,False,o,t
fn001151_sentence-1.wav,5.444,5.545,0.101,@,G,I,N00651_female_45,False,o,ə
fn001151_sentence-1.wav,6.202,6.374,0.172,t,r,I,N00651_female_45,False,o,t
fn001151_sentence-10.wav,2.871,3.084,0.213,s,A,h,N00651_female_45,False,o,s
fn001151_sentence-10.wav,6.367,6.551,0.184,t,Y,I,N00651_female_45,False,o,t
fn001151_sentence-10.wav,0.785,0.907,0.122,@,d,t,N00651_female_45,False,o,ə
fn001151_sentence-10.wav,6.111,6.234,0.123,m,o,h,N00651_female_45,False,o,m
fn001151_sentence-100.wav,3.865,4.037,0.172,k,A,EOS,N00651_female_45,False,o,k
fn001151_sentence-100.wav,0.912,1.013,0.101,d,l,e,N00651_female_45,False,o,d
fn001151_sentence-100.wav,2.142,2.263,0.121,m,O,l,N00651_female_45,False,o,m
fn001151_sentence-101.wav,1.521,1.663,0.142,k,A,E,N00651_female_45,False,o,k
fn001151_sentence-103.wav,5.044,5.206,0.162,f,e,EOS,N00651_female_45,False,o,f
fn001151_sentence-103.wav,3.538,3.66,0.122,n,a,t,N00651_female_45,False,o,n
fn001151_sentence-103.wav,1.735,1.856,0.121,l,e,E,N00651_female_45,False,o,l
fn001151_sentence-104.wav,0.998,1.119,0.121,m,m,E,N00651_female_45,False,o,m
fn001151_sentence-104.wav,3.067,3.189,0.122,m,O,n,N00651_female_45,False,o,m
fn001151_sentence-104.wav,0.998,1.119,0.121,m,E,m,N00651_female_45,False,o,m
fn001151_sentence-105.wav,3.949,4.09,0.141,A,r,r,N00651_female_45,False,o,ɑ
fn001151_sentence-105.wav,5.423,5.585,0.162,G,e,@,N00651_female_45,False,o,ɣ
fn001151_sentence-12.wav,2.488,2.609,0.121,l,t,e,N00651_female_45,False,o,l
fn001151_sentence-13.wav,4.947,5.078,0.131,N,I,EOS,N00651_female_45,False,o,ŋ
fn001151_sentence-13.wav,0.202,0.303,0.101,@,n,@,N00651_female_45,False,o,ə
fn001151_sentence-14.wav,0.909,1.021,0.112,I,@,n,N00651_female_45,False,o,ɪ
fn001151_sentence-14.wav,3.781,3.924,0.143,@,r,E,N00651_female_45,False,o,ə
fn001151_sentence-15.wav,5.795,5.926,0.131,A,v,l,N00651_female_45,False,o,ɑ
fn001151_sentence-15.wav,5.33,5.462,0.132,E,n,l,N00651_female_45,False,o,ɛ
fn001151_sentence-16.wav,3.987,4.089,0.102,d,n,i,N00651_female_45,False,o,d
fn001151_sentence-16.wav,1.293,1.425,0.132,p,o,a,N00651_female_45,False,o,p
fn001151_sentence-17.wav,7.234,7.326,0.092,w,n,o,N00651_female_45,False,o,ʋ
fn001151_sentence-17.wav,1.705,1.847,0.142,f,a,A,N00651_female_45,False,o,f
fn001151_sentence-18.wav,1.32,1.421,0.101,@,v,r,N00651_female_45,False,o,ə
fn001151_sentence-19.wav,1.089,1.211,0.122,@,d,r,N00651_female_45,False,o,ə
fn001151_sentence-2.wav,0.245,0.368,0.123,d,s,Y,N00651_female_45,False,o,d
fn001151_sentence-2.wav,6.683,6.795,0.112,@,t,k,N00651_female_45,False,o,ə
fn001151_sentence-2.wav,1.057,1.179,0.122,p,a,e,N00651_female_45,False,o,p
fn001151_sentence-20.wav,0.903,1.015,0.112,r,p,E+,N00651_female_45,False,o,r
fn001151_sentence-20.wav,3.531,3.672,0.141,@,r,E,N00651_female_45,False,o,ə
fn001151_sentence-23.wav,2.403,2.524,0.121,@,r,EOS,N00651_female_45,False,o,ə
fn001151_sentence-26.wav,5.559,5.69,0.131,@,G,v,N00651_female_45,False,o,ə
fn001151_sentence-26.wav,0.914,1.086,0.172,@,d,w,N00651_female_45,False,o,ə
fn001151_sentence-26.wav,7.281,7.405,0.124,r,t,A+,N00651_female_45,False,o,r
fn001151_sentence-26.wav,2.049,2.161,0.112,r,A+,a,N00651_female_45,False,o,r
fn001151_sentence-28.wav,8.523,8.616,0.093,r,@,w,N00651_female_45,False,o,r
fn001151_sentence-28.wav,10.632,10.808,0.176,u,k,l,N00651_female_45,False,o,uː
fn001151_sentence-32.wav,1.286,1.471,0.185,j,r,a,N00651_female_45,False,o,j
fn001151_sentence-32.wav,0.0,0.137,0.137,d,SOS,i,N00651_female_45,False,o,d
fn001151_sentence-32.wav,2.11,2.267,0.157,N,O,O,N00651_female_45,False,o,ŋ
fn001151_sentence-34.wav,0.61,0.703,0.093,r,A+,a,N00651_female_45,False,o,r
fn001151_sentence-36.wav,6.054,6.155,0.101,r,n,o,N00651_female_45,False,o,r
fn001151_sentence-39.wav,1.001,1.122,0.121,b,r,E,N00651_female_45,False,o,b
fn001151_sentence-41.wav,1.459,1.58,0.121,r,k,E+,N00651_female_45,False,o,r
fn001151_sentence-47.wav,6.586,6.754,0.168,r,t,E+,N00651_female_45,False,o,r
fn001151_sentence-5.wav,3.435,3.608,0.173,Y,d,s,N00651_female_45,False,o,ʉ
fn001151_sentence-5.wav,1.339,1.441,0.102,w,t,I,N00651_female_45,False,o,ʋ
fn001151_sentence-60.wav,2.076,2.198,0.122,w,e,E,N00651_female_45,False,o,ʋ
fn001151_sentence-8.wav,4.555,4.647,0.092,w,t,a,N00651_female_45,False,o,ʋ
fn001151_sentence-82.wav,0.726,0.817,0.091,w,r,I,N00651_female_45,False,o,ʋ
fn001175_sentence-0.wav,0.204,0.368,0.164,n,e,EOS,N00675_female_55,False,o,n
fn001175_sentence-1.wav,0.761,0.914,0.153,k,a,t,N00675_female_55,False,o,k
fn001175_sentence-10.wav,0.897,1.09,0.193,x,a,t,N00675_female_55,False,o,x
fn001175_sentence-100.wav,4.933,5.155,0.222,t,Y+,d,N00675_female_55,False,o,t
fn001175_sentence-100.wav,1.526,1.678,0.152,n,@,E,N00675_female_55,False,o,n
fn001175_sentence-100.wav,2.7,2.821,0.121,h,@,Y+,N00675_female_55,False,o,h
fn001175_sentence-100.wav,2.943,3.206,0.263,s,Y+,E,N00675_female_55,False,o,s
fn001175_sentence-101.wav,0.748,0.95,0.202,s,Y+,EOS,N00675_female_55,False,o,s
fn001175_sentence-102.wav,0.586,0.707,0.121,n,A,EOS,N00675_female_55,False,o,n
fn001175_sentence-103.wav,0.276,0.408,0.132,@,b,k,N00675_female_55,False,o,ə
fn001175_sentence-103.wav,0.143,0.276,0.133,b,y,@,N00675_female_55,False,o,b
fn001175_sentence-104.wav,1.321,1.545,0.224,s,l,EOS,N00675_female_55,False,o,s
fn001175_sentence-105.wav,2.198,2.299,0.101,r,d,a,N00675_female_55,False,o,r
fn001175_sentence-105.wav,1.805,1.926,0.121,I,s,n,N00675_female_55,False,o,ɪ
fn001175_sentence-107.wav,3.221,3.343,0.122,n,A,t,N00675_female_55,False,o,n
fn001175_sentence-108.wav,1.819,1.97,0.151,G,a,@,N00675_female_55,False,o,ɣ
fn001175_sentence-108.wav,4.041,4.162,0.121,m,A,EOS,N00675_female_55,False,o,m
fn001175_sentence-109.wav,0.732,0.915,0.183,b,O,Y+,N00675_female_55,False,o,b
fn001175_sentence-110.wav,0.509,0.611,0.102,@,b,EOS,N00675_female_55,False,o,ə
fn001175_sentence-110.wav,0.255,0.377,0.122,r,x,y,N00675_female_55,False,o,r
fn001175_sentence-113.wav,1.851,1.943,0.092,w,n,a,N00675_female_55,False,o,ʋ
fn001175_sentence-114.wav,1.805,1.937,0.132,A,e,n,N00675_female_55,False,o,ɑ
fn001175_sentence-114.wav,0.0,0.173,0.173,A,SOS,r,N00675_female_55,False,o,ɑ
fn001175_sentence-115.wav,8.114,8.276,0.162,u,l,r,N00675_female_55,False,o,uː
fn001175_sentence-115.wav,7.639,7.79,0.151,I,E+,s,N00675_female_55,False,o,ɪ
fn001175_sentence-115.wav,0.928,1.039,0.111,h,n,e,N00675_female_55,False,o,h
fn001175_sentence-116.wav,3.808,3.94,0.132,N,O,G,N00675_female_55,False,o,ŋ
fn001175_sentence-118.wav,1.621,1.763,0.142,p,o,@,N00675_female_55,False,o,p
fn001175_sentence-119.wav,0.791,0.933,0.142,N,O,s,N00675_female_55,False,o,ŋ
fn001175_sentence-120.wav,0.625,0.766,0.141,x,I,Y+,N00675_female_55,False,o,x
fn001175_sentence-120.wav,2.479,2.62,0.141,r,o,@,N00675_female_55,False,o,r
fn001175_sentence-121.wav,4.2,4.361,0.161,x,O,t,N00675_female_55,False,o,x
fn001175_sentence-121.wav,1.379,1.49,0.111,d,r,2,N00675_female_55,False,o,d
fn001175_sentence-124.wav,4.316,4.423,0.107,d,E+,A,N00675_female_55,False,o,d
fn001175_sentence-125.wav,6.313,6.434,0.121,b,l,E,N00675_female_55,False,o,b
fn001175_sentence-125.wav,3.831,3.932,0.101,r,e,y,N00675_female_55,False,o,r
fn001175_sentence-126.wav,0.898,0.999,0.101,d,p,i,N00675_female_55,False,o,d
fn001175_sentence-127.wav,0.0,0.101,0.101,w,SOS,@,N00675_female_55,False,o,ʋ
fn001175_sentence-129.wav,0.824,0.946,0.122,v,e,@,N00675_female_55,False,o,v
fn001175_sentence-13.wav,1.54,1.702,0.162,r,p,a,N00675_female_55,False,o,r
fn001175_sentence-17.wav,1.219,1.341,0.122,d,r,@,N00675_female_55,False,o,d
fn001175_sentence-2.wav,0.0,0.112,0.112,r,SOS,y,N00675_female_55,False,o,r
fn001175_sentence-21.wav,6.822,6.934,0.112,h,@,A+,N00675_female_55,False,o,h
fn001175_sentence-21.wav,5.44,5.541,0.101,r,@,o,N00675_female_55,False,o,r
fn001175_sentence-23.wav,3.264,3.386,0.122,d,n,Y+,N00675_female_55,False,o,d
fn001175_sentence-27.wav,2.981,3.142,0.161,u,v,l,N00675_female_55,False,o,uː
fn001175_sentence-58.wav,0.941,1.038,0.097,w,k,O,N00675_female_55,False,o,ʋ
fn001175_sentence-80.wav,0.789,0.93,0.141,Y,n,l,N00675_female_55,False,o,ʉ
fn001137_sentence-0.wav,2.508,2.719,0.211,s,@,EOS,N00579_female_44,False,o,s
fn001137_sentence-1.wav,0.444,0.554,0.11,n,E,n,N00579_female_44,False,o,n
fn001137_sentence-1.wav,0.444,0.554,0.11,n,n,o,N00579_female_44,False,o,n
fn001137_sentence-1.wav,0.161,0.292,0.131,I,e,g,N00579_female_44,False,o,ɪ
fn001137_sentence-1.wav,2.138,2.259,0.121,n,A,EOS,N00579_female_44,False,o,n
fn001137_sentence-10.wav,2.352,2.488,0.136,t,x,I,N00579_female_44,False,o,t
fn001137_sentence-10.wav,0.662,0.804,0.142,x,r,f,N00579_female_44,False,o,x
fn001137_sentence-12.wav,0.569,0.722,0.153,l,@,I,N00579_female_44,False,o,l
fn001137_sentence-12.wav,7.013,7.137,0.124,t,m,b,N00579_female_44,False,o,t
fn001137_sentence-13.wav,1.434,1.535,0.101,r,v,A+,N00579_female_44,False,o,r
fn001137_sentence-15.wav,4.346,4.475,0.129,v,@,e,N00579_female_44,False,o,v
fn001137_sentence-15.wav,7.856,8.007,0.151,G,a,@,N00579_female_44,False,o,ɣ
fn001137_sentence-15.wav,5.081,5.194,0.113,n,E+,E,N00579_female_44,False,o,n
fn001137_sentence-15.wav,15.651,15.752,0.101,@,s,EOS,N00579_female_44,False,o,ə
fn001137_sentence-15.wav,3.216,3.348,0.132,l,l,O,N00579_female_44,False,o,l
fn001137_sentence-15.wav,3.216,3.348,0.132,l,a,l,N00579_female_44,False,o,l
fn001137_sentence-16.wav,1.815,1.957,0.142,n,a,EOS,N00579_female_44,False,o,n
fn001137_sentence-18.wav,0.529,0.674,0.145,n,u,EOS,N00579_female_44,False,o,n
fn001137_sentence-19.wav,1.328,1.429,0.101,r,a,E,N00579_female_44,False,o,r
fn001137_sentence-2.wav,1.542,1.653,0.111,h,l,e,N00579_female_44,False,o,h
fn001137_sentence-20.wav,8.096,8.198,0.102,@,p,v,N00579_female_44,False,o,ə
fn001137_sentence-22.wav,11.215,11.317,0.102,@,s,EOS,N00579_female_44,False,o,ə
fn001137_sentence-22.wav,5.693,5.804,0.111,h,j,Y+,N00579_female_44,False,o,h
fn001137_sentence-34.wav,0.674,0.785,0.111,h,a,A,N00579_female_44,False,o,h
fn001137_sentence-39.wav,1.597,1.693,0.096,w,n,A,N00579_female_44,False,o,ʋ
fn001137_sentence-5.wav,0.0,0.139,0.139,d,SOS,A,N00579_female_44,False,o,d
fn001137_sentence-7.wav,2.99,3.092,0.102,r,v,A+,N00579_female_44,False,o,r
fn001137_sentence-8.wav,0.8,0.891,0.091,w,A+,z,N00579_female_44,False,o,ʋ
fn001141_sentence-0.wav,4.378,4.489,0.111,r,b,e,N00579_female_44,False,o,r
fn001141_sentence-1.wav,2.283,2.394,0.111,d,a,A,N00579_female_44,False,o,d
fn001141_sentence-12.wav,1.303,1.44,0.137,N,I,I,N00579_female_44,False,o,ŋ
fn001141_sentence-18.wav,7.279,7.41,0.131,d,t,A,N00579_female_44,False,o,d
fn001141_sentence-26.wav,0.0,0.137,0.137,d,SOS,i,N00579_female_44,False,o,d
fn001141_sentence-34.wav,0.611,0.773,0.162,d,r,Z,N00579_female_44,False,o,d
fn001141_sentence-34.wav,1.146,1.257,0.111,w,s,A,N00579_female_44,False,o,ʋ
fn001141_sentence-60.wav,1.072,1.184,0.112,w,r,A,N00579_female_44,False,o,ʋ
fn001141_sentence-63.wav,4.432,4.604,0.172,u,t,@,N00579_female_44,False,o,uː
fn001141_sentence-63.wav,1.893,2.036,0.143,w,n,E+,N00579_female_44,False,o,ʋ
fn001141_sentence-63.wav,0.909,1.071,0.162,w,n,E+,N00579_female_44,False,o,ʋ
fn001141_sentence-81.wav,0.0,0.098,0.098,w,SOS,A,N00579_female_44,False,o,ʋ
fn001141_sentence-9.wav,1.394,1.541,0.147,w,f,e,N00579_female_44,False,o,ʋ
fn001005_sentence-0.wav,0.453,0.576,0.123,n,e,EOS,N00505_female_40,False,o,n
fn001005_sentence-1.wav,0.728,1.032,0.304,x,Y,x,N00505_female_40,False,o,x
fn001005_sentence-1.wav,0.728,1.032,0.304,x,x,e,N00505_female_40,False,o,x
fn001005_sentence-10.wav,4.986,5.128,0.142,A,@,n,N00505_female_40,False,o,ɑ
fn001005_sentence-11.wav,1.193,1.297,0.104,@,v,x,N00505_female_40,False,o,ə
fn001005_sentence-11.wav,0.0,0.164,0.164,E,SOS,l,N00505_female_40,False,o,ɛ
fn001005_sentence-12.wav,1.569,1.711,0.142,n,a,O,N00505_female_40,False,o,n
fn001005_sentence-12.wav,4.363,4.464,0.101,@,f,t,N00505_female_40,False,o,ə
fn001005_sentence-12.wav,7.55,7.661,0.111,I,t,n,N00505_female_40,False,o,ɪ
fn001005_sentence-12.wav,9.193,9.337,0.144,l,@,o,N00505_female_40,False,o,l
fn001005_sentence-12.wav,4.858,4.959,0.101,@,w,d,N00505_female_40,False,o,ə
fn001005_sentence-12.wav,8.065,8.176,0.111,@,t,o,N00505_female_40,False,o,ə
fn001005_sentence-13.wav,1.282,1.403,0.121,v,o,e,N00505_female_40,False,o,v
fn001005_sentence-13.wav,8.405,8.517,0.112,h,n,E+,N00505_female_40,False,o,h
fn001005_sentence-13.wav,3.513,3.675,0.162,@,b,o,N00505_female_40,False,o,ə
fn001005_sentence-14.wav,2.453,2.565,0.112,I,w,n,N00505_female_40,False,o,ɪ
fn001005_sentence-14.wav,4.175,4.295,0.12,v,y,e,N00505_female_40,False,o,v
fn001005_sentence-14.wav,1.014,1.156,0.142,I,r,n,N00505_female_40,False,o,ɪ
fn001005_sentence-16.wav,0.274,0.446,0.172,u,z,n,N00505_female_40,False,o,uː
fn001005_sentence-16.wav,1.037,1.194,0.157,O,t,n,N00505_female_40,False,o,ɔ
fn001005_sentence-17.wav,0.0,0.121,0.121,I,SOS,g,N00505_female_40,False,o,ɪ
fn001005_sentence-17.wav,4.346,4.457,0.111,@,v,v,N00505_female_40,False,o,ə
fn001005_sentence-18.wav,2.645,2.757,0.112,I,r,n,N00505_female_40,False,o,ɪ
fn001005_sentence-19.wav,2.504,2.636,0.132,b,@,e,N00505_female_40,False,o,b
fn001005_sentence-19.wav,1.658,1.83,0.172,A,r,n,N00505_female_40,False,o,ɑ
fn001005_sentence-19.wav,3.952,4.093,0.141,I,l,s,N00505_female_40,False,o,ɪ
fn001005_sentence-2.wav,1.736,1.887,0.151,d,r,I,N00505_female_40,False,o,d
fn001005_sentence-21.wav,2.722,2.928,0.206,I,t,n,N00505_female_40,False,o,ɪ
fn001005_sentence-22.wav,14.781,14.954,0.173,f,O,h,N00505_female_40,False,o,f
fn001005_sentence-22.wav,6.91,7.051,0.141,f,O,d,N00505_female_40,False,o,f
fn001005_sentence-23.wav,7.749,7.87,0.121,p,O,E,N00505_female_40,False,o,p
fn001005_sentence-25.wav,5.279,5.422,0.143,h,@,a,N00505_female_40,False,o,h
fn001005_sentence-26.wav,0.0,0.108,0.108,w,SOS,E+,N00505_female_40,False,o,ʋ
fn001005_sentence-32.wav,0.553,0.789,0.236,Y+,l,E,N00505_female_40,False,o,œy
fn001005_sentence-35.wav,0.305,0.48,0.175,b,y,A,N00505_female_40,False,o,b
fn001005_sentence-35.wav,0.613,0.737,0.124,N,A,O,N00505_female_40,False,o,ŋ
fn001005_sentence-35.wav,2.867,2.962,0.095,w,y,E+,N00505_female_40,False,o,ʋ
fn001005_sentence-64.wav,3.312,3.434,0.122,Y,w,s,N00505_female_40,False,o,ʉ
fn000051_sentence-0.wav,4.05,4.181,0.131,v,@,o,N00008_male_28,False,k,v
fn000051_sentence-0.wav,3.919,4.05,0.131,@,p,v,N00008_male_28,False,k,ə
fn000051_sentence-2.wav,1.523,1.634,0.111,n,u,A,N00008_male_28,False,k,n
fn000051_sentence-2.wav,1.634,1.816,0.182,A,n,l,N00008_male_28,False,k,ɑ
fn000051_sentence-4.wav,0.752,0.863,0.111,I,@,s,N00008_male_28,False,k,ɪ
fn000051_sentence-4.wav,4.652,4.774,0.122,m,t,A,N00008_male_28,False,k,m
fn000051_sentence-4.wav,6.569,6.7,0.131,E,k,n,N00008_male_28,False,k,ɛ
fn000052_sentence-0.wav,0.147,0.308,0.161,n,E,w,N00008_male_28,False,k,n
fn000052_sentence-0.wav,0.0,0.147,0.147,E,SOS,n,N00008_male_28,False,k,ɛ
fn000052_sentence-0.wav,2.587,2.738,0.151,p,s,O,N00008_male_28,False,k,p
fn000052_sentence-1.wav,4.141,4.279,0.138,v,s,A,N00008_male_28,False,k,v
fn000052_sentence-2.wav,0.0,0.252,0.252,@,SOS,I,N00008_male_28,False,k,ə
fn000052_sentence-2.wav,3.972,4.285,0.313,E,m,r,N00008_male_28,False,k,ɛ
fn000052_sentence-2.wav,0.868,0.989,0.121,@,d,t,N00008_male_28,False,k,ə
fn000052_sentence-3.wav,0.606,0.707,0.101,r,A,e,N00008_male_28,False,k,r
fn000052_sentence-4.wav,0.0,0.439,0.439,f,SOS,i,N00008_male_28,False,k,f
fn000052_sentence-4.wav,1.489,1.691,0.202,I,r,k,N00008_male_28,False,k,ɪ
fn000052_sentence-8.wav,0.0,0.172,0.172,E,SOS,n,N00008_male_28,False,k,ɛ
fn000053_sentence-0.wav,5.289,5.38,0.091,w,@,E,N00008_male_28,False,k,ʋ
fn000053_sentence-0.wav,1.329,1.49,0.161,z,y,e,N00008_male_28,False,k,z
fn000053_sentence-0.wav,6.512,6.613,0.101,r,n,Y,N00008_male_28,False,k,r
fn000053_sentence-0.wav,2.558,2.709,0.151,f,l,f,N00008_male_28,False,k,f
fn000053_sentence-0.wav,2.558,2.709,0.151,f,f,i,N00008_male_28,False,k,f
fn000053_sentence-1.wav,1.072,1.214,0.142,v,@,u,N00008_male_28,False,k,v
fn000053_sentence-2.wav,0.348,0.444,0.096,d,@,@,N00008_male_28,False,k,d
fn000053_sentence-2.wav,4.773,4.964,0.191,j,a,e,N00008_male_28,False,k,j
fn000053_sentence-2.wav,4.602,4.713,0.111,d,o,a,N00008_male_28,False,k,d
fn000053_sentence-2.wav,5.729,5.84,0.111,n,e,Y,N00008_male_28,False,k,n
fn000053_sentence-3.wav,1.911,2.072,0.161,I,t,s,N00008_male_28,False,k,ɪ
fn000053_sentence-4.wav,0.0,0.192,0.192,f,SOS,i,N00008_male_28,False,k,f
fn000053_sentence-5.wav,5.074,5.326,0.252,w,@,e,N00008_male_28,False,k,ʋ
fn000053_sentence-6.wav,0.901,1.042,0.141,I,t,s,N00008_male_28,False,k,ɪ
fn000053_sentence-8.wav,11.513,11.685,0.172,h,r,a,N00008_male_28,False,k,h
fn000054_sentence-3.wav,1.966,2.079,0.113,d,i,@,N00008_male_28,False,k,d
fn000054_sentence-3.wav,2.333,2.566,0.233,f,E,e,N00008_male_28,False,k,f
fn001316_sentence-0.wav,0.178,0.324,0.146,n,e,EOS,N00723_female_42,False,o,n
fn001316_sentence-10.wav,21.007,21.139,0.132,p,A,E+,N00723_female_42,False,o,p
fn001316_sentence-10.wav,6.066,6.177,0.111,w,s,a,N00723_female_42,False,o,ʋ
fn001316_sentence-10.wav,1.564,1.695,0.131,t,i,E+,N00723_female_42,False,o,t
fn001316_sentence-10.wav,13.867,13.998,0.131,Y,s,r,N00723_female_42,False,o,ʉ
fn001316_sentence-10.wav,16.222,16.374,0.152,t,s,x,N00723_female_42,False,o,t
fn001316_sentence-10.wav,3.619,3.782,0.163,@,t,r,N00723_female_42,False,o,ə
fn001316_sentence-10.wav,12.453,12.554,0.101,@,G,t,N00723_female_42,False,o,ə
fn001316_sentence-10.wav,7.047,7.188,0.141,t,e,E+,N00723_female_42,False,o,t
fn001316_sentence-10.wav,17.079,17.234,0.155,E,x,l,N00723_female_42,False,o,ɛ
fn001316_sentence-10.wav,5.451,5.593,0.142,n,E,s,N00723_female_42,False,o,n
fn001316_sentence-10.wav,0.253,0.384,0.131,E,E,r,N00723_female_42,False,o,ɛ
fn001316_sentence-10.wav,18.036,18.127,0.091,w,d,E,N00723_female_42,False,o,ʋ
fn001316_sentence-10.wav,23.988,24.12,0.132,N,I,y,N00723_female_42,False,o,ŋ
fn001316_sentence-10.wav,22.612,22.774,0.162,N,I,E,N00723_female_42,False,o,ŋ
fn001316_sentence-10.wav,8.983,9.105,0.122,v,l,O,N00723_female_42,False,o,v
fn001316_sentence-11.wav,6.653,6.784,0.131,E,w,n,N00723_female_42,False,o,ɛ
fn001316_sentence-11.wav,5.114,5.276,0.162,u,x,t,N00723_female_42,False,o,uː
fn001316_sentence-11.wav,4.509,4.611,0.102,d,e,@,N00723_female_42,False,o,d
fn001316_sentence-12.wav,12.815,12.989,0.174,u,x,t,N00723_female_42,False,o,uː
fn001316_sentence-12.wav,0.283,0.384,0.101,r,a,n,N00723_female_42,False,o,r
fn001316_sentence-12.wav,7.98,8.121,0.141,A,k,l,N00723_female_42,False,o,ɑ
fn001316_sentence-13.wav,2.592,2.724,0.132,I,t,s,N00723_female_42,False,o,ɪ
fn001316_sentence-13.wav,1.346,1.478,0.132,v,y,o,N00723_female_42,False,o,v
fn001316_sentence-13.wav,0.945,1.072,0.127,d,t,i,N00723_female_42,False,o,d
fn001316_sentence-14.wav,2.095,2.206,0.111,n,O,d,N00723_female_42,False,o,n
fn001316_sentence-15.wav,1.052,1.173,0.121,v,E,e,N00723_female_42,False,o,v
fn001316_sentence-16.wav,3.356,3.538,0.182,z,i,b,N00723_female_42,False,o,z
fn001316_sentence-16.wav,3.893,3.994,0.101,r,t,a,N00723_female_42,False,o,r
fn001316_sentence-22.wav,0.47,0.601,0.131,A,t,l,N00723_female_42,False,o,ɑ
fn001316_sentence-26.wav,0.062,0.227,0.165,A,k,N,N00723_female_42,False,o,ɑ
fn001316_sentence-30.wav,2.383,2.524,0.141,A,s,r,N00723_female_42,False,o,ɑ
fn001316_sentence-33.wav,2.063,2.185,0.122,h,n,E,N00723_female_42,False,o,h
fn001316_sentence-34.wav,2.598,2.751,0.153,u,f,l,N00723_female_42,False,o,uː
fn001316_sentence-37.wav,5.871,5.992,0.121,b,@,e,N00723_female_42,False,o,b
fn001316_sentence-39.wav,0.0,0.113,0.113,w,SOS,E,N00723_female_42,False,o,ʋ
fn001316_sentence-45.wav,0.912,1.003,0.091,w,s,E,N00723_female_42,False,o,ʋ
fn001317_sentence-0.wav,1.658,1.81,0.152,j,o,O,N00723_female_42,False,o,j
fn001317_sentence-14.wav,2.109,2.23,0.121,w,y,l,N00723_female_42,False,o,ʋ
fn001317_sentence-21.wav,2.841,2.933,0.092,w,t,a,N00723_female_42,False,o,ʋ
fn001317_sentence-31.wav,14.733,14.865,0.132,h,@,A+,N00723_female_42,False,o,h
fn001317_sentence-34.wav,0.546,0.637,0.091,w,x,e,N00723_female_42,False,o,ʋ
fn001317_sentence-44.wav,4.435,4.547,0.112,h,@,Y+,N00723_female_42,False,o,h
fn001317_sentence-45.wav,0.638,0.729,0.091,w,s,I,N00723_female_42,False,o,ʋ
fn001317_sentence-54.wav,0.915,1.022,0.107,w,s,E,N00723_female_42,False,o,ʋ
fn001317_sentence-75.wav,10.2,10.323,0.123,w,n,O,N00723_female_42,False,o,ʋ
fn001265_sentence-1.wav,0.077,0.209,0.132,n,I,s,N00626_male_60,False,o,n
fn001265_sentence-11.wav,6.605,6.716,0.111,d,r,e,N00626_male_60,False,o,d
fn001265_sentence-12.wav,0.19,0.292,0.102,d,i,e,N00626_male_60,False,o,d
fn001265_sentence-13.wav,1.447,1.578,0.131,E,f,r,N00626_male_60,False,o,ɛ
fn001265_sentence-14.wav,0.557,0.721,0.164,i,r,E,N00626_male_60,False,o,iː
fn001265_sentence-14.wav,0.864,0.986,0.122,v,n,i,N00626_male_60,False,o,v
fn001265_sentence-15.wav,0.116,0.232,0.116,n,E,n,N00626_male_60,False,o,n
fn001265_sentence-16.wav,0.691,0.818,0.127,d,r,a,N00626_male_60,False,o,d
fn001265_sentence-17.wav,3.113,3.224,0.111,I,@,s,N00626_male_60,False,o,ɪ
fn001265_sentence-18.wav,2.881,3.013,0.132,d,i,A,N00626_male_60,False,o,d
fn001265_sentence-2.wav,0.228,0.33,0.102,d,@,A,N00626_male_60,False,o,d
fn001265_sentence-20.wav,2.539,2.65,0.111,n,a,o,N00626_male_60,False,o,n
fn001265_sentence-20.wav,5.971,6.108,0.137,v,@,o,N00626_male_60,False,o,v
fn001265_sentence-21.wav,0.596,0.697,0.101,d,@,Y,N00626_male_60,False,o,d
fn001265_sentence-26.wav,0.061,0.274,0.213,@,x,w,N00626_male_60,False,o,ə
fn001265_sentence-29.wav,1.91,2.072,0.162,i,d,k,N00626_male_60,False,o,iː
fn001265_sentence-29.wav,0.332,0.545,0.213,N,O,@,N00626_male_60,False,o,ŋ
fn001265_sentence-29.wav,0.545,0.668,0.123,@,N,j,N00626_male_60,False,o,ə
fn001265_sentence-3.wav,0.857,0.967,0.11,n,o,j,N00626_male_60,False,o,n
fn001265_sentence-36.wav,0.432,0.564,0.132,I,t,s,N00626_male_60,False,o,ɪ
fn001265_sentence-43.wav,1.396,1.628,0.232,f,E+,EOS,N00626_male_60,False,o,f
fn001265_sentence-43.wav,0.902,1.033,0.131,h,t,2,N00626_male_60,False,o,h
fn001265_sentence-44.wav,-0.116,0.116,0.232,f,SOS,E,N00626_male_60,False,o,f
fn001265_sentence-48.wav,1.1,1.253,0.153,f,o,EOS,N00626_male_60,False,o,f
fn001265_sentence-6.wav,3.384,3.557,0.173,u,h,E,N00626_male_60,False,o,uː
fn001266_sentence-102.wav,0.677,0.839,0.162,h,t,2,N00626_male_60,False,o,h
fn001266_sentence-11.wav,3.378,3.5,0.122,p,r,EOS,N00626_male_60,False,o,p
fn001266_sentence-113.wav,0.158,0.296,0.138,w,a,A,N00626_male_60,False,o,ʋ
fn001266_sentence-16.wav,1.102,1.244,0.142,h,t,2,N00626_male_60,False,o,h
fn001111_sentence-0.wav,0.611,0.754,0.143,n,e,EOS,N00567_female_33,False,o,n
fn001111_sentence-11.wav,2.679,2.83,0.151,u,v,l,N00567_female_33,False,o,uː
fn001111_sentence-12.wav,3.51,3.623,0.113,I,t,l,N00567_female_33,False,o,ɪ
fn001111_sentence-13.wav,1.72,1.822,0.102,w,e,@,N00567_female_33,False,o,ʋ
fn001111_sentence-15.wav,4.253,4.376,0.123,n,@,t,N00567_female_33,False,o,n
fn001111_sentence-16.wav,10.748,10.859,0.111,I,t,n,N00567_female_33,False,o,ɪ
fn001111_sentence-16.wav,14.979,15.101,0.122,l,l,o,N00567_female_33,False,o,l
fn001111_sentence-16.wav,12.222,12.313,0.091,w,E+,o,N00567_female_33,False,o,ʋ
fn001111_sentence-16.wav,6.394,6.556,0.162,E,@,r,N00567_female_33,False,o,ɛ
fn001111_sentence-16.wav,7.989,8.141,0.152,l,r,e,N00567_female_33,False,o,l
fn001111_sentence-16.wav,14.979,15.101,0.122,l,E,l,N00567_female_33,False,o,l
fn001111_sentence-16.wav,8.261,8.413,0.152,w,e,@,N00567_female_33,False,o,ʋ
fn001111_sentence-16.wav,8.413,8.534,0.121,@,w,r,N00567_female_33,False,o,ə
fn001111_sentence-16.wav,13.539,13.684,0.145,n,A,t,N00567_female_33,False,o,n
fn001111_sentence-19.wav,4.803,4.915,0.112,n,I,w,N00567_female_33,False,o,n
fn001111_sentence-20.wav,3.341,3.472,0.131,l,r,e,N00567_female_33,False,o,l
fn001111_sentence-20.wav,3.563,3.664,0.101,w,e,@,N00567_female_33,False,o,ʋ
fn001111_sentence-21.wav,5.086,5.187,0.101,r,b,Y+,N00567_female_33,False,o,r
fn001111_sentence-21.wav,4.178,4.285,0.107,d,r,O,N00567_female_33,False,o,d
fn001111_sentence-21.wav,1.758,1.869,0.111,n,A,h,N00567_female_33,False,o,n
fn001111_sentence-23.wav,2.287,2.409,0.122,l,@,e,N00567_female_33,False,o,l
fn001111_sentence-25.wav,4.22,4.318,0.098,w,k,e,N00567_female_33,False,o,ʋ
fn001111_sentence-26.wav,1.421,1.522,0.101,d,x,a,N00567_female_33,False,o,d
fn001111_sentence-30.wav,1.24,1.364,0.124,N,A,EOS,N00567_female_33,False,o,ŋ
fn001111_sentence-32.wav,3.369,3.491,0.122,Y,d,l,N00567_female_33,False,o,ʉ
fn001111_sentence-4.wav,4.16,4.283,0.123,d,a,Y,N00567_female_33,False,o,d
fn001111_sentence-6.wav,5.042,5.154,0.112,I,n,r,N00567_female_33,False,o,ɪ
fn001112_sentence-1.wav,1.136,1.228,0.092,w,e,@,N00567_female_33,False,o,ʋ
fn001112_sentence-10.wav,5.506,5.627,0.121,r,d,a,N00567_female_33,False,o,r
fn001112_sentence-109.wav,5.485,5.667,0.182,r,a,E,N00567_female_33,False,o,r
fn001112_sentence-120.wav,0.258,0.43,0.172,u,h,@,N00567_female_33,False,o,uː
fn001112_sentence-20.wav,3.226,3.347,0.121,w,e,@,N00567_female_33,False,o,ʋ
fn001112_sentence-45.wav,1.298,1.389,0.091,w,e,@,N00567_female_33,False,o,ʋ
fn001112_sentence-5.wav,0.245,0.337,0.092,w,f,A,N00567_female_33,False,o,ʋ
fn001022_sentence-1.wav,1.118,1.269,0.151,t,w,e,N00522_male_66,False,o,t
fn001022_sentence-1.wav,1.017,1.118,0.101,w,y,t,N00522_male_66,False,o,ʋ
fn001022_sentence-1.wav,0.675,0.775,0.1,@,t,x,N00522_male_66,False,o,ə
fn001022_sentence-100.wav,0.898,1.1,0.202,f,r,l,N00522_male_66,False,o,f
fn001022_sentence-102.wav,0.172,0.365,0.193,s,s,o,N00522_male_66,False,o,s
fn001022_sentence-102.wav,0.172,0.365,0.193,s,@,s,N00522_male_66,False,o,s
fn001022_sentence-103.wav,0.717,0.838,0.121,l,t,o,N00522_male_66,False,o,l
fn001022_sentence-103.wav,1.211,1.463,0.252,f,Y,r,N00522_male_66,False,o,f
fn001022_sentence-103.wav,1.695,1.816,0.121,@,t,a,N00522_male_66,False,o,ə
fn001022_sentence-104.wav,0.631,0.817,0.186,x,I,EOS,N00522_male_66,False,o,x
fn001022_sentence-105.wav,1.098,1.322,0.224,x,e,EOS,N00522_male_66,False,o,x
fn001022_sentence-107.wav,0.677,0.869,0.192,s,t,E,N00522_male_66,False,o,s
fn001022_sentence-108.wav,4.331,4.473,0.142,k,A,EOS,N00522_male_66,False,o,k
fn001022_sentence-108.wav,1.638,1.809,0.171,b,z,A,N00522_male_66,False,o,b
fn001022_sentence-108.wav,3.835,4.007,0.172,x,n,I,N00522_male_66,False,o,x
fn001022_sentence-108.wav,0.59,0.822,0.232,i,p,r,N00522_male_66,False,o,iː
fn001022_sentence-108.wav,0.429,0.59,0.161,p,a,i,N00522_male_66,False,o,p
fn001022_sentence-112.wav,0.0,0.119,0.119,l,SOS,a,N00522_male_66,False,o,l
fn001022_sentence-112.wav,0.519,0.673,0.154,x,I,t,N00522_male_66,False,o,x
fn001022_sentence-113.wav,0.812,0.944,0.132,l,e,s,N00522_male_66,False,o,l
fn001022_sentence-113.wav,1.512,1.715,0.203,G,E,EOS,N00522_male_66,False,o,ɣ
fn001022_sentence-114.wav,1.52,1.844,0.324,s,n,EOS,N00522_male_66,False,o,s
fn001022_sentence-118.wav,0.997,1.19,0.193,s,r,t,N00522_male_66,False,o,s
fn001022_sentence-122.wav,2.967,3.069,0.102,@,p,EOS,N00522_male_66,False,o,ə
fn001022_sentence-123.wav,1.33,1.736,0.406,s,Y+,EOS,N00522_male_66,False,o,s
fn001022_sentence-125.wav,0.701,0.833,0.132,v,l,o,N00522_male_66,False,o,v
fn001022_sentence-125.wav,0.477,0.61,0.133,A,p,l,N00522_male_66,False,o,ɑ
fn001022_sentence-126.wav,1.928,2.03,0.102,d,@,I,N00522_male_66,False,o,d
fn001022_sentence-127.wav,0.492,0.595,0.103,I,d,N,N00522_male_66,False,o,ɪ
fn001022_sentence-127.wav,0.0,0.133,0.133,w,SOS,E,N00522_male_66,False,o,ʋ
fn001022_sentence-128.wav,0.689,0.791,0.102,d,@,Y+,N00522_male_66,False,o,d
fn001022_sentence-13.wav,3.494,3.656,0.162,f,A,EOS,N00522_male_66,False,o,f
fn001022_sentence-133.wav,1.189,1.29,0.101,d,@,I,N00522_male_66,False,o,d
fn001022_sentence-133.wav,0.0,0.128,0.128,b,SOS,E,N00522_male_66,False,o,b
fn001022_sentence-135.wav,1.004,1.136,0.132,m,i,O,N00522_male_66,False,o,m
fn001022_sentence-136.wav,0.527,0.629,0.102,r,a,s,N00522_male_66,False,o,r
fn001022_sentence-136.wav,0.345,0.477,0.132,h,t,a,N00522_male_66,False,o,h
fn001022_sentence-139.wav,0.566,0.718,0.152,v,l,i,N00522_male_66,False,o,v
fn001022_sentence-145.wav,1.46,1.581,0.121,p,O,EOS,N00522_male_66,False,o,p
fn001022_sentence-15.wav,1.279,1.401,0.122,p,r,A,N00522_male_66,False,o,p
fn001022_sentence-150.wav,0.573,0.734,0.161,f,E+,EOS,N00522_male_66,False,o,f
fn001022_sentence-152.wav,0.0,0.133,0.133,r,SOS,Y+,N00522_male_66,False,o,r
fn001022_sentence-161.wav,0.0,0.182,0.182,O,SOS,t,N00522_male_66,False,o,ɔ
fn001022_sentence-166.wav,0.66,0.812,0.152,b,t,E+,N00522_male_66,False,o,b
fn001022_sentence-175.wav,0.842,1.033,0.191,p,y,@,N00522_male_66,False,o,p
fn001022_sentence-186.wav,2.279,2.45,0.171,G,N,a,N00522_male_66,False,o,ɣ
fn001022_sentence-186.wav,1.613,1.714,0.101,d,@,i,N00522_male_66,False,o,d
fn001022_sentence-189.wav,3.73,3.892,0.162,d,a,o,N00522_male_66,False,o,d
fn001022_sentence-190.wav,0.736,0.858,0.122,b,@,A,N00522_male_66,False,o,b
fn001022_sentence-192.wav,0.285,0.376,0.091,w,E+,e,N00522_male_66,False,o,ʋ
fn001022_sentence-199.wav,1.293,1.434,0.141,w,y,t,N00522_male_66,False,o,ʋ
fn001022_sentence-202.wav,0.633,0.765,0.132,b,o,o,N00522_male_66,False,o,b
fn001022_sentence-217.wav,2.078,2.209,0.131,N,I,EOS,N00522_male_66,False,o,ŋ
fn001022_sentence-22.wav,0.532,0.675,0.143,b,t,E,N00522_male_66,False,o,b
fn001022_sentence-228.wav,1.126,1.329,0.203,b,p,u,N00522_male_66,False,o,b
fn001022_sentence-231.wav,0.994,1.116,0.122,b,i,u,N00522_male_66,False,o,b
fn001022_sentence-273.wav,0.365,0.506,0.141,N,A,x,N00522_male_66,False,o,ŋ
fn001022_sentence-281.wav,0.519,0.642,0.123,Y,z,s,N00522_male_66,False,o,ʉ
fn001022_sentence-284.wav,1.988,2.14,0.152,N,A,x,N00522_male_66,False,o,ŋ
fn001022_sentence-285.wav,0.674,0.806,0.132,b,@,E,N00522_male_66,False,o,b
fn001022_sentence-43.wav,0.101,0.415,0.314,A+,n,EOS,N00522_male_66,False,o,ɑu
fn001352_sentence-0.wav,0.866,1.018,0.152,t,p,@,N00703_male_67,False,o,t
fn001352_sentence-0.wav,1.385,1.487,0.102,@,N,EOS,N00703_male_67,False,o,ə
fn001352_sentence-1.wav,0.546,0.759,0.213,n,n,e,N00703_male_67,False,o,n
fn001352_sentence-1.wav,2.025,2.156,0.131,p,o,EOS,N00703_male_67,False,o,p
fn001352_sentence-1.wav,0.546,0.759,0.213,n,A,n,N00703_male_67,False,o,n
fn001352_sentence-10.wav,0.932,1.054,0.122,@,N,EOS,N00703_male_67,False,o,ə
fn001352_sentence-10.wav,0.317,0.45,0.133,@,n,I,N00703_male_67,False,o,ə
fn001352_sentence-100.wav,1.153,1.276,0.123,v,r,@,N00703_male_67,False,o,v
fn001352_sentence-105.wav,1.056,1.31,0.254,s,a,EOS,N00703_male_67,False,o,s
fn001352_sentence-107.wav,0.589,0.723,0.134,A,f,n,N00703_male_67,False,o,ɑ
fn001352_sentence-108.wav,0.518,0.663,0.145,k,Y,EOS,N00703_male_67,False,o,k
fn001352_sentence-119.wav,1.24,1.444,0.204,x,@,EOS,N00703_male_67,False,o,x
fn001352_sentence-12.wav,1.405,1.578,0.173,x,@,EOS,N00703_male_67,False,o,x
fn001352_sentence-120.wav,1.261,1.425,0.164,t,Y+,EOS,N00703_male_67,False,o,t
fn001352_sentence-121.wav,1.565,1.718,0.153,t,l,EOS,N00703_male_67,False,o,t
fn001352_sentence-122.wav,1.025,1.136,0.111,@,d,h,N00703_male_67,False,o,ə
fn001352_sentence-122.wav,2.539,2.741,0.202,t,f,EOS,N00703_male_67,False,o,t
fn001352_sentence-14.wav,0.512,0.615,0.103,@,N,r,N00703_male_67,False,o,ə
fn001352_sentence-14.wav,1.889,2.032,0.143,k,u,EOS,N00703_male_67,False,o,k
fn001352_sentence-15.wav,0.932,1.147,0.215,s,e,EOS,N00703_male_67,False,o,s
fn001352_sentence-17.wav,1.068,1.272,0.204,u,b,r,N00703_male_67,False,o,uː
fn001352_sentence-18.wav,0.7,0.823,0.123,l,Y+,EOS,N00703_male_67,False,o,l
fn001352_sentence-20.wav,0.902,1.127,0.225,s,t,EOS,N00703_male_67,False,o,s
fn001352_sentence-21.wav,0.33,0.472,0.142,x,Y,t,N00703_male_67,False,o,x
fn001352_sentence-24.wav,0.0,0.103,0.103,I,SOS,k,N00703_male_67,False,o,ɪ
fn001352_sentence-25.wav,0.417,0.573,0.156,u,b,r,N00703_male_67,False,o,uː
fn001352_sentence-27.wav,1.247,1.419,0.172,t,k,O,N00703_male_67,False,o,t
fn001352_sentence-29.wav,1.824,1.926,0.102,@,t,r,N00703_male_67,False,o,ə
fn001352_sentence-3.wav,0.806,1.021,0.215,t,p,E,N00703_male_67,False,o,t
fn001352_sentence-3.wav,1.353,1.455,0.102,r,n,Y+,N00703_male_67,False,o,r
fn001352_sentence-31.wav,0.471,0.586,0.115,l,e,n,N00703_male_67,False,o,l
fn001352_sentence-33.wav,0.192,0.298,0.106,@,N,r,N00703_male_67,False,o,ə
fn001352_sentence-37.wav,0.592,0.685,0.093,@,k,E,N00703_male_67,False,o,ə
fn001352_sentence-40.wav,0.864,0.967,0.103,@,t,m,N00703_male_67,False,o,ə
fn001352_sentence-42.wav,0.0,0.124,0.124,d,SOS,@,N00703_male_67,False,o,d
fn001352_sentence-44.wav,1.944,2.045,0.101,@,t,EOS,N00703_male_67,False,o,ə
fn001352_sentence-64.wav,0.76,0.884,0.124,n,u,EOS,N00703_male_67,False,o,n
fn001352_sentence-66.wav,0.245,0.367,0.122,n,o,l,N00703_male_67,False,o,n
fn001352_sentence-66.wav,1.376,1.488,0.112,n,E+,EOS,N00703_male_67,False,o,n
fn001352_sentence-95.wav,0.427,0.625,0.198,f,o,EOS,N00703_male_67,False,o,f
fn001353_sentence-123.wav,2.08,2.272,0.192,f,A,EOS,N00703_male_67,False,o,f
fn001353_sentence-144.wav,1.393,1.606,0.213,f,O,m,N00703_male_67,False,o,f
fn001196_sentence-0.wav,0.45,0.678,0.228,x,o,EOS,N00696_male_66,False,o,x
fn001196_sentence-10.wav,1.834,2.016,0.182,@,t,EOS,N00696_male_66,False,o,ə
fn001196_sentence-10.wav,0.547,0.689,0.142,t,r,e,N00696_male_66,False,o,t
fn001196_sentence-100.wav,0.517,0.628,0.111,n,f,i,N00696_male_66,False,o,n
fn001196_sentence-101.wav,0.0,0.139,0.139,v,SOS,EOS,N00696_male_66,False,o,v
fn001196_sentence-102.wav,0.071,0.172,0.101,@,l,o,N00696_male_66,False,o,ə
fn001196_sentence-103.wav,2.371,2.482,0.111,d,k,E,N00696_male_66,False,o,d
fn001196_sentence-103.wav,2.838,2.939,0.101,d,k,A,N00696_male_66,False,o,d
fn001196_sentence-103.wav,3.793,3.965,0.172,f,l,i,N00696_male_66,False,o,f
fn001196_sentence-103.wav,2.563,2.696,0.133,N,E,k,N00696_male_66,False,o,ŋ
fn001196_sentence-103.wav,3.183,3.518,0.335,s,r,w,N00696_male_66,False,o,s
fn001196_sentence-104.wav,0.772,0.873,0.101,@,s,@,N00696_male_66,False,o,ə
fn001196_sentence-104.wav,0.0,0.117,0.117,I,SOS,k,N00696_male_66,False,o,ɪ
fn001196_sentence-108.wav,2.073,2.245,0.172,t,a,l,N00696_male_66,False,o,t
fn001196_sentence-108.wav,0.565,0.677,0.112,r,t,E,N00696_male_66,False,o,r
fn001196_sentence-108.wav,0.087,0.209,0.122,@,l,o,N00696_male_66,False,o,ə
fn001196_sentence-108.wav,5.588,5.781,0.193,i,v,r,N00696_male_66,False,o,iː
fn001196_sentence-108.wav,4.977,5.12,0.143,t,n,n,N00696_male_66,False,o,t
fn001196_sentence-109.wav,3.774,3.927,0.153,k,E,a,N00696_male_66,False,o,k
fn001196_sentence-109.wav,2.377,2.508,0.131,n,A,I,N00696_male_66,False,o,n
fn001196_sentence-11.wav,0.793,1.028,0.235,n,2,EOS,N00696_male_66,False,o,n
fn001196_sentence-111.wav,3.239,3.34,0.101,w,t,E+,N00696_male_66,False,o,ʋ
fn001196_sentence-111.wav,0.772,0.895,0.123,@,G,@,N00696_male_66,False,o,ə
fn001196_sentence-111.wav,8.084,8.342,0.258,@,d,v,N00696_male_66,False,o,ə
fn001196_sentence-111.wav,4.143,4.275,0.132,A,@,r,N00696_male_66,False,o,ɑ
fn001196_sentence-111.wav,1.41,1.529,0.119,@,@,n,N00696_male_66,False,o,ə
fn001196_sentence-111.wav,4.438,4.539,0.101,@,m,w,N00696_male_66,False,o,ə
fn001196_sentence-114.wav,0.558,0.67,0.112,r,u,a,N00696_male_66,False,o,r
fn001196_sentence-114.wav,1.32,1.421,0.101,@,t,EOS,N00696_male_66,False,o,ə
fn001196_sentence-114.wav,0.345,0.558,0.213,u,t,r,N00696_male_66,False,o,uː
fn001196_sentence-115.wav,0.67,0.803,0.133,E,w,G,N00696_male_66,False,o,ɛ
fn001196_sentence-115.wav,0.803,0.967,0.164,G,E,EOS,N00696_male_66,False,o,ɣ
fn001196_sentence-117.wav,9.969,10.081,0.112,d,a,A,N00696_male_66,False,o,d
fn001196_sentence-117.wav,8.787,8.934,0.147,d,@,i,N00696_male_66,False,o,d
fn001196_sentence-117.wav,6.613,6.834,0.221,u,t,r,N00696_male_66,False,o,uː
fn001196_sentence-117.wav,5.253,5.435,0.182,O,v,l,N00696_male_66,False,o,ɔ
fn001196_sentence-117.wav,3.821,3.942,0.121,r,p,Y,N00696_male_66,False,o,r
fn001196_sentence-117.wav,5.465,5.586,0.121,m,l,E,N00696_male_66,False,o,m
fn001196_sentence-118.wav,2.453,2.565,0.112,I,@,n,N00696_male_66,False,o,ɪ
fn001196_sentence-118.wav,5.104,5.255,0.151,j,r,A,N00696_male_66,False,o,j
fn001196_sentence-118.wav,4.669,4.811,0.142,f,t,A,N00696_male_66,False,o,f
fn001196_sentence-118.wav,1.942,2.095,0.153,b,r,l,N00696_male_66,False,o,b
fn001196_sentence-118.wav,4.144,4.275,0.131,b,t,O,N00696_male_66,False,o,b
fn001196_sentence-118.wav,5.69,5.821,0.131,h,s,a,N00696_male_66,False,o,h
fn001196_sentence-118.wav,1.429,1.571,0.142,w,t,i,N00696_male_66,False,o,ʋ
fn001196_sentence-118.wav,2.821,2.974,0.153,h,r,a,N00696_male_66,False,o,h
fn001196_sentence-119.wav,0.596,0.727,0.131,v,e,@,N00696_male_66,False,o,v
fn001196_sentence-119.wav,1.465,1.596,0.131,r,a,o,N00696_male_66,False,o,r
fn001196_sentence-119.wav,1.879,2.041,0.162,x,@,@,N00696_male_66,False,o,x
fn001196_sentence-12.wav,0.334,0.435,0.101,r,O,s,N00696_male_66,False,o,r
fn001196_sentence-120.wav,4.367,4.598,0.231,Y+,t,t,N00696_male_66,False,o,œy
fn001196_sentence-121.wav,3.726,3.878,0.152,b,G,E+,N00696_male_66,False,o,b
fn001196_sentence-121.wav,3.453,3.615,0.162,G,Y,b,N00696_male_66,False,o,ɣ
fn001196_sentence-124.wav,5.671,5.792,0.121,r,r,Y,N00696_male_66,False,o,r
fn001196_sentence-124.wav,5.671,5.792,0.121,r,a,r,N00696_male_66,False,o,r
fn001196_sentence-125.wav,5.074,5.188,0.114,d,n,@,N00696_male_66,False,o,d
fn001196_sentence-125.wav,4.096,4.197,0.101,r,d,Y,N00696_male_66,False,o,r
fn001196_sentence-126.wav,3.799,3.901,0.102,w,@,a,N00696_male_66,False,o,ʋ
fn001196_sentence-126.wav,2.939,3.077,0.138,r,@,I,N00696_male_66,False,o,r
fn001196_sentence-13.wav,0.863,0.995,0.132,p,O,k,N00696_male_66,False,o,p
fn001196_sentence-13.wav,3.21,3.362,0.152,w,k,e,N00696_male_66,False,o,ʋ
fn001196_sentence-13.wav,4.17,4.292,0.122,r,b,Y+,N00696_male_66,False,o,r
fn001196_sentence-130.wav,7.431,7.524,0.093,r,Y,k,N00696_male_66,False,o,r
fn001196_sentence-14.wav,1.032,1.244,0.212,G,E,n,N00696_male_66,False,o,ɣ
fn001196_sentence-20.wav,1.453,1.605,0.152,G,E,I,N00696_male_66,False,o,ɣ
fn001196_sentence-27.wav,2.54,2.703,0.163,G,@,a,N00696_male_66,False,o,ɣ
fn001196_sentence-29.wav,0.515,0.616,0.101,w,y,E,N00696_male_66,False,o,ʋ
fn001196_sentence-3.wav,0.477,0.568,0.091,w,i,@,N00696_male_66,False,o,ʋ
fn001196_sentence-30.wav,1.478,1.569,0.091,w,i,I,N00696_male_66,False,o,ʋ
fn001196_sentence-56.wav,0.636,0.768,0.132,w,x,e,N00696_male_66,False,o,ʋ
fn001484_sentence-100.wav,0.232,0.373,0.141,l,E,k,N00784_male_73,False,o,l
fn001484_sentence-100.wav,1.412,1.513,0.101,@,s,d,N00784_male_73,False,o,ə
fn001484_sentence-101.wav,0.384,0.526,0.142,r,l,O,N00784_male_73,False,o,r
fn001484_sentence-101.wav,0.253,0.384,0.131,l,I,r,N00784_male_73,False,o,l
fn001484_sentence-101.wav,1.549,1.802,0.253,a,r,d,N00784_male_73,False,o,aː
fn001484_sentence-102.wav,0.676,0.932,0.256,O,l,f,N00784_male_73,False,o,ɔ
fn001484_sentence-102.wav,1.147,1.274,0.127,A,f,x,N00784_male_73,False,o,ɑ
fn001484_sentence-102.wav,3.305,3.466,0.161,k,E+,@,N00784_male_73,False,o,k
fn001484_sentence-102.wav,0.932,1.147,0.215,f,O,A,N00784_male_73,False,o,f
fn001484_sentence-102.wav,2.436,2.537,0.101,@,z,o,N00784_male_73,False,o,ə
fn001484_sentence-102.wav,0.0,0.093,0.093,@,SOS,t,N00784_male_73,False,o,ə
fn001484_sentence-103.wav,0.298,0.401,0.103,r,i,b,N00784_male_73,False,o,r
fn001484_sentence-103.wav,0.061,0.298,0.237,i,h,r,N00784_male_73,False,o,iː
fn001484_sentence-103.wav,0.401,0.576,0.175,b,r,E,N00784_male_73,False,o,b
fn001484_sentence-104.wav,1.514,1.686,0.172,t,a,EOS,N00784_male_73,False,o,t
fn001484_sentence-104.wav,0.67,0.792,0.122,m,E,d,N00784_male_73,False,o,m
fn001484_sentence-105.wav,2.146,2.3,0.154,t,i,EOS,N00784_male_73,False,o,t
fn001484_sentence-106.wav,0.193,0.427,0.234,i,h,r,N00784_male_73,False,o,iː
fn001484_sentence-108.wav,0.868,0.991,0.123,l,E,EOS,N00784_male_73,False,o,l
fn001484_sentence-109.wav,0.325,0.457,0.132,n,@,r,N00784_male_73,False,o,n
fn001484_sentence-11.wav,1.267,1.501,0.234,t,k,EOS,N00784_male_73,False,o,t
fn001484_sentence-110.wav,1.524,1.636,0.112,n,A,EOS,N00784_male_73,False,o,n
fn001484_sentence-111.wav,0.295,0.437,0.142,r,i,EOS,N00784_male_73,False,o,r
fn001484_sentence-111.wav,0.061,0.295,0.234,i,h,r,N00784_male_73,False,o,iː
fn001484_sentence-112.wav,0.508,0.61,0.102,w,E+,e,N00784_male_73,False,o,ʋ
fn001484_sentence-113.wav,0.784,0.937,0.153,t,i,EOS,N00784_male_73,False,o,t
fn001484_sentence-114.wav,3.074,3.246,0.172,G,a,@,N00784_male_73,False,o,ɣ
fn001484_sentence-114.wav,1.272,1.383,0.111,n,A,m,N00784_male_73,False,o,n
fn001484_sentence-114.wav,0.736,0.91,0.174,t,a,d,N00784_male_73,False,o,t
fn001484_sentence-115.wav,0.264,0.63,0.366,N,E,EOS,N00784_male_73,False,o,ŋ
fn001484_sentence-115.wav,0.0,0.162,0.162,b,SOS,E,N00784_male_73,False,o,b
fn001484_sentence-117.wav,0.992,1.126,0.134,@,k,p,N00784_male_73,False,o,ə
fn001484_sentence-117.wav,0.614,0.716,0.102,r,t,Y+,N00784_male_73,False,o,r
fn001484_sentence-117.wav,0.849,0.992,0.143,k,Y+,@,N00784_male_73,False,o,k
fn001484_sentence-118.wav,0.577,0.779,0.202,i,h,r,N00784_male_73,False,o,iː
fn001484_sentence-119.wav,0.739,0.88,0.141,k,@,e,N00784_male_73,False,o,k
fn001484_sentence-120.wav,1.365,1.527,0.162,l,t,Y+,N00784_male_73,False,o,l
fn001484_sentence-121.wav,2.627,2.758,0.131,v,o,@,N00784_male_73,False,o,v
fn001484_sentence-121.wav,0.246,0.349,0.103,d,n,@,N00784_male_73,False,o,d
fn001484_sentence-121.wav,1.636,1.737,0.101,d,@,o,N00784_male_73,False,o,d
fn001484_sentence-121.wav,2.121,2.394,0.273,G,E,o,N00784_male_73,False,o,ɣ
fn001484_sentence-122.wav,0.259,0.352,0.093,r,i,b,N00784_male_73,False,o,r
fn001484_sentence-122.wav,0.052,0.259,0.207,i,h,r,N00784_male_73,False,o,iː
fn001484_sentence-123.wav,2.186,2.287,0.101,d,o,A,N00784_male_73,False,o,d
fn001484_sentence-124.wav,0.171,0.52,0.349,N,E,EOS,N00784_male_73,False,o,ŋ
fn001484_sentence-125.wav,0.205,0.401,0.196,N,E,EOS,N00784_male_73,False,o,ŋ
fn001484_sentence-127.wav,0.547,0.708,0.161,f,E+,n,N00784_male_73,False,o,f
fn001484_sentence-128.wav,0.215,0.317,0.102,@,N,l,N00784_male_73,False,o,ə
fn001484_sentence-128.wav,0.317,0.439,0.122,l,@,h,N00784_male_73,False,o,l
fn001484_sentence-128.wav,0.715,0.92,0.205,i,h,r,N00784_male_73,False,o,iː
fn001484_sentence-13.wav,1.178,1.331,0.153,O,v,l,N00784_male_73,False,o,ɔ
fn001484_sentence-130.wav,1.04,1.151,0.111,n,A,@,N00784_male_73,False,o,n
fn001484_sentence-130.wav,0.374,0.515,0.141,x,l,r,N00784_male_73,False,o,x
fn001484_sentence-131.wav,0.605,0.736,0.131,r,m,y,N00784_male_73,False,o,r
fn001484_sentence-131.wav,2.634,2.785,0.151,p,o,@,N00784_male_73,False,o,p
fn001484_sentence-132.wav,1.768,1.889,0.121,p,E+,@,N00784_male_73,False,o,p
fn001484_sentence-133.wav,0.884,1.026,0.142,p,o,@,N00784_male_73,False,o,p
fn001484_sentence-134.wav,1.218,1.339,0.121,d,i,y,N00784_male_73,False,o,d
fn001484_sentence-135.wav,0.986,1.149,0.163,I,f,n,N00784_male_73,False,o,ɪ
fn001484_sentence-137.wav,0.666,0.82,0.154,x,Y,t,N00784_male_73,False,o,x
fn001484_sentence-14.wav,0.192,0.313,0.121,I,v,s,N00784_male_73,False,o,ɪ
fn001484_sentence-140.wav,1.287,1.47,0.183,x,r,EOS,N00784_male_73,False,o,x
fn001484_sentence-141.wav,3.13,3.312,0.182,G,E,EOS,N00784_male_73,False,o,ɣ
fn001484_sentence-142.wav,0.041,0.405,0.364,u,p,d,N00784_male_73,False,o,uː
fn001484_sentence-145.wav,1.771,1.882,0.111,r,s,E+,N00784_male_73,False,o,r
fn001484_sentence-148.wav,0.886,1.039,0.153,p,o,@,N00784_male_73,False,o,p
fn001484_sentence-151.wav,0.753,0.885,0.132,p,m,t,N00784_male_73,False,o,p
fn001484_sentence-152.wav,0.325,0.457,0.132,p,N,E,N00784_male_73,False,o,p
fn001484_sentence-154.wav,1.156,1.339,0.183,N,O,EOS,N00784_male_73,False,o,ŋ
fn001484_sentence-157.wav,0.373,0.528,0.155,j,t,@,N00784_male_73,False,o,j
fn001484_sentence-16.wav,6.918,7.039,0.121,w,A+,@,N00784_male_73,False,o,ʋ
fn001484_sentence-16.wav,6.119,6.281,0.162,G,I,o,N00784_male_73,False,o,ɣ
fn001484_sentence-16.wav,7.494,7.676,0.182,u,d,l,N00784_male_73,False,o,uː
fn001484_sentence-16.wav,4.259,4.41,0.151,j,o,O,N00784_male_73,False,o,j
fn001484_sentence-16.wav,0.484,0.635,0.151,j,t,@,N00784_male_73,False,o,j
fn001484_sentence-16.wav,2.604,2.775,0.171,u,S,l,N00784_male_73,False,o,uː
fn001484_sentence-16.wav,5.967,6.119,0.152,I,n,G,N00784_male_73,False,o,ɪ
fn001484_sentence-164.wav,0.444,0.629,0.185,j,t,@,N00784_male_73,False,o,j
fn001484_sentence-165.wav,0.972,1.135,0.163,G,E,EOS,N00784_male_73,False,o,ɣ
fn001484_sentence-166.wav,0.653,0.806,0.153,j,t,@,N00784_male_73,False,o,j
fn001484_sentence-166.wav,0.0,0.112,0.112,h,SOS,u,N00784_male_73,False,o,h
fn001484_sentence-166.wav,0.112,0.296,0.184,u,h,e,N00784_male_73,False,o,uː
fn001484_sentence-172.wav,0.277,0.369,0.092,w,A+,a,N00784_male_73,False,o,ʋ
fn001484_sentence-183.wav,0.234,0.447,0.213,u,i,n,N00784_male_73,False,o,uː
fn001484_sentence-190.wav,3.017,3.138,0.121,I,t,l,N00784_male_73,False,o,ɪ
fn001484_sentence-25.wav,3.767,3.959,0.192,G,E,EOS,N00784_male_73,False,o,ɣ
fn001484_sentence-39.wav,0.238,0.382,0.144,Y,r,x,N00784_male_73,False,o,ʉ
fn001484_sentence-45.wav,0.713,0.876,0.163,f,Y,EOS,N00784_male_73,False,o,f
fn001484_sentence-84.wav,0.269,0.527,0.258,y,n,EOS,N00784_male_73,False,o,yː
fn001492_sentence-0.wav,0.147,0.315,0.168,n,e,EOS,N00788_female_65,False,o,n
fn001492_sentence-10.wav,0.0,0.091,0.091,w,SOS,E,N00788_female_65,False,o,ʋ
fn001492_sentence-10.wav,0.628,0.769,0.141,@,l,k,N00788_female_65,False,o,ə
fn001492_sentence-11.wav,0.366,0.488,0.122,I,t,s,N00788_female_65,False,o,ɪ
fn001492_sentence-11.wav,0.234,0.366,0.132,t,A,I,N00788_female_65,False,o,t
fn001492_sentence-11.wav,0.0,0.112,0.112,w,SOS,A,N00788_female_65,False,o,ʋ
fn001492_sentence-12.wav,1.821,1.933,0.112,I,n,n,N00788_female_65,False,o,ɪ
fn001492_sentence-12.wav,3.852,3.974,0.122,h,t,A+,N00788_female_65,False,o,h
fn001492_sentence-12.wav,1.933,2.165,0.232,n,I,E,N00788_female_65,False,o,n
fn001492_sentence-12.wav,1.518,1.71,0.192,n,a,I,N00788_female_65,False,o,n
fn001492_sentence-13.wav,4.7,4.852,0.152,@,d,O,N00788_female_65,False,o,ə
fn001492_sentence-13.wav,1.61,1.772,0.162,n,i,w,N00788_female_65,False,o,n
fn001492_sentence-13.wav,0.818,0.996,0.178,k,Y,z,N00788_female_65,False,o,k
fn001492_sentence-14.wav,9.894,10.087,0.193,E,t,r,N00788_female_65,False,o,ɛ
fn001492_sentence-14.wav,15.397,15.511,0.114,m,O,E,N00788_female_65,False,o,m
fn001492_sentence-14.wav,15.118,15.232,0.114,@,t,d,N00788_female_65,False,o,ə
fn001492_sentence-14.wav,7.925,8.026,0.101,@,t,I,N00788_female_65,False,o,ə
fn001492_sentence-14.wav,3.218,3.466,0.248,E+,r,I,N00788_female_65,False,o,ɛi
fn001492_sentence-14.wav,0.966,1.088,0.122,I,@,s,N00788_female_65,False,o,ɪ
fn001492_sentence-14.wav,6.693,6.836,0.143,@,t,E,N00788_female_65,False,o,ə
fn001492_sentence-14.wav,3.466,3.572,0.106,I,E+,N,N00788_female_65,False,o,ɪ
fn001492_sentence-14.wav,10.392,10.484,0.092,w,f,E+,N00788_female_65,False,o,ʋ
fn001492_sentence-14.wav,3.031,3.158,0.127,v,n,r,N00788_female_65,False,o,v
fn001492_sentence-15.wav,6.037,6.158,0.121,m,@,I,N00788_female_65,False,o,m
fn001492_sentence-15.wav,5.267,5.398,0.131,n,@,d,N00788_female_65,False,o,n
fn001492_sentence-15.wav,1.677,1.809,0.132,I,v,n,N00788_female_65,False,o,ɪ
fn001492_sentence-16.wav,1.334,1.466,0.132,E,@,r,N00788_female_65,False,o,ɛ
fn001492_sentence-18.wav,0.345,0.436,0.091,w,u,A,N00788_female_65,False,o,ʋ
fn001492_sentence-18.wav,0.537,0.679,0.142,x,A,@,N00788_female_65,False,o,x
fn001492_sentence-20.wav,14.668,14.809,0.141,k,o,@,N00788_female_65,False,o,k
fn001492_sentence-20.wav,1.758,1.859,0.101,r,e,@,N00788_female_65,False,o,r
fn001492_sentence-27.wav,1.449,1.672,0.223,y,f,r,N00788_female_65,False,o,yː
fn001492_sentence-29.wav,1.576,1.668,0.092,w,t,e,N00788_female_65,False,o,ʋ
fn001492_sentence-30.wav,0.405,0.536,0.131,l,e,v,N00788_female_65,False,o,l
fn001492_sentence-32.wav,4.826,4.947,0.121,w,y,E,N00788_female_65,False,o,ʋ
fn001492_sentence-32.wav,1.113,1.367,0.254,y,t,r,N00788_female_65,False,o,yː
fn001492_sentence-34.wav,11.41,11.513,0.103,w,s,E+,N00788_female_65,False,o,ʋ
fn001492_sentence-37.wav,5.036,5.147,0.111,h,@,e,N00788_female_65,False,o,h
fn001492_sentence-37.wav,10.979,11.121,0.142,h,n,E+,N00788_female_65,False,o,h
fn001492_sentence-40.wav,13.816,13.979,0.163,u,n,r,N00788_female_65,False,o,uː
fn001492_sentence-41.wav,2.632,2.778,0.146,u,@,r,N00788_female_65,False,o,uː
fn001492_sentence-44.wav,11.307,11.41,0.103,w,@,O,N00788_female_65,False,o,ʋ
fn001492_sentence-5.wav,0.655,0.747,0.092,w,s,a,N00788_female_65,False,o,ʋ
fn001492_sentence-50.wav,3.379,3.511,0.132,r,@,@,N00788_female_65,False,o,r
fn001492_sentence-50.wav,6.334,6.437,0.103,r,b,E+,N00788_female_65,False,o,r
fn001492_sentence-51.wav,3.529,3.631,0.102,r,o,d,N00788_female_65,False,o,r
fn001492_sentence-6.wav,2.784,2.895,0.111,w,l,E,N00788_female_65,False,o,ʋ
fn001492_sentence-6.wav,16.482,16.573,0.091,w,t,a,N00788_female_65,False,o,ʋ
fn001121_sentence-0.wav,0.622,0.775,0.153,n,e,EOS,N00621_male_52,False,o,n
fn001121_sentence-1.wav,0.568,0.659,0.091,w,r,A,N00621_male_52,False,o,ʋ
fn001121_sentence-10.wav,0.577,0.774,0.197,G,E,EOS,N00621_male_52,False,o,ɣ
fn001121_sentence-101.wav,4.056,4.259,0.203,n,O,t,N00621_male_52,False,o,n
fn001121_sentence-101.wav,0.328,0.48,0.152,u,l,r,N00621_male_52,False,o,uː
fn001121_sentence-101.wav,2.386,2.527,0.141,k,i,d,N00621_male_52,False,o,k
fn001121_sentence-101.wav,0.0,0.097,0.097,d,SOS,@,N00621_male_52,False,o,d
fn001121_sentence-101.wav,3.801,3.964,0.163,f,a,O,N00621_male_52,False,o,f
fn001121_sentence-103.wav,0.0,0.151,0.151,t,SOS,a,N00621_male_52,False,o,t
fn001121_sentence-104.wav,2.776,3.071,0.295,E+,b,E,N00621_male_52,False,o,ɛi
fn001121_sentence-104.wav,1.024,1.248,0.224,u,t,n,N00621_male_52,False,o,uː
fn001121_sentence-105.wav,0.161,0.515,0.354,n,E,EOS,N00621_male_52,False,o,n
fn001121_sentence-105.wav,0.0,0.161,0.161,E,SOS,n,N00621_male_52,False,o,ɛ
fn001121_sentence-106.wav,2.352,2.504,0.152,n,I,a,N00621_male_52,False,o,n
fn001121_sentence-106.wav,0.889,1.02,0.131,p,O,m,N00621_male_52,False,o,p
fn001121_sentence-106.wav,1.131,1.269,0.138,m,p,E+,N00621_male_52,False,o,m
fn001121_sentence-106.wav,3.334,3.445,0.111,@,N,EOS,N00621_male_52,False,o,ə
fn001121_sentence-107.wav,0.0,0.131,0.131,d,SOS,@,N00621_male_52,False,o,d
fn001121_sentence-107.wav,0.706,0.958,0.252,s,Y,f,N00621_male_52,False,o,s
fn001121_sentence-108.wav,1.12,1.283,0.163,k,E+,O,N00621_male_52,False,o,k
fn001121_sentence-108.wav,0.764,0.886,0.122,@,t,r,N00621_male_52,False,o,ə
fn001121_sentence-109.wav,0.28,0.539,0.259,@,j,EOS,N00621_male_52,False,o,ə
fn001121_sentence-110.wav,0.284,0.639,0.355,@,j,EOS,N00621_male_52,False,o,ə
fn001121_sentence-111.wav,0.609,0.73,0.121,@,j,EOS,N00621_male_52,False,o,ə
fn001121_sentence-111.wav,0.426,0.609,0.183,j,Y+,@,N00621_male_52,False,o,j
fn001121_sentence-111.wav,0.0,0.426,0.426,Y+,SOS,j,N00621_male_52,False,o,œy
fn001121_sentence-112.wav,0.0,0.131,0.131,d,SOS,@,N00621_male_52,False,o,d
fn001121_sentence-112.wav,1.397,1.548,0.151,m,E,h,N00621_male_52,False,o,m
fn001121_sentence-113.wav,0.863,0.985,0.122,n,O,z,N00621_male_52,False,o,n
fn001121_sentence-113.wav,1.178,1.279,0.101,@,d,EOS,N00621_male_52,False,o,ə
fn001121_sentence-114.wav,1.519,1.62,0.101,@,p,d,N00621_male_52,False,o,ə
fn001121_sentence-114.wav,1.971,2.102,0.131,d,@,e,N00621_male_52,False,o,d
fn001121_sentence-114.wav,3.678,3.8,0.122,b,n,I,N00621_male_52,False,o,b
fn001121_sentence-116.wav,1.003,1.237,0.234,@,s,EOS,N00621_male_52,False,o,ə
fn001121_sentence-116.wav,0.142,0.324,0.182,j,Y+,@,N00621_male_52,False,o,j
fn001121_sentence-12.wav,1.964,2.157,0.193,N,O,t,N00621_male_52,False,o,ŋ
fn001121_sentence-12.wav,4.888,5.01,0.122,@,v,m,N00621_male_52,False,o,ə
fn001121_sentence-120.wav,0.35,0.491,0.141,N,O,v,N00621_male_52,False,o,ŋ
fn001121_sentence-121.wav,2.041,2.192,0.151,l,l,e,N00621_male_52,False,o,l
fn001121_sentence-121.wav,1.611,1.707,0.096,w,i,A,N00621_male_52,False,o,ʋ
fn001121_sentence-121.wav,2.041,2.192,0.151,l,A,l,N00621_male_52,False,o,l
fn001121_sentence-122.wav,3.294,3.425,0.131,d,r,Y,N00621_male_52,False,o,d
fn001121_sentence-123.wav,2.006,2.143,0.137,b,@,o,N00621_male_52,False,o,b
fn001121_sentence-123.wav,5.959,6.091,0.132,m,Y,O,N00621_male_52,False,o,m
fn001121_sentence-123.wav,0.0,0.102,0.102,d,SOS,@,N00621_male_52,False,o,d
fn001121_sentence-124.wav,3.012,3.166,0.154,l,Y,EOS,N00621_male_52,False,o,l
fn001121_sentence-124.wav,1.739,1.84,0.101,@,t,n,N00621_male_52,False,o,ə
fn001121_sentence-124.wav,2.193,2.346,0.153,l,e,d,N00621_male_52,False,o,l
fn001121_sentence-125.wav,1.089,1.19,0.101,r,t,a,N00621_male_52,False,o,r
fn001121_sentence-128.wav,0.0,0.112,0.112,w,SOS,I,N00621_male_52,False,o,ʋ
fn001121_sentence-133.wav,1.452,1.615,0.163,@,d,l,N00621_male_52,False,o,ə
fn001121_sentence-133.wav,3.807,4.028,0.221,u,t,h,N00621_male_52,False,o,uː
fn001121_sentence-133.wav,6.332,6.444,0.112,r,p,Y+,N00621_male_52,False,o,r
fn001121_sentence-138.wav,3.944,4.055,0.111,h,f,E+,N00621_male_52,False,o,h
fn001121_sentence-138.wav,1.273,1.444,0.171,u,t,d,N00621_male_52,False,o,uː
fn001121_sentence-139.wav,5.084,5.185,0.101,r,f,A+,N00621_male_52,False,o,r
fn001121_sentence-139.wav,3.295,3.446,0.151,N,A,b,N00621_male_52,False,o,ŋ
fn001121_sentence-139.wav,4.276,4.431,0.155,@,n,d,N00621_male_52,False,o,ə
fn001121_sentence-139.wav,6.118,6.24,0.122,p,o,@,N00621_male_52,False,o,p
fn001121_sentence-139.wav,3.446,3.568,0.122,b,N,E+,N00621_male_52,False,o,b
fn001121_sentence-139.wav,4.586,4.739,0.153,@,d,h,N00621_male_52,False,o,ə
fn001121_sentence-141.wav,0.881,1.002,0.121,w,e,e,N00621_male_52,False,o,ʋ
fn001121_sentence-141.wav,1.336,1.467,0.131,@,z,d,N00621_male_52,False,o,ə
fn001121_sentence-142.wav,0.688,0.93,0.242,@,s,m,N00621_male_52,False,o,ə
fn001121_sentence-150.wav,4.563,4.664,0.101,w,t,A,N00621_male_52,False,o,ʋ
fn001121_sentence-152.wav,4.485,4.668,0.183,w,t,E,N00621_male_52,False,o,ʋ
fn001121_sentence-159.wav,1.022,1.143,0.121,w,s,O,N00621_male_52,False,o,ʋ
fn001121_sentence-2.wav,2.734,2.959,0.225,y,m,r,N00621_male_52,False,o,yː
fn001121_sentence-27.wav,0.886,1.079,0.193,N,I,d,N00621_male_52,False,o,ŋ
fn001121_sentence-28.wav,2.514,2.625,0.111,w,t,O,N00621_male_52,False,o,ʋ
fn001121_sentence-3.wav,0.667,0.778,0.111,w,s,A,N00621_male_52,False,o,ʋ
fn001121_sentence-30.wav,3.392,3.493,0.101,w,@,u,N00621_male_52,False,o,ʋ
fn001121_sentence-37.wav,0.0,0.091,0.091,w,SOS,i,N00621_male_52,False,o,ʋ
fn001121_sentence-46.wav,0.609,0.842,0.233,y,t,e,N00621_male_52,False,o,yː
fn001121_sentence-5.wav,2.02,2.172,0.152,w,t,O,N00621_male_52,False,o,ʋ
fn001121_sentence-54.wav,0.987,1.079,0.092,w,l,a,N00621_male_52,False,o,ʋ
fn001121_sentence-84.wav,0.0,0.11,0.11,w,SOS,a,N00621_male_52,False,o,ʋ
fn001121_sentence-89.wav,3.522,3.643,0.121,w,n,O,N00621_male_52,False,o,ʋ
fn001376_sentence-0.wav,0.094,0.332,0.238,n,e,EOS,N00715_female_68,False,o,n
fn001376_sentence-10.wav,5.07,5.172,0.102,@,l,z,N00715_female_68,False,o,ə
fn001376_sentence-10.wav,2.726,2.847,0.121,n,A,s,N00715_female_68,False,o,n
fn001376_sentence-10.wav,12.77,12.891,0.121,b,@,I,N00715_female_68,False,o,b
fn001376_sentence-10.wav,15.405,15.506,0.101,d,E+,o,N00715_female_68,False,o,d
fn001376_sentence-10.wav,13.012,13.113,0.101,@,n,d,N00715_female_68,False,o,ə
fn001376_sentence-10.wav,6.447,6.599,0.152,G,@,a,N00715_female_68,False,o,ɣ
fn001376_sentence-10.wav,12.608,12.709,0.101,@,N,b,N00715_female_68,False,o,ə
fn001376_sentence-10.wav,10.982,11.094,0.112,n,k,i,N00715_female_68,False,o,n
fn001376_sentence-11.wav,5.068,5.199,0.131,t,n,Y+,N00715_female_68,False,o,t
fn001376_sentence-13.wav,1.748,1.88,0.132,I,n,n,N00715_female_68,False,o,ɪ
fn001376_sentence-13.wav,4.622,4.734,0.112,n,O,d,N00715_female_68,False,o,n
fn001376_sentence-13.wav,5.016,5.258,0.242,x,Y,EOS,N00715_female_68,False,o,x
fn001376_sentence-14.wav,3.198,3.304,0.106,I,n,N,N00715_female_68,False,o,ɪ
fn001376_sentence-14.wav,4.677,4.797,0.12,@,s,n,N00715_female_68,False,o,ə
fn001376_sentence-14.wav,0.091,0.193,0.102,@,z,d,N00715_female_68,False,o,ə
fn001376_sentence-14.wav,2.763,2.885,0.122,@,r,v,N00715_female_68,False,o,ə
fn001376_sentence-14.wav,1.685,1.848,0.163,x,n,A+,N00715_female_68,False,o,x
fn001376_sentence-14.wav,1.201,1.323,0.122,r,b,Y+,N00715_female_68,False,o,r
fn001376_sentence-14.wav,4.989,5.1,0.111,n,O,EOS,N00715_female_68,False,o,n
fn001376_sentence-15.wav,3.222,3.364,0.142,f,E+,t,N00715_female_68,False,o,f
fn001376_sentence-15.wav,0.72,0.822,0.102,r,O,t,N00715_female_68,False,o,r
fn001376_sentence-16.wav,1.448,1.56,0.112,h,r,e,N00715_female_68,False,o,h
fn001376_sentence-17.wav,3.92,4.052,0.132,m,i,EOS,N00715_female_68,False,o,m
fn001376_sentence-18.wav,5.409,5.506,0.097,w,t,a,N00715_female_68,False,o,ʋ
fn001376_sentence-19.wav,1.456,1.588,0.132,A,n,n,N00715_female_68,False,o,ɑ
fn001376_sentence-2.wav,1.697,1.829,0.132,m,o,j,N00715_female_68,False,o,m
fn001376_sentence-2.wav,6.612,6.744,0.132,r,r,E+,N00715_female_68,False,o,r
fn001376_sentence-2.wav,1.829,2.111,0.282,j,m,a,N00715_female_68,False,o,j
fn001376_sentence-2.wav,6.612,6.744,0.132,r,y,r,N00715_female_68,False,o,r
fn001376_sentence-22.wav,11.389,11.48,0.091,w,i,O,N00715_female_68,False,o,ʋ
fn001376_sentence-22.wav,11.642,11.764,0.122,h,p,a,N00715_female_68,False,o,h
fn001376_sentence-23.wav,3.815,3.927,0.112,r,p,a,N00715_female_68,False,o,r
fn001376_sentence-6.wav,5.15,5.302,0.152,b,@,o,N00715_female_68,False,o,b
fn001376_sentence-6.wav,4.716,4.837,0.121,h,n,o,N00715_female_68,False,o,h
fn001377_sentence-0.wav,0.0,0.136,0.136,w,SOS,u,N00715_female_68,False,o,ʋ
fn001377_sentence-12.wav,0.0,0.132,0.132,w,SOS,A,N00715_female_68,False,o,ʋ
fn001377_sentence-12.wav,0.364,0.475,0.111,h,t,A,N00715_female_68,False,o,h
fn001377_sentence-23.wav,7.492,7.583,0.091,w,@,o,N00715_female_68,False,o,ʋ
fn001377_sentence-40.wav,1.789,1.88,0.091,w,i,o,N00715_female_68,False,o,ʋ
fn001377_sentence-44.wav,4.055,4.166,0.111,w,n,E,N00715_female_68,False,o,ʋ
fn001220_sentence-0.wav,0.635,0.789,0.154,k,e,EOS,N00600_male_41,False,o,k
fn001220_sentence-0.wav,0.0,0.093,0.093,d,SOS,@,N00600_male_41,False,o,d
fn001220_sentence-1.wav,0.378,0.5,0.122,w,p,O,N00600_male_41,False,o,ʋ
fn001220_sentence-10.wav,2.06,2.154,0.094,@,t,E,N00600_male_41,False,o,ə
fn001220_sentence-10.wav,0.295,0.438,0.143,t,Y+,f,N00600_male_41,False,o,t
fn001220_sentence-13.wav,1.736,1.959,0.223,s,I,EOS,N00600_male_41,False,o,s
fn001220_sentence-15.wav,0.584,0.738,0.154,t,a,b,N00600_male_41,False,o,t
fn001220_sentence-18.wav,0.899,1.031,0.132,d,@,E+,N00600_male_41,False,o,d
fn001220_sentence-19.wav,0.667,0.809,0.142,t,k,A,N00600_male_41,False,o,t
fn001220_sentence-2.wav,0.808,0.931,0.123,@,t,w,N00600_male_41,False,o,ə
fn001220_sentence-21.wav,1.161,1.306,0.145,t,E,E,N00600_male_41,False,o,t
fn001220_sentence-27.wav,3.323,3.454,0.131,I,@,n,N00600_male_41,False,o,ɪ
fn001220_sentence-3.wav,2.053,2.216,0.163,G,E,EOS,N00600_male_41,False,o,ɣ
fn001220_sentence-32.wav,0.852,0.965,0.113,@,z,E,N00600_male_41,False,o,ə
fn001220_sentence-35.wav,0.739,0.904,0.165,G,E,EOS,N00600_male_41,False,o,ɣ
fn001220_sentence-40.wav,0.462,0.578,0.116,d,E+,A,N00600_male_41,False,o,d
fn001220_sentence-45.wav,1.451,1.695,0.244,x,A,n,N00600_male_41,False,o,x
fn001220_sentence-45.wav,0.477,0.639,0.162,b,p,O,N00600_male_41,False,o,b
fn001220_sentence-49.wav,1.082,1.255,0.173,x,a,EOS,N00600_male_41,False,o,x
fn001220_sentence-57.wav,0.0,0.112,0.112,d,SOS,a,N00600_male_41,False,o,d
fn001220_sentence-62.wav,0.0,0.092,0.092,w,SOS,E+,N00600_male_41,False,o,ʋ
fn001220_sentence-7.wav,0.62,0.721,0.101,d,s,y,N00600_male_41,False,o,d
fn001221_sentence-1.wav,1.176,1.369,0.193,G,E,E,N00600_male_41,False,o,ɣ
fn001221_sentence-104.wav,0.608,0.73,0.122,d,y,A,N00600_male_41,False,o,d
fn001221_sentence-3.wav,3.668,3.79,0.122,h,@,a,N00600_male_41,False,o,h
fn001221_sentence-30.wav,0.273,0.415,0.142,G,E,l,N00600_male_41,False,o,ɣ
fn001142_sentence-0.wav,0.733,0.886,0.153,n,e,EOS,N00642_male_82,False,o,n
fn001142_sentence-1.wav,11.951,12.072,0.121,v,l,r,N00642_male_82,False,o,v
fn001142_sentence-1.wav,8.657,8.758,0.101,@,d,e,N00642_male_82,False,o,ə
fn001142_sentence-1.wav,0.182,0.303,0.121,n,u,d,N00642_male_82,False,o,n
fn001142_sentence-1.wav,10.229,10.421,0.192,G,E,d,N00642_male_82,False,o,ɣ
fn001142_sentence-1.wav,4.789,4.921,0.132,b,p,I,N00642_male_82,False,o,b
fn001142_sentence-1.wav,7.379,7.51,0.131,A,v,n,N00642_male_82,False,o,ɑ
fn001142_sentence-1.wav,11.8,11.951,0.151,l,e,v,N00642_male_82,False,o,l
fn001142_sentence-1.wav,2.642,2.815,0.173,i,v,r,N00642_male_82,False,o,iː
fn001142_sentence-1.wav,10.048,10.159,0.111,w,n,E,N00642_male_82,False,o,ʋ
fn001142_sentence-10.wav,2.275,2.376,0.101,@,t,t,N00642_male_82,False,o,ə
fn001142_sentence-10.wav,0.953,1.095,0.142,b,l,e,N00642_male_82,False,o,b
fn001142_sentence-10.wav,8.458,8.59,0.132,t,A,EOS,N00642_male_82,False,o,t
fn001142_sentence-10.wav,5.694,5.816,0.122,h,@,E+,N00642_male_82,False,o,h
fn001142_sentence-10.wav,7.311,7.453,0.142,l,o,y,N00642_male_82,False,o,l
fn001142_sentence-100.wav,6.322,6.464,0.142,@,t,l,N00642_male_82,False,o,ə
fn001142_sentence-101.wav,5.49,5.652,0.162,u,d,l,N00642_male_82,False,o,uː
fn001142_sentence-103.wav,0.081,0.363,0.282,A+,n,A,N00642_male_82,False,o,ɑu
fn001142_sentence-104.wav,0.182,0.314,0.132,w,n,A,N00642_male_82,False,o,ʋ
fn001142_sentence-104.wav,0.891,1.205,0.314,o,s,EOS,N00642_male_82,False,o,oː
fn001142_sentence-105.wav,4.774,4.935,0.161,d,r,r,N00642_male_82,False,o,d
fn001142_sentence-105.wav,4.672,4.774,0.102,r,E,d,N00642_male_82,False,o,r
fn001142_sentence-106.wav,1.885,2.006,0.121,@,t,t,N00642_male_82,False,o,ə
fn001142_sentence-106.wav,2.945,3.088,0.143,I,x,N,N00642_male_82,False,o,ɪ
fn001142_sentence-107.wav,0.625,0.776,0.151,f,I,EOS,N00642_male_82,False,o,f
fn001142_sentence-108.wav,0.544,0.665,0.121,b,i,a,N00642_male_82,False,o,b
fn001142_sentence-108.wav,1.512,1.663,0.151,z,Y+,@,N00642_male_82,False,o,z
fn001142_sentence-109.wav,0.809,0.931,0.122,@,t,z,N00642_male_82,False,o,ə
fn001142_sentence-109.wav,1.012,1.133,0.121,@,z,E,N00642_male_82,False,o,ə
fn001142_sentence-11.wav,10.476,10.597,0.121,v,n,r,N00642_male_82,False,o,v
fn001142_sentence-11.wav,15.262,15.353,0.091,w,x,A,N00642_male_82,False,o,ʋ
fn001142_sentence-11.wav,20.854,20.975,0.121,@,n,r,N00642_male_82,False,o,ə
fn001142_sentence-11.wav,21.218,21.329,0.111,I,r,n,N00642_male_82,False,o,ɪ
fn001142_sentence-11.wav,1.809,1.904,0.095,d,t,i,N00642_male_82,False,o,d
fn001142_sentence-11.wav,5.232,5.354,0.122,w,s,a,N00642_male_82,False,o,ʋ
fn001142_sentence-11.wav,0.467,0.568,0.101,r,x,o,N00642_male_82,False,o,r
fn001142_sentence-11.wav,12.533,12.694,0.161,f,Y+,w,N00642_male_82,False,o,f
fn001142_sentence-11.wav,16.631,16.752,0.121,b,l,E,N00642_male_82,False,o,b
fn001142_sentence-11.wav,8.59,8.691,0.101,d,@,E,N00642_male_82,False,o,d
fn001142_sentence-11.wav,3.048,3.231,0.183,u,t,r,N00642_male_82,False,o,uː
fn001142_sentence-11.wav,13.396,13.588,0.192,i,E+,d,N00642_male_82,False,o,iː
fn001142_sentence-110.wav,1.745,1.937,0.192,I,k,k,N00642_male_82,False,o,ɪ
fn001142_sentence-110.wav,0.202,0.374,0.172,j,A+,a,N00642_male_82,False,o,j
fn001142_sentence-112.wav,2.702,2.854,0.152,N,A,v,N00642_male_82,False,o,ŋ
fn001142_sentence-112.wav,5.422,5.583,0.161,u,t,w,N00642_male_82,False,o,uː
fn001142_sentence-119.wav,0.0,0.222,0.222,r,SOS,E,N00642_male_82,False,o,r
fn001142_sentence-12.wav,8.985,9.087,0.102,w,t,A,N00642_male_82,False,o,ʋ
fn001142_sentence-12.wav,14.523,14.806,0.283,A+,k,d,N00642_male_82,False,o,ɑu
fn001142_sentence-122.wav,1.706,1.857,0.151,r,n,a,N00642_male_82,False,o,r
fn001142_sentence-122.wav,1.019,1.151,0.132,N,A,w,N00642_male_82,False,o,ŋ
fn001142_sentence-122.wav,2.664,2.765,0.101,w,A+,A,N00642_male_82,False,o,ʋ
fn001142_sentence-127.wav,0.766,0.898,0.132,r,e,EOS,N00642_male_82,False,o,r
fn001142_sentence-130.wav,1.702,1.904,0.202,u,t,w,N00642_male_82,False,o,uː
fn001142_sentence-131.wav,7.554,7.656,0.102,r,o,E,N00642_male_82,False,o,r
fn001142_sentence-131.wav,8.84,8.951,0.111,w,t,A,N00642_male_82,False,o,ʋ
fn001142_sentence-135.wav,4.611,4.722,0.111,w,t,a,N00642_male_82,False,o,ʋ
fn001142_sentence-15.wav,0.876,0.967,0.091,w,t,A,N00642_male_82,False,o,ʋ
fn001142_sentence-25.wav,2.934,3.097,0.163,G,o,@,N00642_male_82,False,o,ɣ
fn001007_sentence-11.wav,6.062,6.163,0.101,d,@,A,N00502_male_53,False,o,d
fn001007_sentence-11.wav,3.482,3.634,0.152,n,I,w,N00502_male_53,False,o,n
fn001007_sentence-11.wav,4.769,4.92,0.151,z,@,y,N00502_male_53,False,o,z
fn001007_sentence-11.wav,5.133,5.234,0.101,@,r,l,N00502_male_53,False,o,ə
fn001007_sentence-11.wav,3.37,3.482,0.112,I,r,n,N00502_male_53,False,o,ɪ
fn001007_sentence-13.wav,0.211,0.348,0.137,A,A+,l,N00502_male_53,False,o,ɑ
fn001007_sentence-15.wav,1.104,1.276,0.172,l,e,EOS,N00502_male_53,False,o,l
fn001007_sentence-16.wav,4.225,4.327,0.102,@,m,d,N00502_male_53,False,o,ə
fn001007_sentence-16.wav,4.786,4.928,0.142,x,A,t,N00502_male_53,False,o,x
fn001007_sentence-16.wav,2.074,2.185,0.111,n,I,n,N00502_male_53,False,o,n
fn001007_sentence-16.wav,2.074,2.185,0.111,n,n,a,N00502_male_53,False,o,n
fn001007_sentence-19.wav,2.923,3.016,0.093,@,r,n,N00502_male_53,False,o,ə
fn001007_sentence-19.wav,11.393,11.504,0.111,n,A,d,N00502_male_53,False,o,n
fn001007_sentence-19.wav,10.705,10.816,0.111,n,E,b,N00502_male_53,False,o,n
fn001007_sentence-2.wav,4.666,4.788,0.122,m,@,A,N00502_male_53,False,o,m
fn001007_sentence-2.wav,0.0,0.091,0.091,w,SOS,A,N00502_male_53,False,o,ʋ
fn001007_sentence-2.wav,4.196,4.303,0.107,d,@,O,N00502_male_53,False,o,d
fn001007_sentence-20.wav,3.628,3.793,0.165,N,I,e,N00502_male_53,False,o,ŋ
fn001007_sentence-24.wav,0.0,0.357,0.357,A+,SOS,EOS,N00502_male_53,False,o,ɑu
fn001007_sentence-25.wav,0.382,0.485,0.103,I,@,k,N00502_male_53,False,o,ɪ
fn001007_sentence-3.wav,1.011,1.264,0.253,f,@,l,N00502_male_53,False,o,f
fn001007_sentence-3.wav,2.477,2.608,0.131,p,O,e,N00502_male_53,False,o,p
fn001007_sentence-3.wav,4.862,4.969,0.107,I,G,n,N00502_male_53,False,o,ɪ
fn001007_sentence-3.wav,1.85,2.002,0.152,v,@,l,N00502_male_53,False,o,v
fn001007_sentence-3.wav,4.638,4.73,0.092,w,@,E,N00502_male_53,False,o,ʋ
fn001007_sentence-30.wav,0.859,0.99,0.131,p,a,i,N00502_male_53,False,o,p
fn001007_sentence-30.wav,0.99,1.223,0.233,i,p,r,N00502_male_53,False,o,iː
fn001007_sentence-31.wav,3.925,4.066,0.141,p,O,E,N00502_male_53,False,o,p
fn001007_sentence-34.wav,3.108,3.22,0.112,h,n,a,N00502_male_53,False,o,h
fn001007_sentence-34.wav,2.454,2.556,0.102,d,b,o,N00502_male_53,False,o,d
fn001007_sentence-34.wav,7.568,7.68,0.112,I,r,k,N00502_male_53,False,o,ɪ
fn001007_sentence-39.wav,0.994,1.095,0.101,d,@,w,N00502_male_53,False,o,d
fn001007_sentence-40.wav,0.0,0.111,0.111,d,SOS,a,N00502_male_53,False,o,d
fn001007_sentence-44.wav,5.296,5.442,0.146,f,k,o,N00502_male_53,False,o,f
fn001007_sentence-44.wav,0.844,0.935,0.091,w,@,r,N00502_male_53,False,o,ʋ
fn001007_sentence-5.wav,2.928,3.039,0.111,d,n,Y+,N00502_male_53,False,o,d
fn001007_sentence-5.wav,1.667,1.839,0.172,j,a,@,N00502_male_53,False,o,j
fn001007_sentence-8.wav,2.874,2.986,0.112,h,@,Y+,N00502_male_53,False,o,h
fn001010_sentence-1.wav,5.117,5.229,0.112,h,n,Y+,N00502_male_53,False,o,h
fn001010_sentence-10.wav,0.716,0.838,0.122,v,@,E,N00502_male_53,False,o,v
fn001010_sentence-14.wav,0.265,0.358,0.093,w,@,o,N00502_male_53,False,o,ʋ
fn001010_sentence-30.wav,1.984,2.106,0.122,Y,r,x,N00502_male_53,False,o,ʉ
fn001010_sentence-7.wav,2.015,2.107,0.092,w,n,a,N00502_male_53,False,o,ʋ
fn001010_sentence-71.wav,0.0,0.098,0.098,w,SOS,@,N00502_male_53,False,o,ʋ
fn001010_sentence-73.wav,0.695,0.816,0.121,w,l,A,N00502_male_53,False,o,ʋ
fn001010_sentence-81.wav,3.407,3.499,0.092,w,n,Y,N00502_male_53,False,o,ʋ
fn001032_sentence-0.wav,1.486,1.641,0.155,z,e,i,N00519_female_52,False,o,z
fn001032_sentence-0.wav,0.441,0.77,0.329,s,O,I,N00519_female_52,False,o,s
fn001032_sentence-0.wav,1.044,1.147,0.103,I,n,n,N00519_female_52,False,o,ɪ
fn001032_sentence-0.wav,0.852,0.961,0.109,I,s,n,N00519_female_52,False,o,ɪ
fn001032_sentence-0.wav,0.256,0.441,0.185,O,a,s,N00519_female_52,False,o,ɔ
fn001032_sentence-1.wav,1.384,1.506,0.122,h,y,A,N00519_female_52,False,o,h
fn001032_sentence-10.wav,0.952,1.073,0.121,h,y,A,N00519_female_52,False,o,h
fn001032_sentence-12.wav,5.711,5.843,0.132,n,@,E+,N00519_female_52,False,o,n
fn001032_sentence-12.wav,4.497,4.619,0.122,h,e,a,N00519_female_52,False,o,h
fn001032_sentence-12.wav,4.113,4.336,0.223,j,e,e,N00519_female_52,False,o,j
fn001032_sentence-12.wav,2.332,2.537,0.205,s,A,d,N00519_female_52,False,o,s
fn001032_sentence-13.wav,5.791,5.943,0.152,x,p,@,N00519_female_52,False,o,x
fn001032_sentence-14.wav,0.49,0.584,0.094,@,t,w,N00519_female_52,False,o,ə
fn001032_sentence-15.wav,0.748,0.93,0.182,@,N,z,N00519_female_52,False,o,ə
fn001032_sentence-17.wav,0.122,0.254,0.132,E,z,l,N00519_female_52,False,o,ɛ
fn001032_sentence-2.wav,0.0,0.107,0.107,I,SOS,g,N00519_female_52,False,o,ɪ
fn001032_sentence-20.wav,1.96,2.082,0.122,@,t,l,N00519_female_52,False,o,ə
fn001032_sentence-20.wav,5.14,5.241,0.101,@,N,r,N00519_female_52,False,o,ə
fn001032_sentence-21.wav,4.162,4.256,0.094,@,t,v,N00519_female_52,False,o,ə
fn001032_sentence-21.wav,3.21,3.312,0.102,@,f,r,N00519_female_52,False,o,ə
fn001032_sentence-22.wav,8.602,8.716,0.114,@,d,d,N00519_female_52,False,o,ə
fn001032_sentence-22.wav,13.532,13.664,0.132,A,@,r,N00519_female_52,False,o,ɑ
fn001032_sentence-22.wav,4.219,4.342,0.123,m,a,O,N00519_female_52,False,o,m
fn001032_sentence-23.wav,3.27,3.382,0.112,d,i,a,N00519_female_52,False,o,d
fn001032_sentence-24.wav,7.983,8.137,0.154,@,k,r,N00519_female_52,False,o,ə
fn001032_sentence-24.wav,12.52,12.652,0.132,E,t,N,N00519_female_52,False,o,ɛ
fn001032_sentence-24.wav,0.382,0.527,0.145,k,E,z,N00519_female_52,False,o,k
fn001032_sentence-24.wav,3.975,4.086,0.111,r,i,A,N00519_female_52,False,o,r
fn001032_sentence-24.wav,18.357,18.482,0.125,d,O:,a,N00519_female_52,False,o,d
fn001032_sentence-24.wav,9.114,9.215,0.101,r,o,a,N00519_female_52,False,o,r
fn001032_sentence-24.wav,18.199,18.294,0.095,r,p,O:,N00519_female_52,False,o,r
fn001032_sentence-24.wav,8.498,8.599,0.101,r,@,A,N00519_female_52,False,o,r
fn001032_sentence-24.wav,12.652,12.784,0.132,N,E,k,N00519_female_52,False,o,ŋ
fn001032_sentence-24.wav,12.164,12.296,0.132,N,I,k,N00519_female_52,False,o,ŋ
fn001032_sentence-26.wav,2.467,2.56,0.093,r,e,Y+,N00519_female_52,False,o,r
fn001032_sentence-26.wav,4.193,4.284,0.091,w,t,E,N00519_female_52,False,o,ʋ
fn001032_sentence-8.wav,0.0,0.091,0.091,w,SOS,A,N00519_female_52,False,o,ʋ
fn001032_sentence-9.wav,6.23,6.371,0.141,w,@,a,N00519_female_52,False,o,ʋ
fn001033_sentence-13.wav,11.159,11.256,0.097,w,t,a,N00519_female_52,False,o,ʋ
fn001033_sentence-15.wav,9.687,9.818,0.131,l,l,E,N00519_female_52,False,o,l
fn001033_sentence-15.wav,5.522,5.613,0.091,w,N,a,N00519_female_52,False,o,ʋ
fn001033_sentence-15.wav,9.687,9.818,0.131,l,E,l,N00519_female_52,False,o,l
fn001033_sentence-25.wav,5.802,5.923,0.121,w,v,i,N00519_female_52,False,o,ʋ
fn001033_sentence-25.wav,4.873,4.964,0.091,w,n,e,N00519_female_52,False,o,ʋ
fn001033_sentence-25.wav,2.554,2.689,0.135,w,t,A,N00519_female_52,False,o,ʋ
fn001033_sentence-25.wav,9.309,9.43,0.121,w,y,A,N00519_female_52,False,o,ʋ
fn001033_sentence-30.wav,0.789,1.073,0.284,w,l,A,N00519_female_52,False,o,ʋ
fn001033_sentence-37.wav,14.194,14.297,0.103,w,u,O,N00519_female_52,False,o,ʋ
fn001033_sentence-38.wav,1.941,2.153,0.212,y,@,r,N00519_female_52,False,o,yː
fn001033_sentence-56.wav,0.087,0.319,0.232,y,n,w,N00519_female_52,False,o,yː
fn001250_sentence-0.wav,0.939,1.102,0.163,n,e,EOS,N00616_female_56,False,o,n
fn001250_sentence-0.wav,0.0,0.113,0.113,h,SOS,o,N00616_female_56,False,o,h
fn001250_sentence-10.wav,1.464,1.586,0.122,n,i,v,N00616_female_56,False,o,n
fn001250_sentence-10.wav,0.763,0.946,0.183,@,n,z,N00616_female_56,False,o,ə
fn001250_sentence-10.wav,0.946,1.108,0.162,z,@,E,N00616_female_56,False,o,z
fn001250_sentence-10.wav,0.092,0.214,0.122,n,E,r,N00616_female_56,False,o,n
fn001250_sentence-11.wav,4.597,4.719,0.122,b,@,a,N00616_female_56,False,o,b
fn001250_sentence-11.wav,2.125,2.237,0.112,n,I,z,N00616_female_56,False,o,n
fn001250_sentence-11.wav,1.885,1.996,0.111,n,E,I,N00616_female_56,False,o,n
fn001250_sentence-11.wav,1.996,2.125,0.129,I,n,n,N00616_female_56,False,o,ɪ
fn001250_sentence-11.wav,1.753,1.885,0.132,E,t,n,N00616_female_56,False,o,ɛ
fn001250_sentence-11.wav,2.777,2.91,0.133,h,@,a,N00616_female_56,False,o,h
fn001250_sentence-11.wav,7.429,7.57,0.141,k,a,@,N00616_female_56,False,o,k
fn001250_sentence-11.wav,0.0,0.102,0.102,@,SOS,t,N00616_female_56,False,o,ə
fn001250_sentence-11.wav,1.034,1.145,0.111,n,E+,w,N00616_female_56,False,o,n
fn001250_sentence-12.wav,1.335,1.528,0.193,s,a,e,N00616_female_56,False,o,s
fn001250_sentence-12.wav,2.124,2.259,0.135,n,n,e,N00616_female_56,False,o,n
fn001250_sentence-12.wav,0.696,0.869,0.173,f,e,e,N00616_female_56,False,o,f
fn001250_sentence-12.wav,2.55,2.644,0.094,@,G,EOS,N00616_female_56,False,o,ə
fn001250_sentence-14.wav,6.157,6.251,0.094,@,d,EOS,N00616_female_56,False,o,ə
fn001250_sentence-14.wav,0.0,0.093,0.093,@,SOS,t,N00616_female_56,False,o,ə
fn001250_sentence-14.wav,4.078,4.189,0.111,n,t,a,N00616_female_56,False,o,n
fn001250_sentence-14.wav,1.175,1.327,0.152,n,O,v,N00616_female_56,False,o,n
fn001250_sentence-15.wav,8.018,8.14,0.122,w,s,E,N00616_female_56,False,o,ʋ
fn001250_sentence-16.wav,12.131,12.253,0.122,m,r,y,N00616_female_56,False,o,m
fn001250_sentence-16.wav,15.688,15.903,0.215,i,j,v,N00616_female_56,False,o,iː
fn001250_sentence-16.wav,20.789,20.896,0.107,I,r,n,N00616_female_56,False,o,ɪ
fn001250_sentence-16.wav,22.274,22.44,0.166,v,f,o,N00616_female_56,False,o,v
fn001250_sentence-16.wav,15.362,15.484,0.122,d,i,e,N00616_female_56,False,o,d
fn001250_sentence-16.wav,13.964,14.137,0.173,f,e,@,N00616_female_56,False,o,f
fn001250_sentence-16.wav,5.932,6.054,0.122,d,i,e,N00616_female_56,False,o,d
fn001250_sentence-16.wav,8.663,8.775,0.112,r,n,e,N00616_female_56,False,o,r
fn001250_sentence-16.wav,6.39,6.553,0.163,f,i,i,N00616_female_56,False,o,f
fn001250_sentence-16.wav,0.952,1.073,0.121,l,@,@,N00616_female_56,False,o,l
fn001250_sentence-16.wav,9.132,9.254,0.122,h,N,A+,N00616_female_56,False,o,h
fn001250_sentence-19.wav,6.375,6.476,0.101,r,b,E+,N00616_female_56,False,o,r
fn001250_sentence-21.wav,7.585,7.686,0.101,r,y,@,N00616_female_56,False,o,r
fn001250_sentence-21.wav,0.08,0.201,0.121,I,d,w,N00616_female_56,False,o,ɪ
fn001250_sentence-21.wav,2.662,2.784,0.122,r,a,@,N00616_female_56,False,o,r
fn001250_sentence-22.wav,1.123,1.244,0.121,w,n,a,N00616_female_56,False,o,ʋ
fn001250_sentence-24.wav,1.099,1.211,0.112,r,d,i,N00616_female_56,False,o,r
fn001250_sentence-25.wav,4.963,5.054,0.091,w,@,a,N00616_female_56,False,o,ʋ
fn001250_sentence-29.wav,6.786,6.929,0.143,h,@,E+,N00616_female_56,False,o,h
fn001250_sentence-3.wav,1.141,1.252,0.111,h,l,a,N00616_female_56,False,o,h
fn001250_sentence-3.wav,3.779,3.891,0.112,h,t,a,N00616_female_56,False,o,h
fn001250_sentence-3.wav,6.818,6.955,0.137,N,O,I,N00616_female_56,False,o,ŋ
fn001250_sentence-3.wav,1.889,2.02,0.131,N,I,@,N00616_female_56,False,o,ŋ
fn001250_sentence-8.wav,6.615,6.807,0.192,N,A,v,N00616_female_56,False,o,ŋ
fn001251_sentence-15.wav,1.397,1.548,0.151,j,n,e,N00616_female_56,False,o,j
fn001402_sentence-0.wav,0.478,0.61,0.132,v,n,o,N00760_male_37,False,o,v
fn001402_sentence-0.wav,0.152,0.315,0.163,n,e,v,N00760_male_37,False,o,n
fn001402_sentence-10.wav,6.041,6.152,0.111,@,z,EOS,N00760_male_37,False,o,ə
fn001402_sentence-11.wav,16.054,16.176,0.122,v,w,o,N00760_male_37,False,o,v
fn001402_sentence-11.wav,5.563,5.684,0.121,d,n,@,N00760_male_37,False,o,d
fn001402_sentence-11.wav,11.581,11.702,0.121,p,o,@,N00760_male_37,False,o,p
fn001402_sentence-11.wav,9.19,9.332,0.142,@,k,d,N00760_male_37,False,o,ə
fn001402_sentence-11.wav,2.149,2.271,0.122,n,l,E,N00760_male_37,False,o,n
fn001402_sentence-11.wav,11.702,11.823,0.121,@,p,m,N00760_male_37,False,o,ə
fn001402_sentence-11.wav,12.355,12.522,0.167,@,E,d,N00760_male_37,False,o,ə
fn001402_sentence-11.wav,1.515,1.646,0.131,A,r,l,N00760_male_37,False,o,ɑ
fn001402_sentence-12.wav,2.681,2.783,0.102,@,t,E,N00760_male_37,False,o,ə
fn001402_sentence-12.wav,1.109,1.241,0.132,n,o,e,N00760_male_37,False,o,n
fn001402_sentence-12.wav,1.906,2.057,0.151,v,l,r,N00760_male_37,False,o,v
fn001402_sentence-13.wav,2.232,2.333,0.101,d,@,E,N00760_male_37,False,o,d
fn001402_sentence-13.wav,5.057,5.169,0.112,@,s,l,N00760_male_37,False,o,ə
fn001402_sentence-13.wav,1.464,1.575,0.111,n,@,t,N00760_male_37,False,o,n
fn001402_sentence-13.wav,4.817,4.922,0.105,@,d,s,N00760_male_37,False,o,ə
fn001402_sentence-14.wav,4.887,5.042,0.155,z,@,E,N00760_male_37,False,o,z
fn001402_sentence-16.wav,8.764,8.925,0.161,u,r,r,N00760_male_37,False,o,uː
fn001402_sentence-16.wav,5.127,5.379,0.252,i,n,s,N00760_male_37,False,o,iː
fn001402_sentence-16.wav,9.955,10.131,0.176,n,E,a,N00760_male_37,False,o,n
fn001402_sentence-16.wav,5.015,5.127,0.112,n,o,i,N00760_male_37,False,o,n
fn001402_sentence-17.wav,2.136,2.309,0.173,i,b,r,N00760_male_37,False,o,iː
fn001402_sentence-18.wav,0.782,0.914,0.132,A,p,s,N00760_male_37,False,o,ɑ
fn001402_sentence-19.wav,0.283,0.384,0.101,r,i,o,N00760_male_37,False,o,r
fn001402_sentence-19.wav,3.612,3.755,0.143,G,@,I,N00760_male_37,False,o,ɣ
fn001402_sentence-20.wav,5.984,6.095,0.111,I,@,n,N00760_male_37,False,o,ɪ
fn001402_sentence-22.wav,2.161,2.283,0.122,b,e,e,N00760_male_37,False,o,b
fn001402_sentence-23.wav,1.725,1.816,0.091,w,d,e,N00760_male_37,False,o,ʋ
fn001402_sentence-4.wav,4.552,4.724,0.172,d,A+,a,N00760_male_37,False,o,d
fn001402_sentence-7.wav,4.321,4.422,0.101,w,@,a,N00760_male_37,False,o,ʋ
fn001402_sentence-8.wav,6.17,6.393,0.223,u,s,z,N00760_male_37,False,o,uː
fn001403_sentence-21.wav,8.045,8.228,0.183,u,t,a,N00760_male_37,False,o,uː
fn001403_sentence-45.wav,2.79,2.962,0.172,w,y,w,N00760_male_37,False,o,ʋ
fn001403_sentence-45.wav,2.79,2.962,0.172,w,w,a,N00760_male_37,False,o,ʋ
fn001403_sentence-46.wav,1.625,1.726,0.101,w,@,@,N00760_male_37,False,o,ʋ
fn001403_sentence-5.wav,2.942,3.033,0.091,w,A+,E,N00760_male_37,False,o,ʋ
fn001107_sentence-1.wav,5.515,5.667,0.152,G,r,@,N00564_female_63,False,o,ɣ
fn001107_sentence-1.wav,0.994,1.146,0.152,A,t,l,N00564_female_63,False,o,ɑ
fn001107_sentence-11.wav,5.001,5.152,0.151,k,A,EOS,N00564_female_63,False,o,k
fn001107_sentence-14.wav,2.713,2.826,0.113,@,t,t,N00564_female_63,False,o,ə
fn001107_sentence-18.wav,0.871,0.964,0.093,@,w,t,N00564_female_63,False,o,ə
fn001107_sentence-2.wav,0.675,0.806,0.131,p,@,l,N00564_female_63,False,o,p
fn001107_sentence-22.wav,1.147,1.249,0.102,@,t,w,N00564_female_63,False,o,ə
fn001107_sentence-23.wav,0.338,0.497,0.159,k,O,l,N00564_female_63,False,o,k
fn001107_sentence-24.wav,0.0,0.152,0.152,j,SOS,E+,N00564_female_63,False,o,j
fn001107_sentence-25.wav,0.863,1.007,0.144,k,@,EOS,N00564_female_63,False,o,k
fn001107_sentence-33.wav,0.0,0.112,0.112,d,SOS,i,N00564_female_63,False,o,d
fn001107_sentence-44.wav,0.642,0.847,0.205,h,y,i,N00564_female_63,False,o,h
fn001107_sentence-48.wav,0.671,0.783,0.112,d,y,r,N00564_female_63,False,o,d
fn001107_sentence-6.wav,3.6,3.713,0.113,h,f,A,N00564_female_63,False,o,h
fn001108_sentence-104.wav,2.022,2.125,0.103,I,s,x,N00564_female_63,False,o,ɪ
fn001108_sentence-109.wav,0.498,0.62,0.122,h,n,o,N00564_female_63,False,o,h
fn001108_sentence-37.wav,0.0,0.105,0.105,w,SOS,E,N00564_female_63,False,o,ʋ
fn001560_sentence-0.wav,0.596,0.752,0.156,t,n,EOS,N00823_female_56,False,o,t
fn001560_sentence-1.wav,1.884,2.035,0.151,x,l,t,N00823_female_56,False,o,x
fn001560_sentence-1.wav,2.035,2.187,0.152,t,x,EOS,N00823_female_56,False,o,t
fn001560_sentence-11.wav,1.206,1.329,0.123,n,@,o,N00823_female_56,False,o,n
fn001560_sentence-11.wav,0.659,0.771,0.112,r,y,@,N00823_female_56,False,o,r
fn001560_sentence-11.wav,2.394,2.495,0.101,r,@,n,N00823_female_56,False,o,r
fn001560_sentence-11.wav,1.585,1.769,0.184,@,n,E,N00823_female_56,False,o,ə
fn001560_sentence-11.wav,5.614,5.746,0.132,t,k,EOS,N00823_female_56,False,o,t
fn001560_sentence-12.wav,0.298,0.474,0.176,i,r,y,N00823_female_56,False,o,iː
fn001560_sentence-12.wav,2.646,2.797,0.151,@,G,d,N00823_female_56,False,o,ə
fn001560_sentence-13.wav,4.777,4.9,0.123,l,I,z,N00823_female_56,False,o,l
fn001560_sentence-13.wav,5.923,6.106,0.183,t,O,f,N00823_female_56,False,o,t
fn001560_sentence-13.wav,6.218,6.401,0.183,i,f,r,N00823_female_56,False,o,iː
fn001560_sentence-13.wav,6.401,6.503,0.102,r,i,y,N00823_female_56,False,o,r
fn001560_sentence-13.wav,6.706,6.828,0.122,r,y,@,N00823_female_56,False,o,r
fn001560_sentence-14.wav,0.312,0.485,0.173,i,v,r,N00823_female_56,False,o,iː
fn001560_sentence-14.wav,2.507,2.681,0.174,x,n,e,N00823_female_56,False,o,x
fn001560_sentence-17.wav,0.755,0.856,0.101,r,y,@,N00823_female_56,False,o,r
fn001560_sentence-18.wav,0.0,0.097,0.097,d,SOS,a,N00823_female_56,False,o,d
fn001560_sentence-2.wav,1.734,1.947,0.213,i,v,r,N00823_female_56,False,o,iː
fn001560_sentence-2.wav,1.603,1.734,0.131,v,m,i,N00823_female_56,False,o,v
fn001560_sentence-20.wav,1.259,1.4,0.141,x,n,r,N00823_female_56,False,o,x
fn001560_sentence-21.wav,3.034,3.155,0.121,h,@,E+,N00823_female_56,False,o,h
fn001560_sentence-21.wav,2.876,2.973,0.097,d,s,@,N00823_female_56,False,o,d
fn001560_sentence-21.wav,3.427,3.528,0.101,@,G,r,N00823_female_56,False,o,ə
fn001560_sentence-22.wav,3.571,3.712,0.141,f,A,k,N00823_female_56,False,o,f
fn001560_sentence-22.wav,0.086,0.227,0.141,f,@,r,N00823_female_56,False,o,f
fn001560_sentence-23.wav,2.055,2.166,0.111,@,n,v,N00823_female_56,False,o,ə
fn001560_sentence-23.wav,8.534,8.656,0.122,r,O,m,N00823_female_56,False,o,r
fn001560_sentence-25.wav,2.253,2.5,0.247,o,r,t,N00823_female_56,False,o,oː
fn001560_sentence-3.wav,1.497,1.629,0.132,p,A,E,N00823_female_56,False,o,p
fn001560_sentence-30.wav,4.38,4.554,0.174,l,A,o,N00823_female_56,False,o,l
fn001560_sentence-30.wav,6.161,6.283,0.122,h,n,o,N00823_female_56,False,o,h
fn001560_sentence-49.wav,0.198,0.3,0.102,w,z,a,N00823_female_56,False,o,ʋ
fn001561_sentence-26.wav,1.075,1.177,0.102,w,s,E,N00823_female_56,False,o,ʋ
fn001561_sentence-3.wav,0.158,0.26,0.102,w,n,E,N00823_female_56,False,o,ʋ
fn001561_sentence-32.wav,4.799,4.89,0.091,w,@,O,N00823_female_56,False,o,ʋ
fn001561_sentence-50.wav,0.939,1.051,0.112,w,t,E,N00823_female_56,False,o,ʋ
fn001561_sentence-6.wav,7.527,7.649,0.122,w,@,a,N00823_female_56,False,o,ʋ
fn001561_sentence-61.wav,2.121,2.223,0.102,w,t,@,N00823_female_56,False,o,ʋ
fn001068_sentence-0.wav,3.797,3.913,0.116,m,A,A,N00530_female_74,False,o,m
fn001068_sentence-0.wav,1.233,1.361,0.128,I,t,n,N00530_female_74,False,o,ɪ
fn001068_sentence-0.wav,8.068,8.301,0.233,s,Y+,EOS,N00530_female_74,False,o,s
fn001068_sentence-0.wav,4.262,4.403,0.141,t,r,m,N00530_female_74,False,o,t
fn001068_sentence-1.wav,1.857,2.079,0.222,x,A,EOS,N00530_female_74,False,o,x
fn001068_sentence-10.wav,4.259,4.431,0.172,n,a,EOS,N00530_female_74,False,o,n
fn001068_sentence-10.wav,1.944,2.096,0.152,G,a,@,N00530_female_74,False,o,ɣ
fn001068_sentence-11.wav,1.422,1.544,0.122,@,t,EOS,N00530_female_74,False,o,ə
fn001068_sentence-12.wav,0.711,0.902,0.191,s,r,E,N00530_female_74,False,o,s
fn001068_sentence-12.wav,2.706,2.877,0.171,x,@,EOS,N00530_female_74,False,o,x
fn001068_sentence-13.wav,2.07,2.272,0.202,x,@,EOS,N00530_female_74,False,o,x
fn001068_sentence-14.wav,4.207,4.338,0.131,I,s,n,N00530_female_74,False,o,ɪ
fn001068_sentence-14.wav,5.891,6.052,0.161,x,@,EOS,N00530_female_74,False,o,x
fn001068_sentence-16.wav,2.78,2.921,0.141,n,a,EOS,N00530_female_74,False,o,n
fn001068_sentence-16.wav,1.964,2.115,0.151,t,r,@,N00530_female_74,False,o,t
fn001068_sentence-16.wav,0.896,1.007,0.111,h,@,Y+,N00530_female_74,False,o,h
fn001068_sentence-17.wav,7.999,8.112,0.113,m,a,i,N00530_female_74,False,o,m
fn001068_sentence-17.wav,8.826,8.939,0.113,n,e,j,N00530_female_74,False,o,n
fn001068_sentence-17.wav,2.434,2.545,0.111,n,E+,w,N00530_female_74,False,o,n
fn001068_sentence-18.wav,4.234,4.355,0.121,n,a,E,N00530_female_74,False,o,n
fn001068_sentence-18.wav,1.846,1.967,0.121,m,@,e,N00530_female_74,False,o,m
fn001068_sentence-19.wav,2.281,2.392,0.111,@,E+,t,N00530_female_74,False,o,ə
fn001068_sentence-19.wav,2.755,2.876,0.121,@,d,A,N00530_female_74,False,o,ə
fn001068_sentence-2.wav,10.833,10.956,0.123,v,e,@,N00530_female_74,False,o,v
fn001068_sentence-2.wav,1.939,2.11,0.171,f,l,a,N00530_female_74,False,o,f
fn001068_sentence-2.wav,3.948,4.14,0.192,i,d,@,N00530_female_74,False,o,iː
fn001068_sentence-20.wav,7.961,8.142,0.181,l,A,s,N00530_female_74,False,o,l
fn001068_sentence-20.wav,0.353,0.605,0.252,l,E,l,N00530_female_74,False,o,l
fn001068_sentence-20.wav,0.353,0.605,0.252,l,l,I,N00530_female_74,False,o,l
fn001068_sentence-20.wav,3.717,3.84,0.123,I,@,k,N00530_female_74,False,o,ɪ
fn001068_sentence-21.wav,3.053,3.174,0.121,I,o,n,N00530_female_74,False,o,ɪ
fn001068_sentence-21.wav,4.134,4.265,0.131,@,t,A,N00530_female_74,False,o,ə
fn001068_sentence-21.wav,3.79,3.901,0.111,h,s,a,N00530_female_74,False,o,h
fn001068_sentence-22.wav,0.071,0.405,0.334,A+,p,l,N00530_female_74,False,o,ɑu
fn001068_sentence-6.wav,3.992,4.104,0.112,w,l,A,N00530_female_74,False,o,ʋ
fn001068_sentence-7.wav,5.325,5.486,0.161,N,I,EOS,N00530_female_74,False,o,ŋ
fn001069_sentence-0.wav,5.183,5.325,0.142,N,I,x,N00530_female_74,False,o,ŋ
fn001069_sentence-14.wav,0.459,0.561,0.102,r,n,I,N00530_female_74,False,o,r
fn001069_sentence-16.wav,0.424,0.596,0.172,j,r,a,N00530_female_74,False,o,j
fn001069_sentence-19.wav,2.327,2.448,0.121,h,r,A+,N00530_female_74,False,o,h
fn001069_sentence-19.wav,3.628,3.729,0.101,r,e,@,N00530_female_74,False,o,r
fn001069_sentence-53.wav,1.653,1.754,0.101,w,!Ik wAs nit mer t@ hAnthav@ Op mE+n,E,N00530_female_74,False,o,ʋ
fn001069_sentence-60.wav,3.187,3.279,0.092,w,t,A,N00530_female_74,False,o,ʋ
fn001069_sentence-63.wav,7.453,7.572,0.119,w,n,e,N00530_female_74,False,o,ʋ
fn001069_sentence-70.wav,3.113,3.204,0.091,w,i,I,N00530_female_74,False,o,ʋ
fn001069_sentence-80.wav,2.157,2.296,0.139,w,s,o,N00530_female_74,False,o,ʋ
fn001162_sentence-10.wav,5.225,5.367,0.142,t,p,@,N00662_female_60,False,o,t
fn001162_sentence-12.wav,0.938,1.08,0.142,k,i,o,N00662_female_60,False,o,k
fn001162_sentence-13.wav,1.038,1.231,0.193,x,A,t,N00662_female_60,False,o,x
fn001162_sentence-14.wav,20.594,20.705,0.111,n,A,d,N00662_female_60,False,o,n
fn001162_sentence-14.wav,0.655,0.796,0.141,x,A,A,N00662_female_60,False,o,x
fn001162_sentence-14.wav,13.236,13.44,0.204,r,k,i,N00662_female_60,False,o,r
fn001162_sentence-14.wav,5.573,5.785,0.212,s,Y,E,N00662_female_60,False,o,s
fn001162_sentence-14.wav,1.924,2.035,0.111,d,a,@,N00662_female_60,False,o,d
fn001162_sentence-14.wav,25.403,25.555,0.152,f,A,f,N00662_female_60,False,o,f
fn001162_sentence-14.wav,25.403,25.555,0.152,f,f,A,N00662_female_60,False,o,f
fn001162_sentence-14.wav,6.632,6.848,0.216,i,l,d,N00662_female_60,False,o,iː
fn001162_sentence-16.wav,4.184,4.326,0.142,f,E,@,N00662_female_60,False,o,f
fn001162_sentence-20.wav,4.063,4.194,0.131,v,e,o,N00662_female_60,False,o,v
fn001162_sentence-21.wav,0.93,1.092,0.162,h,p,A+,N00662_female_60,False,o,h
fn001162_sentence-22.wav,2.331,2.428,0.097,d,s,i,N00662_female_60,False,o,d
fn001162_sentence-26.wav,4.395,4.669,0.274,G,E,EOS,N00662_female_60,False,o,ɣ
fn001162_sentence-26.wav,1.869,2.04,0.171,G,r,@,N00662_female_60,False,o,ɣ
fn001162_sentence-27.wav,0.49,0.664,0.174,l,n,a,N00662_female_60,False,o,l
fn001162_sentence-32.wav,6.415,6.536,0.121,d,E+,Y,N00662_female_60,False,o,d
fn001162_sentence-38.wav,0.0,0.132,0.132,b,SOS,A,N00662_female_60,False,o,b
fn001162_sentence-4.wav,8.82,8.931,0.111,h,t,Y+,N00662_female_60,False,o,h
fn001162_sentence-40.wav,0.985,1.087,0.102,r,t,A,N00662_female_60,False,o,r
fn001162_sentence-46.wav,14.579,14.68,0.101,r,a,d,N00662_female_60,False,o,r
fn001162_sentence-49.wav,7.602,7.733,0.131,r,a,z,N00662_female_60,False,o,r
fn001162_sentence-49.wav,11.601,11.732,0.131,r,e,e,N00662_female_60,False,o,r
fn001162_sentence-50.wav,1.376,1.598,0.222,j,A,s,N00662_female_60,False,o,j
fn001162_sentence-59.wav,0.22,0.312,0.092,w,A+,@,N00662_female_60,False,o,ʋ
fn001162_sentence-6.wav,3.689,3.79,0.101,w,N,e,N00662_female_60,False,o,ʋ
fn001162_sentence-84.wav,3.205,3.337,0.132,w,r,A,N00662_female_60,False,o,ʋ
fn001162_sentence-84.wav,0.667,0.768,0.101,w,t,a,N00662_female_60,False,o,ʋ
fn001562_sentence-0.wav,6.352,6.615,0.263,A,x,l,N00824_female_61,False,o,ɑ
fn001562_sentence-0.wav,9.312,9.424,0.112,d,a,i,N00824_female_61,False,o,d
fn001562_sentence-0.wav,5.47,5.665,0.195,u,t,r,N00824_female_61,False,o,uː
fn001562_sentence-0.wav,13.009,13.127,0.118,m,t,a,N00824_female_61,False,o,m
fn001562_sentence-0.wav,10.253,10.415,0.162,k,I,h,N00824_female_61,False,o,k
fn001562_sentence-0.wav,8.948,9.07,0.122,@,l,n,N00824_female_61,False,o,ə
fn001562_sentence-0.wav,16.195,16.378,0.183,k,@,EOS,N00824_female_61,False,o,k
fn001562_sentence-0.wav,7.465,7.576,0.111,d,r,O,N00824_female_61,False,o,d
fn001562_sentence-0.wav,9.07,9.181,0.111,n,@,a,N00824_female_61,False,o,n
fn001562_sentence-0.wav,3.626,3.758,0.132,p,r,O,N00824_female_61,False,o,p
fn001562_sentence-0.wav,2.006,2.138,0.132,v,@,E+,N00824_female_61,False,o,v
fn001562_sentence-0.wav,4.207,4.329,0.122,n,E:,n,N00824_female_61,False,o,n
fn001562_sentence-0.wav,12.146,12.288,0.142,t,Y+,m,N00824_female_61,False,o,t
fn001562_sentence-1.wav,10.478,10.571,0.093,@,v,EOS,N00824_female_61,False,o,ə
fn001562_sentence-1.wav,8.093,8.224,0.131,@,d,h,N00824_female_61,False,o,ə
fn001562_sentence-1.wav,10.343,10.478,0.135,v,r,@,N00824_female_61,False,o,v
fn001562_sentence-1.wav,6.342,6.505,0.163,t,u,w,N00824_female_61,False,o,t
fn001562_sentence-1.wav,10.136,10.281,0.145,E,t,r,N00824_female_61,False,o,ɛ
fn001562_sentence-1.wav,0.133,0.235,0.102,d,a,A,N00824_female_61,False,o,d
fn001562_sentence-1.wav,8.86,8.981,0.121,n,o,t,N00824_female_61,False,o,n
fn001562_sentence-1.wav,2.531,2.673,0.142,m,O,z,N00824_female_61,False,o,m
fn001562_sentence-1.wav,0.959,1.213,0.254,@,s,d,N00824_female_61,False,o,ə
fn001562_sentence-10.wav,0.0,0.096,0.096,w,SOS,A,N00824_female_61,False,o,ʋ
fn001562_sentence-10.wav,8.635,8.758,0.123,@,k,r,N00824_female_61,False,o,ə
fn001562_sentence-10.wav,6.828,6.959,0.131,p,r,z,N00824_female_61,False,o,p
fn001562_sentence-10.wav,5.637,5.769,0.132,m,@,E+,N00824_female_61,False,o,m
fn001562_sentence-11.wav,4.792,4.924,0.132,n,@,a,N00824_female_61,False,o,n
fn001562_sentence-12.wav,0.1,0.485,0.385,e,n,d,N00824_female_61,False,o,eː
fn001562_sentence-12.wav,1.878,2.09,0.212,x,o,d,N00824_female_61,False,o,x
fn001562_sentence-12.wav,4.536,4.683,0.147,f,@,l,N00824_female_61,False,o,f
fn001562_sentence-12.wav,8.892,8.994,0.102,d,O,@,N00824_female_61,False,o,d
fn001562_sentence-12.wav,2.878,3.019,0.141,I,k,l,N00824_female_61,False,o,ɪ
fn001562_sentence-13.wav,1.428,1.539,0.111,@,m,A,N00824_female_61,False,o,ə
fn001562_sentence-13.wav,1.074,1.195,0.121,b,l,r,N00824_female_61,False,o,b
fn001562_sentence-14.wav,1.459,1.631,0.172,i,t,l,N00824_female_61,False,o,iː
fn001562_sentence-14.wav,5.759,5.915,0.156,@,G,d,N00824_female_61,False,o,ə
fn001562_sentence-14.wav,4.221,4.363,0.142,f,t,e,N00824_female_61,False,o,f
fn001562_sentence-14.wav,5.915,6.102,0.187,d,@,@,N00824_female_61,False,o,d
fn001562_sentence-14.wav,4.791,4.913,0.122,Y,d,l,N00824_female_61,False,o,ʉ
fn001562_sentence-15.wav,1.069,1.252,0.183,i,t,O,N00824_female_61,False,o,iː
fn001562_sentence-16.wav,4.322,4.435,0.113,I,x,l,N00824_female_61,False,o,ɪ
fn001562_sentence-16.wav,3.527,3.659,0.132,N,E,s,N00824_female_61,False,o,ŋ
fn001562_sentence-17.wav,0.525,0.647,0.122,v,Y+,@,N00824_female_61,False,o,v
fn001562_sentence-18.wav,2.039,2.14,0.101,d,@,o,N00824_female_61,False,o,d
fn001562_sentence-18.wav,2.61,2.726,0.116,w,@,E,N00824_female_61,False,o,ʋ
fn001562_sentence-24.wav,0.174,0.276,0.102,d,r,@,N00824_female_61,False,o,d
fn001562_sentence-25.wav,1.104,1.215,0.111,h,s,a,N00824_female_61,False,o,h
fn001562_sentence-28.wav,0.24,0.494,0.254,f,f,l,N00824_female_61,False,o,f
fn001562_sentence-28.wav,0.24,0.494,0.254,f,a,f,N00824_female_61,False,o,f
fn001562_sentence-33.wav,13.042,13.14,0.098,w,@,A,N00824_female_61,False,o,ʋ
fn001562_sentence-33.wav,9.114,9.215,0.101,d,r,@,N00824_female_61,False,o,d
fn001562_sentence-33.wav,14.057,14.159,0.102,d,n,I,N00824_female_61,False,o,d
fn001562_sentence-33.wav,15.241,15.353,0.112,d,r,r,N00824_female_61,False,o,d
fn001562_sentence-33.wav,15.717,15.819,0.102,d,r,Y+,N00824_female_61,False,o,d
fn001562_sentence-4.wav,2.84,3.003,0.163,d,E+,r,N00824_female_61,False,o,d
fn001562_sentence-6.wav,2.535,2.627,0.092,w,A+,@,N00824_female_61,False,o,ʋ
fn001562_sentence-9.wav,1.637,1.758,0.121,w,n,a,N00824_female_61,False,o,ʋ
fn001563_sentence-1.wav,7.715,7.887,0.172,l,p,E,N00824_female_61,False,o,l
fn001563_sentence-10.wav,1.885,2.04,0.155,l,r,@,N00824_female_61,False,o,l
fn001563_sentence-14.wav,5.82,5.952,0.132,N,A,s,N00824_female_61,False,o,ŋ
fn001563_sentence-17.wav,7.89,8.012,0.122,w,w,A,N00824_female_61,False,o,ʋ
fn001563_sentence-17.wav,7.89,8.012,0.122,w,e,w,N00824_female_61,False,o,ʋ
fn001563_sentence-26.wav,6.506,6.617,0.111,w,@,O,N00824_female_61,False,o,ʋ
fn001422_sentence-0.wav,1.072,1.183,0.111,@,n,b,N00738_male_30,False,o,ə
fn001422_sentence-1.wav,2.597,2.708,0.111,@,t,EOS,N00738_male_30,False,o,ə
fn001422_sentence-1.wav,0.554,0.704,0.15,u,r,r,N00738_male_30,False,o,uː
fn001422_sentence-10.wav,4.142,4.295,0.153,x,@,EOS,N00738_male_30,False,o,x
fn001422_sentence-10.wav,1.128,1.23,0.102,w,i,@,N00738_male_30,False,o,ʋ
fn001422_sentence-13.wav,1.143,1.28,0.137,@,t,n,N00738_male_30,False,o,ə
fn001422_sentence-13.wav,0.548,0.69,0.142,I,t,n,N00738_male_30,False,o,ɪ
fn001422_sentence-13.wav,2.898,3.01,0.112,@,t,n,N00738_male_30,False,o,ə
fn001422_sentence-14.wav,0.767,0.929,0.162,k,l,@,N00738_male_30,False,o,k
fn001422_sentence-14.wav,1.454,1.636,0.182,d,s,Y+,N00738_male_30,False,o,d
fn001422_sentence-14.wav,0.495,0.616,0.121,v,l,O,N00738_male_30,False,o,v
fn001422_sentence-14.wav,1.898,2.019,0.121,@,s,O,N00738_male_30,False,o,ə
fn001422_sentence-15.wav,0.349,0.472,0.123,n,e,n,N00738_male_30,False,o,n
fn001422_sentence-15.wav,0.349,0.472,0.123,n,n,A,N00738_male_30,False,o,n
fn001422_sentence-16.wav,3.578,3.7,0.122,n,a,A,N00738_male_30,False,o,n
fn001422_sentence-18.wav,5.598,5.719,0.121,n,E+,v,N00738_male_30,False,o,n
fn001422_sentence-18.wav,5.969,6.06,0.091,w,r,a,N00738_male_30,False,o,ʋ
fn001422_sentence-18.wav,5.719,5.857,0.138,v,n,o,N00738_male_30,False,o,v
fn001422_sentence-2.wav,0.433,0.534,0.101,r,@,a,N00738_male_30,False,o,r
fn001422_sentence-2.wav,6.769,6.881,0.112,r,e,h,N00738_male_30,False,o,r
fn001422_sentence-20.wav,0.192,0.293,0.101,@,n,A,N00738_male_30,False,o,ə
fn001422_sentence-21.wav,2.767,2.88,0.113,m,@,o,N00738_male_30,False,o,m
fn001422_sentence-22.wav,0.852,0.955,0.103,@,t,r,N00738_male_30,False,o,ə
fn001422_sentence-22.wav,0.359,0.483,0.124,w,e,w,N00738_male_30,False,o,ʋ
fn001422_sentence-22.wav,1.275,1.396,0.121,I,w,n,N00738_male_30,False,o,ɪ
fn001422_sentence-22.wav,0.359,0.483,0.124,w,w,E,N00738_male_30,False,o,ʋ
fn001422_sentence-3.wav,3.28,3.392,0.112,@,p,h,N00738_male_30,False,o,ə
fn001422_sentence-30.wav,0.748,0.859,0.111,r,d,a,N00738_male_30,False,o,r
fn001422_sentence-30.wav,0.94,1.102,0.162,j,a,@,N00738_male_30,False,o,j
fn001422_sentence-33.wav,3.099,3.201,0.102,w,t,a,N00738_male_30,False,o,ʋ
fn001422_sentence-39.wav,4.948,5.131,0.183,E,s,n,N00738_male_30,False,o,ɛ
fn001422_sentence-39.wav,7.033,7.172,0.139,v,@,o,N00738_male_30,False,o,v
fn001422_sentence-4.wav,3.818,3.909,0.091,w,x,E,N00738_male_30,False,o,ʋ
fn001422_sentence-4.wav,1.584,1.71,0.126,v,@,o,N00738_male_30,False,o,v
fn001422_sentence-45.wav,2.585,2.766,0.181,u,v,r,N00738_male_30,False,o,uː
fn001422_sentence-46.wav,1.97,2.101,0.131,l,E+,v,N00738_male_30,False,o,l
fn001422_sentence-50.wav,1.798,1.889,0.091,w,n,a,N00738_male_30,False,o,ʋ
fn001422_sentence-54.wav,1.9,2.031,0.131,I,@,n,N00738_male_30,False,o,ɪ
fn001423_sentence-11.wav,0.243,0.486,0.243,y,n,d,N00738_male_30,False,o,yː
fn001423_sentence-21.wav,2.348,2.56,0.212,y,t,r,N00738_male_30,False,o,yː
fn001091_sentence-0.wav,0.703,0.846,0.143,n,e,EOS,N00551_female_49,False,o,n
fn001091_sentence-1.wav,4.123,4.312,0.189,s,s,t,N00551_female_49,False,o,s
fn001091_sentence-1.wav,4.312,4.454,0.142,t,s,l,N00551_female_49,False,o,t
fn001091_sentence-1.wav,5.732,5.895,0.163,t,m,EOS,N00551_female_49,False,o,t
fn001091_sentence-10.wav,1.465,1.576,0.111,@,m,EOS,N00551_female_49,False,o,ə
fn001091_sentence-11.wav,2.818,2.961,0.143,x,m,a,N00551_female_49,False,o,x
fn001091_sentence-11.wav,0.59,0.739,0.149,w,e,w,N00551_female_49,False,o,ʋ
fn001091_sentence-11.wav,0.258,0.362,0.104,@,x,G,N00551_female_49,False,o,ə
fn001091_sentence-11.wav,3.501,3.674,0.173,k,o,EOS,N00551_female_49,False,o,k
fn001091_sentence-11.wav,0.739,0.863,0.124,w,w,E,N00551_female_49,False,o,ʋ
fn001091_sentence-13.wav,3.465,3.629,0.164,n,E,k,N00551_female_49,False,o,n
fn001091_sentence-13.wav,3.285,3.465,0.18,E,t,n,N00551_female_49,False,o,ɛ
fn001091_sentence-13.wav,4.966,5.111,0.145,A,m,r,N00551_female_49,False,o,ɑ
fn001091_sentence-13.wav,3.041,3.204,0.163,i,r,t,N00551_female_49,False,o,iː
fn001091_sentence-14.wav,0.712,0.825,0.113,n,O,t,N00551_female_49,False,o,n
fn001091_sentence-15.wav,0.87,1.106,0.236,x,A,EOS,N00551_female_49,False,o,x
fn001091_sentence-16.wav,1.356,1.518,0.162,i,r,r,N00551_female_49,False,o,iː
fn001091_sentence-18.wav,1.001,1.112,0.111,I,n,s,N00551_female_49,False,o,ɪ
fn001091_sentence-19.wav,1.501,1.612,0.111,r,v,a,N00551_female_49,False,o,r
fn001091_sentence-19.wav,1.37,1.501,0.131,v,@,r,N00551_female_49,False,o,v
fn001091_sentence-19.wav,0.0,0.138,0.138,w,SOS,I,N00551_female_49,False,o,ʋ
fn001091_sentence-2.wav,0.0,0.101,0.101,d,SOS,A,N00551_female_49,False,o,d
fn001091_sentence-22.wav,0.993,1.188,0.195,w,E+,I,N00551_female_49,False,o,ʋ
fn001091_sentence-24.wav,0.147,0.314,0.167,j,A+,a,N00551_female_49,False,o,j
fn001091_sentence-24.wav,0.827,0.954,0.127,I,a,k,N00551_female_49,False,o,ɪ
fn001091_sentence-28.wav,9.137,9.238,0.101,r,N,E+,N00551_female_49,False,o,r
fn001091_sentence-28.wav,2.24,2.382,0.142,G,A,e,N00551_female_49,False,o,ɣ
fn001091_sentence-28.wav,1.199,1.32,0.121,w,t,I,N00551_female_49,False,o,ʋ
fn001091_sentence-28.wav,6.326,6.447,0.121,h,Y+,E+,N00551_female_49,False,o,h
fn001091_sentence-29.wav,10.153,10.325,0.172,f,E+,l,N00551_female_49,False,o,f
fn001091_sentence-29.wav,9.084,9.195,0.111,h,t,E,N00551_female_49,False,o,h
fn001091_sentence-29.wav,9.195,9.378,0.183,E,h,m,N00551_female_49,False,o,ɛ
fn001091_sentence-29.wav,0.0,0.158,0.158,w,SOS,I,N00551_female_49,False,o,ʋ
fn001091_sentence-29.wav,1.395,1.536,0.141,N,A,l,N00551_female_49,False,o,ŋ
fn001091_sentence-36.wav,0.0,0.142,0.142,w,SOS,I,N00551_female_49,False,o,ʋ
fn001091_sentence-38.wav,0.818,0.96,0.142,r,b,d,N00551_female_49,False,o,r
fn001091_sentence-4.wav,1.828,1.981,0.153,w,i,I,N00551_female_49,False,o,ʋ
fn001091_sentence-42.wav,0.0,0.152,0.152,w,SOS,I,N00551_female_49,False,o,ʋ
fn001091_sentence-48.wav,1.222,1.355,0.133,N,E,k,N00551_female_49,False,o,ŋ
fn001091_sentence-53.wav,4.832,4.923,0.091,w,r,E,N00551_female_49,False,o,ʋ
fn001091_sentence-7.wav,0.0,0.143,0.143,w,SOS,I,N00551_female_49,False,o,ʋ
fn001092_sentence-0.wav,0.864,0.991,0.127,w,r,I,N00551_female_49,False,o,ʋ
fn001092_sentence-123.wav,6.893,6.984,0.091,w,n,a,N00551_female_49,False,o,ʋ
fn001092_sentence-133.wav,3.422,3.513,0.091,w,a,a,N00551_female_49,False,o,ʋ
fn001412_sentence-0.wav,1.621,1.753,0.132,m,A,EOS,N00765_female_54,False,o,m
fn001412_sentence-1.wav,1.057,1.22,0.163,i,r,I,N00765_female_54,False,o,iː
fn001412_sentence-1.wav,3.248,3.399,0.151,t,r,EOS,N00765_female_54,False,o,t
fn001412_sentence-10.wav,3.947,4.092,0.145,A,w,s,N00765_female_54,False,o,ɑ
fn001412_sentence-10.wav,4.935,5.067,0.132,p,l,@,N00765_female_54,False,o,p
fn001412_sentence-10.wav,4.092,4.308,0.216,s,A,E,N00765_female_54,False,o,s
fn001412_sentence-11.wav,14.29,14.432,0.142,t,l,EOS,N00765_female_54,False,o,t
fn001412_sentence-11.wav,1.974,2.126,0.152,z,n,e,N00765_female_54,False,o,z
fn001412_sentence-11.wav,3.722,3.845,0.123,m,o,E,N00765_female_54,False,o,m
fn001412_sentence-11.wav,1.56,1.672,0.112,n,I,A,N00765_female_54,False,o,n
fn001412_sentence-11.wav,4.708,4.84,0.132,n,E+,E,N00765_female_54,False,o,n
fn001412_sentence-11.wav,1.45,1.56,0.11,I,@,n,N00765_female_54,False,o,ɪ
fn001412_sentence-12.wav,3.415,3.557,0.142,r,n,e,N00765_female_54,False,o,r
fn001412_sentence-12.wav,8.441,8.573,0.132,E,z,l,N00765_female_54,False,o,ɛ
fn001412_sentence-12.wav,4.291,4.464,0.173,A,p,n,N00765_female_54,False,o,ɑ
fn001412_sentence-12.wav,10.522,10.685,0.163,t,s,EOS,N00765_female_54,False,o,t
fn001412_sentence-12.wav,8.624,8.766,0.142,f,l,d,N00765_female_54,False,o,f
fn001412_sentence-13.wav,0.887,0.998,0.111,I,o,s,N00765_female_54,False,o,ɪ
fn001412_sentence-13.wav,4.095,4.207,0.112,I,x,s,N00765_female_54,False,o,ɪ
fn001412_sentence-14.wav,0.354,0.468,0.114,@,n,n,N00765_female_54,False,o,ə
fn001412_sentence-15.wav,4.256,4.384,0.128,v,N,A,N00765_female_54,False,o,v
fn001412_sentence-15.wav,3.76,3.871,0.111,h,@,A+,N00765_female_54,False,o,h
fn001412_sentence-16.wav,2.689,2.79,0.101,@,G,@,N00765_female_54,False,o,ə
fn001412_sentence-16.wav,6.233,6.354,0.121,I,a,N,N00765_female_54,False,o,ɪ
fn001412_sentence-18.wav,6.386,6.499,0.113,I,l,s,N00765_female_54,False,o,ɪ
fn001412_sentence-18.wav,5.58,5.672,0.092,w,t,E,N00765_female_54,False,o,ʋ
fn001412_sentence-19.wav,2.707,2.859,0.152,A,n,l,N00765_female_54,False,o,ɑ
fn001412_sentence-19.wav,5.935,6.046,0.111,r,x,o,N00765_female_54,False,o,r
fn001412_sentence-2.wav,3.902,4.119,0.217,@,w,@,N00765_female_54,False,o,ə
fn001412_sentence-2.wav,0.299,0.4,0.101,@,d,m,N00765_female_54,False,o,ə
fn001412_sentence-2.wav,1.671,1.772,0.101,r,a,d,N00765_female_54,False,o,r
fn001412_sentence-2.wav,0.137,0.299,0.162,d,p,@,N00765_female_54,False,o,d
fn001412_sentence-2.wav,1.439,1.55,0.111,h,n,a,N00765_female_54,False,o,h
fn001412_sentence-2.wav,7.534,7.637,0.103,r,v,A+,N00765_female_54,False,o,r
fn001412_sentence-20.wav,8.112,8.274,0.162,d,n,o,N00765_female_54,False,o,d
fn001412_sentence-22.wav,2.306,2.468,0.162,m,O,d,N00765_female_54,False,o,m
fn001412_sentence-24.wav,9.257,9.379,0.122,p,A,j,N00765_female_54,False,o,p
fn001412_sentence-24.wav,3.919,4.021,0.102,r,@,E+,N00765_female_54,False,o,r
fn001412_sentence-25.wav,1.66,1.797,0.137,b,n,A,N00765_female_54,False,o,b
fn001412_sentence-26.wav,0.48,0.613,0.133,h,@,E+,N00765_female_54,False,o,h
fn001412_sentence-28.wav,3.374,3.496,0.122,p,r,@,N00765_female_54,False,o,p
fn001412_sentence-5.wav,3.616,3.727,0.111,h,@,A,N00765_female_54,False,o,h
fn001413_sentence-19.wav,1.925,2.016,0.091,w,@,E,N00765_female_54,False,o,ʋ
fn001413_sentence-26.wav,0.0,0.142,0.142,w,SOS,a,N00765_female_54,False,o,ʋ
fn001413_sentence-36.wav,3.466,3.567,0.101,w,e,EOS,N00765_female_54,False,o,ʋ
fn001413_sentence-39.wav,4.895,4.987,0.092,w,n,E,N00765_female_54,False,o,ʋ
fn001413_sentence-43.wav,5.525,5.627,0.102,w,t,A,N00765_female_54,False,o,ʋ
fn001413_sentence-51.wav,6.715,6.988,0.273,A+,n,w,N00765_female_54,False,o,ɑu
fn001261_sentence-0.wav,0.549,0.666,0.117,n,e,E,N00624_female_60,False,o,n
fn001261_sentence-0.wav,0.824,0.946,0.122,I,n,n,N00624_female_60,False,o,ɪ
fn001261_sentence-0.wav,0.0,0.142,0.142,A,SOS,l,N00624_female_60,False,o,ɑ
fn001261_sentence-1.wav,8.595,8.727,0.132,@,l,d,N00624_female_60,False,o,ə
fn001261_sentence-1.wav,6.424,6.607,0.183,@,l,d,N00624_female_60,False,o,ə
fn001261_sentence-1.wav,3.514,3.645,0.131,t,a,I,N00624_female_60,False,o,t
fn001261_sentence-1.wav,0.532,0.635,0.103,I,d,N,N00624_female_60,False,o,ɪ
fn001261_sentence-1.wav,2.999,3.1,0.101,w,y,E,N00624_female_60,False,o,ʋ
fn001261_sentence-1.wav,3.241,3.363,0.122,h,n,a,N00624_female_60,False,o,h
fn001261_sentence-1.wav,4.231,4.342,0.111,I,t,s,N00624_female_60,False,o,ɪ
fn001261_sentence-10.wav,0.768,0.942,0.174,@,d,d,N00624_female_60,False,o,ə
fn001261_sentence-11.wav,3.201,3.319,0.118,d,t,@,N00624_female_60,False,o,d
fn001261_sentence-12.wav,4.068,4.197,0.129,m,a,d,N00624_female_60,False,o,m
fn001261_sentence-12.wav,3.698,3.842,0.144,l,E+,z,N00624_female_60,False,o,l
fn001261_sentence-12.wav,6.195,6.316,0.121,n,2,@,N00624_female_60,False,o,n
fn001261_sentence-12.wav,4.793,4.934,0.141,h,m,E+,N00624_female_60,False,o,h
fn001261_sentence-12.wav,1.67,1.822,0.152,@,l,d,N00624_female_60,False,o,ə
fn001261_sentence-12.wav,3.513,3.646,0.133,h,t,E+,N00624_female_60,False,o,h
fn001261_sentence-13.wav,2.561,2.668,0.107,w,n,A,N00624_female_60,False,o,ʋ
fn001261_sentence-13.wav,3.173,3.274,0.101,@,w,t,N00624_female_60,False,o,ə
fn001261_sentence-14.wav,0.848,1.062,0.214,@,k,d,N00624_female_60,False,o,ə
fn001261_sentence-14.wav,6.952,7.063,0.111,@,t,EOS,N00624_female_60,False,o,ə
fn001261_sentence-15.wav,0.719,0.83,0.111,I,w,l,N00624_female_60,False,o,ɪ
fn001261_sentence-16.wav,5.116,5.299,0.183,@,G,E,N00624_female_60,False,o,ə
fn001261_sentence-16.wav,0.752,0.905,0.153,@,d,d,N00624_female_60,False,o,ə
fn001261_sentence-16.wav,3.115,3.246,0.131,v,@,@,N00624_female_60,False,o,v
fn001261_sentence-16.wav,3.721,3.933,0.212,@,r,v,N00624_female_60,False,o,ə
fn001261_sentence-17.wav,1.693,1.835,0.142,@,r,w,N00624_female_60,False,o,ə
fn001261_sentence-17.wav,3.475,3.688,0.213,y,k,r,N00624_female_60,False,o,yː
fn001261_sentence-18.wav,0.773,0.895,0.122,@,l,EOS,N00624_female_60,False,o,ə
fn001261_sentence-19.wav,8.646,8.747,0.101,d,l,i,N00624_female_60,False,o,d
fn001261_sentence-19.wav,0.355,0.477,0.122,@,d,d,N00624_female_60,False,o,ə
fn001261_sentence-19.wav,4.369,4.486,0.117,d,n,A,N00624_female_60,False,o,d
fn001261_sentence-19.wav,5.31,5.447,0.137,A,s,l,N00624_female_60,False,o,ɑ
fn001261_sentence-19.wav,0.061,0.254,0.193,i,w,d,N00624_female_60,False,o,iː
fn001261_sentence-19.wav,0.254,0.355,0.101,d,i,@,N00624_female_60,False,o,d
fn001261_sentence-20.wav,0.0,0.172,0.172,O,SOS,N,N00624_female_60,False,o,ɔ
fn001261_sentence-20.wav,4.149,4.331,0.182,u,f,r,N00624_female_60,False,o,uː
fn001261_sentence-20.wav,3.987,4.149,0.162,f,A,u,N00624_female_60,False,o,f
fn001261_sentence-20.wav,2.256,2.367,0.111,I,@,n,N00624_female_60,False,o,ɪ
fn001261_sentence-22.wav,0.0,0.122,0.122,b,SOS,E+,N00624_female_60,False,o,b
fn001261_sentence-24.wav,0.485,0.657,0.172,f,o,A,N00624_female_60,False,o,f
fn001261_sentence-3.wav,0.0,0.101,0.101,d,SOS,a,N00624_female_60,False,o,d
fn001261_sentence-30.wav,4.555,4.757,0.202,f,e,E,N00624_female_60,False,o,f
fn001261_sentence-31.wav,0.0,0.091,0.091,w,SOS,A,N00624_female_60,False,o,ʋ
fn001261_sentence-31.wav,10.413,10.551,0.138,d,l,A,N00624_female_60,False,o,d
fn001261_sentence-31.wav,12.031,12.234,0.203,f,A,EOS,N00624_female_60,False,o,f
fn001261_sentence-8.wav,1.433,1.605,0.172,u,t,E,N00624_female_60,False,o,uː
fn001261_sentence-9.wav,15.088,15.199,0.111,h,t,Y+,N00624_female_60,False,o,h
fn001261_sentence-9.wav,0.915,1.098,0.183,j,e,@,N00624_female_60,False,o,j
fn001262_sentence-13.wav,13.654,13.747,0.093,d,r,@,N00624_female_60,False,o,d
fn001262_sentence-13.wav,3.725,3.892,0.167,d,@,@,N00624_female_60,False,o,d
fn001262_sentence-13.wav,13.953,14.052,0.099,d,@,@,N00624_female_60,False,o,d
fn001262_sentence-13.wav,10.732,10.846,0.114,d,r,@,N00624_female_60,False,o,d
fn001262_sentence-13.wav,10.981,11.101,0.12,d,@,@,N00624_female_60,False,o,d
fn001262_sentence-14.wav,1.755,1.847,0.092,w,i,x,N00624_female_60,False,o,ʋ
fn001262_sentence-19.wav,3.596,3.749,0.153,j,k,@,N00624_female_60,False,o,j
fn001262_sentence-2.wav,3.059,3.182,0.123,h,s,e,N00624_female_60,False,o,h
fn001262_sentence-43.wav,0.97,1.112,0.142,b,@,E,N00624_female_60,False,o,b
fn001262_sentence-45.wav,4.2,4.292,0.092,w,y,n,N00624_female_60,False,o,ʋ
fn001262_sentence-47.wav,1.004,1.133,0.129,b,@,E,N00624_female_60,False,o,b
fn001262_sentence-52.wav,5.145,5.237,0.092,w,t,E+,N00624_female_60,False,o,ʋ
fn001161_sentence-1.wav,1.449,1.55,0.101,r,t,a,N00661_male_38,False,o,r
fn001161_sentence-1.wav,0.419,0.541,0.122,b,r,O,N00661_male_38,False,o,b
fn001161_sentence-1.wav,0.732,0.884,0.152,x,r,s,N00661_male_38,False,o,x
fn001161_sentence-1.wav,3.655,3.858,0.203,s,Y+,EOS,N00661_male_38,False,o,s
fn001161_sentence-10.wav,0.95,1.063,0.113,n,e,s,N00661_male_38,False,o,n
fn001161_sentence-10.wav,2.051,2.193,0.142,n,r,o,N00661_male_38,False,o,n
fn001161_sentence-101.wav,1.155,1.268,0.113,n,E+,EOS,N00661_male_38,False,o,n
fn001161_sentence-104.wav,1.118,1.285,0.167,h,n,a,N00661_male_38,False,o,h
fn001161_sentence-106.wav,0.809,1.014,0.205,s,e,EOS,N00661_male_38,False,o,s
fn001161_sentence-107.wav,0.649,0.783,0.134,@,z,EOS,N00661_male_38,False,o,ə
fn001161_sentence-109.wav,1.002,1.164,0.162,u,r,r,N00661_male_38,False,o,uː
fn001161_sentence-111.wav,1.827,1.939,0.112,n,E+,EOS,N00661_male_38,False,o,n
fn001161_sentence-113.wav,0.576,0.697,0.121,w,y,@,N00661_male_38,False,o,ʋ
fn001161_sentence-114.wav,3.287,3.398,0.111,n,k,i,N00661_male_38,False,o,n
fn001161_sentence-114.wav,1.448,1.57,0.122,l,s,e,N00661_male_38,False,o,l
fn001161_sentence-114.wav,0.859,0.991,0.132,m,r,e,N00661_male_38,False,o,m
fn001161_sentence-114.wav,0.656,0.778,0.122,m,f,e,N00661_male_38,False,o,m
fn001161_sentence-114.wav,1.773,1.925,0.152,t,p,m,N00661_male_38,False,o,t
fn001161_sentence-119.wav,1.089,1.232,0.143,x,E+,t,N00661_male_38,False,o,x
fn001161_sentence-121.wav,0.681,0.824,0.143,A,r,r,N00661_male_38,False,o,ɑ
fn001161_sentence-121.wav,2.015,2.126,0.111,@,d,h,N00661_male_38,False,o,ə
fn001161_sentence-125.wav,2.344,2.496,0.152,l,k,o,N00661_male_38,False,o,l
fn001161_sentence-125.wav,0.877,1.059,0.182,O,n,N,N00661_male_38,False,o,ɔ
fn001161_sentence-125.wav,1.322,1.696,0.374,l,@,o,N00661_male_38,False,o,l
fn001161_sentence-125.wav,0.0,0.093,0.093,w,SOS,A,N00661_male_38,False,o,ʋ
fn001161_sentence-125.wav,1.119,1.261,0.142,G,N,@,N00661_male_38,False,o,ɣ
fn001161_sentence-125.wav,0.482,0.605,0.123,@,t,n,N00661_male_38,False,o,ə
fn001161_sentence-126.wav,2.303,2.467,0.164,u,t,j,N00661_male_38,False,o,uː
fn001161_sentence-128.wav,0.612,0.734,0.122,n,u,EOS,N00661_male_38,False,o,n
fn001161_sentence-133.wav,0.623,0.716,0.093,r,@,e,N00661_male_38,False,o,r
fn001161_sentence-137.wav,3.605,3.717,0.112,n,e,EOS,N00661_male_38,False,o,n
fn001161_sentence-149.wav,0.495,0.589,0.094,@,l,k,N00661_male_38,False,o,ə
fn001161_sentence-15.wav,3.472,3.574,0.102,@,d,EOS,N00661_male_38,False,o,ə
fn001161_sentence-157.wav,3.813,3.905,0.092,w,f,e,N00661_male_38,False,o,ʋ
fn001161_sentence-168.wav,0.142,0.314,0.172,u,r,r,N00661_male_38,False,o,uː
fn001161_sentence-173.wav,4.167,4.309,0.142,d,E+,Y+,N00661_male_38,False,o,d
fn001161_sentence-20.wav,0.138,0.229,0.091,w,u,E,N00661_male_38,False,o,ʋ
fn001161_sentence-27.wav,2.414,2.525,0.111,d,o,E,N00661_male_38,False,o,d
fn001161_sentence-34.wav,0.967,1.098,0.131,w,r,O,N00661_male_38,False,o,ʋ
fn001161_sentence-36.wav,2.519,2.63,0.111,w,y,@,N00661_male_38,False,o,ʋ
fn001161_sentence-4.wav,0.502,0.613,0.111,w,t,A,N00661_male_38,False,o,ʋ
fn001161_sentence-44.wav,0.752,0.853,0.101,w,y,@,N00661_male_38,False,o,ʋ
fn001161_sentence-52.wav,4.333,4.465,0.132,Y,k,s,N00661_male_38,False,o,ʉ
fn001190_sentence-0.wav,3.854,3.985,0.131,n,A,EOS,N00591_female_51,False,o,n
fn001190_sentence-0.wav,1.755,1.918,0.163,A,k,l,N00591_female_51,False,o,ɑ
fn001190_sentence-0.wav,3.722,3.854,0.132,A,f,n,N00591_female_51,False,o,ɑ
fn001190_sentence-1.wav,2.446,2.557,0.111,@,t,w,N00591_female_51,False,o,ə
fn001190_sentence-1.wav,5.581,5.753,0.172,t,r,EOS,N00591_female_51,False,o,t
fn001190_sentence-1.wav,1.297,1.428,0.131,A,m,l,N00591_female_51,False,o,ɑ
fn001190_sentence-10.wav,3.878,3.989,0.111,h,@,A,N00591_female_51,False,o,h
fn001190_sentence-10.wav,0.648,0.789,0.141,A,n,l,N00591_female_51,False,o,ɑ
fn001190_sentence-10.wav,3.565,3.686,0.121,r,@,@,N00591_female_51,False,o,r
fn001190_sentence-10.wav,3.686,3.797,0.111,@,r,h,N00591_female_51,False,o,ə
fn001190_sentence-12.wav,2.856,3.048,0.192,s,A,d,N00591_female_51,False,o,s
fn001190_sentence-12.wav,1.44,1.562,0.122,v,@,o,N00591_female_51,False,o,v
fn001190_sentence-12.wav,8.419,8.53,0.111,n,A,@,N00591_female_51,False,o,n
fn001190_sentence-12.wav,7.399,7.52,0.121,@,s,h,N00591_female_51,False,o,ə
fn001190_sentence-12.wav,1.319,1.44,0.121,@,l,v,N00591_female_51,False,o,ə
fn001190_sentence-13.wav,7.876,8.088,0.212,s,A,EOS,N00591_female_51,False,o,s
fn001190_sentence-13.wav,1.828,1.949,0.121,@,d,E,N00591_female_51,False,o,ə
fn001190_sentence-13.wav,1.544,1.757,0.213,e,b,d,N00591_female_51,False,o,eː
fn001190_sentence-13.wav,5.086,5.187,0.101,@,v,z,N00591_female_51,False,o,ə
fn001190_sentence-14.wav,0.541,0.773,0.232,u,v,l,N00591_female_51,False,o,uː
fn001190_sentence-16.wav,0.753,0.884,0.131,A,t,l,N00591_female_51,False,o,ɑ
fn001190_sentence-17.wav,6.463,6.574,0.111,n,i,k,N00591_female_51,False,o,n
fn001190_sentence-17.wav,4.966,5.211,0.245,e,p,l,N00591_female_51,False,o,eː
fn001190_sentence-17.wav,8.241,8.352,0.111,n,E+,E,N00591_female_51,False,o,n
fn001190_sentence-17.wav,1.256,1.418,0.162,u,r,r,N00591_female_51,False,o,uː
fn001190_sentence-18.wav,0.728,0.86,0.132,n,e,t,N00591_female_51,False,o,n
fn001190_sentence-19.wav,1.056,1.152,0.096,@,G,E,N00591_female_51,False,o,ə
fn001190_sentence-2.wav,0.411,0.603,0.192,u,t,I,N00591_female_51,False,o,uː
fn001190_sentence-2.wav,0.603,0.714,0.111,I,u,s,N00591_female_51,False,o,ɪ
fn001190_sentence-20.wav,8.487,8.588,0.101,d,n,@,N00591_female_51,False,o,d
fn001190_sentence-20.wav,2.815,2.926,0.111,@,G,E,N00591_female_51,False,o,ə
fn001190_sentence-20.wav,1.574,1.675,0.101,r,O,i,N00591_female_51,False,o,r
fn001190_sentence-20.wav,0.797,0.898,0.101,r,i,I,N00591_female_51,False,o,r
fn001190_sentence-22.wav,6.088,6.209,0.121,d,e,@,N00591_female_51,False,o,d
fn001190_sentence-22.wav,4.0,4.122,0.122,v,r,@,N00591_female_51,False,o,v
fn001190_sentence-22.wav,3.899,4.0,0.101,r,O,v,N00591_female_51,False,o,r
fn001190_sentence-23.wav,5.509,5.67,0.161,r,s,Y+,N00591_female_51,False,o,r
fn001190_sentence-24.wav,5.983,6.085,0.102,r,i,@,N00591_female_51,False,o,r
fn001190_sentence-28.wav,6.105,6.237,0.132,N,I,EOS,N00591_female_51,False,o,ŋ
fn001190_sentence-28.wav,4.454,4.586,0.132,N,O,E,N00591_female_51,False,o,ŋ
fn001190_sentence-3.wav,0.37,0.472,0.102,w,s,@,N00591_female_51,False,o,ʋ
fn001190_sentence-4.wav,10.015,10.127,0.112,w,n,u,N00591_female_51,False,o,ʋ
fn001190_sentence-4.wav,10.582,10.713,0.131,N,I,s,N00591_female_51,False,o,ŋ
fn001190_sentence-6.wav,5.813,5.923,0.11,r,a,r,N00591_female_51,False,o,r
fn001190_sentence-6.wav,5.813,5.923,0.11,r,r,o,N00591_female_51,False,o,r
fn001190_sentence-8.wav,4.992,5.093,0.101,r,@,t,N00591_female_51,False,o,r
fn001191_sentence-0.wav,2.487,2.618,0.131,r,s,Y+,N00591_female_51,False,o,r
fn001191_sentence-10.wav,4.599,4.751,0.152,u,t,b,N00591_female_51,False,o,uː
fn001191_sentence-15.wav,6.107,6.208,0.101,r,a,@,N00591_female_51,False,o,r
fn001191_sentence-19.wav,3.615,3.716,0.101,r,e,@,N00591_female_51,False,o,r
fn001191_sentence-54.wav,5.789,5.88,0.091,w,n,A,N00591_female_51,False,o,ʋ
fn001172_sentence-0.wav,0.661,0.844,0.183,n,e,EOS,N00672_female_53,False,o,n
fn001172_sentence-1.wav,15.199,15.312,0.113,I,x,k,N00672_female_53,False,o,ɪ
fn001172_sentence-1.wav,0.989,1.12,0.131,@,k,s,N00672_female_53,False,o,ə
fn001172_sentence-1.wav,2.129,2.29,0.161,x,I,x,N00672_female_53,False,o,x
fn001172_sentence-1.wav,14.554,14.746,0.192,x,A,I,N00672_female_53,False,o,x
fn001172_sentence-1.wav,2.804,2.945,0.141,t,Y+,m,N00672_female_53,False,o,t
fn001172_sentence-1.wav,2.129,2.29,0.161,x,x,e,N00672_female_53,False,o,x
fn001172_sentence-10.wav,0.244,0.346,0.102,d,n,@,N00672_female_53,False,o,d
fn001172_sentence-10.wav,0.0,0.102,0.102,w,SOS,O,N00672_female_53,False,o,ʋ
fn001172_sentence-10.wav,0.549,0.691,0.142,k,@,d,N00672_female_53,False,o,k
fn001172_sentence-101.wav,1.516,1.622,0.106,@,r,d,N00672_female_53,False,o,ə
fn001172_sentence-101.wav,1.704,1.896,0.192,i,d,I,N00672_female_53,False,o,iː
fn001172_sentence-101.wav,3.737,3.869,0.132,n,E+,EOS,N00672_female_53,False,o,n
fn001172_sentence-102.wav,3.215,3.387,0.172,n,e,O,N00672_female_53,False,o,n
fn001172_sentence-102.wav,1.671,1.783,0.112,I,v,n,N00672_female_53,False,o,ɪ
fn001172_sentence-104.wav,0.698,0.819,0.121,h,m,E,N00672_female_53,False,o,h
fn001172_sentence-104.wav,1.669,1.79,0.121,h,@,a,N00672_female_53,False,o,h
fn001172_sentence-104.wav,2.976,3.078,0.102,r,a,o,N00672_female_53,False,o,r
fn001172_sentence-104.wav,0.152,0.283,0.131,r,O,n,N00672_female_53,False,o,r
fn001172_sentence-104.wav,0.344,0.526,0.182,@,n,O,N00672_female_53,False,o,ə
fn001172_sentence-105.wav,1.111,1.253,0.142,N,I,m,N00672_female_53,False,o,ŋ
fn001172_sentence-106.wav,0.23,0.463,0.233,o,z,EOS,N00672_female_53,False,o,oː
fn001172_sentence-11.wav,0.977,1.118,0.141,n,E,t,N00672_female_53,False,o,n
fn001172_sentence-11.wav,4.359,4.49,0.131,w,@,o,N00672_female_53,False,o,ʋ
fn001172_sentence-110.wav,0.0,0.123,0.123,w,SOS,e,N00672_female_53,False,o,ʋ
fn001172_sentence-113.wav,0.983,1.122,0.139,t,i,d,N00672_female_53,False,o,t
fn001172_sentence-116.wav,0.0,0.101,0.101,d,SOS,A,N00672_female_53,False,o,d
fn001172_sentence-117.wav,3.228,3.35,0.122,d,@,a,N00672_female_53,False,o,d
fn001172_sentence-118.wav,3.971,4.173,0.202,u,t,l,N00672_female_53,False,o,uː
fn001172_sentence-120.wav,4.334,4.517,0.183,h,t,a,N00672_female_53,False,o,h
fn001172_sentence-120.wav,1.558,1.679,0.121,m,u,A+,N00672_female_53,False,o,m
fn001172_sentence-120.wav,7.705,7.837,0.132,v,@,r,N00672_female_53,False,o,v
fn001172_sentence-122.wav,1.497,1.628,0.131,r,O,n,N00672_female_53,False,o,r
fn001172_sentence-123.wav,0.0,0.123,0.123,w,SOS,@,N00672_female_53,False,o,ʋ
fn001172_sentence-123.wav,0.897,1.06,0.163,h,r,Y+,N00672_female_53,False,o,h
fn001172_sentence-124.wav,2.048,2.17,0.122,v,E+,o,N00672_female_53,False,o,v
fn001172_sentence-124.wav,0.153,0.265,0.112,r,O,n,N00672_female_53,False,o,r
fn001172_sentence-125.wav,0.691,0.803,0.112,h,t,Y+,N00672_female_53,False,o,h
fn001172_sentence-126.wav,0.848,1.02,0.172,f,@,o,N00672_female_53,False,o,f
fn001172_sentence-13.wav,0.495,0.676,0.181,A,x,l,N00672_female_53,False,o,ɑ
fn001172_sentence-130.wav,1.659,1.81,0.151,G,r,a,N00672_female_53,False,o,ɣ
fn001172_sentence-22.wav,0.437,0.538,0.101,r,n,e,N00672_female_53,False,o,r
fn001172_sentence-3.wav,0.617,0.718,0.101,w,@,A,N00672_female_53,False,o,ʋ
fn001172_sentence-46.wav,0.974,1.065,0.091,w,y,t,N00672_female_53,False,o,ʋ
fn001172_sentence-53.wav,7.036,7.138,0.102,w,t,E,N00672_female_53,False,o,ʋ
fn001172_sentence-7.wav,1.053,1.166,0.113,w,l,a,N00672_female_53,False,o,ʋ
fn001230_sentence-0.wav,1.075,1.309,0.234,s,I,EOS,N00605_female_66,False,o,s
fn001230_sentence-1.wav,5.83,6.024,0.194,t,l,EOS,N00605_female_66,False,o,t
fn001230_sentence-1.wav,4.155,4.297,0.142,t,x,@,N00605_female_66,False,o,t
fn001230_sentence-1.wav,1.098,1.199,0.101,@,d,w,N00605_female_66,False,o,ə
fn001230_sentence-10.wav,0.466,0.618,0.152,I,n,s,N00605_female_66,False,o,ɪ
fn001230_sentence-10.wav,2.655,2.767,0.112,w,r,@,N00605_female_66,False,o,ʋ
fn001230_sentence-10.wav,1.807,1.94,0.133,@,t,v,N00605_female_66,False,o,ə
fn001230_sentence-10.wav,0.618,0.811,0.193,s,I,@,N00605_female_66,False,o,s
fn001230_sentence-10.wav,1.255,1.368,0.113,n,@,m,N00605_female_66,False,o,n
fn001230_sentence-10.wav,2.291,2.412,0.121,n,A,t,N00605_female_66,False,o,n
fn001230_sentence-11.wav,1.362,1.462,0.1,@,l,m,N00605_female_66,False,o,ə
fn001230_sentence-11.wav,3.517,3.779,0.262,f,A,EOS,N00605_female_66,False,o,f
fn001230_sentence-11.wav,0.422,0.7,0.278,o,s,m,N00605_female_66,False,o,oː
fn001230_sentence-12.wav,0.0,0.091,0.091,w,SOS,A,N00605_female_66,False,o,ʋ
fn001230_sentence-13.wav,2.842,2.974,0.132,n,a,d,N00605_female_66,False,o,n
fn001230_sentence-13.wav,6.485,6.636,0.151,t,f,EOS,N00605_female_66,False,o,t
fn001230_sentence-14.wav,9.111,9.242,0.131,@,t,w,N00605_female_66,False,o,ə
fn001230_sentence-14.wav,0.906,1.008,0.102,w,E+,o,N00605_female_66,False,o,ʋ
fn001230_sentence-14.wav,3.036,3.189,0.153,n,a,h,N00605_female_66,False,o,n
fn001230_sentence-14.wav,4.759,4.86,0.101,@,r,e,N00605_female_66,False,o,ə
fn001230_sentence-15.wav,1.091,1.243,0.152,p,O,a,N00605_female_66,False,o,p
fn001230_sentence-16.wav,5.892,6.014,0.122,v,@,O,N00605_female_66,False,o,v
fn001230_sentence-16.wav,6.187,6.32,0.133,m,r,t,N00605_female_66,False,o,m
fn001230_sentence-16.wav,4.634,4.765,0.131,N,A,I,N00605_female_66,False,o,ŋ
fn001230_sentence-17.wav,8.346,8.529,0.183,@,s,v,N00605_female_66,False,o,ə
fn001230_sentence-17.wav,1.738,1.878,0.14,k,a,o,N00605_female_66,False,o,k
fn001230_sentence-17.wav,7.1,7.202,0.102,d,r,w,N00605_female_66,False,o,d
fn001230_sentence-18.wav,1.936,2.037,0.101,@,d,e,N00605_female_66,False,o,ə
fn001230_sentence-18.wav,9.007,9.129,0.122,n,A,r,N00605_female_66,False,o,n
fn001230_sentence-18.wav,0.205,0.307,0.102,d,k,a,N00605_female_66,False,o,d
fn001230_sentence-18.wav,12.132,12.224,0.092,w,r,@,N00605_female_66,False,o,ʋ
fn001230_sentence-18.wav,9.483,9.584,0.101,@,r,v,N00605_female_66,False,o,ə
fn001230_sentence-21.wav,7.66,7.761,0.101,@,p,E,N00605_female_66,False,o,ə
fn001230_sentence-21.wav,6.022,6.143,0.121,b,t,e,N00605_female_66,False,o,b
fn001230_sentence-22.wav,11.905,12.047,0.142,h,r,Y,N00605_female_66,False,o,h
fn001230_sentence-23.wav,0.776,0.98,0.204,j,o,EOS,N00605_female_66,False,o,j
fn001230_sentence-24.wav,1.073,1.326,0.253,y,f,r,N00605_female_66,False,o,yː
fn001230_sentence-28.wav,5.76,5.922,0.162,u,b,r,N00605_female_66,False,o,uː
fn001230_sentence-4.wav,6.809,6.93,0.121,l,e,l,N00605_female_66,False,o,l
fn001230_sentence-4.wav,6.809,6.93,0.121,l,l,e,N00605_female_66,False,o,l
fn001230_sentence-9.wav,1.551,1.674,0.123,b,r,o,N00605_female_66,False,o,b
fn001230_sentence-9.wav,3.16,3.251,0.091,w,k,I,N00605_female_66,False,o,ʋ
fn001231_sentence-15.wav,2.067,2.178,0.111,h,n,Y,N00605_female_66,False,o,h
fn001231_sentence-23.wav,1.678,1.809,0.131,h,r,E,N00605_female_66,False,o,h
fn001166_sentence-104.wav,0.693,0.795,0.102,r,y,o,N00666_female_43,False,o,r
fn001166_sentence-107.wav,1.154,1.275,0.121,m,a,E+,N00666_female_43,False,o,m
fn001166_sentence-11.wav,0.267,0.502,0.235,o,z,EOS,N00666_female_43,False,o,oː
fn001166_sentence-11.wav,0.031,0.185,0.154,u,h,z,N00666_female_43,False,o,uː
fn001166_sentence-111.wav,3.722,3.833,0.111,d,t,e,N00666_female_43,False,o,d
fn001166_sentence-12.wav,1.726,1.887,0.161,v,r,o,N00666_female_43,False,o,v
fn001166_sentence-130.wav,0.102,0.213,0.111,n,o,t,N00666_female_43,False,o,n
fn001166_sentence-131.wav,1.286,1.408,0.122,n,a,EOS,N00666_female_43,False,o,n
fn001166_sentence-133.wav,0.466,0.68,0.214,f,l,EOS,N00666_female_43,False,o,f
fn001166_sentence-136.wav,1.469,1.6,0.131,E,s,l,N00666_female_43,False,o,ɛ
fn001166_sentence-139.wav,2.898,3.019,0.121,l,i,I,N00666_female_43,False,o,l
fn001166_sentence-23.wav,8.69,8.821,0.131,h,t,A+,N00666_female_43,False,o,h
fn001166_sentence-24.wav,1.713,1.834,0.121,h,@,E+,N00666_female_43,False,o,h
fn001166_sentence-35.wav,1.424,1.525,0.101,d,l,A,N00666_female_43,False,o,d
fn001166_sentence-35.wav,7.273,7.404,0.131,d,o,@,N00666_female_43,False,o,d
fn001166_sentence-35.wav,2.321,2.422,0.101,d,@,Y+,N00666_female_43,False,o,d
fn001166_sentence-66.wav,0.683,0.795,0.112,w,f,a,N00666_female_43,False,o,ʋ
fn001166_sentence-72.wav,2.958,3.054,0.096,w,r,e,N00666_female_43,False,o,ʋ
fn001030_sentence-0.wav,0.0,0.103,0.103,d,SOS,e,N00517_female_59,False,o,d
fn001030_sentence-0.wav,0.246,0.369,0.123,l,e,e,N00517_female_59,False,o,l
fn001030_sentence-0.wav,0.574,0.708,0.134,n,e,EOS,N00517_female_59,False,o,n
fn001030_sentence-1.wav,10.47,10.612,0.142,@,d,t,N00517_female_59,False,o,ə
fn001030_sentence-1.wav,5.765,5.858,0.093,@,t,r,N00517_female_59,False,o,ə
fn001030_sentence-1.wav,9.273,9.458,0.185,i,l,j,N00517_female_59,False,o,iː
fn001030_sentence-1.wav,9.015,9.17,0.155,j,m,Y,N00517_female_59,False,o,j
fn001030_sentence-1.wav,0.0,0.112,0.112,I,SOS,g,N00517_female_59,False,o,ɪ
fn001030_sentence-1.wav,7.02,7.161,0.141,n,n,a,N00517_female_59,False,o,n
fn001030_sentence-1.wav,7.02,7.161,0.141,n,E+,n,N00517_female_59,False,o,n
fn001030_sentence-10.wav,1.134,1.287,0.153,v,e,@,N00517_female_59,False,o,v
fn001030_sentence-10.wav,0.807,0.93,0.123,l,@,e,N00517_female_59,False,o,l
fn001030_sentence-11.wav,1.546,1.697,0.151,A,@,N,N00517_female_59,False,o,ɑ
fn001030_sentence-11.wav,4.109,4.272,0.163,x,A,E,N00517_female_59,False,o,x
fn001030_sentence-11.wav,0.838,1.051,0.213,e,l,v,N00517_female_59,False,o,eː
fn001030_sentence-11.wav,2.511,2.665,0.154,n,A,t,N00517_female_59,False,o,n
fn001030_sentence-11.wav,1.051,1.182,0.131,v,e,@,N00517_female_59,False,o,v
fn001030_sentence-11.wav,0.717,0.838,0.121,l,@,e,N00517_female_59,False,o,l
fn001030_sentence-11.wav,2.192,2.326,0.134,b,r,r,N00517_female_59,False,o,b
fn001030_sentence-12.wav,8.091,8.334,0.243,e,b,r,N00517_female_59,False,o,eː
fn001030_sentence-12.wav,13.809,13.962,0.153,G,E,@,N00517_female_59,False,o,ɣ
fn001030_sentence-12.wav,5.647,5.798,0.151,A,x,l,N00517_female_59,False,o,ɑ
fn001030_sentence-12.wav,11.972,12.256,0.284,O,t,N,N00517_female_59,False,o,ɔ
fn001030_sentence-12.wav,14.508,14.661,0.153,p,o,@,N00517_female_59,False,o,p
fn001030_sentence-12.wav,12.256,12.398,0.142,N,O,E,N00517_female_59,False,o,ŋ
fn001030_sentence-12.wav,13.31,13.432,0.122,p,I,@,N00517_female_59,False,o,p
fn001030_sentence-12.wav,9.249,9.342,0.093,d,l,o,N00517_female_59,False,o,d
fn001030_sentence-13.wav,1.538,1.69,0.152,A,t,f,N00517_female_59,False,o,ɑ
fn001030_sentence-13.wav,1.052,1.214,0.162,A,x,l,N00517_female_59,False,o,ɑ
fn001030_sentence-13.wav,1.69,1.842,0.152,f,A,EOS,N00517_female_59,False,o,f
fn001030_sentence-14.wav,3.164,3.285,0.121,p,m,A,N00517_female_59,False,o,p
fn001030_sentence-14.wav,7.874,7.996,0.122,n,a,t,N00517_female_59,False,o,n
fn001030_sentence-14.wav,3.88,4.011,0.131,v,r,e,N00517_female_59,False,o,v
fn001030_sentence-16.wav,8.985,9.147,0.162,i,z,l,N00517_female_59,False,o,iː
fn001030_sentence-16.wav,1.714,1.826,0.112,h,r,e,N00517_female_59,False,o,h
fn001030_sentence-16.wav,4.605,4.746,0.141,n,A,t,N00517_female_59,False,o,n
fn001030_sentence-16.wav,11.112,11.234,0.122,p,I,@,N00517_female_59,False,o,p
fn001030_sentence-18.wav,10.71,10.902,0.192,i,n,r,N00517_female_59,False,o,iː
fn001030_sentence-18.wav,5.162,5.274,0.112,h,n,a,N00517_female_59,False,o,h
fn001030_sentence-18.wav,10.902,11.013,0.111,r,i,EOS,N00517_female_59,False,o,r
fn001030_sentence-18.wav,7.611,7.784,0.173,@,k,E,N00517_female_59,False,o,ə
fn001030_sentence-18.wav,9.961,10.072,0.111,d,a,r,N00517_female_59,False,o,d
fn001030_sentence-18.wav,1.184,1.285,0.101,@,z,z,N00517_female_59,False,o,ə
fn001030_sentence-18.wav,4.623,4.755,0.132,d,o,E,N00517_female_59,False,o,d
fn001030_sentence-19.wav,0.133,0.306,0.173,j,r,Y+,N00517_female_59,False,o,j
fn001030_sentence-2.wav,4.421,4.542,0.121,p,s,a,N00517_female_59,False,o,p
fn001030_sentence-21.wav,0.628,0.74,0.112,w,r,e,N00517_female_59,False,o,ʋ
fn001030_sentence-21.wav,6.002,6.152,0.15,v,@,E+,N00517_female_59,False,o,v
fn001030_sentence-23.wav,3.782,3.934,0.152,O,s,p,N00517_female_59,False,o,ɔ
fn001030_sentence-26.wav,1.975,2.137,0.162,N,A,EOS,N00517_female_59,False,o,ŋ
fn001030_sentence-27.wav,4.251,4.393,0.142,N,E,k,N00517_female_59,False,o,ŋ
fn001030_sentence-3.wav,2.323,2.606,0.283,A+,@,d,N00517_female_59,False,o,ɑu
fn001030_sentence-5.wav,0.0,0.101,0.101,w,SOS,@,N00517_female_59,False,o,ʋ
fn001030_sentence-5.wav,2.286,2.468,0.182,N,O,E,N00517_female_59,False,o,ŋ
fn001030_sentence-9.wav,0.967,1.091,0.124,N,O,v,N00517_female_59,False,o,ŋ
fn001031_sentence-0.wav,1.733,1.854,0.121,h,@,a,N00517_female_59,False,o,h
fn001031_sentence-109.wav,5.302,5.413,0.111,h,@,E,N00517_female_59,False,o,h
fn001031_sentence-13.wav,3.11,3.241,0.131,N,I,k,N00517_female_59,False,o,ŋ
fn001031_sentence-16.wav,10.303,10.414,0.111,w,i,o,N00517_female_59,False,o,ʋ
fn001031_sentence-43.wav,0.766,0.866,0.1,w,x,E,N00517_female_59,False,o,ʋ
fn001143_sentence-0.wav,0.609,0.823,0.214,e,t,E,N00643_female_41,False,o,eː
fn001143_sentence-1.wav,1.979,2.101,0.122,m,l,e,N00643_female_41,False,o,m
fn001143_sentence-1.wav,1.649,1.797,0.148,v,e,e,N00643_female_41,False,o,v
fn001143_sentence-1.wav,6.84,6.991,0.151,t,l,m,N00643_female_41,False,o,t
fn001143_sentence-1.wav,2.781,2.943,0.162,f,A,A,N00643_female_41,False,o,f
fn001143_sentence-1.wav,4.744,4.855,0.111,I,r,p,N00643_female_41,False,o,ɪ
fn001143_sentence-1.wav,3.227,3.409,0.182,k,A,@,N00643_female_41,False,o,k
fn001143_sentence-100.wav,0.789,0.921,0.132,E,w,G,N00643_female_41,False,o,ɛ
fn001143_sentence-100.wav,0.921,1.113,0.192,G,E,EOS,N00643_female_41,False,o,ɣ
fn001143_sentence-101.wav,0.991,1.245,0.254,x,A,EOS,N00643_female_41,False,o,x
fn001143_sentence-103.wav,1.751,1.913,0.162,x,A,t,N00643_female_41,False,o,x
fn001143_sentence-103.wav,0.354,0.476,0.122,r,y,E,N00643_female_41,False,o,r
fn001143_sentence-103.wav,1.984,2.095,0.111,@,t,EOS,N00643_female_41,False,o,ə
fn001143_sentence-103.wav,0.101,0.233,0.132,n,E,n,N00643_female_41,False,o,n
fn001143_sentence-103.wav,0.101,0.233,0.132,n,n,y,N00643_female_41,False,o,n
fn001143_sentence-104.wav,1.202,1.364,0.162,i,b,EOS,N00643_female_41,False,o,iː
fn001143_sentence-104.wav,0.435,0.596,0.161,@,t,O,N00643_female_41,False,o,ə
fn001143_sentence-106.wav,1.832,2.014,0.182,t,o,EOS,N00643_female_41,False,o,t
fn001143_sentence-106.wav,0.546,0.648,0.102,@,m,w,N00643_female_41,False,o,ə
fn001143_sentence-107.wav,0.457,0.579,0.122,w,i,@,N00643_female_41,False,o,ʋ
fn001143_sentence-107.wav,0.213,0.355,0.142,n,E+,n,N00643_female_41,False,o,n
fn001143_sentence-107.wav,0.213,0.355,0.142,n,n,i,N00643_female_41,False,o,n
fn001143_sentence-108.wav,0.372,0.496,0.124,n,A,t,N00643_female_41,False,o,n
fn001143_sentence-109.wav,1.518,1.68,0.162,v,@,r,N00643_female_41,False,o,v
fn001143_sentence-109.wav,3.429,3.561,0.132,A,n,r,N00643_female_41,False,o,ɑ
fn001143_sentence-109.wav,1.963,2.186,0.223,@,d,l,N00643_female_41,False,o,ə
fn001143_sentence-112.wav,1.257,1.44,0.183,u,r,r,N00643_female_41,False,o,uː
fn001143_sentence-112.wav,3.535,3.646,0.111,@,d,EOS,N00643_female_41,False,o,ə
fn001143_sentence-113.wav,0.773,0.905,0.132,h,@,E,N00643_female_41,False,o,h
fn001143_sentence-113.wav,0.437,0.579,0.142,A,n,l,N00643_female_41,False,o,ɑ
fn001143_sentence-117.wav,0.189,0.321,0.132,v,@,O,N00643_female_41,False,o,v
fn001143_sentence-118.wav,0.485,0.637,0.152,A,l,N,N00643_female_41,False,o,ɑ
fn001143_sentence-118.wav,2.715,2.871,0.156,p,o,E,N00643_female_41,False,o,p
fn001143_sentence-119.wav,1.193,1.324,0.131,N,I,EOS,N00643_female_41,False,o,ŋ
fn001143_sentence-12.wav,1.04,1.172,0.132,v,n,E+,N00643_female_41,False,o,v
fn001143_sentence-121.wav,0.443,0.574,0.131,v,E+,r,N00643_female_41,False,o,v
fn001143_sentence-124.wav,2.999,3.13,0.131,r,a,r,N00643_female_41,False,o,r
fn001143_sentence-124.wav,2.999,3.13,0.131,r,r,O,N00643_female_41,False,o,r
fn001143_sentence-126.wav,1.921,2.043,0.122,h,@,A,N00643_female_41,False,o,h
fn001143_sentence-126.wav,4.51,4.651,0.141,r,A,m,N00643_female_41,False,o,r
fn001143_sentence-13.wav,0.95,1.061,0.111,h,r,e,N00643_female_41,False,o,h
fn001143_sentence-133.wav,0.262,0.585,0.323,A+,w,z,N00643_female_41,False,o,ɑu
fn001143_sentence-138.wav,0.712,0.813,0.101,d,l,w,N00643_female_41,False,o,d
fn001143_sentence-14.wav,0.978,1.089,0.111,r,t,a,N00643_female_41,False,o,r
fn001143_sentence-145.wav,0.375,0.486,0.111,h,n,A,N00643_female_41,False,o,h
fn001143_sentence-145.wav,4.233,4.394,0.161,b,A,O,N00643_female_41,False,o,b
fn001143_sentence-145.wav,3.297,3.548,0.251,u,n,r,N00643_female_41,False,o,uː
fn001143_sentence-151.wav,0.672,0.939,0.267,A+,s,t,N00643_female_41,False,o,ɑu
fn001143_sentence-155.wav,2.83,3.115,0.285,A+,r,w,N00643_female_41,False,o,ɑu
fn001143_sentence-157.wav,2.394,2.485,0.091,w,n,A,N00643_female_41,False,o,ʋ
fn001143_sentence-163.wav,2.842,2.933,0.091,w,i,@,N00643_female_41,False,o,ʋ
fn001143_sentence-37.wav,0.864,0.985,0.121,Y,m,x,N00643_female_41,False,o,ʉ
fn001143_sentence-73.wav,0.0,0.094,0.094,w,SOS,A,N00643_female_41,False,o,ʋ
fn001248_sentence-10.wav,0.517,0.673,0.156,t,r,I,N00614_female_34,False,o,t
fn001248_sentence-10.wav,0.29,0.404,0.114,h,n,A,N00614_female_34,False,o,h
fn001248_sentence-10.wav,1.281,1.433,0.152,A,r,l,N00614_female_34,False,o,ɑ
fn001248_sentence-11.wav,2.915,3.078,0.163,t,I,EOS,N00614_female_34,False,o,t
fn001248_sentence-12.wav,1.741,1.842,0.101,@,d,d,N00614_female_34,False,o,ə
fn001248_sentence-15.wav,2.704,2.875,0.171,f,E+,EOS,N00614_female_34,False,o,f
fn001248_sentence-16.wav,0.253,0.385,0.132,A,s,l,N00614_female_34,False,o,ɑ
fn001248_sentence-18.wav,1.581,1.713,0.132,v,@,u,N00614_female_34,False,o,v
fn001248_sentence-18.wav,0.751,0.916,0.165,k,u,k,N00614_female_34,False,o,k
fn001248_sentence-2.wav,0.398,0.521,0.123,n,i,j,N00614_female_34,False,o,n
fn001248_sentence-2.wav,0.644,0.776,0.132,n,y,i,N00614_female_34,False,o,n
fn001248_sentence-20.wav,1.944,2.108,0.164,m,m,I,N00614_female_34,False,o,m
fn001248_sentence-20.wav,1.944,2.108,0.164,m,a,m,N00614_female_34,False,o,m
fn001248_sentence-20.wav,0.709,0.812,0.103,I,n,k,N00614_female_34,False,o,ɪ
fn001248_sentence-20.wav,0.812,0.956,0.144,k,I,m,N00614_female_34,False,o,k
fn001248_sentence-21.wav,1.039,1.171,0.132,t,A+,EOS,N00614_female_34,False,o,t
fn001248_sentence-22.wav,1.159,1.291,0.132,t,r,EOS,N00614_female_34,False,o,t
fn001248_sentence-22.wav,0.214,0.366,0.152,h,n,a,N00614_female_34,False,o,h
fn001248_sentence-24.wav,1.108,1.25,0.142,N,O,EOS,N00614_female_34,False,o,ŋ
fn001248_sentence-26.wav,2.191,2.333,0.142,A,l,l,N00614_female_34,False,o,ɑ
fn001248_sentence-28.wav,4.416,4.517,0.101,r,d,a,N00614_female_34,False,o,r
fn001248_sentence-28.wav,2.166,2.358,0.192,A,v,l,N00614_female_34,False,o,ɑ
fn001248_sentence-31.wav,2.931,3.176,0.245,o,b,r,N00614_female_34,False,o,oː
fn001248_sentence-31.wav,0.931,1.052,0.121,v,E,e,N00614_female_34,False,o,v
fn001248_sentence-31.wav,1.325,1.548,0.223,@,t,x,N00614_female_34,False,o,ə
fn001248_sentence-31.wav,1.153,1.265,0.112,r,e,t,N00614_female_34,False,o,r
fn001248_sentence-32.wav,6.448,6.559,0.111,I,z,n,N00614_female_34,False,o,ɪ
fn001248_sentence-32.wav,1.487,1.608,0.121,h,n,Y+,N00614_female_34,False,o,h
fn001248_sentence-33.wav,0.074,0.294,0.22,y,n,b,N00614_female_34,False,o,yː
fn001248_sentence-34.wav,1.439,1.561,0.122,@,b,z,N00614_female_34,False,o,ə
fn001248_sentence-36.wav,1.744,1.855,0.111,h,@,E,N00614_female_34,False,o,h
fn001248_sentence-37.wav,2.674,2.776,0.102,@,N,w,N00614_female_34,False,o,ə
fn001248_sentence-38.wav,0.314,0.415,0.101,r,d,o,N00614_female_34,False,o,r
fn001248_sentence-38.wav,1.7,1.801,0.101,@,G,EOS,N00614_female_34,False,o,ə
fn001248_sentence-40.wav,1.057,1.189,0.132,r,O,v,N00614_female_34,False,o,r
fn001248_sentence-40.wav,3.247,3.398,0.151,O,l,m,N00614_female_34,False,o,ɔ
fn001248_sentence-42.wav,1.288,1.41,0.122,r,v,E+,N00614_female_34,False,o,r
fn001248_sentence-47.wav,2.875,3.1,0.225,f,E+,EOS,N00614_female_34,False,o,f
fn001248_sentence-50.wav,0.122,0.213,0.091,w,t,o,N00614_female_34,False,o,ʋ
fn001248_sentence-50.wav,1.628,1.81,0.182,f,u,t,N00614_female_34,False,o,f
fn001248_sentence-53.wav,0.318,0.442,0.124,h,n,E+,N00614_female_34,False,o,h
fn001248_sentence-59.wav,4.49,4.715,0.225,f,i,EOS,N00614_female_34,False,o,f
fn001248_sentence-60.wav,1.164,1.276,0.112,h,@,e,N00614_female_34,False,o,h
fn001249_sentence-11.wav,4.548,4.67,0.122,p,a,i,N00614_female_34,False,o,p
fn001249_sentence-12.wav,0.917,1.071,0.154,h,n,e,N00614_female_34,False,o,h
fn001249_sentence-14.wav,1.066,1.208,0.142,f,i,l,N00614_female_34,False,o,f
fn001249_sentence-2.wav,0.132,0.224,0.092,w,i,o,N00614_female_34,False,o,ʋ
fn001249_sentence-54.wav,3.244,3.458,0.214,y,x,r,N00614_female_34,False,o,yː
fn001366_sentence-0.wav,0.0,0.111,0.111,d,SOS,e,N00710_male_66,False,o,d
fn001366_sentence-0.wav,0.507,0.669,0.162,n,e,EOS,N00710_male_66,False,o,n
fn001366_sentence-1.wav,0.0,0.111,0.111,d,SOS,@,N00710_male_66,False,o,d
fn001366_sentence-11.wav,1.173,1.305,0.132,n,A,EOS,N00710_male_66,False,o,n
fn001366_sentence-12.wav,1.58,1.681,0.101,d,r,@,N00710_male_66,False,o,d
fn001366_sentence-12.wav,0.798,0.889,0.091,w,@,a,N00710_male_66,False,o,ʋ
fn001366_sentence-13.wav,0.93,1.082,0.152,A,@,l,N00710_male_66,False,o,ɑ
fn001366_sentence-14.wav,0.0,0.112,0.112,@,SOS,n,N00710_male_66,False,o,ə
fn001366_sentence-14.wav,1.973,2.148,0.175,t,r,E,N00710_male_66,False,o,t
fn001366_sentence-14.wav,1.872,1.973,0.101,r,a,t,N00710_male_66,False,o,r
fn001366_sentence-15.wav,0.112,0.243,0.131,A,n,n,N00710_male_66,False,o,ɑ
fn001366_sentence-15.wav,1.335,1.446,0.111,n,A,v,N00710_male_66,False,o,n
fn001366_sentence-15.wav,0.708,0.85,0.142,@,x,n,N00710_male_66,False,o,ə
fn001366_sentence-16.wav,0.842,0.964,0.122,l,a,E,N00710_male_66,False,o,l
fn001366_sentence-16.wav,1.755,1.998,0.243,s,o,EOS,N00710_male_66,False,o,s
fn001366_sentence-17.wav,0.79,0.924,0.134,@,d,h,N00710_male_66,False,o,ə
fn001366_sentence-17.wav,2.052,2.153,0.101,d,z,e,N00710_male_66,False,o,d
fn001366_sentence-18.wav,3.296,3.408,0.112,I,t,n,N00710_male_66,False,o,ɪ
fn001366_sentence-18.wav,3.801,3.962,0.161,n,e,EOS,N00710_male_66,False,o,n
fn001366_sentence-2.wav,0.203,0.364,0.161,n,e,EOS,N00710_male_66,False,o,n
fn001366_sentence-20.wav,0.694,0.825,0.131,m,E,w,N00710_male_66,False,o,m
fn001366_sentence-20.wav,0.825,0.967,0.142,w,m,a,N00710_male_66,False,o,ʋ
fn001366_sentence-20.wav,4.707,4.87,0.163,m,A,EOS,N00710_male_66,False,o,m
fn001366_sentence-21.wav,3.875,3.996,0.121,n,A,v,N00710_male_66,False,o,n
fn001366_sentence-21.wav,0.666,0.807,0.141,m,E,w,N00710_male_66,False,o,m
fn001366_sentence-21.wav,1.75,1.913,0.163,j,a,@,N00710_male_66,False,o,j
fn001366_sentence-22.wav,0.949,1.061,0.112,r,@,r,N00710_male_66,False,o,r
fn001366_sentence-22.wav,0.949,1.061,0.112,r,r,e,N00710_male_66,False,o,r
fn001366_sentence-23.wav,7.835,7.968,0.133,N,I,EOS,N00710_male_66,False,o,ŋ
fn001366_sentence-24.wav,0.0,0.119,0.119,d,SOS,A,N00710_male_66,False,o,d
fn001366_sentence-25.wav,4.301,4.548,0.247,i,b,r,N00710_male_66,False,o,iː
fn001366_sentence-25.wav,4.156,4.301,0.145,b,s,i,N00710_male_66,False,o,b
fn001366_sentence-28.wav,0.0,0.127,0.127,E,SOS,l,N00710_male_66,False,o,ɛ
fn001366_sentence-29.wav,0.646,0.757,0.111,r,o,@,N00710_male_66,False,o,r
fn001366_sentence-35.wav,5.342,5.473,0.131,N,A,EOS,N00710_male_66,False,o,ŋ
fn001366_sentence-40.wav,0.0,0.112,0.112,I,SOS,k,N00710_male_66,False,o,ɪ
fn001366_sentence-41.wav,0.0,0.117,0.117,I,SOS,n,N00710_male_66,False,o,ɪ
fn001366_sentence-41.wav,0.571,0.683,0.112,w,s,a,N00710_male_66,False,o,ʋ
fn001366_sentence-44.wav,2.408,2.528,0.12,r,w,A,N00710_male_66,False,o,r
fn001366_sentence-45.wav,8.381,8.512,0.131,I,x,n,N00710_male_66,False,o,ɪ
fn001366_sentence-45.wav,4.299,4.43,0.131,N,A,v,N00710_male_66,False,o,ŋ
fn001366_sentence-45.wav,1.408,1.53,0.122,p,O,O,N00710_male_66,False,o,p
fn001366_sentence-51.wav,0.839,0.961,0.122,I,s,n,N00710_male_66,False,o,ɪ
fn001366_sentence-6.wav,1.167,1.42,0.253,y,l,l,N00710_male_66,False,o,yː
fn001366_sentence-8.wav,6.663,6.824,0.161,f,O,s,N00710_male_66,False,o,f
fn001367_sentence-10.wav,2.995,3.086,0.091,w,t,A,N00710_male_66,False,o,ʋ
fn001367_sentence-13.wav,2.386,2.477,0.091,w,m,a,N00710_male_66,False,o,ʋ
fn001367_sentence-16.wav,2.185,2.337,0.152,I,@,n,N00710_male_66,False,o,ɪ
fn001367_sentence-19.wav,3.786,3.937,0.151,I,p,n,N00710_male_66,False,o,ɪ
fn001367_sentence-19.wav,2.796,2.897,0.101,w,@,o,N00710_male_66,False,o,ʋ
fn001367_sentence-22.wav,1.281,1.382,0.101,w,p,A,N00710_male_66,False,o,ʋ
fn001550_sentence-1.wav,1.547,1.72,0.173,t,l,EOS,N00818_male_74,False,o,t
fn001550_sentence-11.wav,1.14,1.242,0.102,@,G,EOS,N00818_male_74,False,o,ə
fn001550_sentence-12.wav,0.593,0.745,0.152,I,@,n,N00818_male_74,False,o,ɪ
fn001550_sentence-12.wav,1.504,1.666,0.162,i,r,E,N00818_male_74,False,o,iː
fn001550_sentence-13.wav,0.596,0.728,0.132,v,@,E,N00818_male_74,False,o,v
fn001550_sentence-13.wav,0.982,1.083,0.101,r,n,A+,N00818_male_74,False,o,r
fn001550_sentence-14.wav,1.499,1.6,0.101,@,l,n,N00818_male_74,False,o,ə
fn001550_sentence-14.wav,0.834,0.985,0.151,f,e,s,N00818_male_74,False,o,f
fn001550_sentence-14.wav,0.0,0.117,0.117,w,SOS,a,N00818_male_74,False,o,ʋ
fn001550_sentence-15.wav,1.658,1.79,0.132,t,i,EOS,N00818_male_74,False,o,t
fn001550_sentence-16.wav,2.776,2.898,0.122,m,r,e,N00818_male_74,False,o,m
fn001550_sentence-16.wav,0.515,0.657,0.142,x,O,@,N00818_male_74,False,o,x
fn001550_sentence-16.wav,3.898,4.04,0.142,t,i,EOS,N00818_male_74,False,o,t
fn001550_sentence-16.wav,1.708,1.93,0.222,u,l,r,N00818_male_74,False,o,uː
fn001550_sentence-16.wav,3.051,3.214,0.163,f,e,h,N00818_male_74,False,o,f
fn001550_sentence-17.wav,3.118,3.261,0.143,A,@,l,N00818_male_74,False,o,ɑ
fn001550_sentence-18.wav,0.126,0.31,0.184,k,I,d,N00818_male_74,False,o,k
fn001550_sentence-18.wav,1.611,1.794,0.183,x,o,EOS,N00818_male_74,False,o,x
fn001550_sentence-20.wav,2.413,2.545,0.132,d,x,E,N00818_male_74,False,o,d
fn001550_sentence-20.wav,0.663,0.827,0.164,k,I,t,N00818_male_74,False,o,k
fn001550_sentence-22.wav,0.715,0.848,0.133,t,i,EOS,N00818_male_74,False,o,t
fn001550_sentence-23.wav,0.565,0.687,0.122,I,t,N,N00818_male_74,False,o,ɪ
fn001550_sentence-25.wav,0.719,0.852,0.133,p,O,EOS,N00818_male_74,False,o,p
fn001550_sentence-25.wav,0.195,0.329,0.134,l,s,a,N00818_male_74,False,o,l
fn001550_sentence-27.wav,1.145,1.309,0.164,k,N,EOS,N00818_male_74,False,o,k
fn001550_sentence-27.wav,1.022,1.145,0.123,N,O,k,N00818_male_74,False,o,ŋ
fn001550_sentence-28.wav,0.984,1.127,0.143,I,E+,k,N00818_male_74,False,o,ɪ
fn001550_sentence-30.wav,0.822,0.914,0.092,w,p,A,N00818_male_74,False,o,ʋ
fn001550_sentence-34.wav,1.189,1.331,0.142,f,e,h,N00818_male_74,False,o,f
fn001550_sentence-34.wav,0.128,0.281,0.153,j,A+,a,N00818_male_74,False,o,j
fn001550_sentence-36.wav,2.738,2.87,0.132,l,n,E+,N00818_male_74,False,o,l
fn001550_sentence-38.wav,0.527,0.73,0.203,f,e,EOS,N00818_male_74,False,o,f
fn001550_sentence-47.wav,0.567,0.669,0.102,d,r,O,N00818_male_74,False,o,d
fn001550_sentence-49.wav,1.079,1.202,0.123,b,l,E+,N00818_male_74,False,o,b
fn001550_sentence-51.wav,0.855,0.997,0.142,x,@,E,N00818_male_74,False,o,x
fn001550_sentence-52.wav,0.31,0.462,0.152,x,@,E+,N00818_male_74,False,o,x
fn001550_sentence-60.wav,0.492,0.616,0.124,N,A,EOS,N00818_male_74,False,o,ŋ
fn001550_sentence-64.wav,1.196,1.358,0.162,f,f,o,N00818_male_74,False,o,f
fn001550_sentence-64.wav,1.196,1.358,0.162,f,e,f,N00818_male_74,False,o,f
fn001551_sentence-110.wav,0.86,1.012,0.152,r,n,o,N00818_male_74,False,o,r
fn001551_sentence-3.wav,2.409,2.53,0.121,h,n,Y+,N00818_male_74,False,o,h
fn001551_sentence-60.wav,1.829,1.941,0.112,h,@,o,N00818_male_74,False,o,h
fn001078_sentence-10.wav,3.033,3.134,0.101,@,l,z,N00535_female_60,False,o,ə
fn001078_sentence-10.wav,3.854,3.996,0.142,t,r,EOS,N00535_female_60,False,o,t
fn001078_sentence-11.wav,3.625,3.797,0.172,i,r,v,N00535_female_60,False,o,iː
fn001078_sentence-11.wav,1.538,1.73,0.192,s,r,E,N00535_female_60,False,o,s
fn001078_sentence-11.wav,2.766,2.887,0.121,@,G,d,N00535_female_60,False,o,ə
fn001078_sentence-11.wav,4.091,4.192,0.101,r,i,@,N00535_female_60,False,o,r
fn001078_sentence-11.wav,7.606,7.707,0.101,w,@,u,N00535_female_60,False,o,ʋ
fn001078_sentence-11.wav,4.192,4.353,0.161,@,r,d,N00535_female_60,False,o,ə
fn001078_sentence-11.wav,3.868,4.091,0.223,i,v,r,N00535_female_60,False,o,iː
fn001078_sentence-12.wav,0.651,0.896,0.245,s,n,d,N00535_female_60,False,o,s
fn001078_sentence-12.wav,2.572,2.673,0.101,r,O,m,N00535_female_60,False,o,r
fn001078_sentence-12.wav,0.518,0.651,0.133,n,e,s,N00535_female_60,False,o,n
fn001078_sentence-12.wav,2.673,2.846,0.173,m,r,l,N00535_female_60,False,o,m
fn001078_sentence-12.wav,0.0,0.129,0.129,E,SOS,n,N00535_female_60,False,o,ɛ
fn001078_sentence-13.wav,0.916,1.131,0.215,i,v,r,N00535_female_60,False,o,iː
fn001078_sentence-14.wav,0.447,0.548,0.101,d,e,@,N00535_female_60,False,o,d
fn001078_sentence-14.wav,3.666,3.808,0.142,x,Y,t,N00535_female_60,False,o,x
fn001078_sentence-15.wav,6.715,6.827,0.112,@,d,r,N00535_female_60,False,o,ə
fn001078_sentence-15.wav,4.639,4.782,0.143,t,k,d,N00535_female_60,False,o,t
fn001078_sentence-15.wav,3.69,3.833,0.143,f,o,t,N00535_female_60,False,o,f
fn001078_sentence-15.wav,9.29,9.382,0.092,w,r,A+,N00535_female_60,False,o,ʋ
fn001078_sentence-15.wav,1.944,2.108,0.164,t,r,r,N00535_female_60,False,o,t
fn001078_sentence-15.wav,10.299,10.452,0.153,t,w,EOS,N00535_female_60,False,o,t
fn001078_sentence-15.wav,3.445,3.568,0.123,h,@,o,N00535_female_60,False,o,h
fn001078_sentence-15.wav,0.138,0.28,0.142,n,E,o,N00535_female_60,False,o,n
fn001078_sentence-15.wav,2.108,2.211,0.103,r,t,a,N00535_female_60,False,o,r
fn001078_sentence-15.wav,10.083,10.176,0.093,d,r,y,N00535_female_60,False,o,d
fn001078_sentence-15.wav,0.0,0.138,0.138,E,SOS,n,N00535_female_60,False,o,ɛ
fn001078_sentence-16.wav,0.0,0.133,0.133,I,SOS,k,N00535_female_60,False,o,ɪ
fn001078_sentence-17.wav,0.403,0.535,0.132,E,s,l,N00535_female_60,False,o,ɛ
fn001078_sentence-18.wav,2.082,2.264,0.182,j,r,a,N00535_female_60,False,o,j
fn001078_sentence-18.wav,3.241,3.403,0.162,l,Y+,O,N00535_female_60,False,o,l
fn001078_sentence-18.wav,11.741,11.842,0.101,r,d,a,N00535_female_60,False,o,r
fn001078_sentence-20.wav,0.108,0.221,0.113,I,E+,s,N00535_female_60,False,o,ɪ
fn001078_sentence-22.wav,5.695,5.796,0.101,r,t,Y+,N00535_female_60,False,o,r
fn001078_sentence-23.wav,4.329,4.521,0.192,f,O,O,N00535_female_60,False,o,f
fn001078_sentence-23.wav,2.274,2.426,0.152,j,o,Y+,N00535_female_60,False,o,j
fn001078_sentence-24.wav,1.57,1.729,0.159,I,t,s,N00535_female_60,False,o,ɪ
fn001078_sentence-24.wav,3.98,4.081,0.101,r,o,E+,N00535_female_60,False,o,r
fn001078_sentence-25.wav,13.134,13.235,0.101,r,t,E+,N00535_female_60,False,o,r
fn001078_sentence-27.wav,0.865,0.986,0.121,m,r,@,N00535_female_60,False,o,m
fn001078_sentence-33.wav,6.765,6.876,0.111,w,r,e,N00535_female_60,False,o,ʋ
fn001078_sentence-6.wav,0.185,0.308,0.123,h,a,A,N00535_female_60,False,o,h
fn001078_sentence-6.wav,1.498,1.63,0.132,l,e,O:,N00535_female_60,False,o,l
fn001079_sentence-1.wav,1.815,1.907,0.092,w,y,@,N00535_female_60,False,o,ʋ
fn001079_sentence-16.wav,1.724,1.845,0.121,h,@,a,N00535_female_60,False,o,h
fn001079_sentence-30.wav,1.394,1.526,0.132,w,l,@,N00535_female_60,False,o,ʋ
fn001079_sentence-32.wav,0.698,0.882,0.184,N,A,EOS,N00535_female_60,False,o,ŋ
fn001079_sentence-60.wav,1.111,1.303,0.192,w,i,I,N00535_female_60,False,o,ʋ
fn001079_sentence-64.wav,0.736,0.827,0.091,w,i,@,N00535_female_60,False,o,ʋ
fn001079_sentence-73.wav,1.984,2.075,0.091,w,k,a,N00535_female_60,False,o,ʋ
fn001079_sentence-75.wav,2.039,2.14,0.101,w,r,A+,N00535_female_60,False,o,ʋ
fn001061_sentence-0.wav,0.532,0.778,0.246,x,o,EOS,N00561_female_43,False,o,x
fn001061_sentence-1.wav,1.026,1.158,0.132,t,A,O,N00561_female_43,False,o,t
fn001061_sentence-1.wav,1.25,1.351,0.101,r,O,@,N00561_female_43,False,o,r
fn001061_sentence-1.wav,15.151,15.262,0.111,@,b,EOS,N00561_female_43,False,o,ə
fn001061_sentence-1.wav,9.842,10.015,0.173,u,s,t,N00561_female_43,False,o,uː
fn001061_sentence-1.wav,0.864,1.026,0.162,A,n,t,N00561_female_43,False,o,ɑ
fn001061_sentence-1.wav,6.687,6.778,0.091,w,t,e,N00561_female_43,False,o,ʋ
fn001061_sentence-1.wav,14.918,15.06,0.142,h,t,@,N00561_female_43,False,o,h
fn001061_sentence-1.wav,3.273,3.374,0.101,@,t,@,N00561_female_43,False,o,ə
fn001061_sentence-10.wav,1.203,1.294,0.091,w,d,A,N00561_female_43,False,o,ʋ
fn001061_sentence-10.wav,2.244,2.345,0.101,@,k,O,N00561_female_43,False,o,ə
fn001061_sentence-11.wav,6.932,7.028,0.096,@,z,p,N00561_female_43,False,o,ə
fn001061_sentence-11.wav,6.75,6.872,0.122,n,O,z,N00561_female_43,False,o,n
fn001061_sentence-11.wav,7.579,7.71,0.131,E,x,r,N00561_female_43,False,o,ɛ
fn001061_sentence-12.wav,5.539,5.65,0.111,I,x,l,N00561_female_43,False,o,ɪ
fn001061_sentence-12.wav,5.093,5.215,0.122,r,t,o,N00561_female_43,False,o,r
fn001061_sentence-12.wav,2.949,3.163,0.214,e,p,r,N00561_female_43,False,o,eː
fn001061_sentence-12.wav,4.294,4.395,0.101,r,@,@,N00561_female_43,False,o,r
fn001061_sentence-12.wav,3.98,4.112,0.132,A,@,n,N00561_female_43,False,o,ɑ
fn001061_sentence-13.wav,2.097,2.218,0.121,n,I,E,N00561_female_43,False,o,n
fn001061_sentence-13.wav,0.444,0.605,0.161,u,s,h,N00561_female_43,False,o,uː
fn001061_sentence-13.wav,1.966,2.097,0.131,I,s,n,N00561_female_43,False,o,ɪ
fn001061_sentence-14.wav,6.435,6.556,0.121,p,A,E,N00561_female_43,False,o,p
fn001061_sentence-14.wav,11.143,11.264,0.121,p,O,EOS,N00561_female_43,False,o,p
fn001061_sentence-15.wav,1.512,1.673,0.161,E,p,l,N00561_female_43,False,o,ɛ
fn001061_sentence-15.wav,1.38,1.512,0.132,p,A,E,N00561_female_43,False,o,p
fn001061_sentence-16.wav,10.297,10.418,0.121,n,r,2,N00561_female_43,False,o,n
fn001061_sentence-16.wav,6.538,6.649,0.111,h,@,E+,N00561_female_43,False,o,h
fn001061_sentence-16.wav,9.356,9.488,0.132,N,I,O,N00561_female_43,False,o,ŋ
fn001061_sentence-16.wav,13.077,13.189,0.112,I,b,d,N00561_female_43,False,o,ɪ
fn001061_sentence-16.wav,13.189,13.282,0.093,d,I,@,N00561_female_43,False,o,d
fn001061_sentence-16.wav,1.434,1.692,0.258,Y+,@,t,N00561_female_43,False,o,œy
fn001061_sentence-16.wav,8.835,8.958,0.123,h,n,a,N00561_female_43,False,o,h
fn001061_sentence-16.wav,7.001,7.112,0.111,d,@,A,N00561_female_43,False,o,d
fn001061_sentence-17.wav,3.464,3.632,0.168,f,@,O,N00561_female_43,False,o,f
fn001061_sentence-17.wav,0.998,1.1,0.102,d,@,o,N00561_female_43,False,o,d
fn001061_sentence-18.wav,8.875,9.007,0.132,E,p,r,N00561_female_43,False,o,ɛ
fn001061_sentence-19.wav,7.427,7.549,0.122,v,i,o,N00561_female_43,False,o,v
fn001061_sentence-19.wav,9.7,9.812,0.112,h,i,A,N00561_female_43,False,o,h
fn001061_sentence-21.wav,3.423,3.544,0.121,v,i,l,N00561_female_43,False,o,v
fn001061_sentence-23.wav,2.97,3.092,0.122,d,k,o,N00561_female_43,False,o,d
fn001061_sentence-23.wav,3.519,3.702,0.183,N,A,EOS,N00561_female_43,False,o,ŋ
fn001061_sentence-24.wav,7.106,7.239,0.133,m,r,@,N00561_female_43,False,o,m
fn001061_sentence-27.wav,0.133,0.265,0.132,w,n,A,N00561_female_43,False,o,ʋ
fn001061_sentence-4.wav,5.196,5.418,0.222,j,e,e,N00561_female_43,False,o,j
fn001061_sentence-40.wav,0.939,1.07,0.131,b,@,e,N00561_female_43,False,o,b
fn001061_sentence-44.wav,4.117,4.224,0.107,w,@,a,N00561_female_43,False,o,ʋ
fn001061_sentence-5.wav,0.863,0.964,0.101,w,@,E,N00561_female_43,False,o,ʋ
fn001061_sentence-57.wav,1.364,1.485,0.121,w,t,A,N00561_female_43,False,o,ʋ
fn001386_sentence-0.wav,0.557,0.768,0.211,e,k,n,N00720_male_59,False,o,eː
fn001386_sentence-0.wav,0.768,0.881,0.113,n,e,EOS,N00720_male_59,False,o,n
fn001386_sentence-1.wav,1.176,1.298,0.122,@,n,t,N00720_male_59,False,o,ə
fn001386_sentence-11.wav,4.666,4.838,0.172,u,r,r,N00720_male_59,False,o,uː
fn001386_sentence-11.wav,5.854,6.127,0.273,e,z,z,N00720_male_59,False,o,eː
fn001386_sentence-12.wav,4.126,4.278,0.152,j,@,a,N00720_male_59,False,o,j
fn001386_sentence-14.wav,0.071,0.19,0.119,I,k,n,N00720_male_59,False,o,ɪ
fn001386_sentence-16.wav,0.077,0.179,0.102,@,d,h,N00720_male_59,False,o,ə
fn001386_sentence-17.wav,4.263,4.384,0.121,l,E,I,N00720_male_59,False,o,l
fn001386_sentence-23.wav,2.424,2.556,0.132,d,a,o,N00720_male_59,False,o,d
fn001386_sentence-26.wav,0.502,0.644,0.142,b,@,Y+,N00720_male_59,False,o,b
fn001386_sentence-27.wav,6.654,6.786,0.132,b,@,Y+,N00720_male_59,False,o,b
fn001386_sentence-27.wav,2.462,2.584,0.122,v,m,i,N00720_male_59,False,o,v
fn001386_sentence-28.wav,2.659,2.821,0.162,I,a,N,N00720_male_59,False,o,ɪ
fn001386_sentence-29.wav,4.499,4.631,0.132,I,t,n,N00720_male_59,False,o,ɪ
fn001386_sentence-29.wav,6.358,6.459,0.101,w,@,o,N00720_male_59,False,o,ʋ
fn001386_sentence-30.wav,2.892,2.993,0.101,w,@,a,N00720_male_59,False,o,ʋ
fn001386_sentence-32.wav,2.939,3.039,0.1,w,@,o,N00720_male_59,False,o,ʋ
fn001386_sentence-34.wav,4.07,4.192,0.122,v,w,@,N00720_male_59,False,o,v
fn001386_sentence-35.wav,2.996,3.087,0.091,w,@,e,N00720_male_59,False,o,ʋ
fn001386_sentence-36.wav,3.7,3.791,0.091,w,@,o,N00720_male_59,False,o,ʋ
fn001386_sentence-36.wav,6.233,6.365,0.132,b,O,A+,N00720_male_59,False,o,b
fn001386_sentence-38.wav,0.464,0.586,0.122,v,e,@,N00720_male_59,False,o,v
fn001386_sentence-41.wav,1.399,1.51,0.111,r,2,e,N00720_male_59,False,o,r
fn001386_sentence-45.wav,1.719,1.831,0.112,h,s,Y+,N00720_male_59,False,o,h
fn001387_sentence-137.wav,5.097,5.229,0.132,N,A,EOS,N00720_male_59,False,o,ŋ
fn001462_sentence-0.wav,0.168,0.346,0.178,n,e,EOS,N00774_male_43,False,o,n
fn001462_sentence-1.wav,6.578,6.68,0.102,@,v,EOS,N00774_male_43,False,o,ə
fn001462_sentence-1.wav,4.267,4.399,0.132,@,G,E+,N00774_male_43,False,o,ə
fn001462_sentence-1.wav,0.0,0.157,0.157,d,SOS,@,N00774_male_43,False,o,d
fn001462_sentence-11.wav,0.0,0.102,0.102,d,SOS,@,N00774_male_43,False,o,d
fn001462_sentence-11.wav,0.704,0.847,0.143,p,@,a,N00774_male_43,False,o,p
fn001462_sentence-12.wav,2.662,2.764,0.102,@,k,O,N00774_male_43,False,o,ə
fn001462_sentence-12.wav,1.951,2.063,0.112,w,@,A,N00774_male_43,False,o,ʋ
fn001462_sentence-12.wav,6.699,6.81,0.111,@,t,z,N00774_male_43,False,o,ə
fn001462_sentence-13.wav,2.132,2.284,0.152,f,A,E,N00774_male_43,False,o,f
fn001462_sentence-13.wav,2.001,2.132,0.131,A,k,f,N00774_male_43,False,o,ɑ
fn001462_sentence-14.wav,8.054,8.297,0.243,d,r,@,N00774_male_43,False,o,d
fn001462_sentence-14.wav,0.629,0.835,0.206,s,l,f,N00774_male_43,False,o,s
fn001462_sentence-14.wav,4.33,4.432,0.102,@,t,v,N00774_male_43,False,o,ə
fn001462_sentence-14.wav,0.0,0.134,0.134,d,SOS,@,N00774_male_43,False,o,d
fn001462_sentence-14.wav,3.4,3.501,0.101,@,t,l,N00774_male_43,False,o,ə
fn001462_sentence-17.wav,0.285,0.479,0.194,i,s,e,N00774_male_43,False,o,iː
fn001462_sentence-17.wav,0.744,0.968,0.224,@,t,EOS,N00774_male_43,False,o,ə
fn001462_sentence-19.wav,3.237,3.338,0.101,@,r,@,N00774_male_43,False,o,ə
fn001462_sentence-19.wav,13.653,13.816,0.163,x,A,EOS,N00774_male_43,False,o,x
fn001462_sentence-19.wav,6.356,6.457,0.101,@,t,p,N00774_male_43,False,o,ə
fn001462_sentence-2.wav,3.084,3.175,0.091,w,@,O,N00774_male_43,False,o,ʋ
fn001462_sentence-2.wav,2.149,2.295,0.146,l,a,A,N00774_male_43,False,o,l
fn001462_sentence-20.wav,6.0,6.111,0.111,n,I,a,N00774_male_43,False,o,n
fn001462_sentence-20.wav,3.904,4.005,0.101,r,v,e,N00774_male_43,False,o,r
fn001462_sentence-21.wav,10.104,10.255,0.151,f,A,t,N00774_male_43,False,o,f
fn001462_sentence-21.wav,4.933,5.029,0.096,@,m,e,N00774_male_43,False,o,ə
fn001462_sentence-21.wav,4.017,4.129,0.112,n,a,k,N00774_male_43,False,o,n
fn001462_sentence-21.wav,7.755,7.886,0.131,d,@,e,N00774_male_43,False,o,d
fn001462_sentence-21.wav,18.564,18.757,0.193,f,A,EOS,N00774_male_43,False,o,f
fn001462_sentence-24.wav,2.328,2.479,0.151,u,t,x,N00774_male_43,False,o,uː
fn001462_sentence-24.wav,0.625,0.776,0.151,u,t,l,N00774_male_43,False,o,uː
fn001462_sentence-24.wav,3.286,3.39,0.104,I,z,t,N00774_male_43,False,o,ɪ
fn001462_sentence-25.wav,7.95,8.046,0.096,d,p,i,N00774_male_43,False,o,d
fn001462_sentence-26.wav,0.465,0.893,0.428,i,s,EOS,N00774_male_43,False,o,iː
fn001462_sentence-29.wav,2.691,2.884,0.193,l,E,l,N00774_male_43,False,o,l
fn001462_sentence-29.wav,2.691,2.884,0.193,l,l,A,N00774_male_43,False,o,l
fn001462_sentence-30.wav,0.42,0.523,0.103,I,t,s,N00774_male_43,False,o,ɪ
fn001462_sentence-31.wav,0.0,0.152,0.152,d,SOS,E,N00774_male_43,False,o,d
fn001462_sentence-31.wav,1.612,1.754,0.142,I,k,s,N00774_male_43,False,o,ɪ
fn001462_sentence-32.wav,4.452,4.543,0.091,w,f,a,N00774_male_43,False,o,ʋ
fn001462_sentence-35.wav,0.271,0.486,0.215,i,s,e,N00774_male_43,False,o,iː
fn001462_sentence-38.wav,1.64,1.741,0.101,w,k,E,N00774_male_43,False,o,ʋ
fn001462_sentence-5.wav,2.756,2.888,0.132,w,r,A,N00774_male_43,False,o,ʋ
fn001462_sentence-67.wav,1.639,1.77,0.131,N,O,EOS,N00774_male_43,False,o,ŋ
fn001462_sentence-89.wav,2.868,2.96,0.092,w,o,EOS,N00774_male_43,False,o,ʋ
fn001463_sentence-13.wav,0.882,0.974,0.092,w,y,@,N00774_male_43,False,o,ʋ
fn001180_sentence-0.wav,0.688,0.842,0.154,z,E,o,N00587_female_52,False,o,z
fn001180_sentence-10.wav,0.077,0.239,0.162,O,v,l,N00587_female_52,False,o,ɔ
fn001180_sentence-10.wav,0.625,0.899,0.274,@,t,v,N00587_female_52,False,o,ə
fn001180_sentence-10.wav,3.514,3.705,0.191,@,s,Y+,N00587_female_52,False,o,ə
fn001180_sentence-10.wav,5.49,5.621,0.131,@,d,EOS,N00587_female_52,False,o,ə
fn001180_sentence-11.wav,3.066,3.188,0.122,I,@,n,N00587_female_52,False,o,ɪ
fn001180_sentence-11.wav,0.0,0.107,0.107,I,SOS,n,N00587_female_52,False,o,ɪ
fn001180_sentence-11.wav,0.178,0.269,0.091,w,n,a,N00587_female_52,False,o,ʋ
fn001180_sentence-11.wav,1.158,1.335,0.177,t,n,w,N00587_female_52,False,o,t
fn001180_sentence-12.wav,5.283,5.425,0.142,d,n,@,N00587_female_52,False,o,d
fn001180_sentence-13.wav,0.674,0.876,0.202,u,t,r,N00587_female_52,False,o,uː
fn001180_sentence-13.wav,1.908,2.049,0.141,t,E+,n,N00587_female_52,False,o,t
fn001180_sentence-13.wav,3.244,3.355,0.111,@,r,d,N00587_female_52,False,o,ə
fn001180_sentence-13.wav,4.191,4.342,0.151,v,@,a,N00587_female_52,False,o,v
fn001180_sentence-14.wav,0.172,0.283,0.111,I,x,N,N00587_female_52,False,o,ɪ
fn001180_sentence-14.wav,11.337,11.508,0.171,@,t,t,N00587_female_52,False,o,ə
fn001180_sentence-14.wav,10.018,10.281,0.263,n,@,i,N00587_female_52,False,o,n
fn001180_sentence-14.wav,13.294,13.416,0.122,n,E+,EOS,N00587_female_52,False,o,n
fn001180_sentence-14.wav,2.285,2.446,0.161,G,E,d,N00587_female_52,False,o,ɣ
fn001180_sentence-16.wav,4.093,4.266,0.173,n,i,x,N00587_female_52,False,o,n
fn001180_sentence-17.wav,1.553,1.654,0.101,r,@,@,N00587_female_52,False,o,r
fn001180_sentence-2.wav,0.415,0.516,0.101,r,@,2,N00587_female_52,False,o,r
fn001180_sentence-20.wav,11.888,12.03,0.142,G,@,r,N00587_female_52,False,o,ɣ
fn001180_sentence-20.wav,11.394,11.505,0.111,h,@,2,N00587_female_52,False,o,h
fn001180_sentence-20.wav,9.142,9.263,0.121,I,@,n,N00587_female_52,False,o,ɪ
fn001180_sentence-20.wav,11.0,11.121,0.121,I,a,n,N00587_female_52,False,o,ɪ
fn001180_sentence-20.wav,6.107,6.248,0.141,h,@,a,N00587_female_52,False,o,h
fn001180_sentence-23.wav,6.678,6.789,0.111,I,r,m,N00587_female_52,False,o,ɪ
fn001180_sentence-23.wav,1.874,1.996,0.122,p,A,z,N00587_female_52,False,o,p
fn001180_sentence-27.wav,0.52,0.724,0.204,N,E,@,N00587_female_52,False,o,ŋ
fn001180_sentence-33.wav,4.585,4.683,0.098,r,n,o,N00587_female_52,False,o,r
fn001180_sentence-36.wav,1.845,1.986,0.141,r,N,a,N00587_female_52,False,o,r
fn001180_sentence-36.wav,0.907,1.008,0.101,d,r,y,N00587_female_52,False,o,d
fn001180_sentence-4.wav,6.08,6.171,0.091,w,@,I,N00587_female_52,False,o,ʋ
fn001181_sentence-13.wav,0.0,0.093,0.093,d,SOS,A,N00587_female_52,False,o,d
fn001181_sentence-20.wav,5.918,6.035,0.117,w,t,A,N00587_female_52,False,o,ʋ
fn001181_sentence-25.wav,0.435,0.569,0.134,w,m,A,N00587_female_52,False,o,ʋ
fn001512_sentence-0.wav,1.027,1.129,0.102,r,@,EOS,N00798_male_48,False,o,r
fn001512_sentence-0.wav,0.071,0.203,0.132,@,p,d,N00798_male_48,False,o,ə
fn001512_sentence-1.wav,0.383,0.497,0.114,w,i,s,N00798_male_48,False,o,ʋ
fn001512_sentence-1.wav,2.497,2.598,0.101,@,@,A,N00798_male_48,False,o,ə
fn001512_sentence-1.wav,1.883,2.026,0.143,@,G,t,N00798_male_48,False,o,ə
fn001512_sentence-1.wav,6.083,6.316,0.233,i,x,r,N00798_male_48,False,o,iː
fn001512_sentence-1.wav,4.394,4.535,0.141,@,n,E,N00798_male_48,False,o,ə
fn001512_sentence-1.wav,7.544,7.666,0.122,l,i,EOS,N00798_male_48,False,o,l
fn001512_sentence-1.wav,1.557,1.659,0.102,r,t,e,N00798_male_48,False,o,r
fn001512_sentence-1.wav,5.628,5.792,0.164,t,n,x,N00798_male_48,False,o,t
fn001512_sentence-10.wav,19.518,19.62,0.102,w,x,a,N00798_male_48,False,o,ʋ
fn001512_sentence-10.wav,10.834,10.978,0.144,E,@,n,N00798_male_48,False,o,ɛ
fn001512_sentence-10.wav,19.864,19.976,0.112,@,r,O,N00798_male_48,False,o,ə
fn001512_sentence-10.wav,5.113,5.267,0.154,n,A,e,N00798_male_48,False,o,n
fn001512_sentence-10.wav,19.101,19.274,0.173,m,o,u,N00798_male_48,False,o,m
fn001512_sentence-10.wav,10.978,11.214,0.236,n,E,O,N00798_male_48,False,o,n
fn001512_sentence-11.wav,0.367,0.509,0.142,@,t,x,N00798_male_48,False,o,ə
fn001512_sentence-11.wav,0.631,0.804,0.173,i,x,r,N00798_male_48,False,o,iː
fn001512_sentence-11.wav,2.583,2.755,0.172,z,l,w,N00798_male_48,False,o,z
fn001512_sentence-11.wav,0.0,0.122,0.122,b,SOS,Y+,N00798_male_48,False,o,b
fn001512_sentence-12.wav,2.742,2.883,0.141,t,Y+,S,N00798_male_48,False,o,t
fn001512_sentence-12.wav,2.449,2.611,0.162,z,n,Y+,N00798_male_48,False,o,z
fn001512_sentence-12.wav,0.0,0.093,0.093,@,SOS,t,N00798_male_48,False,o,ə
fn001512_sentence-13.wav,4.303,4.424,0.121,v,@,o,N00798_male_48,False,o,v
fn001512_sentence-13.wav,3.909,4.04,0.131,b,@,A+,N00798_male_48,False,o,b
fn001512_sentence-13.wav,1.434,1.595,0.161,r,f,e,N00798_male_48,False,o,r
fn001512_sentence-14.wav,0.122,0.264,0.142,E,n,l,N00798_male_48,False,o,ɛ
fn001512_sentence-15.wav,0.775,0.902,0.127,I,@,n,N00798_male_48,False,o,ɪ
fn001512_sentence-15.wav,4.441,4.722,0.281,E+,l,d,N00798_male_48,False,o,ɛi
fn001512_sentence-15.wav,1.358,1.531,0.173,@,s,z,N00798_male_48,False,o,ə
fn001512_sentence-15.wav,2.082,2.193,0.111,@,t,w,N00798_male_48,False,o,ə
fn001512_sentence-15.wav,0.648,0.775,0.127,@,r,I,N00798_male_48,False,o,ə
fn001512_sentence-16.wav,2.617,2.779,0.162,r,m,@,N00798_male_48,False,o,r
fn001512_sentence-16.wav,3.497,3.649,0.152,N,A,@,N00798_male_48,False,o,ŋ
fn001512_sentence-16.wav,6.225,6.346,0.121,r,x,o,N00798_male_48,False,o,r
fn001512_sentence-16.wav,10.811,10.943,0.132,v,a,o,N00798_male_48,False,o,v
fn001512_sentence-16.wav,11.459,11.591,0.132,m,x,A,N00798_male_48,False,o,m
fn001512_sentence-16.wav,15.451,15.583,0.132,I,x,n,N00798_male_48,False,o,ɪ
fn001512_sentence-17.wav,10.283,10.404,0.121,l,@,@,N00798_male_48,False,o,l
fn001512_sentence-17.wav,2.247,2.361,0.114,I,s,x,N00798_male_48,False,o,ɪ
fn001512_sentence-17.wav,3.657,3.788,0.131,m,O,v,N00798_male_48,False,o,m
fn001512_sentence-17.wav,12.398,12.611,0.213,y,z,r,N00798_male_48,False,o,yː
fn001512_sentence-18.wav,6.348,6.449,0.101,r,f,e,N00798_male_48,False,o,r
fn001512_sentence-19.wav,18.279,18.387,0.108,I,n,m,N00798_male_48,False,o,ɪ
fn001512_sentence-19.wav,10.851,10.982,0.131,p,i,@,N00798_male_48,False,o,p
fn001512_sentence-19.wav,1.81,1.911,0.101,w,k,a,N00798_male_48,False,o,ʋ
fn001512_sentence-19.wav,11.062,11.203,0.141,r,@,o,N00798_male_48,False,o,r
fn001512_sentence-19.wav,11.485,11.657,0.172,E,s,r,N00798_male_48,False,o,ɛ
fn001512_sentence-19.wav,25.198,25.309,0.111,I,s,n,N00798_male_48,False,o,ɪ
fn001512_sentence-2.wav,4.642,4.844,0.202,u,l,r,N00798_male_48,False,o,uː
fn001512_sentence-2.wav,1.525,1.626,0.101,r,x,o,N00798_male_48,False,o,r
fn001512_sentence-20.wav,3.933,4.045,0.112,w,s,E,N00798_male_48,False,o,ʋ
fn001512_sentence-20.wav,2.307,2.45,0.143,r,n,@,N00798_male_48,False,o,r
fn001512_sentence-21.wav,11.336,11.519,0.183,u,f,r,N00798_male_48,False,o,uː
fn001512_sentence-22.wav,12.461,12.699,0.238,r,n,a,N00798_male_48,False,o,r
fn001512_sentence-23.wav,1.746,1.848,0.102,w,G,a,N00798_male_48,False,o,ʋ
fn001512_sentence-28.wav,7.004,7.115,0.111,w,@,u,N00798_male_48,False,o,ʋ
fn001512_sentence-3.wav,8.716,8.93,0.214,y,v,r,N00798_male_48,False,o,yː
fn001512_sentence-38.wav,3.815,3.906,0.091,w,@,A,N00798_male_48,False,o,ʋ
fn001512_sentence-44.wav,0.154,0.267,0.113,w,E+,E+,N00798_male_48,False,o,ʋ
fn001513_sentence-42.wav,1.281,1.494,0.213,y,z,r,N00798_male_48,False,o,yː
fn001428_sentence-0.wav,0.752,0.935,0.183,t,r,p,N00741_male_38,False,o,t
fn001428_sentence-1.wav,0.0,0.12,0.12,b,SOS,l,N00741_male_38,False,o,b
fn001428_sentence-10.wav,0.294,0.435,0.141,m,E,d,N00741_male_38,False,o,m
fn001428_sentence-11.wav,0.242,0.363,0.121,m,O,h,N00741_male_38,False,o,m
fn001428_sentence-11.wav,2.061,2.172,0.111,@,n,EOS,N00741_male_38,False,o,ə
fn001428_sentence-12.wav,1.87,1.981,0.111,@,t,EOS,N00741_male_38,False,o,ə
fn001428_sentence-12.wav,1.546,1.698,0.152,h,t,a,N00741_male_38,False,o,h
fn001428_sentence-13.wav,0.263,0.365,0.102,@,b,@,N00741_male_38,False,o,ə
fn001428_sentence-14.wav,2.755,2.847,0.092,w,@,o,N00741_male_38,False,o,ʋ
fn001428_sentence-17.wav,0.397,0.53,0.133,l,a,l,N00741_male_38,False,o,l
fn001428_sentence-17.wav,0.397,0.53,0.133,l,l,2,N00741_male_38,False,o,l
fn001428_sentence-18.wav,1.989,2.14,0.151,m,O,A,N00741_male_38,False,o,m
fn001428_sentence-18.wav,2.787,2.883,0.096,@,n,I,N00741_male_38,False,o,ə
fn001428_sentence-18.wav,0.145,0.3,0.155,j,o,a,N00741_male_38,False,o,j
fn001428_sentence-19.wav,0.0,0.111,0.111,d,SOS,A,N00741_male_38,False,o,d
fn001428_sentence-2.wav,3.41,3.512,0.102,r,d,a,N00741_male_38,False,o,r
fn001428_sentence-2.wav,0.852,0.98,0.128,m,N,a,N00741_male_38,False,o,m
fn001428_sentence-2.wav,0.144,0.267,0.123,I,E+,s,N00741_male_38,False,o,ɪ
fn001428_sentence-2.wav,0.708,0.852,0.144,N,O,m,N00741_male_38,False,o,ŋ
fn001428_sentence-20.wav,2.248,2.472,0.224,n,n,e,N00741_male_38,False,o,n
fn001428_sentence-20.wav,2.248,2.472,0.224,n,E,n,N00741_male_38,False,o,n
fn001428_sentence-20.wav,1.754,1.886,0.132,n,I,E,N00741_male_38,False,o,n
fn001428_sentence-21.wav,1.172,1.344,0.172,j,@,O,N00741_male_38,False,o,j
fn001428_sentence-21.wav,0.0,0.113,0.113,m,SOS,A,N00741_male_38,False,o,m
fn001428_sentence-22.wav,1.979,2.095,0.116,@,n,I,N00741_male_38,False,o,ə
fn001428_sentence-23.wav,6.402,6.548,0.146,A,t,l,N00741_male_38,False,o,ɑ
fn001428_sentence-23.wav,5.146,5.309,0.163,k,l,a,N00741_male_38,False,o,k
fn001428_sentence-23.wav,5.933,6.064,0.131,n,E,m,N00741_male_38,False,o,n
fn001428_sentence-24.wav,1.272,1.413,0.141,n,@,a,N00741_male_38,False,o,n
fn001428_sentence-24.wav,1.534,1.665,0.131,A,r,n,N00741_male_38,False,o,ɑ
fn001428_sentence-26.wav,0.133,0.245,0.112,I,E+,s,N00741_male_38,False,o,ɪ
fn001428_sentence-27.wav,1.385,1.496,0.111,n,I,j,N00741_male_38,False,o,n
fn001428_sentence-28.wav,0.616,0.737,0.121,d,r,o,N00741_male_38,False,o,d
fn001428_sentence-3.wav,1.9,2.053,0.153,j,@,o,N00741_male_38,False,o,j
fn001428_sentence-30.wav,0.783,0.925,0.142,x,a,a,N00741_male_38,False,o,x
fn001428_sentence-32.wav,0.0,0.149,0.149,j,SOS,a,N00741_male_38,False,o,j
fn001428_sentence-35.wav,0.203,0.325,0.122,v,r,o,N00741_male_38,False,o,v
fn001428_sentence-38.wav,3.512,3.673,0.161,G,E,O,N00741_male_38,False,o,ɣ
fn001428_sentence-39.wav,2.241,2.382,0.141,l,@,Y+,N00741_male_38,False,o,l
fn001428_sentence-40.wav,0.6,0.701,0.101,r,f,e,N00741_male_38,False,o,r
fn001428_sentence-41.wav,1.528,1.629,0.101,d,l,i,N00741_male_38,False,o,d
fn001428_sentence-43.wav,1.497,1.588,0.091,w,l,a,N00741_male_38,False,o,ʋ
fn001428_sentence-45.wav,0.468,0.579,0.111,r,f,a,N00741_male_38,False,o,r
fn001428_sentence-46.wav,1.726,1.915,0.189,j,n,e,N00741_male_38,False,o,j
fn001428_sentence-47.wav,0.887,0.998,0.111,r,v,e,N00741_male_38,False,o,r
fn001428_sentence-49.wav,0.499,0.672,0.173,j,E+,e,N00741_male_38,False,o,j
fn001428_sentence-5.wav,3.931,4.032,0.101,r,d,E+,N00741_male_38,False,o,r
fn001428_sentence-51.wav,0.499,0.59,0.091,w,r,A,N00741_male_38,False,o,ʋ
fn001428_sentence-53.wav,0.638,0.759,0.121,b,t,e,N00741_male_38,False,o,b
fn001428_sentence-60.wav,0.671,0.813,0.142,p,O,EOS,N00741_male_38,False,o,p
fn001428_sentence-62.wav,0.198,0.291,0.093,r,a,@,N00741_male_38,False,o,r
fn001428_sentence-66.wav,0.977,1.12,0.143,N,E,@,N00741_male_38,False,o,ŋ
fn001428_sentence-72.wav,0.807,0.93,0.123,h,@,a,N00741_male_38,False,o,h
fn001428_sentence-74.wav,3.301,3.402,0.101,w,r,A,N00741_male_38,False,o,ʋ
fn001429_sentence-13.wav,3.031,3.263,0.232,u,t,O,N00741_male_38,False,o,uː
fn001429_sentence-13.wav,0.956,1.159,0.203,u,r,r,N00741_male_38,False,o,uː
fn001429_sentence-21.wav,5.728,5.901,0.173,u,r,r,N00741_male_38,False,o,uː
fn001429_sentence-23.wav,2.472,2.623,0.151,u,r,r,N00741_male_38,False,o,uː
fn001429_sentence-98.wav,0.862,0.984,0.122,Y,b,r,N00741_male_38,False,o,ʉ
fn001429_sentence-99.wav,2.387,2.53,0.143,Y,b,r,N00741_male_38,False,o,ʉ
fn001085_sentence-1.wav,0.377,0.551,0.174,@,t,E,N00541_female_60,False,o,ə
fn001085_sentence-10.wav,3.732,3.894,0.162,n,E+,EOS,N00541_female_60,False,o,n
fn001085_sentence-11.wav,1.095,1.217,0.122,@,z,v,N00541_female_60,False,o,ə
fn001085_sentence-11.wav,1.836,2.008,0.172,t,O,EOS,N00541_female_60,False,o,t
fn001085_sentence-12.wav,7.584,7.756,0.172,t,O,EOS,N00541_female_60,False,o,t
fn001085_sentence-12.wav,5.726,5.827,0.101,@,k,I,N00541_female_60,False,o,ə
fn001085_sentence-12.wav,5.96,6.148,0.188,s,n,o,N00541_female_60,False,o,s
fn001085_sentence-12.wav,2.794,2.916,0.122,@,r,z,N00541_female_60,False,o,ə
fn001085_sentence-12.wav,3.869,3.981,0.112,n,E+,@,N00541_female_60,False,o,n
fn001085_sentence-13.wav,2.246,2.397,0.151,@,r,O,N00541_female_60,False,o,ə
fn001085_sentence-13.wav,1.878,2.034,0.156,A,n,n,N00541_female_60,False,o,ɑ
fn001085_sentence-14.wav,9.584,9.686,0.102,@,t,v,N00541_female_60,False,o,ə
fn001085_sentence-14.wav,8.41,8.532,0.122,n,E,z,N00541_female_60,False,o,n
fn001085_sentence-14.wav,1.981,2.092,0.111,n,O,s,N00541_female_60,False,o,n
fn001085_sentence-14.wav,5.277,5.443,0.166,m,u,m,N00541_female_60,False,o,m
fn001085_sentence-14.wav,9.686,9.809,0.123,v,@,@,N00541_female_60,False,o,v
fn001085_sentence-15.wav,0.812,0.932,0.12,n,a,e,N00541_female_60,False,o,n
fn001085_sentence-15.wav,3.016,3.137,0.121,@,v,r,N00541_female_60,False,o,ə
fn001085_sentence-15.wav,7.471,7.613,0.142,t,n,EOS,N00541_female_60,False,o,t
fn001085_sentence-16.wav,0.944,1.045,0.101,@,p,I,N00541_female_60,False,o,ə
fn001085_sentence-16.wav,10.701,10.842,0.141,E,z,l,N00541_female_60,False,o,ɛ
fn001085_sentence-16.wav,6.852,6.955,0.103,@,d,@,N00541_female_60,False,o,ə
fn001085_sentence-16.wav,9.995,10.166,0.171,k,o,h,N00541_female_60,False,o,k
fn001085_sentence-16.wav,0.823,0.944,0.121,p,r,@,N00541_female_60,False,o,p
fn001085_sentence-16.wav,7.937,8.089,0.152,I,t,s,N00541_female_60,False,o,ɪ
fn001085_sentence-16.wav,8.597,8.708,0.111,d,s,A,N00541_female_60,False,o,d
fn001085_sentence-16.wav,4.552,4.664,0.112,@,G,v,N00541_female_60,False,o,ə
fn001085_sentence-19.wav,0.167,0.315,0.148,O,t,N,N00541_female_60,False,o,ɔ
fn001085_sentence-22.wav,1.219,1.34,0.121,h,n,A+,N00541_female_60,False,o,h
fn001085_sentence-26.wav,1.941,2.062,0.121,m,I,b,N00541_female_60,False,o,m
fn001085_sentence-28.wav,3.997,4.119,0.122,w,e,t,N00541_female_60,False,o,ʋ
fn001085_sentence-28.wav,5.116,5.238,0.122,b,n,u,N00541_female_60,False,o,b
fn001085_sentence-31.wav,3.233,3.355,0.122,Y,k,n,N00541_female_60,False,o,ʉ
fn001085_sentence-32.wav,4.028,4.16,0.132,N,I,E,N00541_female_60,False,o,ŋ
fn001085_sentence-34.wav,0.0,0.097,0.097,d,SOS,@,N00541_female_60,False,o,d
fn001085_sentence-35.wav,3.165,3.338,0.173,h,n,e,N00541_female_60,False,o,h
fn001087_sentence-1.wav,4.696,4.797,0.101,w,i,s,N00541_female_60,False,o,ʋ
fn001087_sentence-23.wav,2.197,2.339,0.142,h,@,e,N00541_female_60,False,o,h
fn001087_sentence-4.wav,4.153,4.407,0.254,Y+,N,t,N00541_female_60,False,o,œy
fn001087_sentence-57.wav,3.177,3.268,0.091,w,@,@,N00541_female_60,False,o,ʋ
fn001087_sentence-57.wav,0.0,0.101,0.101,w,SOS,E,N00541_female_60,False,o,ʋ
fn001087_sentence-60.wav,3.53,3.621,0.091,w,@,@,N00541_female_60,False,o,ʋ
fn001087_sentence-74.wav,1.22,1.352,0.132,Y,d,s,N00541_female_60,False,o,ʉ
fn001087_sentence-78.wav,5.079,5.311,0.232,y,t,r,N00541_female_60,False,o,yː
fn001472_sentence-1.wav,2.721,2.903,0.182,@,m,z,N00779_male_63,False,o,ə
fn001472_sentence-1.wav,1.593,1.715,0.122,n,A,t,N00779_male_63,False,o,n
fn001472_sentence-1.wav,0.163,0.356,0.193,t,r,f,N00779_male_63,False,o,t
fn001472_sentence-1.wav,4.521,4.773,0.252,@,p,z,N00779_male_63,False,o,ə
fn001472_sentence-10.wav,0.548,0.771,0.223,@,z,z,N00779_male_63,False,o,ə
fn001472_sentence-100.wav,3.072,3.185,0.113,n,a,EOS,N00779_male_63,False,o,n
fn001472_sentence-100.wav,0.0,0.128,0.128,n,SOS,i,N00779_male_63,False,o,n
fn001472_sentence-11.wav,1.236,1.388,0.152,u,v,r,N00779_male_63,False,o,uː
fn001472_sentence-11.wav,5.076,5.197,0.121,n,E,k,N00779_male_63,False,o,n
fn001472_sentence-11.wav,2.918,3.082,0.164,n,E+,O,N00779_male_63,False,o,n
fn001472_sentence-11.wav,6.961,7.093,0.132,t,s,EOS,N00779_male_63,False,o,t
fn001472_sentence-11.wav,1.448,1.56,0.112,@,r,s,N00779_male_63,False,o,ə
fn001472_sentence-12.wav,0.112,0.235,0.123,l,I,j,N00779_male_63,False,o,l
fn001472_sentence-12.wav,1.602,1.707,0.105,@,j,EOS,N00779_male_63,False,o,ə
fn001472_sentence-12.wav,0.553,0.789,0.236,s,@,w,N00779_male_63,False,o,s
fn001472_sentence-13.wav,0.0,0.093,0.093,r,SOS,i,N00779_male_63,False,o,r
fn001472_sentence-13.wav,0.218,0.342,0.124,h,p,E+,N00779_male_63,False,o,h
fn001472_sentence-15.wav,1.068,1.211,0.143,n,E+,z,N00779_male_63,False,o,n
fn001472_sentence-16.wav,1.1,1.201,0.101,d,t,A,N00779_male_63,False,o,d
fn001472_sentence-16.wav,0.879,1.012,0.133,t,n,d,N00779_male_63,False,o,t
fn001472_sentence-17.wav,0.539,0.732,0.193,s,r,s,N00779_male_63,False,o,s
fn001472_sentence-17.wav,0.539,0.732,0.193,s,s,E+,N00779_male_63,False,o,s
fn001472_sentence-17.wav,1.414,1.577,0.163,x,u,EOS,N00779_male_63,False,o,x
fn001472_sentence-18.wav,0.578,0.743,0.165,n,E+,z,N00779_male_63,False,o,n
fn001472_sentence-19.wav,6.784,7.051,0.267,E+,b,d,N00779_male_63,False,o,ɛi
fn001472_sentence-19.wav,7.93,8.136,0.206,@,t,d,N00779_male_63,False,o,ə
fn001472_sentence-19.wav,2.482,2.624,0.142,d,s,@,N00779_male_63,False,o,d
fn001472_sentence-19.wav,1.059,1.202,0.143,x,o,h,N00779_male_63,False,o,x
fn001472_sentence-2.wav,0.625,0.727,0.102,d,r,Y+,N00779_male_63,False,o,d
fn001472_sentence-2.wav,0.185,0.318,0.133,h,l,O,N00779_male_63,False,o,h
fn001472_sentence-2.wav,1.712,1.814,0.102,@,@,t,N00779_male_63,False,o,ə
fn001472_sentence-2.wav,1.611,1.712,0.101,@,t,@,N00779_male_63,False,o,ə
fn001472_sentence-20.wav,8.246,8.389,0.143,@,d,@,N00779_male_63,False,o,ə
fn001472_sentence-20.wav,10.019,10.141,0.122,Y,k,s,N00779_male_63,False,o,ʉ
fn001472_sentence-23.wav,2.468,2.721,0.253,@,G,E,N00779_male_63,False,o,ə
fn001472_sentence-23.wav,0.75,0.863,0.113,@,k,h,N00779_male_63,False,o,ə
fn001472_sentence-23.wav,2.144,2.276,0.132,r,n,e,N00779_male_63,False,o,r
fn001472_sentence-24.wav,1.07,1.172,0.102,@,r,z,N00779_male_63,False,o,ə
fn001472_sentence-24.wav,0.143,0.238,0.095,r,a,n,N00779_male_63,False,o,r
fn001472_sentence-25.wav,0.385,0.536,0.151,@,G,O,N00779_male_63,False,o,ə
fn001472_sentence-26.wav,4.135,4.276,0.141,h,l,E+,N00779_male_63,False,o,h
fn001472_sentence-26.wav,4.489,4.712,0.223,@,s,v,N00779_male_63,False,o,ə
fn001472_sentence-26.wav,9.381,9.563,0.182,x,A,I,N00779_male_63,False,o,x
fn001472_sentence-26.wav,1.239,1.412,0.173,@,t,@,N00779_male_63,False,o,ə
fn001472_sentence-26.wav,0.548,0.66,0.112,@,k,v,N00779_male_63,False,o,ə
fn001472_sentence-27.wav,0.384,0.536,0.152,f,o,d,N00779_male_63,False,o,f
fn001472_sentence-3.wav,0.456,0.622,0.166,u,b,l,N00779_male_63,False,o,uː
fn001472_sentence-3.wav,2.196,2.298,0.102,r,d,E+,N00779_male_63,False,o,r
fn001472_sentence-30.wav,0.597,0.749,0.152,h,n,e,N00779_male_63,False,o,h
fn001472_sentence-34.wav,0.0,0.129,0.129,E,SOS,n,N00779_male_63,False,o,ɛ
fn001472_sentence-41.wav,1.218,1.33,0.112,w,@,E+,N00779_male_63,False,o,ʋ
fn001472_sentence-42.wav,4.081,4.203,0.122,m,r,a,N00779_male_63,False,o,m
fn001472_sentence-42.wav,2.503,2.686,0.183,j,O,w,N00779_male_63,False,o,j
fn001472_sentence-42.wav,1.952,2.105,0.153,f,n,t,N00779_male_63,False,o,f
fn001472_sentence-42.wav,4.931,5.043,0.112,r,v,e,N00779_male_63,False,o,r
fn001472_sentence-43.wav,0.505,0.657,0.152,E,s,r,N00779_male_63,False,o,ɛ
fn001472_sentence-43.wav,1.627,1.718,0.091,w,@,O,N00779_male_63,False,o,ʋ
fn001472_sentence-44.wav,0.89,1.054,0.164,N,A,d,N00779_male_63,False,o,ŋ
fn001472_sentence-5.wav,1.422,1.513,0.091,w,a,a,N00779_male_63,False,o,ʋ
fn001472_sentence-5.wav,0.152,0.315,0.163,b,i,e,N00779_male_63,False,o,b
fn001472_sentence-50.wav,0.335,0.487,0.152,I,n,k,N00779_male_63,False,o,ɪ
fn001472_sentence-61.wav,5.341,5.505,0.164,N,A,l,N00779_male_63,False,o,ŋ
fn001472_sentence-7.wav,7.708,7.86,0.152,j,a,v,N00779_male_63,False,o,j
fn001472_sentence-74.wav,2.711,2.863,0.152,f,n,t,N00779_male_63,False,o,f
fn001147_sentence-0.wav,2.483,2.614,0.131,l,a,@,N00647_male_72,False,o,l
fn001147_sentence-10.wav,1.444,1.576,0.132,t,A,d,N00647_male_72,False,o,t
fn001147_sentence-10.wav,3.401,3.523,0.122,b,g,o,N00647_male_72,False,o,b
fn001147_sentence-10.wav,2.148,2.259,0.111,d,t,a,N00647_male_72,False,o,d
fn001147_sentence-10.wav,3.684,3.927,0.243,s,o,EOS,N00647_male_72,False,o,s
fn001147_sentence-101.wav,3.341,3.442,0.101,r,@,j,N00647_male_72,False,o,r
fn001147_sentence-102.wav,0.899,1.032,0.133,t,n,E,N00647_male_72,False,o,t
fn001147_sentence-103.wav,1.952,2.124,0.172,t,x,EOS,N00647_male_72,False,o,t
fn001147_sentence-103.wav,0.399,0.51,0.111,n,e,d,N00647_male_72,False,o,n
fn001147_sentence-103.wav,0.137,0.248,0.111,r,o,e,N00647_male_72,False,o,r
fn001147_sentence-104.wav,1.157,1.26,0.103,d,i,@,N00647_male_72,False,o,d
fn001147_sentence-104.wav,1.26,1.393,0.133,@,d,f,N00647_male_72,False,o,ə
fn001147_sentence-104.wav,4.229,4.357,0.128,I,t,s,N00647_male_72,False,o,ɪ
fn001147_sentence-104.wav,6.401,6.532,0.131,@,t,z,N00647_male_72,False,o,ə
fn001147_sentence-105.wav,7.217,7.348,0.131,E,s,n,N00647_male_72,False,o,ɛ
fn001147_sentence-105.wav,7.721,7.873,0.152,O,k,n,N00647_male_72,False,o,ɔ
fn001147_sentence-105.wav,7.873,7.984,0.111,n,O,v,N00647_male_72,False,o,n
fn001147_sentence-106.wav,0.494,0.604,0.11,n,i,v,N00647_male_72,False,o,n
fn001147_sentence-106.wav,1.904,2.05,0.146,k,o,o,N00647_male_72,False,o,k
fn001147_sentence-106.wav,1.652,1.904,0.252,o,a,k,N00647_male_72,False,o,oː
fn001147_sentence-107.wav,4.232,4.364,0.132,A,s,l,N00647_male_72,False,o,ɑ
fn001147_sentence-107.wav,4.68,4.863,0.183,p,A+,E:,N00647_male_72,False,o,p
fn001147_sentence-109.wav,1.502,1.624,0.122,n,i,d,N00647_male_72,False,o,n
fn001147_sentence-11.wav,1.996,2.118,0.122,n,a,h,N00647_male_72,False,o,n
fn001147_sentence-110.wav,6.076,6.244,0.168,I,@,s,N00647_male_72,False,o,ɪ
fn001147_sentence-110.wav,7.083,7.199,0.116,l,E,o,N00647_male_72,False,o,l
fn001147_sentence-110.wav,3.654,3.765,0.111,I,r,n,N00647_male_72,False,o,ɪ
fn001147_sentence-110.wav,0.191,0.332,0.141,n,E,A,N00647_male_72,False,o,n
fn001147_sentence-111.wav,6.158,6.26,0.102,r,v,A+,N00647_male_72,False,o,r
fn001147_sentence-111.wav,0.648,0.77,0.122,I,r,n,N00647_male_72,False,o,ɪ
fn001147_sentence-112.wav,0.818,1.0,0.182,I,t,s,N00647_male_72,False,o,ɪ
fn001147_sentence-112.wav,1.201,1.302,0.101,r,s,O,N00647_male_72,False,o,r
fn001147_sentence-113.wav,2.468,2.569,0.101,@,d,r,N00647_male_72,False,o,ə
fn001147_sentence-113.wav,4.946,5.067,0.121,p,A,a,N00647_male_72,False,o,p
fn001147_sentence-113.wav,6.108,6.229,0.121,p,l,@,N00647_male_72,False,o,p
fn001147_sentence-114.wav,0.0,0.114,0.114,n,SOS,e,N00647_male_72,False,o,n
fn001147_sentence-116.wav,1.094,1.206,0.112,n,e,O,N00647_male_72,False,o,n
fn001147_sentence-122.wav,0.57,0.704,0.134,n,i,EOS,N00647_male_72,False,o,n
fn001147_sentence-124.wav,0.897,1.133,0.236,u,v,r,N00647_male_72,False,o,uː
fn001147_sentence-124.wav,2.293,2.394,0.101,d,@,y,N00647_male_72,False,o,d
fn001147_sentence-125.wav,2.369,2.48,0.111,d,r,@,N00647_male_72,False,o,d
fn001147_sentence-126.wav,6.919,7.02,0.101,r,s,e,N00647_male_72,False,o,r
fn001147_sentence-129.wav,0.243,0.375,0.132,r,s,Y+,N00647_male_72,False,o,r
fn001147_sentence-130.wav,5.913,6.006,0.093,r,@,w,N00647_male_72,False,o,r
fn001147_sentence-131.wav,3.66,3.772,0.112,r,n,A,N00647_male_72,False,o,r
fn001147_sentence-132.wav,1.435,1.553,0.118,r,t,o,N00647_male_72,False,o,r
fn001147_sentence-137.wav,0.392,0.598,0.206,u,t,I,N00647_male_72,False,o,uː
fn001147_sentence-143.wav,1.36,1.474,0.114,w,t,a,N00647_male_72,False,o,ʋ
fn001147_sentence-17.wav,3.926,4.017,0.091,w,t,@,N00647_male_72,False,o,ʋ
fn001147_sentence-48.wav,0.0,0.101,0.101,w,SOS,E+,N00647_male_72,False,o,ʋ
fn001147_sentence-56.wav,1.515,1.606,0.091,w,t,A,N00647_male_72,False,o,ʋ
fn001147_sentence-81.wav,2.849,2.951,0.102,w,s,O,N00647_male_72,False,o,ʋ
fn001147_sentence-9.wav,0.134,0.257,0.123,h,E+,A+,N00647_male_72,False,o,h
fn001193_sentence-0.wav,1.177,1.37,0.193,u,v,l,N00693_male_64,False,o,uː
fn001193_sentence-1.wav,0.421,0.552,0.131,n,e,h,N00693_male_64,False,o,n
fn001193_sentence-1.wav,1.726,1.877,0.151,u,v,l,N00693_male_64,False,o,uː
fn001193_sentence-10.wav,4.091,4.253,0.162,@,k,I,N00693_male_64,False,o,ə
fn001193_sentence-10.wav,1.022,1.194,0.172,@,N,w,N00693_male_64,False,o,ə
fn001193_sentence-10.wav,5.454,5.608,0.154,t,r,EOS,N00693_male_64,False,o,t
fn001193_sentence-100.wav,5.208,5.335,0.127,t,k,@,N00693_male_64,False,o,t
fn001193_sentence-100.wav,4.38,4.542,0.162,n,E,d,N00693_male_64,False,o,n
fn001193_sentence-100.wav,1.153,1.274,0.121,p,A,E+,N00693_male_64,False,o,p
fn001193_sentence-100.wav,2.261,2.372,0.111,@,k,Y+,N00693_male_64,False,o,ə
fn001193_sentence-101.wav,2.959,3.091,0.132,n,u,E,N00693_male_64,False,o,n
fn001193_sentence-101.wav,5.503,5.634,0.131,A,r,n,N00693_male_64,False,o,ɑ
fn001193_sentence-101.wav,0.406,0.572,0.166,x,u,E,N00693_male_64,False,o,x
fn001193_sentence-102.wav,0.696,0.85,0.154,m,o,EOS,N00693_male_64,False,o,m
fn001193_sentence-103.wav,1.126,1.228,0.102,@,d,EOS,N00693_male_64,False,o,ə
fn001193_sentence-104.wav,1.631,1.732,0.101,@,v,E,N00693_male_64,False,o,ə
fn001193_sentence-104.wav,1.428,1.56,0.132,@,x,v,N00693_male_64,False,o,ə
fn001193_sentence-107.wav,2.464,2.61,0.146,A,n,n,N00693_male_64,False,o,ɑ
fn001193_sentence-107.wav,4.336,4.498,0.162,x,e,E,N00693_male_64,False,o,x
fn001193_sentence-107.wav,1.915,2.066,0.151,A,o,n,N00693_male_64,False,o,ɑ
fn001193_sentence-109.wav,2.911,3.043,0.132,A,p,n,N00693_male_64,False,o,ɑ
fn001193_sentence-11.wav,2.697,2.951,0.254,E+,p,EOS,N00693_male_64,False,o,ɛi
fn001193_sentence-110.wav,1.11,1.342,0.232,u,v,l,N00693_male_64,False,o,uː
fn001193_sentence-111.wav,1.316,1.498,0.182,f,l,m,N00693_male_64,False,o,f
fn001193_sentence-111.wav,1.965,2.099,0.134,A,r,n,N00693_male_64,False,o,ɑ
fn001193_sentence-115.wav,1.215,1.347,0.132,v,@,u,N00693_male_64,False,o,v
fn001193_sentence-117.wav,2.16,2.261,0.101,r,e,h,N00693_male_64,False,o,r
fn001193_sentence-12.wav,0.172,0.304,0.132,d,E+,e,N00693_male_64,False,o,d
fn001193_sentence-122.wav,0.536,0.698,0.162,r,e,a,N00693_male_64,False,o,r
fn001193_sentence-124.wav,1.622,1.747,0.125,h,E+,E+,N00693_male_64,False,o,h
fn001193_sentence-130.wav,3.699,3.842,0.143,v,n,i,N00693_male_64,False,o,v
fn001193_sentence-131.wav,1.688,1.81,0.122,v,@,u,N00693_male_64,False,o,v
fn001193_sentence-18.wav,0.524,0.626,0.102,w,@,o,N00693_male_64,False,o,ʋ
fn001193_sentence-21.wav,4.316,4.437,0.121,d,o,y,N00693_male_64,False,o,d
fn001193_sentence-29.wav,3.63,3.754,0.124,d,@,Y,N00693_male_64,False,o,d
fn001193_sentence-41.wav,0.59,0.702,0.112,h,t,e,N00693_male_64,False,o,h
fn001193_sentence-70.wav,3.672,3.886,0.214,y,d,r,N00693_male_64,False,o,yː
fn001275_sentence-0.wav,0.734,0.867,0.133,n,e,EOS,N00632_female_66,False,o,n
fn001275_sentence-1.wav,1.665,1.787,0.122,@,p,EOS,N00632_female_66,False,o,ə
fn001275_sentence-1.wav,1.534,1.665,0.131,p,l,@,N00632_female_66,False,o,p
fn001275_sentence-10.wav,3.591,3.722,0.131,E,o,n,N00632_female_66,False,o,ɛ
fn001275_sentence-10.wav,2.803,2.934,0.131,b,i,o,N00632_female_66,False,o,b
fn001275_sentence-10.wav,2.197,2.349,0.152,N,A,k,N00632_female_66,False,o,ŋ
fn001275_sentence-10.wav,1.554,1.757,0.203,s,Y,f,N00632_female_66,False,o,s
fn001275_sentence-10.wav,0.188,0.3,0.112,h,E+,e,N00632_female_66,False,o,h
fn001275_sentence-10.wav,1.935,2.076,0.141,f,s,r,N00632_female_66,False,o,f
fn001275_sentence-10.wav,2.409,2.652,0.243,i,k,b,N00632_female_66,False,o,iː
fn001275_sentence-10.wav,3.217,3.51,0.293,o,b,E,N00632_female_66,False,o,oː
fn001275_sentence-10.wav,0.856,1.008,0.152,d,@,a,N00632_female_66,False,o,d
fn001275_sentence-10.wav,0.553,0.765,0.212,@,t,d,N00632_female_66,False,o,ə
fn001275_sentence-11.wav,1.542,1.653,0.111,@,j,r,N00632_female_66,False,o,ə
fn001275_sentence-11.wav,2.124,2.266,0.142,A,@,l,N00632_female_66,False,o,ɑ
fn001275_sentence-11.wav,1.74,1.872,0.132,r,@,E+,N00632_female_66,False,o,r
fn001275_sentence-12.wav,1.158,1.274,0.116,d,p,a,N00632_female_66,False,o,d
fn001275_sentence-12.wav,2.388,2.5,0.112,n,E,f,N00632_female_66,False,o,n
fn001275_sentence-12.wav,2.256,2.388,0.132,E,s,n,N00632_female_66,False,o,ɛ
fn001275_sentence-12.wav,3.049,3.272,0.223,i,k,I,N00632_female_66,False,o,iː
fn001275_sentence-12.wav,3.353,3.496,0.143,I,i,s,N00632_female_66,False,o,ɪ
fn001275_sentence-12.wav,0.747,0.879,0.132,n,E+,O,N00632_female_66,False,o,n
fn001275_sentence-12.wav,0.0,0.097,0.097,r,SOS,o,N00632_female_66,False,o,r
fn001275_sentence-12.wav,2.754,2.855,0.101,r,f,A,N00632_female_66,False,o,r
fn001275_sentence-13.wav,0.74,0.892,0.152,E,s,l,N00632_female_66,False,o,ɛ
fn001275_sentence-14.wav,0.845,0.967,0.122,I,w,t,N00632_female_66,False,o,ɪ
fn001275_sentence-14.wav,0.173,0.306,0.133,I,E+,s,N00632_female_66,False,o,ɪ
fn001275_sentence-15.wav,3.718,3.899,0.181,@,d,s,N00632_female_66,False,o,ə
fn001275_sentence-15.wav,2.904,3.056,0.152,@,v,n,N00632_female_66,False,o,ə
fn001275_sentence-16.wav,0.411,0.563,0.152,x,a,s,N00632_female_66,False,o,x
fn001275_sentence-17.wav,1.596,1.768,0.172,x,A,m,N00632_female_66,False,o,x
fn001275_sentence-17.wav,0.0,0.098,0.098,@,SOS,t,N00632_female_66,False,o,ə
fn001275_sentence-18.wav,4.675,4.817,0.142,G,a,@,N00632_female_66,False,o,ɣ
fn001275_sentence-18.wav,1.632,1.793,0.161,f,f,r,N00632_female_66,False,o,f
fn001275_sentence-18.wav,1.632,1.793,0.161,f,E+,f,N00632_female_66,False,o,f
fn001275_sentence-18.wav,1.086,1.217,0.131,A,z,l,N00632_female_66,False,o,ɑ
fn001275_sentence-18.wav,2.612,2.713,0.101,r,b,E,N00632_female_66,False,o,r
fn001275_sentence-19.wav,0.547,0.72,0.173,t,l,m,N00632_female_66,False,o,t
fn001275_sentence-19.wav,0.169,0.343,0.174,z,E+,2,N00632_female_66,False,o,z
fn001275_sentence-19.wav,1.441,1.574,0.133,@,s,E,N00632_female_66,False,o,ə
fn001275_sentence-2.wav,3.377,3.519,0.142,N,I,A,N00632_female_66,False,o,ŋ
fn001275_sentence-2.wav,4.134,4.276,0.142,E,k,n,N00632_female_66,False,o,ɛ
fn001275_sentence-2.wav,4.894,5.107,0.213,t,I,EOS,N00632_female_66,False,o,t
fn001275_sentence-2.wav,3.901,4.073,0.172,k,2,E,N00632_female_66,False,o,k
fn001275_sentence-2.wav,4.783,4.894,0.111,I,G,t,N00632_female_66,False,o,ɪ
fn001275_sentence-20.wav,1.458,1.61,0.152,E,v,r,N00632_female_66,False,o,ɛ
fn001275_sentence-21.wav,0.39,0.49,0.1,w,E+,I,N00632_female_66,False,o,ʋ
fn001275_sentence-21.wav,3.258,3.419,0.161,w,s,a,N00632_female_66,False,o,ʋ
fn001275_sentence-21.wav,2.935,3.077,0.142,Y,d,s,N00632_female_66,False,o,ʉ
fn001275_sentence-21.wav,5.364,5.485,0.121,p,l,@,N00632_female_66,False,o,p
fn001275_sentence-22.wav,6.361,6.463,0.102,@,t,j,N00632_female_66,False,o,ə
fn001275_sentence-22.wav,6.523,6.696,0.173,j,@,O,N00632_female_66,False,o,j
fn001275_sentence-22.wav,2.61,2.721,0.111,@,r,n,N00632_female_66,False,o,ə
fn001275_sentence-22.wav,5.834,5.966,0.132,l,s,a,N00632_female_66,False,o,l
fn001275_sentence-22.wav,2.509,2.61,0.101,r,e,@,N00632_female_66,False,o,r
fn001275_sentence-22.wav,3.777,3.918,0.141,k,r,A,N00632_female_66,False,o,k
fn001275_sentence-24.wav,2.525,2.637,0.112,I,r,n,N00632_female_66,False,o,ɪ
fn001275_sentence-25.wav,2.384,2.505,0.121,I,r,s,N00632_female_66,False,o,ɪ
fn001275_sentence-27.wav,5.33,5.431,0.101,d,f,A,N00632_female_66,False,o,d
fn001275_sentence-28.wav,2.108,2.21,0.102,r,n,o,N00632_female_66,False,o,r
fn001275_sentence-28.wav,3.388,3.551,0.163,p,u,EOS,N00632_female_66,False,o,p
fn001275_sentence-33.wav,1.03,1.162,0.132,Y,z,x,N00632_female_66,False,o,ʉ
fn001275_sentence-38.wav,3.615,3.726,0.111,h,n,a,N00632_female_66,False,o,h
fn001275_sentence-42.wav,2.744,2.866,0.122,h,E+,a,N00632_female_66,False,o,h
fn001275_sentence-42.wav,1.468,1.57,0.102,w,@,a,N00632_female_66,False,o,ʋ
fn001275_sentence-47.wav,5.067,5.158,0.091,w,t,a,N00632_female_66,False,o,ʋ
fn001275_sentence-7.wav,4.274,4.437,0.163,f,e,t,N00632_female_66,False,o,f
fn001275_sentence-8.wav,1.17,1.311,0.141,w,t,o,N00632_female_66,False,o,ʋ
fn001276_sentence-104.wav,1.28,1.371,0.091,w,@,I,N00632_female_66,False,o,ʋ
fn001056_sentence-0.wav,0.205,0.372,0.167,k,I,t,N00556_female_51,False,o,k
fn001056_sentence-1.wav,4.617,4.769,0.152,@,f,EOS,N00556_female_51,False,o,ə
fn001056_sentence-10.wav,1.29,1.398,0.108,d,t,a,N00556_female_51,False,o,d
fn001056_sentence-10.wav,0.328,0.635,0.307,x,o,O,N00556_female_51,False,o,x
fn001056_sentence-10.wav,0.0,0.328,0.328,o,SOS,x,N00556_female_51,False,o,oː
fn001056_sentence-100.wav,1.182,1.354,0.172,x,a,EOS,N00556_female_51,False,o,x
fn001056_sentence-101.wav,1.655,1.796,0.141,I,r,s,N00556_female_51,False,o,ɪ
fn001056_sentence-103.wav,0.988,1.11,0.122,@,d,h,N00556_female_51,False,o,ə
fn001056_sentence-103.wav,6.852,6.973,0.121,@,k,EOS,N00556_female_51,False,o,ə
fn001056_sentence-103.wav,2.33,2.431,0.101,d,m,I,N00556_female_51,False,o,d
fn001056_sentence-103.wav,5.984,6.095,0.111,n,E+,o,N00556_female_51,False,o,n
fn001056_sentence-103.wav,1.955,2.066,0.111,n,O,t,N00556_female_51,False,o,n
fn001056_sentence-103.wav,4.873,5.004,0.131,h,@,a,N00556_female_51,False,o,h
fn001056_sentence-12.wav,0.988,1.2,0.212,i,d,a,N00556_female_51,False,o,iː
fn001056_sentence-12.wav,3.049,3.17,0.121,@,m,2,N00556_female_51,False,o,ə
fn001056_sentence-12.wav,16.987,17.119,0.132,A,@,n,N00556_female_51,False,o,ɑ
fn001056_sentence-12.wav,10.683,10.825,0.142,f,@,O,N00556_female_51,False,o,f
fn001056_sentence-13.wav,7.904,8.025,0.121,I,s,n,N00556_female_51,False,o,ɪ
fn001056_sentence-13.wav,7.168,7.279,0.111,n,A,E+,N00556_female_51,False,o,n
fn001056_sentence-13.wav,6.811,6.916,0.105,n,t,i,N00556_female_51,False,o,n
fn001056_sentence-14.wav,2.139,2.292,0.153,h,t,e,N00556_female_51,False,o,h
fn001056_sentence-14.wav,4.456,4.562,0.106,@,s,t,N00556_female_51,False,o,ə
fn001056_sentence-14.wav,4.981,5.092,0.111,n,E,w,N00556_female_51,False,o,n
fn001056_sentence-15.wav,0.455,0.549,0.094,@,s,EOS,N00556_female_51,False,o,ə
fn001056_sentence-16.wav,0.214,0.336,0.122,n,e,t,N00556_female_51,False,o,n
fn001056_sentence-16.wav,1.048,1.22,0.172,i,r,b,N00556_female_51,False,o,iː
fn001056_sentence-16.wav,1.556,1.678,0.122,m,u,EOS,N00556_female_51,False,o,m
fn001056_sentence-16.wav,1.22,1.465,0.245,b,i,u,N00556_female_51,False,o,b
fn001056_sentence-16.wav,0.824,0.987,0.163,d,e,r,N00556_female_51,False,o,d
fn001056_sentence-17.wav,0.72,0.882,0.162,d,e,r,N00556_female_51,False,o,d
fn001056_sentence-17.wav,1.39,1.542,0.152,m,u,EOS,N00556_female_51,False,o,m
fn001056_sentence-18.wav,0.54,0.683,0.143,l,t,A,N00556_female_51,False,o,l
fn001056_sentence-18.wav,0.733,0.917,0.184,x,A,t,N00556_female_51,False,o,x
fn001056_sentence-19.wav,7.422,7.584,0.162,@,v,EOS,N00556_female_51,False,o,ə
fn001056_sentence-23.wav,0.179,0.31,0.131,v,u,a,N00556_female_51,False,o,v
fn001056_sentence-25.wav,2.025,2.157,0.132,d,a,@,N00556_female_51,False,o,d
fn001056_sentence-25.wav,1.628,1.771,0.143,v,n,a,N00556_female_51,False,o,v
fn001056_sentence-26.wav,0.878,1.0,0.122,v,E+,@,N00556_female_51,False,o,v
fn001056_sentence-27.wav,0.914,1.097,0.183,f,l,x,N00556_female_51,False,o,f
fn001056_sentence-3.wav,0.699,0.84,0.141,h,n,o,N00556_female_51,False,o,h
fn001056_sentence-3.wav,2.624,2.786,0.162,z,t,e,N00556_female_51,False,o,z
fn001056_sentence-3.wav,3.401,3.563,0.162,f,n,l,N00556_female_51,False,o,f
fn001056_sentence-30.wav,1.758,1.889,0.131,l,E+,n,N00556_female_51,False,o,l
fn001056_sentence-33.wav,5.022,5.143,0.121,p,o,d,N00556_female_51,False,o,p
fn001056_sentence-33.wav,4.778,4.92,0.142,h,l,o,N00556_female_51,False,o,h
fn001056_sentence-33.wav,11.457,11.568,0.111,h,@,O,N00556_female_51,False,o,h
fn001056_sentence-33.wav,7.113,7.255,0.142,f,A,r,N00556_female_51,False,o,f
fn001056_sentence-50.wav,0.132,0.223,0.091,w,t,A,N00556_female_51,False,o,ʋ
fn001056_sentence-53.wav,1.324,1.456,0.132,w,e,v,N00556_female_51,False,o,ʋ
fn001056_sentence-54.wav,3.772,3.893,0.121,w,@,A,N00556_female_51,False,o,ʋ
fn001056_sentence-58.wav,0.566,0.688,0.122,w,y,A,N00556_female_51,False,o,ʋ
fn001056_sentence-58.wav,0.293,0.566,0.273,y,n,w,N00556_female_51,False,o,yː
fn001056_sentence-62.wav,0.691,0.782,0.091,w,n,o,N00556_female_51,False,o,ʋ
fn001056_sentence-62.wav,10.264,10.36,0.096,w,l,E,N00556_female_51,False,o,ʋ
fn001056_sentence-70.wav,1.015,1.126,0.111,w,i,r,N00556_female_51,False,o,ʋ
fn001056_sentence-86.wav,8.957,9.079,0.122,w,p,i,N00556_female_51,False,o,ʋ
fn001110_sentence-1.wav,3.383,3.547,0.164,j,k,a,N00556_female_51,False,o,j
fn001110_sentence-33.wav,2.618,2.771,0.153,j,t,e,N00556_female_51,False,o,j
fn001110_sentence-58.wav,1.674,1.806,0.132,Y,d,l,N00556_female_51,False,o,ʉ
fn001306_sentence-1.wav,1.314,1.462,0.148,l,t,e,N00681_male_27,False,o,l
fn001306_sentence-1.wav,2.869,3.042,0.173,x,A,EOS,N00681_male_27,False,o,x
fn001306_sentence-10.wav,7.412,7.545,0.133,Y,v,l,N00681_male_27,False,o,ʉ
fn001306_sentence-10.wav,2.587,2.699,0.112,w,s,E,N00681_male_27,False,o,ʋ
fn001306_sentence-10.wav,2.313,2.587,0.274,s,@,w,N00681_male_27,False,o,s
fn001306_sentence-14.wav,0.0,0.096,0.096,d,SOS,E,N00681_male_27,False,o,d
fn001306_sentence-17.wav,2.718,2.972,0.254,o,b,r,N00681_male_27,False,o,oː
fn001306_sentence-17.wav,3.732,3.854,0.122,@,t,a,N00681_male_27,False,o,ə
fn001306_sentence-18.wav,0.162,0.406,0.244,o,n,G,N00681_male_27,False,o,oː
fn001306_sentence-18.wav,1.207,1.339,0.132,A,n,l,N00681_male_27,False,o,ɑ
fn001306_sentence-18.wav,0.517,0.639,0.122,v,@,O,N00681_male_27,False,o,v
fn001306_sentence-2.wav,4.048,4.214,0.166,@,t,m,N00681_male_27,False,o,ə
fn001306_sentence-2.wav,5.909,6.112,0.203,t,n,I,N00681_male_27,False,o,t
fn001306_sentence-2.wav,0.0,0.178,0.178,w,SOS,O,N00681_male_27,False,o,ʋ
fn001306_sentence-2.wav,6.79,6.922,0.132,N,I,EOS,N00681_male_27,False,o,ŋ
fn001306_sentence-20.wav,0.0,0.098,0.098,w,SOS,@,N00681_male_27,False,o,ʋ
fn001306_sentence-22.wav,0.0,0.128,0.128,w,SOS,@,N00681_male_27,False,o,ʋ
fn001306_sentence-29.wav,1.238,1.41,0.172,i,t,r,N00681_male_27,False,o,iː
fn001306_sentence-3.wav,3.399,3.51,0.111,I,n,n,N00681_male_27,False,o,ɪ
fn001306_sentence-3.wav,3.147,3.298,0.151,n,A,I,N00681_male_27,False,o,n
fn001306_sentence-30.wav,2.812,2.903,0.091,w,@,O,N00681_male_27,False,o,ʋ
fn001306_sentence-32.wav,1.011,1.133,0.122,b,r,e,N00681_male_27,False,o,b
fn001306_sentence-32.wav,0.0,0.169,0.169,w,SOS,e,N00681_male_27,False,o,ʋ
fn001306_sentence-33.wav,2.882,2.993,0.111,h,t,E+,N00681_male_27,False,o,h
fn001306_sentence-37.wav,0.0,0.179,0.179,b,SOS,Y+,N00681_male_27,False,o,b
fn001306_sentence-39.wav,0.526,0.661,0.135,p,O,E,N00681_male_27,False,o,p
fn001306_sentence-4.wav,2.069,2.184,0.115,h,n,A+,N00681_male_27,False,o,h
fn001306_sentence-53.wav,0.665,0.786,0.121,m,@,A,N00681_male_27,False,o,m
fn001306_sentence-55.wav,0.0,0.133,0.133,l,SOS,E+,N00681_male_27,False,o,l
fn001306_sentence-55.wav,2.416,2.547,0.131,b,n,Y+,N00681_male_27,False,o,b
fn001306_sentence-63.wav,0.0,0.098,0.098,w,SOS,A,N00681_male_27,False,o,ʋ
fn001307_sentence-34.wav,0.589,0.711,0.122,w,k,O,N00681_male_27,False,o,ʋ
fn001307_sentence-37.wav,1.484,1.575,0.091,w,f,A,N00681_male_27,False,o,ʋ
fn001344_sentence-0.wav,1.069,1.181,0.112,n,E,t,N00731_female_44,False,o,n
fn001344_sentence-0.wav,1.181,1.344,0.163,t,n,EOS,N00731_female_44,False,o,t
fn001344_sentence-1.wav,2.847,3.07,0.223,e,w,n,N00731_female_44,False,o,eː
fn001344_sentence-1.wav,4.54,4.783,0.243,x,Y,EOS,N00731_female_44,False,o,x
fn001344_sentence-1.wav,3.07,3.212,0.142,n,e,i,N00731_female_44,False,o,n
fn001344_sentence-10.wav,0.526,0.733,0.207,k,y,EOS,N00731_female_44,False,o,k
fn001344_sentence-11.wav,0.891,1.035,0.144,k,@,EOS,N00731_female_44,False,o,k
fn001344_sentence-12.wav,6.746,6.873,0.127,p,O,t,N00731_female_44,False,o,p
fn001344_sentence-12.wav,6.081,6.25,0.169,j,r,Y,N00731_female_44,False,o,j
fn001344_sentence-12.wav,3.475,3.637,0.162,x,o,h,N00731_female_44,False,o,x
fn001344_sentence-13.wav,0.515,0.677,0.162,@,t,r,N00731_female_44,False,o,ə
fn001344_sentence-13.wav,2.414,2.546,0.132,p,O,EOS,N00731_female_44,False,o,p
fn001344_sentence-14.wav,0.221,0.316,0.095,r,O,i,N00731_female_44,False,o,r
fn001344_sentence-17.wav,1.438,1.59,0.152,j,r,Y,N00731_female_44,False,o,j
fn001344_sentence-17.wav,0.436,0.53,0.094,@,z,E,N00731_female_44,False,o,ə
fn001344_sentence-18.wav,0.304,0.405,0.101,@,v,r,N00731_female_44,False,o,ə
fn001344_sentence-18.wav,1.782,1.893,0.111,n,A,t,N00731_female_44,False,o,n
fn001344_sentence-18.wav,0.405,0.506,0.101,r,@,a,N00731_female_44,False,o,r
fn001344_sentence-19.wav,1.61,1.711,0.101,r,E,p,N00731_female_44,False,o,r
fn001344_sentence-2.wav,0.93,1.175,0.245,x,Y,EOS,N00731_female_44,False,o,x
fn001344_sentence-21.wav,0.077,0.24,0.163,x,@,2,N00731_female_44,False,o,x
fn001344_sentence-22.wav,1.164,1.257,0.093,r,k,E+,N00731_female_44,False,o,r
fn001344_sentence-22.wav,0.462,0.555,0.093,@,k,r,N00731_female_44,False,o,ə
fn001344_sentence-22.wav,2.224,2.377,0.153,A,t,p,N00731_female_44,False,o,ɑ
fn001344_sentence-23.wav,0.47,0.602,0.132,r,k,o,N00731_female_44,False,o,r
fn001344_sentence-24.wav,0.396,0.559,0.163,r,k,O,N00731_female_44,False,o,r
fn001344_sentence-27.wav,0.358,0.607,0.249,x,a,EOS,N00731_female_44,False,o,x
fn001344_sentence-28.wav,0.534,0.667,0.133,p,I,EOS,N00731_female_44,False,o,p
fn001344_sentence-29.wav,0.153,0.275,0.122,p,@,I,N00731_female_44,False,o,p
fn001344_sentence-30.wav,0.406,0.562,0.156,A,k,l,N00731_female_44,False,o,ɑ
fn001344_sentence-33.wav,0.0,0.094,0.094,d,SOS,A,N00731_female_44,False,o,d
fn001344_sentence-35.wav,1.109,1.21,0.101,r,@,o,N00731_female_44,False,o,r
fn001344_sentence-47.wav,0.0,0.112,0.112,d,SOS,a,N00731_female_44,False,o,d
fn001344_sentence-49.wav,0.0,0.215,0.215,h,SOS,j,N00731_female_44,False,o,h
fn001344_sentence-49.wav,1.038,1.183,0.145,b,s,E+,N00731_female_44,False,o,b
fn001344_sentence-56.wav,0.879,1.114,0.235,f,l,EOS,N00731_female_44,False,o,f
fn001344_sentence-6.wav,4.629,4.831,0.202,N,I,m,N00731_female_44,False,o,ŋ
fn001344_sentence-6.wav,2.658,2.749,0.091,w,@,o,N00731_female_44,False,o,ʋ
fn001344_sentence-60.wav,0.744,0.845,0.101,d,i,A,N00731_female_44,False,o,d
fn001344_sentence-61.wav,0.061,0.33,0.269,A+,n,EOS,N00731_female_44,False,o,ɑu
fn001344_sentence-7.wav,0.0,0.093,0.093,d,SOS,A,N00731_female_44,False,o,d
fn001345_sentence-0.wav,0.844,1.007,0.163,u,x,t,N00731_female_44,False,o,uː
fn001345_sentence-1.wav,0.0,0.123,0.123,w,SOS,@,N00731_female_44,False,o,ʋ
fn001345_sentence-101.wav,3.152,3.344,0.192,u,t,l,N00731_female_44,False,o,uː
fn001345_sentence-102.wav,0.0,0.093,0.093,d,SOS,A,N00731_female_44,False,o,d
fn001345_sentence-20.wav,1.943,2.115,0.172,u,k,l,N00731_female_44,False,o,uː
fn001345_sentence-20.wav,0.293,0.394,0.101,w,l,E,N00731_female_44,False,o,ʋ
fn001345_sentence-21.wav,1.817,1.99,0.173,u,k,l,N00731_female_44,False,o,uː
fn001345_sentence-34.wav,1.073,1.164,0.091,w,@,o,N00731_female_44,False,o,ʋ
fn001345_sentence-48.wav,0.192,0.314,0.122,Y,b,s,N00731_female_44,False,o,ʉ
fn001212_sentence-10.wav,0.0,0.121,0.121,d,SOS,I,N00596_male_31,False,o,d
fn001212_sentence-14.wav,2.174,2.285,0.111,h,@,e,N00596_male_31,False,o,h
fn001212_sentence-25.wav,1.342,1.515,0.173,u,t,l,N00596_male_31,False,o,uː
fn001212_sentence-3.wav,0.192,0.313,0.121,h,n,a,N00596_male_31,False,o,h
fn001212_sentence-30.wav,0.928,1.15,0.222,y,@,r,N00596_male_31,False,o,yː
fn001212_sentence-39.wav,0.0,0.103,0.103,w,SOS,a,N00596_male_31,False,o,ʋ
fn001212_sentence-4.wav,0.182,0.324,0.142,h,n,a,N00596_male_31,False,o,h
fn001212_sentence-5.wav,0.175,0.299,0.124,h,n,a,N00596_male_31,False,o,h
fn001213_sentence-112.wav,4.48,4.652,0.172,G,A,b,N00596_male_31,False,o,ɣ
fn001213_sentence-2.wav,1.731,1.954,0.223,y,@,r,N00596_male_31,False,o,yː
fn001213_sentence-20.wav,0.0,0.111,0.111,w,SOS,e,N00596_male_31,False,o,ʋ
fn001213_sentence-21.wav,0.0,0.092,0.092,w,SOS,A,N00596_male_31,False,o,ʋ
fn001213_sentence-49.wav,0.0,0.132,0.132,w,SOS,e,N00596_male_31,False,o,ʋ
fn001145_sentence-110.wav,2.334,2.435,0.101,w,@,i,N00645_male_70,False,o,ʋ
fn001145_sentence-116.wav,1.569,1.7,0.131,N,E,EOS,N00645_male_70,False,o,ŋ
fn001145_sentence-121.wav,0.0,0.092,0.092,w,SOS,a,N00645_male_70,False,o,ʋ
fn001145_sentence-134.wav,0.363,0.474,0.111,w,@,@,N00645_male_70,False,o,ʋ
fn001145_sentence-135.wav,2.252,2.369,0.117,w,n,a,N00645_male_70,False,o,ʋ
fn001145_sentence-148.wav,0.828,0.929,0.101,w,l,e,N00645_male_70,False,o,ʋ
fn001145_sentence-163.wav,3.098,3.199,0.101,w,e,v,N00645_male_70,False,o,ʋ
fn001145_sentence-170.wav,5.392,5.594,0.202,j,A,@,N00645_male_70,False,o,j
fn001540_sentence-43.wav,0.754,0.846,0.092,w,l,A,N00813_female_70,False,o,ʋ
fn001540_sentence-6.wav,4.934,5.056,0.122,Y,f,l,N00813_female_70,False,o,ʉ
fn001540_sentence-9.wav,0.409,0.533,0.124,w,t,A,N00813_female_70,False,o,ʋ
fn001541_sentence-72.wav,0.984,1.206,0.222,w,k,@,N00813_female_70,False,o,ʋ
fn001541_sentence-81.wav,0.878,0.99,0.112,w,t,A,N00813_female_70,False,o,ʋ
fn001541_sentence-99.wav,2.24,2.331,0.091,w,t,I,N00813_female_70,False,o,ʋ
fn001350_sentence-2.wav,3.3,3.451,0.151,w,m,a,N00734_male_55,False,o,ʋ
fn001350_sentence-33.wav,1.409,1.531,0.122,w,l,A,N00734_male_55,False,o,ʋ
fn001350_sentence-39.wav,0.68,0.772,0.092,w,i,@,N00734_male_55,False,o,ʋ
fn001350_sentence-54.wav,1.434,1.545,0.111,w,y,@,N00734_male_55,False,o,ʋ
fn001350_sentence-59.wav,0.567,0.658,0.091,w,t,I,N00734_male_55,False,o,ʋ
fn001351_sentence-16.wav,2.98,3.091,0.111,w,@,@,N00734_male_55,False,o,ʋ
fn001351_sentence-2.wav,5.074,5.296,0.222,y,z,r,N00734_male_55,False,o,yː
fn001015_sentence-18.wav,3.728,3.819,0.091,w,@,a,N00511_female_61,False,o,ʋ
fn001015_sentence-30.wav,0.0,0.097,0.097,w,SOS,E,N00511_female_61,False,o,ʋ
fn001016_sentence-178.wav,0.182,0.273,0.091,w,r,E+,N00511_female_61,False,o,ʋ
fn001016_sentence-25.wav,0.929,1.026,0.097,w,m,a,N00511_female_61,False,o,ʋ
fn001360_sentence-20.wav,0.0,0.101,0.101,w,SOS,A+,N00735_male_42,False,o,ʋ
fn001360_sentence-33.wav,3.836,3.947,0.111,w,r,E+,N00735_male_42,False,o,ʋ
fn001360_sentence-35.wav,3.35,3.441,0.091,w,l,e,N00735_male_42,False,o,ʋ
fn001360_sentence-5.wav,3.05,3.142,0.092,w,l,o,N00735_male_42,False,o,ʋ
fn001070_sentence-10.wav,13.426,13.537,0.111,w,x,E,N00531_male_45,False,o,ʋ
fn001070_sentence-11.wav,1.086,1.218,0.132,w,s,a,N00531_male_45,False,o,ʋ
fn001070_sentence-20.wav,13.442,13.587,0.145,w,s,a,N00531_male_45,False,o,ʋ
fn001070_sentence-3.wav,0.323,0.425,0.102,w,e,@,N00531_male_45,False,o,ʋ
fn001070_sentence-3.wav,10.45,10.577,0.127,w,t,E,N00531_male_45,False,o,ʋ
fn001070_sentence-3.wav,12.716,12.832,0.116,w,n,a,N00531_male_45,False,o,ʋ
fn001070_sentence-4.wav,5.529,5.633,0.104,w,y,A,N00531_male_45,False,o,ʋ
fn001070_sentence-7.wav,12.011,12.103,0.092,w,t,a,N00531_male_45,False,o,ʋ
fn001070_sentence-7.wav,11.677,11.806,0.129,w,t,E,N00531_male_45,False,o,ʋ
fn001070_sentence-7.wav,4.783,4.905,0.122,w,n,a,N00531_male_45,False,o,ʋ
fn001070_sentence-7.wav,7.836,7.928,0.092,w,t,E,N00531_male_45,False,o,ʋ
fn001070_sentence-9.wav,5.748,5.851,0.103,w,e,@,N00531_male_45,False,o,ʋ
fn001071_sentence-21.wav,1.316,1.417,0.101,w,k,o,N00531_male_45,False,o,ʋ
fn001071_sentence-27.wav,0.77,0.883,0.113,w,e,@,N00531_male_45,False,o,ʋ
fn001071_sentence-28.wav,4.735,4.836,0.101,w,t,E,N00531_male_45,False,o,ʋ
fn001071_sentence-40.wav,1.721,1.933,0.212,y,t,r,N00531_male_45,False,o,yː
fn001071_sentence-8.wav,7.533,7.747,0.214,y,n,d,N00531_male_45,False,o,yː
fn001101_sentence-1.wav,0.162,0.253,0.091,w,k,A,N00558_female_35,False,o,ʋ
fn001101_sentence-14.wav,2.718,2.84,0.122,w,@,O,N00558_female_35,False,o,ʋ
fn001101_sentence-26.wav,8.286,8.43,0.144,Y,r,p,N00558_female_35,False,o,ʉ
fn001101_sentence-26.wav,5.409,5.5,0.091,w,i,@,N00558_female_35,False,o,ʋ
fn001101_sentence-30.wav,3.693,3.785,0.092,w,E+,A,N00558_female_35,False,o,ʋ
fn001101_sentence-34.wav,4.491,4.623,0.132,Y,p,l,N00558_female_35,False,o,ʉ
fn001102_sentence-39.wav,10.024,10.175,0.151,Y,d,r,N00558_female_35,False,o,ʉ
fn001102_sentence-46.wav,4.128,4.279,0.151,Y,b,r,N00558_female_35,False,o,ʉ
fn001130_sentence-61.wav,0.899,1.032,0.133,Y,n,r,N00577_female_30,False,o,ʉ
fn001354_sentence-30.wav,10.479,10.722,0.243,y,t,r,N00704_male_69,False,o,yː
fn001294_sentence-42.wav,2.018,2.149,0.131,Y,d,r,N00655_female_47,False,o,ʉ
fn001544_sentence-19.wav,0.561,0.685,0.124,Y,x,l,N00815_male_60,False,o,ʉ
fn001086_sentence-10.wav,8.429,8.561,0.132,Y,b,r,N00586_male_55,False,o,ʉ
fn001086_sentence-10.wav,12.515,12.697,0.182,Y,b,r,N00586_male_55,False,o,ʉ
fn001086_sentence-106.wav,8.484,8.616,0.132,Y,b,r,N00586_male_55,False,o,ʉ
fn001086_sentence-20.wav,0.342,0.463,0.121,Y,t,s,N00586_male_55,False,o,ʉ
fn001086_sentence-3.wav,7.56,7.701,0.141,Y,t,r,N00586_male_55,False,o,ʉ
fn001134_sentence-54.wav,0.077,0.211,0.134,Y,b,l,N00634_female_33,False,o,ʉ
fn001124_sentence-9.wav,3.991,4.122,0.131,Y,v,l,N00572_female_57,False,o,ʉ
fn001139_sentence-36.wav,5.453,5.584,0.131,Y,h,l,N00639_female_34,False,o,ʉ
